,index,shannon,vowels,numbers,dots,length,symbols,f_slash,d_d,d_a,d_s,a_d,a_a,a_s,s_d,s_a,s_s,class
0,7070,4.0,29,0,2,101,4,4,0.0,0.0,0.0,0.0,66.0,16.0,0.0,16.0,2.0,0
1,13010,4.0,9,0,2,36,4,2,0.0,0.0,0.0,0.0,24.0,5.0,0.0,5.0,1.0,1
2,6688,4.0,10,7,1,43,2,4,5.0,0.0,2.0,1.0,27.0,3.0,1.0,3.0,0.0,0
3,9976,4.0,30,2,1,108,3,2,1.0,1.0,0.0,0.0,73.0,16.0,1.0,15.0,0.0,0
4,5175,4.0,20,4,2,70,7,2,2.0,2.0,0.0,0.0,44.0,10.0,2.0,8.0,1.0,0
5,19353,3.0,3,0,1,15,1,0,0.0,0.0,0.0,0.0,12.0,1.0,0.0,1.0,0.0,1
6,13415,4.0,26,4,3,95,7,3,2.0,0.0,1.0,0.0,58.0,15.0,2.0,14.0,2.0,1
7,3087,4.0,20,26,2,92,3,4,19.0,6.0,1.0,6.0,40.0,9.0,1.0,9.0,0.0,0
8,16578,4.0,32,6,3,111,7,6,2.0,0.0,3.0,1.0,71.0,14.0,3.0,14.0,2.0,1
9,17174,4.0,11,2,3,44,2,4,1.0,0.0,1.0,0.0,28.0,6.0,1.0,6.0,0.0,1
10,19607,4.0,26,4,2,94,7,3,1.0,0.0,2.0,0.0,60.0,13.0,3.0,12.0,2.0,1
11,3187,4.0,8,19,1,48,2,4,18.0,0.0,1.0,0.0,20.0,4.0,1.0,3.0,0.0,0
12,16881,3.0,4,3,2,24,2,0,2.0,1.0,0.0,1.0,13.0,3.0,0.0,3.0,0.0,1
13,2030,4.0,14,6,2,63,5,1,5.0,0.0,1.0,0.0,39.0,8.0,1.0,8.0,0.0,0
14,7486,4.0,18,7,3,73,6,2,6.0,0.0,0.0,0.0,42.0,12.0,1.0,11.0,0.0,0
15,245,4.0,26,25,2,118,3,16,12.0,8.0,5.0,8.0,53.0,12.0,5.0,12.0,2.0,0
16,17090,4.0,23,4,2,84,7,4,2.0,0.0,1.0,0.0,51.0,13.0,2.0,12.0,2.0,1
17,15105,4.0,4,10,3,32,3,4,6.0,0.0,4.0,0.0,11.0,2.0,4.0,2.0,2.0,1
18,19568,3.0,1,1,2,19,2,2,0.0,0.0,1.0,1.0,9.0,3.0,0.0,4.0,0.0,1
19,15764,4.0,10,0,4,44,3,2,0.0,0.0,0.0,0.0,29.0,7.0,0.0,7.0,0.0,1
20,14873,3.0,10,0,2,34,3,2,0.0,0.0,0.0,0.0,21.0,6.0,0.0,6.0,0.0,1
21,10936,4.0,25,24,4,104,4,6,16.0,7.0,1.0,7.0,51.0,9.0,1.0,9.0,2.0,1
22,15580,4.0,18,0,2,71,4,4,0.0,0.0,0.0,0.0,48.0,10.0,0.0,10.0,2.0,1
23,10352,4.0,12,2,3,56,4,4,1.0,0.0,1.0,0.0,38.0,6.0,1.0,6.0,2.0,1
24,18270,4.0,14,0,1,46,4,4,0.0,0.0,0.0,0.0,31.0,6.0,0.0,6.0,2.0,1
25,15062,4.0,15,12,4,78,4,5,6.0,1.0,5.0,1.0,39.0,9.0,5.0,9.0,2.0,1
26,3736,4.0,38,0,1,136,6,3,0.0,0.0,0.0,0.0,87.0,23.0,0.0,23.0,2.0,0
27,16444,4.0,27,4,3,103,7,3,2.0,0.0,2.0,0.0,62.0,16.0,2.0,16.0,2.0,1
28,8088,4.0,12,0,2,43,3,2,0.0,0.0,0.0,0.0,28.0,7.0,0.0,7.0,0.0,0
29,17570,5.0,45,19,11,200,5,4,3.0,14.0,2.0,16.0,129.0,16.0,0.0,17.0,2.0,1
30,15430,4.0,6,0,1,33,3,4,0.0,0.0,0.0,0.0,22.0,4.0,0.0,4.0,2.0,1
31,9853,4.0,28,41,14,161,4,2,24.0,12.0,5.0,14.0,71.0,15.0,3.0,16.0,0.0,0
32,11209,4.0,24,2,7,121,7,14,0.0,0.0,1.0,2.0,63.0,23.0,0.0,24.0,7.0,1
33,1562,4.0,11,0,2,39,3,1,0.0,0.0,0.0,0.0,28.0,5.0,0.0,5.0,0.0,0
34,16780,3.0,5,0,3,35,2,2,0.0,0.0,0.0,0.0,24.0,5.0,0.0,5.0,0.0,1
35,14161,4.0,12,1,4,53,5,3,0.0,0.0,0.0,0.0,34.0,8.0,1.0,7.0,2.0,1
36,18962,4.0,16,0,3,59,7,3,0.0,0.0,0.0,0.0,36.0,10.0,0.0,10.0,2.0,1
37,5623,3.0,3,0,1,13,2,1,0.0,0.0,0.0,0.0,9.0,2.0,0.0,1.0,0.0,0
38,17823,4.0,35,7,4,123,7,3,4.0,0.0,2.0,0.0,78.0,17.0,3.0,16.0,2.0,1
39,8452,3.0,18,0,1,50,3,5,0.0,0.0,0.0,0.0,35.0,7.0,0.0,7.0,0.0,0
40,6699,4.0,19,0,2,60,2,3,0.0,0.0,0.0,0.0,49.0,5.0,0.0,5.0,0.0,0
41,2755,4.0,14,0,2,42,4,1,0.0,0.0,0.0,0.0,31.0,5.0,0.0,5.0,0.0,0
42,3212,4.0,17,10,2,69,3,3,9.0,0.0,1.0,1.0,38.0,9.0,0.0,10.0,0.0,0
43,2694,4.0,18,0,4,50,5,1,0.0,0.0,0.0,0.0,33.0,8.0,0.0,8.0,0.0,0
44,17841,4.0,17,3,4,83,7,4,1.0,0.0,2.0,0.0,52.0,12.0,2.0,11.0,2.0,1
45,10934,4.0,22,0,5,58,1,0,0.0,0.0,0.0,0.0,47.0,5.0,0.0,5.0,0.0,1
46,17591,3.0,6,0,1,16,1,0,0.0,0.0,0.0,0.0,13.0,1.0,0.0,1.0,0.0,1
47,10774,4.0,13,1,2,50,3,3,0.0,0.0,1.0,1.0,35.0,6.0,0.0,6.0,0.0,1
48,19939,4.0,19,3,3,75,7,3,1.0,0.0,1.0,1.0,46.0,11.0,1.0,11.0,2.0,1
49,4721,4.0,27,0,2,94,4,4,0.0,0.0,0.0,0.0,61.0,15.0,0.0,15.0,2.0,0
50,14530,4.0,7,1,3,41,3,3,0.0,0.0,1.0,1.0,26.0,5.0,0.0,6.0,1.0,1
51,15529,4.0,35,3,4,121,8,3,0.0,0.0,2.0,0.0,78.0,18.0,3.0,17.0,2.0,1
52,11506,4.0,24,27,2,119,7,5,19.0,8.0,0.0,7.0,60.0,11.0,1.0,10.0,2.0,1
53,10603,4.0,7,0,2,30,3,2,0.0,0.0,0.0,0.0,20.0,5.0,0.0,4.0,0.0,1
54,5965,4.0,9,5,2,34,2,2,4.0,0.0,1.0,1.0,20.0,3.0,0.0,4.0,0.0,0
55,12696,4.0,10,8,3,58,4,8,5.0,0.0,3.0,0.0,30.0,7.0,3.0,6.0,3.0,1
56,18057,4.0,31,9,3,136,8,3,5.0,0.0,3.0,1.0,81.0,20.0,3.0,20.0,2.0,1
57,62,4.0,14,0,2,49,2,3,0.0,0.0,0.0,0.0,38.0,5.0,0.0,5.0,0.0,0
58,15573,4.0,26,0,2,87,5,6,0.0,0.0,0.0,0.0,66.0,9.0,0.0,9.0,2.0,1
59,15936,4.0,8,23,1,54,3,5,17.0,6.0,0.0,6.0,13.0,5.0,0.0,4.0,2.0,1
60,4096,4.0,12,0,3,40,2,2,0.0,0.0,0.0,0.0,29.0,5.0,0.0,5.0,0.0,0
61,6459,3.0,5,0,1,16,2,1,0.0,0.0,0.0,0.0,12.0,2.0,0.0,1.0,0.0,0
62,2213,3.0,12,0,2,28,2,2,0.0,0.0,0.0,0.0,19.0,4.0,0.0,4.0,0.0,0
63,7163,4.0,14,0,1,39,5,1,0.0,0.0,0.0,0.0,27.0,5.0,0.0,5.0,1.0,0
64,13130,3.0,1,10,3,26,3,3,5.0,1.0,4.0,1.0,6.0,1.0,4.0,1.0,2.0,1
65,3336,3.0,3,1,2,37,3,3,0.0,0.0,1.0,1.0,18.0,8.0,0.0,8.0,0.0,0
66,6930,5.0,17,26,2,115,5,2,18.0,8.0,0.0,8.0,66.0,7.0,0.0,6.0,1.0,0
67,11364,3.0,3,0,1,18,3,2,0.0,0.0,0.0,0.0,11.0,3.0,0.0,2.0,1.0,1
68,2348,4.0,13,0,2,36,3,2,0.0,0.0,0.0,0.0,25.0,5.0,0.0,5.0,0.0,0
69,10943,4.0,13,10,2,71,5,6,7.0,2.0,1.0,0.0,37.0,10.0,3.0,8.0,2.0,1
70,10727,3.0,4,0,1,15,1,0,0.0,0.0,0.0,0.0,12.0,1.0,0.0,1.0,0.0,1
71,19037,4.0,9,3,3,37,5,1,2.0,0.0,0.0,0.0,20.0,7.0,1.0,6.0,0.0,1
72,15288,3.0,3,0,2,20,2,2,0.0,0.0,0.0,0.0,12.0,4.0,0.0,3.0,0.0,1
73,5146,4.0,17,10,2,71,4,4,9.0,0.0,0.0,0.0,45.0,8.0,1.0,7.0,0.0,0
74,8819,4.0,5,8,2,29,2,1,5.0,1.0,2.0,2.0,14.0,1.0,1.0,2.0,0.0,0
75,15952,4.0,19,4,3,71,3,6,0.0,4.0,0.0,4.0,44.0,8.0,0.0,8.0,2.0,1
76,19739,4.0,41,6,3,142,8,3,3.0,0.0,2.0,0.0,90.0,21.0,3.0,20.0,2.0,1
77,14050,4.0,12,0,4,57,3,6,0.0,0.0,0.0,0.0,36.0,9.0,0.0,9.0,2.0,1
78,13876,4.0,10,2,3,59,4,6,1.0,0.0,1.0,0.0,35.0,9.0,1.0,9.0,2.0,1
79,10904,4.0,27,2,2,88,4,6,0.0,0.0,2.0,0.0,67.0,7.0,2.0,7.0,2.0,1
80,15232,4.0,19,0,2,63,3,7,0.0,0.0,0.0,0.0,44.0,8.0,0.0,8.0,2.0,1
81,11503,3.0,8,2,2,41,4,5,1.0,0.0,1.0,0.0,24.0,6.0,1.0,5.0,2.0,1
82,15281,3.0,11,2,2,36,2,2,1.0,0.0,1.0,1.0,25.0,3.0,0.0,4.0,0.0,1
83,16025,3.0,1,1,2,11,1,0,0.0,0.0,1.0,1.0,5.0,1.0,0.0,2.0,0.0,1
84,8709,4.0,8,2,2,33,2,2,1.0,1.0,0.0,1.0,21.0,4.0,0.0,4.0,0.0,0
85,11198,4.0,17,11,2,67,3,6,9.0,0.0,2.0,0.0,41.0,5.0,2.0,5.0,2.0,1
86,8694,3.0,10,0,1,28,2,1,0.0,0.0,0.0,0.0,24.0,2.0,0.0,1.0,0.0,0
87,2683,4.0,7,4,2,33,2,3,3.0,0.0,0.0,0.0,19.0,5.0,1.0,4.0,0.0,0
88,17427,3.0,5,0,2,32,3,3,0.0,0.0,0.0,0.0,21.0,4.0,0.0,4.0,2.0,1
89,8796,4.0,22,10,1,75,3,2,8.0,0.0,2.0,0.0,50.0,6.0,2.0,6.0,0.0,0
90,13115,4.0,19,0,3,67,4,3,0.0,0.0,0.0,0.0,48.0,8.0,0.0,8.0,2.0,1
91,14413,4.0,7,3,3,42,6,3,2.0,0.0,0.0,0.0,21.0,8.0,1.0,7.0,2.0,1
92,4422,3.0,14,0,2,34,2,3,0.0,0.0,0.0,0.0,23.0,5.0,0.0,5.0,0.0,0
93,15091,4.0,14,29,4,83,4,7,19.0,6.0,4.0,7.0,23.0,8.0,3.0,9.0,3.0,1
94,2679,3.0,18,0,1,46,3,3,0.0,0.0,0.0,0.0,36.0,5.0,0.0,4.0,0.0,0
95,16851,4.0,8,3,3,44,2,2,2.0,0.0,1.0,1.0,30.0,4.0,0.0,5.0,0.0,1
96,13423,4.0,36,7,4,137,7,3,4.0,0.0,2.0,0.0,86.0,20.0,3.0,19.0,2.0,1
97,7771,4.0,15,6,3,57,4,2,5.0,0.0,0.0,1.0,36.0,7.0,0.0,7.0,0.0,0
98,16802,4.0,20,0,3,65,3,5,0.0,0.0,0.0,0.0,48.0,7.0,0.0,7.0,2.0,1
99,1521,4.0,21,0,1,59,2,4,0.0,0.0,0.0,0.0,48.0,5.0,0.0,5.0,0.0,0
100,10098,3.0,10,0,2,35,3,3,0.0,0.0,0.0,0.0,24.0,4.0,0.0,4.0,2.0,1
101,7682,4.0,9,3,2,35,5,1,2.0,0.0,0.0,0.0,20.0,6.0,1.0,5.0,0.0,0
102,5030,3.0,9,0,1,24,2,2,0.0,0.0,0.0,0.0,18.0,3.0,0.0,2.0,0.0,0
103,12796,4.0,20,0,3,89,4,6,0.0,0.0,0.0,0.0,64.0,11.0,0.0,11.0,2.0,1
104,18484,4.0,6,0,4,36,3,3,0.0,0.0,0.0,0.0,21.0,6.0,0.0,6.0,2.0,1
105,18090,3.0,4,0,3,32,3,3,0.0,0.0,0.0,0.0,19.0,5.0,0.0,5.0,2.0,1
106,2527,4.0,11,6,3,59,3,3,4.0,0.0,2.0,0.0,36.0,7.0,2.0,7.0,0.0,0
107,19848,3.0,7,0,1,24,2,0,0.0,0.0,0.0,0.0,19.0,2.0,0.0,2.0,0.0,1
108,3591,4.0,26,22,13,135,6,5,13.0,3.0,6.0,3.0,72.0,14.0,6.0,14.0,3.0,0
109,16436,4.0,8,1,4,50,5,3,0.0,0.0,0.0,0.0,31.0,8.0,1.0,7.0,2.0,1
110,15248,3.0,5,2,1,24,3,3,1.0,0.0,1.0,1.0,14.0,2.0,0.0,2.0,2.0,1
111,3905,3.0,13,0,2,36,3,2,0.0,0.0,0.0,0.0,25.0,5.0,0.0,5.0,0.0,0
112,13451,4.0,7,1,3,33,2,3,0.0,1.0,0.0,1.0,18.0,6.0,0.0,6.0,0.0,1
113,13088,4.0,3,10,3,32,3,4,6.0,0.0,4.0,0.0,11.0,2.0,4.0,2.0,2.0,1
114,1675,4.0,24,5,2,103,3,3,4.0,0.0,1.0,0.0,74.0,11.0,1.0,11.0,0.0,0
115,11805,4.0,9,0,2,38,3,4,0.0,0.0,0.0,0.0,25.0,5.0,0.0,5.0,2.0,1
116,10137,4.0,16,2,3,64,7,3,1.0,0.0,0.0,0.0,40.0,10.0,1.0,9.0,2.0,1
117,10730,4.0,56,7,3,197,8,3,3.0,0.0,3.0,0.0,126.0,29.0,4.0,28.0,3.0,1
118,9226,3.0,6,0,1,15,2,2,0.0,0.0,0.0,0.0,9.0,3.0,0.0,2.0,0.0,0
119,2056,4.0,12,0,4,50,2,6,0.0,0.0,0.0,0.0,29.0,10.0,0.0,10.0,0.0,0
120,15712,4.0,4,11,3,33,3,4,7.0,0.0,4.0,0.0,11.0,2.0,4.0,2.0,2.0,1
121,19013,3.0,4,0,3,23,2,1,0.0,0.0,0.0,0.0,14.0,4.0,0.0,4.0,0.0,1
122,2304,4.0,21,4,2,83,4,2,3.0,0.0,1.0,0.0,53.0,11.0,1.0,11.0,2.0,0
123,19152,4.0,7,8,3,47,3,6,5.0,0.0,3.0,0.0,19.0,8.0,3.0,8.0,0.0,1
124,4553,4.0,18,0,2,65,3,1,0.0,0.0,0.0,0.0,40.0,12.0,0.0,12.0,0.0,0
125,15175,4.0,23,2,4,86,7,3,0.0,0.0,1.0,0.0,53.0,14.0,2.0,13.0,2.0,1
126,7120,4.0,13,0,2,38,3,2,0.0,0.0,0.0,0.0,27.0,5.0,0.0,5.0,0.0,0
127,12409,4.0,5,4,2,27,2,2,3.0,0.0,0.0,1.0,14.0,4.0,0.0,4.0,0.0,1
128,16518,4.0,27,0,4,90,4,5,0.0,0.0,0.0,0.0,61.0,13.0,0.0,13.0,2.0,1
129,9844,2.0,0,1,2,10,2,1,0.0,1.0,0.0,0.0,3.0,3.0,1.0,1.0,0.0,0
130,19448,4.0,10,5,5,49,1,0,2.0,3.0,0.0,3.0,30.0,5.0,0.0,5.0,0.0,1
131,9785,4.0,8,2,1,41,3,3,0.0,2.0,0.0,2.0,22.0,7.0,0.0,7.0,0.0,0
132,5346,3.0,9,0,1,27,2,1,0.0,0.0,0.0,0.0,23.0,2.0,0.0,1.0,0.0,0
133,13236,4.0,11,0,2,43,3,3,0.0,0.0,0.0,0.0,32.0,4.0,0.0,4.0,2.0,1
134,18486,4.0,4,10,3,33,3,4,6.0,0.0,4.0,0.0,12.0,2.0,4.0,2.0,2.0,1
135,5361,3.0,6,0,1,23,3,1,0.0,0.0,0.0,0.0,17.0,3.0,0.0,2.0,0.0,0
136,5284,3.0,11,0,2,27,2,1,0.0,0.0,0.0,0.0,21.0,3.0,0.0,2.0,0.0,0
137,14826,3.0,7,0,1,19,1,0,0.0,0.0,0.0,0.0,16.0,1.0,0.0,1.0,0.0,1
138,1896,4.0,10,0,1,36,3,2,0.0,0.0,0.0,0.0,27.0,4.0,0.0,4.0,0.0,0
139,15750,4.0,11,1,4,42,4,2,0.0,1.0,0.0,0.0,24.0,7.0,1.0,6.0,2.0,1
140,8810,4.0,20,6,2,87,3,3,4.0,0.0,2.0,1.0,53.0,12.0,1.0,13.0,0.0,0
141,4429,4.0,16,15,1,56,3,3,14.0,0.0,0.0,0.0,29.0,6.0,1.0,5.0,0.0,0
142,15236,3.0,11,0,4,32,2,0,0.0,0.0,0.0,0.0,21.0,5.0,0.0,5.0,0.0,1
143,18364,4.0,57,8,2,182,7,3,5.0,0.0,3.0,0.0,113.0,28.0,3.0,27.0,2.0,1
144,15690,4.0,17,20,3,92,6,6,12.0,7.0,0.0,8.0,38.0,12.0,0.0,12.0,2.0,1
145,3774,3.0,13,0,2,42,2,3,0.0,0.0,0.0,0.0,31.0,5.0,0.0,5.0,0.0,0
146,10071,3.0,0,17,3,29,3,3,12.0,0.0,5.0,0.0,3.0,1.0,5.0,0.0,2.0,1
147,3316,3.0,6,0,1,17,2,1,0.0,0.0,0.0,0.0,13.0,2.0,0.0,1.0,0.0,0
148,8132,4.0,25,0,1,84,4,4,0.0,0.0,0.0,0.0,55.0,13.0,0.0,13.0,2.0,0
149,14619,4.0,4,12,3,34,3,4,7.0,0.0,4.0,1.0,11.0,2.0,4.0,2.0,2.0,1
150,5291,3.0,7,0,2,22,2,1,0.0,0.0,0.0,0.0,16.0,3.0,0.0,2.0,0.0,0
151,16988,4.0,49,8,3,165,8,3,4.0,1.0,2.0,0.0,97.0,28.0,4.0,26.0,2.0,1
152,17369,4.0,13,4,3,65,7,3,1.0,0.0,2.0,1.0,36.0,10.0,2.0,10.0,2.0,1
153,16189,4.0,14,0,2,48,4,3,0.0,0.0,0.0,0.0,33.0,6.0,0.0,6.0,2.0,1
154,17500,4.0,35,4,1,139,7,5,2.0,0.0,2.0,0.0,89.0,21.0,2.0,20.0,2.0,1
155,11426,3.0,8,0,3,37,2,2,0.0,0.0,0.0,0.0,26.0,5.0,0.0,5.0,0.0,1
156,4221,4.0,6,2,1,31,4,1,1.0,1.0,0.0,1.0,19.0,4.0,0.0,4.0,0.0,0
157,17363,4.0,11,0,3,44,2,2,0.0,0.0,0.0,0.0,33.0,5.0,0.0,5.0,0.0,1
158,12359,3.0,12,0,2,53,3,7,0.0,0.0,0.0,0.0,34.0,8.0,0.0,8.0,2.0,1
159,4424,4.0,14,0,3,62,3,5,0.0,0.0,0.0,0.0,43.0,9.0,0.0,9.0,0.0,0
160,8455,4.0,13,4,3,41,3,2,3.0,0.0,0.0,0.0,23.0,7.0,1.0,6.0,0.0,0
161,19847,4.0,25,5,2,92,8,3,3.0,0.0,2.0,0.0,56.0,13.0,2.0,13.0,2.0,1
162,13932,4.0,15,1,6,63,3,4,0.0,1.0,0.0,1.0,40.0,9.0,0.0,9.0,2.0,1
163,1615,3.0,11,0,1,27,2,1,0.0,0.0,0.0,0.0,22.0,2.0,0.0,2.0,0.0,0
164,18422,5.0,32,50,2,203,8,7,28.0,19.0,2.0,20.0,96.0,16.0,2.0,16.0,3.0,1
165,8470,4.0,16,19,1,85,3,5,14.0,0.0,5.0,0.0,42.0,9.0,5.0,9.0,0.0,0
166,3973,4.0,20,32,1,103,3,3,20.0,11.0,0.0,11.0,42.0,9.0,1.0,8.0,0.0,0
167,17330,4.0,12,21,1,63,3,5,14.0,7.0,0.0,6.0,23.0,5.0,1.0,4.0,2.0,1
168,5567,4.0,25,7,2,85,3,3,6.0,0.0,1.0,0.0,56.0,10.0,1.0,10.0,0.0,0
169,18215,4.0,14,1,3,62,4,3,0.0,1.0,0.0,1.0,41.0,8.0,0.0,8.0,2.0,1
170,1598,3.0,6,0,1,20,3,1,0.0,0.0,0.0,0.0,14.0,3.0,0.0,2.0,0.0,0
171,18758,4.0,5,0,4,27,3,1,0.0,0.0,0.0,0.0,14.0,6.0,0.0,6.0,0.0,1
172,10584,4.0,14,0,3,44,3,3,0.0,0.0,0.0,0.0,31.0,5.0,0.0,5.0,2.0,1
173,1803,3.0,8,0,1,20,2,1,0.0,0.0,0.0,0.0,16.0,2.0,0.0,1.0,0.0,0
174,18037,4.0,11,0,3,43,2,2,0.0,0.0,0.0,0.0,32.0,5.0,0.0,5.0,0.0,1
175,10212,4.0,17,1,3,68,3,7,0.0,0.0,0.0,0.0,47.0,9.0,1.0,8.0,2.0,1
176,18043,3.0,15,0,2,38,3,2,0.0,0.0,0.0,0.0,27.0,5.0,0.0,5.0,0.0,1
177,9946,3.0,11,0,1,28,2,1,0.0,0.0,0.0,0.0,23.0,2.0,0.0,2.0,0.0,0
178,16700,4.0,10,9,4,72,6,8,5.0,0.0,3.0,3.0,31.0,12.0,1.0,14.0,2.0,1
179,7015,4.0,27,8,6,121,8,5,0.0,6.0,2.0,2.0,58.0,21.0,6.0,17.0,8.0,0
180,8850,4.0,5,7,3,38,2,4,4.0,0.0,3.0,0.0,19.0,4.0,3.0,4.0,0.0,0
181,7202,3.0,10,0,1,28,2,1,0.0,0.0,0.0,0.0,24.0,2.0,0.0,1.0,0.0,0
182,1732,4.0,16,6,3,78,3,3,4.0,0.0,2.0,0.0,47.0,11.0,2.0,11.0,0.0,0
183,10363,4.0,31,6,3,112,7,3,3.0,0.0,2.0,0.0,70.0,16.0,3.0,15.0,2.0,1
184,772,3.0,13,0,1,40,2,4,0.0,0.0,0.0,0.0,29.0,5.0,0.0,5.0,0.0,0
185,8599,4.0,17,20,1,87,3,12,10.0,6.0,3.0,6.0,38.0,9.0,4.0,8.0,2.0,0
186,17768,4.0,9,1,2,29,2,3,0.0,0.0,1.0,1.0,18.0,4.0,0.0,4.0,0.0,1
187,13073,3.0,8,0,1,22,1,0,0.0,0.0,0.0,0.0,19.0,1.0,0.0,1.0,0.0,1
188,2332,3.0,10,0,2,29,2,2,0.0,0.0,0.0,0.0,20.0,4.0,0.0,4.0,0.0,0
189,11109,4.0,21,3,3,80,6,7,1.0,0.0,1.0,0.0,50.0,12.0,2.0,11.0,2.0,1
190,16685,4.0,7,0,2,40,3,4,0.0,0.0,0.0,0.0,27.0,5.0,0.0,5.0,2.0,1
191,6443,4.0,29,0,1,101,3,2,0.0,0.0,0.0,0.0,73.0,14.0,0.0,13.0,0.0,0
192,394,3.0,9,0,2,32,3,2,0.0,0.0,0.0,0.0,21.0,5.0,0.0,5.0,0.0,0
193,12052,4.0,11,9,4,74,5,8,5.0,0.0,3.0,3.0,37.0,10.0,1.0,12.0,2.0,1
194,3427,4.0,15,33,1,89,4,8,25.0,3.0,4.0,2.0,32.0,8.0,6.0,6.0,2.0,0
195,14341,4.0,29,6,3,106,8,3,3.0,0.0,2.0,0.0,64.0,16.0,3.0,15.0,2.0,1
196,2595,3.0,7,0,1,21,2,1,0.0,0.0,0.0,0.0,16.0,2.0,0.0,2.0,0.0,0
197,12176,4.0,37,12,3,140,8,3,7.0,0.0,4.0,0.0,82.0,20.0,5.0,19.0,2.0,1
198,4948,4.0,17,0,2,52,3,2,0.0,0.0,0.0,0.0,37.0,7.0,0.0,7.0,0.0,0
199,5125,4.0,20,0,2,73,3,4,0.0,0.0,0.0,0.0,52.0,10.0,0.0,10.0,0.0,0
200,11199,4.0,13,0,3,53,4,4,0.0,0.0,0.0,0.0,28.0,11.0,0.0,11.0,2.0,1
201,6919,4.0,24,0,2,70,5,2,0.0,0.0,0.0,0.0,49.0,10.0,0.0,9.0,1.0,0
202,17235,4.0,14,5,3,52,4,4,4.0,1.0,0.0,0.0,30.0,7.0,1.0,6.0,2.0,1
203,16983,4.0,5,0,2,29,3,3,0.0,0.0,0.0,0.0,18.0,4.0,0.0,4.0,2.0,1
204,13094,4.0,31,3,3,118,8,3,0.0,0.0,2.0,0.0,71.0,20.0,3.0,19.0,2.0,1
205,12523,4.0,16,47,1,157,5,3,10.0,1.0,36.0,27.0,28.0,8.0,10.0,33.0,3.0,1
206,7592,3.0,24,120,1,338,5,6,25.0,1.0,93.0,73.0,19.0,10.0,22.0,81.0,13.0,0
207,8868,3.0,6,0,1,20,2,1,0.0,0.0,0.0,0.0,16.0,2.0,0.0,1.0,0.0,0
208,5717,4.0,18,2,3,62,4,1,1.0,0.0,1.0,0.0,44.0,6.0,1.0,6.0,2.0,0
209,11682,4.0,8,2,3,35,2,2,1.0,0.0,1.0,1.0,22.0,4.0,0.0,5.0,0.0,1
210,2029,4.0,14,12,2,57,3,7,8.0,0.0,4.0,0.0,27.0,7.0,4.0,6.0,0.0,0
211,15446,4.0,32,3,3,118,7,3,1.0,0.0,2.0,0.0,77.0,17.0,2.0,16.0,2.0,1
212,19850,4.0,9,0,3,35,3,3,0.0,0.0,0.0,0.0,22.0,5.0,0.0,5.0,2.0,1
213,2057,4.0,18,6,1,64,3,3,4.0,1.0,0.0,2.0,40.0,8.0,0.0,8.0,0.0,0
214,18625,4.0,37,0,3,125,8,4,0.0,0.0,0.0,0.0,88.0,17.0,0.0,17.0,2.0,1
215,10021,4.0,17,0,2,49,3,5,0.0,0.0,0.0,0.0,35.0,6.0,0.0,5.0,2.0,1
216,13732,4.0,2,0,2,37,4,3,0.0,0.0,0.0,0.0,22.0,6.0,0.0,6.0,2.0,1
217,4237,4.0,18,2,1,52,3,4,1.0,0.0,1.0,0.0,33.0,8.0,1.0,7.0,0.0,0
218,10369,4.0,7,0,3,30,2,3,0.0,0.0,0.0,0.0,18.0,6.0,0.0,5.0,0.0,1
219,19428,4.0,9,4,5,58,1,0,0.0,4.0,0.0,4.0,39.0,5.0,0.0,5.0,0.0,1
220,4723,4.0,10,8,1,43,3,3,7.0,0.0,1.0,0.0,25.0,4.0,1.0,4.0,0.0,0
221,19718,4.0,17,3,1,58,3,4,1.0,0.0,2.0,0.0,38.0,7.0,2.0,7.0,0.0,1
222,12122,4.0,13,0,3,56,4,3,0.0,0.0,0.0,0.0,37.0,8.0,0.0,8.0,2.0,1
223,8499,3.0,4,0,3,21,2,1,0.0,0.0,0.0,0.0,12.0,4.0,0.0,4.0,0.0,0
224,14263,4.0,60,94,10,308,8,9,61.0,30.0,2.0,32.0,121.0,26.0,1.0,27.0,7.0,1
225,871,3.0,16,0,1,45,3,3,0.0,0.0,0.0,0.0,35.0,5.0,0.0,4.0,0.0,0
226,2816,4.0,18,4,2,55,3,2,3.0,0.0,1.0,0.0,35.0,7.0,1.0,7.0,0.0,0
227,14584,3.0,7,0,1,21,3,2,0.0,0.0,0.0,0.0,13.0,4.0,0.0,3.0,0.0,1
228,17358,4.0,21,1,2,69,7,3,0.0,0.0,0.0,0.0,44.0,11.0,1.0,10.0,2.0,1
229,10083,4.0,18,1,1,64,7,3,0.0,0.0,0.0,0.0,45.0,8.0,1.0,7.0,2.0,1
230,13093,3.0,14,0,3,47,3,2,0.0,0.0,0.0,0.0,34.0,6.0,0.0,6.0,0.0,1
231,4098,4.0,10,12,2,42,5,1,11.0,0.0,0.0,0.0,18.0,6.0,1.0,5.0,0.0,0
232,13571,4.0,22,4,2,81,8,3,2.0,0.0,1.0,0.0,48.0,13.0,2.0,12.0,2.0,1
233,13387,2.0,4,0,1,18,1,0,0.0,0.0,0.0,0.0,15.0,1.0,0.0,1.0,0.0,1
234,8382,4.0,15,0,1,50,3,2,0.0,0.0,0.0,0.0,33.0,8.0,0.0,8.0,0.0,0
235,6951,3.0,8,0,3,22,2,1,0.0,0.0,0.0,0.0,14.0,4.0,0.0,3.0,0.0,0
236,15205,4.0,53,9,3,175,8,4,6.0,0.0,2.0,0.0,106.0,28.0,3.0,27.0,2.0,1
237,19749,4.0,11,0,4,42,3,3,0.0,0.0,0.0,0.0,27.0,6.0,0.0,6.0,2.0,1
238,8735,4.0,30,13,1,105,3,3,11.0,0.0,1.0,0.0,62.0,14.0,2.0,13.0,1.0,0
239,14711,5.0,28,25,2,192,6,5,7.0,18.0,0.0,18.0,121.0,13.0,0.0,12.0,2.0,1
240,2288,4.0,17,8,1,60,3,2,7.0,0.0,0.0,0.0,38.0,7.0,1.0,6.0,0.0,0
241,1943,4.0,21,12,1,82,3,5,8.0,0.0,4.0,0.0,50.0,8.0,4.0,7.0,0.0,0
242,5721,4.0,6,5,1,27,3,2,4.0,0.0,0.0,0.0,14.0,4.0,1.0,3.0,0.0,0
243,17149,4.0,8,0,2,35,4,3,0.0,0.0,0.0,0.0,22.0,5.0,0.0,5.0,2.0,1
244,9178,4.0,10,0,2,39,3,1,0.0,0.0,0.0,0.0,30.0,4.0,0.0,4.0,0.0,0
245,14266,4.0,6,17,4,69,5,8,11.0,0.0,5.0,5.0,24.0,8.0,1.0,12.0,2.0,1
246,12114,4.0,13,23,4,73,3,3,21.0,0.0,2.0,2.0,35.0,4.0,0.0,6.0,2.0,1
247,3025,4.0,37,0,2,124,3,3,0.0,0.0,0.0,0.0,81.0,21.0,0.0,21.0,0.0,0
248,4057,4.0,32,11,1,106,3,4,8.0,0.0,3.0,0.0,65.0,13.0,3.0,13.0,0.0,0
249,10454,4.0,14,6,3,53,4,4,5.0,1.0,0.0,0.0,30.0,7.0,1.0,6.0,2.0,1
250,10376,3.0,8,3,3,30,1,0,0.0,3.0,0.0,3.0,17.0,3.0,0.0,3.0,0.0,1
251,891,3.0,10,0,1,30,2,4,0.0,0.0,0.0,0.0,20.0,5.0,0.0,4.0,0.0,0
252,275,4.0,15,4,1,48,4,2,3.0,0.0,1.0,0.0,29.0,6.0,1.0,6.0,1.0,0
253,11806,4.0,22,2,2,78,7,3,1.0,0.0,0.0,0.0,48.0,13.0,1.0,12.0,2.0,1
254,3576,3.0,7,4,2,27,2,1,3.0,0.0,1.0,1.0,17.0,2.0,0.0,2.0,0.0,0
255,17083,4.0,8,0,3,38,3,3,0.0,0.0,0.0,0.0,25.0,5.0,0.0,5.0,2.0,1
256,18292,4.0,24,6,3,101,7,3,3.0,0.0,3.0,0.0,57.0,16.0,3.0,16.0,2.0,1
257,5516,4.0,43,20,2,158,4,5,11.0,6.0,3.0,6.0,92.0,18.0,3.0,18.0,0.0,0
258,5910,4.0,11,0,2,35,3,2,0.0,0.0,0.0,0.0,25.0,5.0,0.0,4.0,0.0,0
259,3678,4.0,23,19,1,88,4,5,15.0,0.0,3.0,0.0,40.0,13.0,4.0,12.0,0.0,0
260,5681,3.0,3,0,2,21,2,2,0.0,0.0,0.0,0.0,12.0,4.0,0.0,4.0,0.0,0
261,13431,4.0,8,0,2,30,3,2,0.0,0.0,0.0,0.0,20.0,5.0,0.0,4.0,0.0,1
262,19720,4.0,13,1,3,55,4,6,0.0,0.0,1.0,1.0,33.0,8.0,0.0,9.0,2.0,1
263,17908,4.0,23,2,3,85,8,3,1.0,0.0,0.0,0.0,55.0,13.0,1.0,12.0,2.0,1
264,9880,4.0,18,0,2,59,3,1,0.0,0.0,0.0,0.0,44.0,7.0,0.0,7.0,0.0,0
265,10890,3.0,9,0,2,28,1,0,0.0,0.0,0.0,0.0,23.0,2.0,0.0,2.0,0.0,1
266,1399,4.0,15,2,4,57,2,4,1.0,0.0,1.0,1.0,38.0,7.0,0.0,8.0,0.0,0
267,20,4.0,10,10,1,45,4,5,5.0,1.0,3.0,2.0,19.0,5.0,3.0,5.0,1.0,0
268,8270,3.0,19,0,2,51,2,3,0.0,0.0,0.0,0.0,40.0,5.0,0.0,5.0,0.0,0
269,14560,4.0,18,1,2,77,4,4,0.0,0.0,1.0,0.0,56.0,8.0,1.0,8.0,2.0,1
270,14349,4.0,45,3,3,149,8,3,0.0,0.0,3.0,0.0,95.0,22.0,3.0,22.0,3.0,1
271,12068,4.0,8,0,2,41,3,5,0.0,0.0,0.0,0.0,26.0,6.0,0.0,6.0,2.0,1
272,9006,4.0,17,8,1,55,3,3,7.0,0.0,0.0,0.0,37.0,5.0,1.0,4.0,0.0,0
273,14420,4.0,5,0,4,38,4,4,0.0,0.0,0.0,0.0,20.0,8.0,0.0,7.0,2.0,1
274,14927,3.0,15,30,1,90,4,4,9.0,2.0,19.0,12.0,10.0,8.0,9.0,17.0,3.0,1
275,1851,4.0,19,0,4,77,3,7,0.0,0.0,0.0,0.0,52.0,12.0,0.0,12.0,0.0,0
276,4139,4.0,11,2,1,30,2,1,1.0,0.0,0.0,1.0,23.0,2.0,0.0,2.0,0.0,0
277,2473,4.0,17,6,2,62,2,5,5.0,0.0,1.0,1.0,41.0,6.0,0.0,7.0,0.0,0
278,12862,4.0,18,0,1,62,4,4,0.0,0.0,0.0,0.0,43.0,8.0,0.0,8.0,2.0,1
279,4592,4.0,15,0,2,46,3,1,0.0,0.0,0.0,0.0,31.0,7.0,0.0,7.0,0.0,0
280,8140,4.0,20,7,3,92,3,4,6.0,0.0,1.0,0.0,59.0,12.0,1.0,12.0,0.0,0
281,16463,4.0,16,2,3,63,4,6,1.0,0.0,1.0,0.0,41.0,8.0,1.0,8.0,2.0,1
282,1922,3.0,6,0,1,15,2,1,0.0,0.0,0.0,0.0,11.0,2.0,0.0,1.0,0.0,0
283,19875,3.0,4,0,2,24,2,3,0.0,0.0,0.0,0.0,14.0,5.0,0.0,4.0,0.0,1
284,10607,4.0,11,0,3,49,3,5,0.0,0.0,0.0,0.0,32.0,7.0,0.0,7.0,2.0,1
285,16172,4.0,12,0,3,51,3,5,0.0,0.0,0.0,0.0,34.0,7.0,0.0,7.0,2.0,1
286,8062,4.0,20,6,2,74,3,5,4.0,0.0,2.0,0.0,43.0,11.0,2.0,11.0,0.0,0
287,14384,3.0,18,29,1,90,4,4,8.0,3.0,18.0,12.0,10.0,9.0,9.0,17.0,3.0,1
288,16177,4.0,5,4,3,37,5,3,3.0,0.0,0.0,0.0,17.0,7.0,1.0,6.0,2.0,1
289,2342,3.0,16,0,2,35,3,2,0.0,0.0,0.0,0.0,24.0,5.0,0.0,5.0,0.0,0
290,19811,4.0,19,0,2,66,3,4,0.0,0.0,0.0,0.0,50.0,8.0,0.0,7.0,0.0,1
291,19348,4.0,27,2,3,100,8,3,0.0,0.0,1.0,0.0,65.0,15.0,2.0,14.0,2.0,1
292,18495,3.0,1,10,3,25,3,3,6.0,0.0,4.0,0.0,6.0,1.0,4.0,1.0,2.0,1
293,6260,3.0,18,0,1,52,3,3,0.0,0.0,0.0,0.0,37.0,7.0,0.0,7.0,0.0,0
294,9572,4.0,14,0,1,34,4,1,0.0,0.0,0.0,0.0,25.0,4.0,0.0,4.0,0.0,0
295,19340,4.0,15,2,2,50,5,1,1.0,0.0,1.0,1.0,31.0,7.0,0.0,8.0,0.0,1
296,15962,4.0,8,3,3,31,1,0,2.0,0.0,1.0,1.0,21.0,2.0,0.0,3.0,0.0,1
297,15171,4.0,20,6,4,76,3,5,2.0,1.0,3.0,2.0,46.0,9.0,2.0,10.0,0.0,1
298,14454,4.0,18,2,1,67,8,3,0.0,0.0,1.0,0.0,43.0,9.0,2.0,8.0,3.0,1
299,10620,4.0,34,5,3,120,7,3,3.0,0.0,1.0,0.0,84.0,14.0,2.0,13.0,2.0,1
300,7094,4.0,14,0,2,51,6,1,0.0,0.0,0.0,0.0,34.0,8.0,0.0,8.0,0.0,0
301,9796,4.0,20,5,2,71,6,2,3.0,0.0,1.0,0.0,41.0,12.0,2.0,11.0,0.0,0
302,11868,4.0,25,0,3,97,4,4,0.0,0.0,0.0,0.0,72.0,11.0,0.0,11.0,2.0,1
303,18541,4.0,30,1,8,126,7,8,0.0,0.0,1.0,0.0,71.0,24.0,1.0,23.0,5.0,1
304,4130,3.0,7,7,1,33,2,3,6.0,0.0,1.0,1.0,17.0,3.0,0.0,4.0,0.0,0
305,10090,3.0,1,10,3,25,3,3,6.0,0.0,4.0,0.0,6.0,1.0,4.0,1.0,2.0,1
306,18770,4.0,18,3,2,82,4,10,2.0,0.0,1.0,1.0,53.0,11.0,0.0,11.0,2.0,1
307,3220,3.0,6,0,1,17,2,2,0.0,0.0,0.0,0.0,11.0,3.0,0.0,2.0,0.0,0
308,1217,4.0,16,0,1,44,3,1,0.0,0.0,0.0,0.0,35.0,4.0,0.0,4.0,0.0,0
309,19509,4.0,16,0,3,55,3,2,0.0,0.0,0.0,0.0,42.0,6.0,0.0,6.0,0.0,1
310,10226,5.0,39,33,3,274,8,3,6.0,27.0,0.0,27.0,183.0,14.0,0.0,13.0,3.0,1
311,6827,3.0,6,0,1,20,2,1,0.0,0.0,0.0,0.0,16.0,2.0,0.0,1.0,0.0,0
312,15252,4.0,12,0,4,53,3,4,0.0,0.0,0.0,0.0,36.0,7.0,0.0,7.0,2.0,1
313,6345,4.0,14,0,1,40,3,2,0.0,0.0,0.0,0.0,31.0,4.0,0.0,4.0,0.0,0
314,17344,4.0,52,12,4,197,8,3,7.0,0.0,4.0,0.0,126.0,26.0,5.0,25.0,3.0,1
315,14402,3.0,9,0,2,39,4,4,0.0,0.0,0.0,0.0,24.0,6.0,0.0,6.0,2.0,1
316,2391,3.0,6,0,2,26,2,1,0.0,0.0,0.0,0.0,19.0,3.0,0.0,3.0,0.0,0
317,15121,3.0,6,0,2,25,2,2,0.0,0.0,0.0,0.0,17.0,4.0,0.0,3.0,0.0,1
318,1954,3.0,15,0,1,55,3,3,0.0,0.0,0.0,0.0,38.0,8.0,0.0,8.0,0.0,0
319,6321,4.0,10,2,1,36,3,2,1.0,1.0,0.0,0.0,25.0,4.0,1.0,3.0,0.0,0
320,17562,4.0,10,0,4,50,4,3,0.0,0.0,0.0,0.0,33.0,7.0,0.0,7.0,2.0,1
321,9939,3.0,4,7,1,24,2,3,6.0,0.0,1.0,1.0,9.0,3.0,0.0,3.0,0.0,0
322,5545,3.0,5,0,1,15,2,1,0.0,0.0,0.0,0.0,11.0,2.0,0.0,1.0,0.0,0
323,1740,4.0,10,2,2,31,3,1,1.0,1.0,0.0,0.0,20.0,4.0,1.0,3.0,0.0,0
324,6053,3.0,7,0,2,24,2,2,0.0,0.0,0.0,0.0,16.0,4.0,0.0,3.0,0.0,0
325,19434,4.0,26,3,1,106,7,5,1.0,0.0,2.0,0.0,67.0,16.0,2.0,15.0,2.0,1
326,16908,4.0,9,9,2,41,3,4,8.0,0.0,1.0,0.0,20.0,4.0,1.0,4.0,2.0,1
327,13768,3.0,3,0,1,12,1,0,0.0,0.0,0.0,0.0,9.0,1.0,0.0,1.0,0.0,1
328,457,3.0,7,0,1,22,2,1,0.0,0.0,0.0,0.0,18.0,2.0,0.0,1.0,0.0,0
329,9191,4.0,15,5,1,52,3,3,3.0,1.0,0.0,2.0,31.0,7.0,0.0,7.0,0.0,0
330,13267,4.0,11,0,3,48,3,4,0.0,0.0,0.0,0.0,33.0,6.0,0.0,6.0,2.0,1
331,5962,4.0,30,9,2,116,7,7,4.0,0.0,4.0,1.0,66.0,17.0,4.0,17.0,2.0,0
332,12401,3.0,4,0,2,13,1,0,0.0,0.0,0.0,0.0,8.0,2.0,0.0,2.0,0.0,1
333,11167,4.0,8,8,2,46,6,3,6.0,0.0,1.0,0.0,21.0,7.0,2.0,6.0,2.0,1
334,1345,4.0,27,5,2,91,4,1,4.0,0.0,1.0,0.0,60.0,12.0,1.0,12.0,0.0,0
335,63,3.0,3,0,1,10,2,1,0.0,0.0,0.0,0.0,5.0,2.0,0.0,2.0,0.0,0
336,15965,3.0,10,0,2,27,1,0,0.0,0.0,0.0,0.0,22.0,2.0,0.0,2.0,0.0,1
337,11723,3.0,11,2,2,36,2,2,1.0,0.0,1.0,1.0,25.0,3.0,0.0,4.0,0.0,1
338,15716,3.0,2,14,4,32,3,3,9.0,0.0,5.0,0.0,6.0,2.0,5.0,2.0,2.0,1
339,16594,4.0,14,5,3,52,4,4,4.0,1.0,0.0,0.0,30.0,7.0,1.0,6.0,2.0,1
340,7495,4.0,9,10,3,42,2,2,9.0,0.0,1.0,0.0,22.0,4.0,1.0,4.0,0.0,0
341,3029,4.0,19,6,1,61,3,10,4.0,0.0,2.0,0.0,33.0,10.0,2.0,9.0,0.0,0
342,7936,4.0,15,1,3,60,3,3,0.0,0.0,1.0,1.0,40.0,8.0,0.0,9.0,0.0,0
343,18235,3.0,10,0,3,35,2,1,0.0,0.0,0.0,0.0,26.0,4.0,0.0,4.0,0.0,1
344,9563,3.0,7,0,1,24,2,3,0.0,0.0,0.0,0.0,16.0,4.0,0.0,3.0,0.0,0
345,15330,4.0,72,10,3,238,8,3,2.0,0.0,7.0,0.0,145.0,37.0,8.0,36.0,2.0,1
346,19155,4.0,10,3,3,48,4,3,2.0,0.0,1.0,1.0,30.0,5.0,0.0,6.0,2.0,1
347,7732,3.0,7,1,2,24,3,1,0.0,1.0,0.0,1.0,13.0,4.0,0.0,4.0,0.0,0
348,13362,5.0,15,26,3,84,3,3,10.0,11.0,4.0,12.0,38.0,1.0,4.0,1.0,2.0,1
349,7588,4.0,15,14,2,58,4,2,13.0,1.0,0.0,0.0,31.0,6.0,1.0,5.0,0.0,0
350,18097,4.0,9,0,2,35,4,3,0.0,0.0,0.0,0.0,20.0,6.0,0.0,6.0,2.0,1
351,1454,4.0,19,8,2,65,4,2,5.0,1.0,2.0,0.0,38.0,8.0,3.0,7.0,0.0,0
352,15389,3.0,8,21,1,63,4,4,7.0,0.0,14.0,9.0,8.0,4.0,5.0,12.0,3.0,1
353,18201,4.0,17,0,4,52,2,2,0.0,0.0,0.0,0.0,39.0,6.0,0.0,6.0,0.0,1
354,3451,4.0,7,2,1,31,6,1,0.0,1.0,1.0,1.0,16.0,5.0,1.0,5.0,0.0,0
355,14073,3.0,8,0,1,30,3,3,0.0,0.0,0.0,0.0,21.0,3.0,0.0,3.0,2.0,1
356,13106,4.0,14,0,3,51,4,4,0.0,0.0,0.0,0.0,34.0,7.0,0.0,7.0,2.0,1
357,12319,4.0,13,3,3,63,4,7,2.0,0.0,1.0,0.0,38.0,9.0,1.0,9.0,2.0,1
358,1817,4.0,11,0,1,34,3,2,0.0,0.0,0.0,0.0,23.0,5.0,0.0,5.0,0.0,0
359,18661,3.0,9,0,2,28,2,2,0.0,0.0,0.0,0.0,20.0,4.0,0.0,3.0,0.0,1
360,7760,3.0,6,0,2,20,2,1,0.0,0.0,0.0,0.0,14.0,3.0,0.0,2.0,0.0,0
361,61,4.0,12,0,2,40,3,1,0.0,0.0,0.0,0.0,31.0,4.0,0.0,4.0,0.0,0
362,19632,4.0,10,0,4,41,3,2,0.0,0.0,0.0,0.0,26.0,7.0,0.0,7.0,0.0,1
363,7003,4.0,21,7,2,71,3,5,6.0,0.0,1.0,0.0,46.0,8.0,1.0,8.0,0.0,0
364,5312,3.0,4,0,2,20,2,1,0.0,0.0,0.0,0.0,13.0,3.0,0.0,3.0,0.0,0
365,3098,3.0,7,0,2,22,2,1,0.0,0.0,0.0,0.0,15.0,3.0,0.0,3.0,0.0,0
366,7511,3.0,8,0,2,27,2,1,0.0,0.0,0.0,0.0,21.0,3.0,0.0,2.0,0.0,0
367,12320,4.0,16,0,4,59,3,2,0.0,0.0,0.0,0.0,42.0,8.0,0.0,8.0,0.0,1
368,17033,4.0,5,4,2,27,2,2,3.0,0.0,0.0,1.0,14.0,4.0,0.0,4.0,0.0,1
369,19246,4.0,13,3,2,59,4,5,2.0,0.0,1.0,0.0,39.0,7.0,1.0,6.0,2.0,1
370,11408,3.0,4,0,2,21,2,2,0.0,0.0,0.0,0.0,13.0,4.0,0.0,3.0,0.0,1
371,5164,4.0,19,22,1,83,4,3,13.0,9.0,0.0,8.0,39.0,7.0,1.0,5.0,0.0,0
372,19884,4.0,19,11,2,82,4,10,5.0,4.0,2.0,6.0,40.0,10.0,0.0,12.0,2.0,1
373,14708,4.0,11,0,2,50,4,3,0.0,0.0,0.0,0.0,37.0,5.0,0.0,5.0,2.0,1
374,9050,4.0,12,0,1,37,3,3,0.0,0.0,0.0,0.0,27.0,5.0,0.0,4.0,0.0,0
375,6822,4.0,13,10,1,42,3,3,9.0,0.0,0.0,0.0,22.0,5.0,1.0,4.0,0.0,0
376,633,4.0,32,9,1,93,3,5,5.0,0.0,4.0,0.0,58.0,11.0,4.0,10.0,0.0,0
377,6707,4.0,5,3,1,22,2,1,2.0,0.0,0.0,1.0,14.0,2.0,0.0,2.0,0.0,0
378,1923,4.0,14,10,2,57,3,3,7.0,2.0,1.0,1.0,34.0,5.0,2.0,4.0,0.0,0
379,13459,3.0,7,0,2,33,3,3,0.0,0.0,0.0,0.0,22.0,4.0,0.0,4.0,2.0,1
380,7539,3.0,11,0,2,32,2,1,0.0,0.0,0.0,0.0,26.0,3.0,0.0,2.0,0.0,0
381,7931,4.0,10,0,1,36,2,4,0.0,0.0,0.0,0.0,25.0,5.0,0.0,5.0,0.0,0
382,3132,4.0,18,0,2,61,3,1,0.0,0.0,0.0,0.0,42.0,9.0,0.0,9.0,0.0,0
383,11218,4.0,13,0,3,52,4,3,0.0,0.0,0.0,0.0,35.0,7.0,0.0,7.0,2.0,1
384,12699,3.0,2,14,4,32,3,3,9.0,0.0,5.0,0.0,6.0,2.0,5.0,2.0,2.0,1
385,18558,3.0,14,0,2,42,2,3,0.0,0.0,0.0,0.0,32.0,5.0,0.0,4.0,0.0,1
386,13268,3.0,1,13,3,25,3,3,8.0,0.0,4.0,1.0,3.0,1.0,4.0,1.0,2.0,1
387,18176,4.0,7,0,3,34,5,1,0.0,0.0,0.0,0.0,19.0,7.0,0.0,7.0,0.0,1
388,7665,4.0,14,17,2,66,3,3,10.0,3.0,4.0,3.0,33.0,4.0,4.0,4.0,0.0,0
389,13280,4.0,22,4,3,84,8,3,2.0,0.0,1.0,0.0,49.0,14.0,2.0,13.0,2.0,1
390,3147,4.0,8,6,1,31,3,3,4.0,1.0,1.0,1.0,14.0,4.0,1.0,4.0,0.0,0
391,17420,3.0,12,0,2,36,3,4,0.0,0.0,0.0,0.0,23.0,5.0,0.0,5.0,2.0,1
392,4714,4.0,24,6,1,87,4,4,5.0,0.0,1.0,0.0,55.0,11.0,1.0,11.0,2.0,0
393,16414,4.0,6,25,1,50,3,5,23.0,0.0,2.0,0.0,15.0,3.0,2.0,2.0,2.0,1
394,5001,4.0,24,5,1,103,4,6,4.0,0.0,1.0,0.0,65.0,15.0,1.0,14.0,2.0,0
395,10432,3.0,1,13,4,27,3,3,8.0,0.0,5.0,0.0,3.0,1.0,5.0,1.0,3.0,1
396,6804,4.0,15,6,2,57,4,1,5.0,0.0,1.0,1.0,34.0,7.0,0.0,8.0,0.0,0
397,19961,4.0,19,11,3,77,4,2,7.0,0.0,4.0,2.0,48.0,5.0,2.0,7.0,1.0,1
398,15705,4.0,10,5,3,44,1,0,0.0,5.0,0.0,4.0,28.0,3.0,0.0,3.0,0.0,1
399,3437,5.0,19,21,2,156,6,2,5.0,14.0,2.0,16.0,99.0,8.0,0.0,9.0,2.0,0
400,14390,4.0,8,10,3,44,2,2,8.0,0.0,2.0,1.0,24.0,3.0,1.0,4.0,0.0,1
401,18109,5.0,30,20,3,180,6,6,6.0,14.0,0.0,14.0,118.0,13.0,0.0,12.0,2.0,1
402,4965,3.0,12,0,2,28,2,2,0.0,0.0,0.0,0.0,19.0,4.0,0.0,4.0,0.0,0
403,10802,4.0,27,5,2,109,7,3,2.0,0.0,3.0,1.0,67.0,15.0,2.0,16.0,2.0,1
404,8288,3.0,9,0,2,30,2,1,0.0,0.0,0.0,0.0,23.0,3.0,0.0,3.0,0.0,0
405,19126,5.0,22,21,2,106,8,3,10.0,10.0,1.0,10.0,49.0,11.0,1.0,11.0,2.0,1
406,7046,4.0,10,0,2,37,3,2,0.0,0.0,0.0,0.0,26.0,5.0,0.0,5.0,0.0,0
407,19691,4.0,15,0,3,61,4,4,0.0,0.0,0.0,0.0,42.0,8.0,0.0,8.0,2.0,1
408,4169,4.0,7,1,1,31,6,1,0.0,0.0,0.0,0.0,19.0,5.0,1.0,4.0,1.0,0
409,8473,3.0,4,0,1,15,2,1,0.0,0.0,0.0,0.0,11.0,2.0,0.0,1.0,0.0,0
410,407,4.0,10,4,3,48,2,4,3.0,0.0,1.0,1.0,29.0,6.0,0.0,7.0,0.0,0
411,9839,4.0,31,8,1,103,4,5,5.0,0.0,3.0,0.0,67.0,11.0,3.0,11.0,2.0,0
412,7796,4.0,17,0,2,44,3,2,0.0,0.0,0.0,0.0,31.0,6.0,0.0,6.0,0.0,0
413,13950,4.0,26,5,3,95,6,6,2.0,0.0,3.0,1.0,59.0,12.0,2.0,13.0,2.0,1
414,4122,4.0,14,4,2,46,2,6,2.0,0.0,2.0,0.0,28.0,6.0,2.0,5.0,0.0,0
415,1623,4.0,15,0,1,43,2,4,0.0,0.0,0.0,0.0,33.0,5.0,0.0,4.0,0.0,0
416,1595,4.0,20,0,2,54,2,4,0.0,0.0,0.0,0.0,41.0,6.0,0.0,6.0,0.0,0
417,10069,4.0,11,0,3,46,2,2,0.0,0.0,0.0,0.0,35.0,5.0,0.0,5.0,0.0,1
418,19379,4.0,3,4,2,33,3,3,2.0,1.0,0.0,2.0,17.0,4.0,0.0,4.0,2.0,1
419,6356,3.0,3,0,1,24,3,1,0.0,0.0,0.0,0.0,17.0,3.0,0.0,3.0,0.0,0
420,170,3.0,7,0,1,21,3,1,0.0,0.0,0.0,0.0,14.0,3.0,0.0,3.0,0.0,0
421,4904,3.0,8,0,2,28,2,1,0.0,0.0,0.0,0.0,22.0,3.0,0.0,2.0,0.0,0
422,2882,4.0,28,0,2,77,3,2,0.0,0.0,0.0,0.0,54.0,11.0,0.0,11.0,0.0,0
423,3205,4.0,26,1,2,83,4,8,0.0,0.0,1.0,1.0,53.0,12.0,0.0,13.0,2.0,0
424,10735,3.0,4,2,1,25,4,3,1.0,1.0,0.0,1.0,12.0,4.0,0.0,3.0,2.0,1
425,12593,4.0,15,1,4,66,6,3,0.0,0.0,0.0,0.0,45.0,9.0,1.0,8.0,2.0,1
426,12825,4.0,19,4,2,75,7,3,2.0,0.0,1.0,0.0,44.0,12.0,2.0,11.0,2.0,1
427,9872,4.0,13,0,2,37,5,2,0.0,0.0,0.0,0.0,24.0,6.0,0.0,5.0,1.0,0
428,11786,4.0,8,0,3,34,3,2,0.0,0.0,0.0,0.0,22.0,5.0,0.0,5.0,1.0,1
429,14071,4.0,20,2,3,66,4,4,1.0,0.0,1.0,0.0,44.0,8.0,1.0,8.0,2.0,1
430,5405,4.0,10,8,1,43,3,3,7.0,0.0,1.0,0.0,25.0,4.0,1.0,4.0,0.0,0
431,11244,4.0,7,4,2,40,3,4,3.0,0.0,1.0,1.0,23.0,4.0,0.0,5.0,2.0,1
432,19662,3.0,11,0,2,31,2,2,0.0,0.0,0.0,0.0,23.0,4.0,0.0,3.0,0.0,1
433,15326,4.0,5,8,3,37,4,3,4.0,3.0,1.0,3.0,12.0,5.0,1.0,5.0,2.0,1
434,1385,3.0,8,0,2,28,2,1,0.0,0.0,0.0,0.0,21.0,3.0,0.0,3.0,0.0,0
435,7417,4.0,15,6,1,59,3,3,4.0,2.0,0.0,2.0,34.0,8.0,0.0,8.0,0.0,0
436,1295,4.0,15,8,1,63,5,3,5.0,2.0,0.0,0.0,39.0,8.0,3.0,5.0,0.0,0
437,683,4.0,13,0,2,51,2,2,0.0,0.0,0.0,0.0,42.0,4.0,0.0,4.0,0.0,0
438,10115,4.0,14,5,2,56,3,6,4.0,0.0,1.0,0.0,35.0,6.0,1.0,6.0,2.0,1
439,17362,3.0,4,0,2,15,1,0,0.0,0.0,0.0,0.0,10.0,2.0,0.0,2.0,0.0,1
440,16868,4.0,26,9,3,94,7,3,3.0,3.0,2.0,4.0,53.0,12.0,2.0,12.0,2.0,1
441,15961,3.0,3,0,2,14,1,0,0.0,0.0,0.0,0.0,9.0,2.0,0.0,2.0,0.0,1
442,15394,4.0,32,6,3,109,7,3,3.0,0.0,2.0,0.0,67.0,16.0,3.0,15.0,2.0,1
443,16073,4.0,6,8,4,40,2,5,6.0,0.0,2.0,0.0,15.0,7.0,2.0,7.0,0.0,1
444,17937,4.0,20,0,2,75,4,6,0.0,0.0,0.0,0.0,54.0,9.0,0.0,9.0,2.0,1
445,9816,4.0,9,8,1,41,3,3,7.0,0.0,1.0,0.0,21.0,5.0,1.0,5.0,0.0,0
446,679,3.0,6,0,1,17,2,1,0.0,0.0,0.0,0.0,13.0,2.0,0.0,1.0,0.0,0
447,19359,4.0,9,0,3,36,4,2,0.0,0.0,0.0,0.0,23.0,5.0,0.0,5.0,2.0,1
448,1497,4.0,35,8,3,131,3,7,5.0,0.0,3.0,0.0,80.0,20.0,3.0,19.0,0.0,0
449,12139,4.0,24,6,2,89,7,3,4.0,0.0,1.0,0.0,56.0,12.0,2.0,11.0,2.0,1
450,800,3.0,9,0,1,25,3,1,0.0,0.0,0.0,0.0,18.0,3.0,0.0,3.0,0.0,0
451,14869,4.0,17,11,1,78,4,7,6.0,1.0,4.0,0.0,41.0,10.0,5.0,8.0,2.0,1
452,747,4.0,13,0,2,44,3,1,0.0,0.0,0.0,0.0,33.0,5.0,0.0,5.0,0.0,0
453,16864,4.0,24,4,3,85,7,3,2.0,0.0,1.0,0.0,52.0,13.0,2.0,12.0,2.0,1
454,4029,4.0,7,11,4,43,4,2,10.0,0.0,1.0,0.0,16.0,7.0,1.0,7.0,0.0,0
455,5981,4.0,76,173,15,483,7,4,86.0,85.0,1.0,86.0,174.0,24.0,1.0,24.0,1.0,0
456,10383,4.0,24,4,3,87,7,3,2.0,0.0,1.0,0.0,54.0,13.0,2.0,12.0,2.0,1
457,7878,4.0,10,6,1,39,6,1,4.0,0.0,1.0,1.0,20.0,5.0,1.0,5.0,1.0,0
458,2206,3.0,7,0,1,25,2,1,0.0,0.0,0.0,0.0,21.0,2.0,0.0,1.0,0.0,0
459,3056,4.0,13,5,2,50,3,2,4.0,0.0,1.0,0.0,33.0,5.0,1.0,5.0,0.0,0
460,10408,4.0,29,4,2,99,7,7,3.0,0.0,1.0,1.0,68.0,11.0,0.0,12.0,2.0,1
461,590,4.0,13,8,2,62,3,4,6.0,0.0,2.0,1.0,36.0,7.0,1.0,8.0,0.0,0
462,10863,4.0,7,0,1,33,3,4,0.0,0.0,0.0,0.0,22.0,4.0,0.0,4.0,2.0,1
463,7840,4.0,23,26,1,94,3,3,16.0,9.0,0.0,9.0,39.0,10.0,1.0,9.0,0.0,0
464,3689,4.0,12,0,1,38,3,2,0.0,0.0,0.0,0.0,27.0,5.0,0.0,5.0,0.0,0
465,18183,3.0,5,0,2,21,2,0,0.0,0.0,0.0,0.0,14.0,3.0,0.0,3.0,0.0,1
466,1491,3.0,8,0,2,25,2,1,0.0,0.0,0.0,0.0,19.0,3.0,0.0,2.0,0.0,0
467,19681,4.0,20,2,3,78,4,5,1.0,0.0,1.0,0.0,54.0,9.0,1.0,9.0,2.0,1
468,17164,4.0,42,6,8,143,5,5,4.0,1.0,1.0,1.0,89.0,21.0,1.0,21.0,3.0,1
469,17426,4.0,12,0,3,46,3,4,0.0,0.0,0.0,0.0,31.0,6.0,0.0,6.0,2.0,1
470,516,4.0,11,6,1,50,3,3,5.0,1.0,0.0,1.0,26.0,8.0,0.0,8.0,0.0,0
471,18702,3.0,4,0,2,23,2,2,0.0,0.0,0.0,0.0,15.0,4.0,0.0,3.0,0.0,1
472,1405,4.0,14,22,2,72,2,6,12.0,8.0,2.0,9.0,27.0,6.0,1.0,6.0,0.0,0
473,5265,4.0,14,0,2,42,4,1,0.0,0.0,0.0,0.0,27.0,7.0,0.0,7.0,0.0,0
474,18982,3.0,9,0,2,33,4,3,0.0,0.0,0.0,0.0,21.0,5.0,0.0,4.0,2.0,1
475,962,3.0,11,0,1,24,2,1,0.0,0.0,0.0,0.0,19.0,2.0,0.0,2.0,0.0,0
476,15880,3.0,8,0,2,29,2,2,0.0,0.0,0.0,0.0,21.0,4.0,0.0,3.0,0.0,1
477,11489,4.0,10,0,3,46,3,5,0.0,0.0,0.0,0.0,29.0,7.0,0.0,7.0,2.0,1
478,11219,3.0,2,16,4,34,3,3,11.0,0.0,5.0,0.0,6.0,2.0,5.0,2.0,2.0,1
479,11627,4.0,20,3,3,72,7,3,1.0,0.0,1.0,0.0,44.0,11.0,2.0,10.0,2.0,1
480,10029,4.0,12,3,4,41,1,0,1.0,2.0,0.0,2.0,27.0,4.0,0.0,4.0,0.0,1
481,16740,4.0,8,0,1,31,4,3,0.0,0.0,0.0,0.0,20.0,4.0,0.0,4.0,2.0,1
482,18534,4.0,8,20,3,70,3,7,10.0,3.0,7.0,8.0,28.0,2.0,2.0,7.0,2.0,1
483,12445,4.0,2,12,5,37,4,3,8.0,0.0,4.0,0.0,8.0,5.0,4.0,5.0,2.0,1
484,3286,4.0,9,1,1,33,3,3,0.0,1.0,0.0,1.0,20.0,5.0,0.0,5.0,0.0,0
485,11398,4.0,26,20,2,119,8,3,11.0,0.0,9.0,0.0,57.0,15.0,9.0,15.0,2.0,1
486,14735,4.0,27,1,2,98,7,4,0.0,0.0,1.0,0.0,63.0,15.0,1.0,15.0,2.0,1
487,5841,3.0,11,0,3,34,2,2,0.0,0.0,0.0,0.0,23.0,5.0,0.0,5.0,0.0,0
488,7110,3.0,4,0,1,13,2,1,0.0,0.0,0.0,0.0,9.0,2.0,0.0,1.0,0.0,0
489,5803,3.0,24,0,1,67,3,3,0.0,0.0,0.0,0.0,50.0,8.0,0.0,8.0,0.0,0
490,16017,4.0,28,2,4,102,8,3,0.0,0.0,1.0,0.0,65.0,16.0,2.0,15.0,2.0,1
491,6518,4.0,4,6,2,29,2,2,5.0,0.0,1.0,0.0,15.0,3.0,1.0,3.0,0.0,0
492,1503,4.0,13,0,2,49,4,3,0.0,0.0,0.0,0.0,34.0,7.0,0.0,7.0,0.0,0
493,1187,3.0,7,0,2,20,3,1,0.0,0.0,0.0,0.0,12.0,4.0,0.0,3.0,0.0,0
494,4316,4.0,29,14,1,99,3,5,13.0,0.0,1.0,0.0,61.0,11.0,1.0,11.0,0.0,0
495,12062,3.0,7,0,1,21,1,0,0.0,0.0,0.0,0.0,18.0,1.0,0.0,1.0,0.0,1
496,13328,4.0,27,2,4,95,7,3,0.0,0.0,1.0,0.0,62.0,14.0,2.0,13.0,2.0,1
497,19149,4.0,16,2,2,61,4,8,1.0,1.0,0.0,0.0,38.0,8.0,1.0,7.0,4.0,1
498,15869,4.0,19,2,3,74,7,3,1.0,0.0,0.0,0.0,46.0,12.0,1.0,11.0,2.0,1
499,12026,4.0,21,2,3,84,7,3,0.0,0.0,1.0,0.0,53.0,13.0,2.0,12.0,2.0,1
500,4685,3.0,8,0,3,22,2,1,0.0,0.0,0.0,0.0,13.0,4.0,0.0,4.0,0.0,0
501,7197,3.0,6,0,1,18,2,1,0.0,0.0,0.0,0.0,14.0,2.0,0.0,1.0,0.0,0
502,4682,4.0,27,4,1,79,3,1,3.0,0.0,1.0,0.0,55.0,9.0,1.0,9.0,0.0,0
503,19881,5.0,46,8,2,177,8,6,0.0,8.0,0.0,8.0,110.0,21.0,0.0,20.0,9.0,1
504,8145,4.0,17,6,3,63,3,4,4.0,0.0,1.0,0.0,40.0,8.0,2.0,7.0,0.0,0
505,2991,3.0,1,0,1,9,2,1,0.0,0.0,0.0,0.0,5.0,2.0,0.0,1.0,0.0,0
506,17049,4.0,25,3,3,92,8,3,0.0,0.0,2.0,0.0,51.0,16.0,3.0,15.0,4.0,1
507,4764,3.0,7,2,2,30,2,2,1.0,1.0,0.0,0.0,19.0,4.0,0.0,4.0,0.0,0
508,16906,4.0,7,7,3,42,2,4,5.0,0.0,2.0,0.0,22.0,5.0,2.0,5.0,0.0,1
509,19831,4.0,33,3,2,105,7,3,0.0,0.0,2.0,0.0,68.0,15.0,3.0,14.0,2.0,1
510,3325,3.0,4,0,2,25,3,1,0.0,0.0,0.0,0.0,16.0,4.0,0.0,4.0,0.0,0
511,13406,3.0,4,1,1,14,2,0,0.0,1.0,0.0,0.0,8.0,2.0,0.0,2.0,0.0,1
512,12739,4.0,6,2,2,39,4,3,1.0,0.0,1.0,0.0,25.0,4.0,1.0,4.0,2.0,1
513,19592,5.0,37,31,2,275,7,3,8.0,23.0,0.0,23.0,195.0,12.0,0.0,11.0,2.0,1
514,11011,4.0,34,0,3,112,7,9,0.0,0.0,0.0,0.0,77.0,16.0,0.0,16.0,2.0,1
515,824,4.0,17,0,1,40,3,1,0.0,0.0,0.0,0.0,33.0,3.0,0.0,3.0,0.0,0
516,14461,4.0,9,0,2,46,4,4,0.0,0.0,0.0,0.0,31.0,6.0,0.0,6.0,2.0,1
517,19783,4.0,6,14,2,48,4,5,9.0,0.0,5.0,1.0,17.0,4.0,4.0,5.0,2.0,1
518,16252,4.0,34,6,3,123,8,3,3.0,0.0,2.0,0.0,79.0,17.0,3.0,16.0,2.0,1
519,15590,4.0,36,2,2,114,7,3,0.0,0.0,1.0,0.0,79.0,15.0,2.0,14.0,2.0,1
520,8404,3.0,7,0,1,21,3,1,0.0,0.0,0.0,0.0,15.0,3.0,0.0,2.0,0.0,0
521,1612,4.0,7,5,1,30,2,4,4.0,0.0,1.0,0.0,16.0,4.0,1.0,3.0,0.0,0
522,4955,4.0,20,1,3,70,4,5,0.0,0.0,1.0,1.0,47.0,9.0,0.0,10.0,1.0,0
523,7753,4.0,8,5,2,36,4,1,4.0,0.0,0.0,0.0,21.0,5.0,1.0,4.0,0.0,0
524,19323,4.0,17,0,2,47,2,1,0.0,0.0,0.0,0.0,40.0,3.0,0.0,3.0,0.0,1
525,6133,3.0,12,0,1,37,2,4,0.0,0.0,0.0,0.0,26.0,5.0,0.0,5.0,0.0,0
526,6234,4.0,7,4,1,31,4,1,1.0,3.0,0.0,2.0,16.0,4.0,1.0,3.0,0.0,0
527,12382,4.0,8,0,3,32,4,1,0.0,0.0,0.0,0.0,19.0,6.0,0.0,6.0,0.0,1
528,9303,4.0,14,0,3,51,3,2,0.0,0.0,0.0,0.0,36.0,7.0,0.0,7.0,0.0,0
529,7792,3.0,1,4,1,11,2,1,3.0,0.0,0.0,0.0,3.0,2.0,1.0,1.0,0.0,0
530,1451,4.0,10,1,1,31,4,1,0.0,1.0,0.0,1.0,20.0,4.0,0.0,4.0,0.0,0
531,15719,3.0,10,0,2,37,3,3,0.0,0.0,0.0,0.0,26.0,5.0,0.0,4.0,1.0,1
532,1513,3.0,7,0,1,20,2,1,0.0,0.0,0.0,0.0,15.0,2.0,0.0,2.0,0.0,0
533,2675,3.0,7,0,2,18,2,1,0.0,0.0,0.0,0.0,12.0,3.0,0.0,2.0,0.0,0
534,7810,4.0,13,0,1,41,3,2,0.0,0.0,0.0,0.0,26.0,7.0,0.0,7.0,0.0,0
535,13608,4.0,20,0,2,69,8,3,0.0,0.0,0.0,0.0,46.0,10.0,0.0,10.0,2.0,1
536,6608,4.0,10,8,1,38,3,4,5.0,0.0,3.0,0.0,20.0,3.0,3.0,3.0,0.0,0
537,18310,4.0,22,0,4,72,3,4,0.0,0.0,0.0,0.0,55.0,7.0,0.0,7.0,2.0,1
538,7827,4.0,14,0,2,42,5,2,0.0,0.0,0.0,0.0,27.0,7.0,0.0,6.0,1.0,0
539,7687,4.0,9,22,1,48,2,2,13.0,7.0,2.0,9.0,13.0,1.0,0.0,2.0,0.0,0
540,16875,4.0,20,3,4,83,7,3,0.0,0.0,2.0,1.0,53.0,11.0,2.0,11.0,2.0,1
541,12400,4.0,27,4,4,96,8,3,2.0,0.0,1.0,0.0,57.0,16.0,2.0,15.0,2.0,1
542,16813,3.0,5,0,2,28,3,3,0.0,0.0,0.0,0.0,17.0,4.0,0.0,4.0,2.0,1
543,1744,3.0,7,1,2,29,2,2,0.0,0.0,1.0,1.0,20.0,3.0,0.0,3.0,0.0,0
544,19350,4.0,3,13,3,33,3,4,8.0,0.0,4.0,1.0,9.0,2.0,4.0,2.0,2.0,1
545,4862,4.0,12,0,1,35,3,2,0.0,0.0,0.0,0.0,26.0,4.0,0.0,4.0,0.0,0
546,1822,3.0,14,0,2,34,3,2,0.0,0.0,0.0,0.0,23.0,5.0,0.0,5.0,0.0,0
547,811,4.0,9,0,2,31,2,1,0.0,0.0,0.0,0.0,24.0,3.0,0.0,3.0,0.0,0
548,868,3.0,6,0,2,23,2,1,0.0,0.0,0.0,0.0,17.0,3.0,0.0,2.0,0.0,0
549,12604,4.0,13,0,2,46,4,4,0.0,0.0,0.0,0.0,31.0,6.0,0.0,6.0,2.0,1
550,19867,3.0,9,0,1,22,1,0,0.0,0.0,0.0,0.0,19.0,1.0,0.0,1.0,0.0,1
551,19930,3.0,6,0,1,16,1,0,0.0,0.0,0.0,0.0,13.0,1.0,0.0,1.0,0.0,1
552,19487,3.0,9,19,1,63,4,4,6.0,0.0,13.0,9.0,9.0,5.0,4.0,13.0,3.0,1
553,13194,3.0,6,1,3,29,2,1,0.0,0.0,1.0,1.0,19.0,3.0,0.0,4.0,0.0,1
554,7021,4.0,29,8,1,107,8,4,5.0,0.0,3.0,0.0,63.0,15.0,3.0,14.0,3.0,0
555,14359,4.0,17,0,2,67,4,6,0.0,0.0,0.0,0.0,46.0,9.0,0.0,9.0,2.0,1
556,3280,3.0,4,7,1,24,2,3,6.0,0.0,1.0,1.0,9.0,3.0,0.0,3.0,0.0,0
557,18082,4.0,28,4,2,100,7,3,2.0,0.0,1.0,0.0,65.0,14.0,2.0,13.0,2.0,1
558,11607,3.0,11,0,2,63,3,6,0.0,0.0,0.0,0.0,46.0,7.0,0.0,7.0,2.0,1
559,11201,4.0,64,6,3,193,8,3,3.0,0.0,2.0,0.0,125.0,29.0,3.0,28.0,2.0,1
560,9938,4.0,17,0,2,46,2,2,0.0,0.0,0.0,0.0,37.0,4.0,0.0,4.0,0.0,0
561,17978,4.0,37,9,5,142,8,3,6.0,0.0,2.0,0.0,85.0,22.0,3.0,21.0,2.0,1
562,17499,4.0,6,7,4,39,2,5,5.0,0.0,2.0,0.0,15.0,7.0,2.0,7.0,0.0,1
563,10968,4.0,23,0,2,77,4,5,0.0,0.0,0.0,0.0,58.0,8.0,0.0,8.0,2.0,1
564,13154,3.0,7,0,1,20,1,0,0.0,0.0,0.0,0.0,17.0,1.0,0.0,1.0,0.0,1
565,19620,4.0,10,4,3,47,2,3,2.0,1.0,1.0,1.0,30.0,5.0,1.0,5.0,0.0,1
566,5414,4.0,32,6,2,96,4,4,4.0,0.0,2.0,0.0,63.0,12.0,2.0,12.0,0.0,0
567,10571,4.0,12,1,3,50,3,5,0.0,1.0,0.0,0.0,33.0,7.0,1.0,5.0,2.0,1
568,14918,4.0,2,14,4,37,3,4,9.0,0.0,5.0,0.0,10.0,2.0,5.0,2.0,3.0,1
569,19380,4.0,17,11,2,67,3,6,9.0,0.0,2.0,0.0,41.0,5.0,2.0,5.0,2.0,1
570,14668,3.0,9,0,2,30,2,4,0.0,0.0,0.0,0.0,18.0,6.0,0.0,5.0,0.0,1
571,14019,4.0,32,0,1,99,4,3,0.0,0.0,0.0,0.0,76.0,10.0,0.0,10.0,2.0,1
572,3524,4.0,12,3,2,43,2,2,1.0,2.0,0.0,1.0,30.0,4.0,1.0,3.0,0.0,0
573,7361,4.0,15,6,3,56,4,2,5.0,0.0,0.0,0.0,36.0,7.0,1.0,6.0,0.0,0
574,10815,4.0,27,3,5,101,7,3,1.0,0.0,1.0,0.0,63.0,16.0,2.0,15.0,2.0,1
575,17195,5.0,24,16,4,150,6,5,0.0,16.0,0.0,16.0,90.0,13.0,0.0,12.0,2.0,1
576,6149,4.0,7,6,2,39,5,2,4.0,0.0,1.0,1.0,19.0,6.0,1.0,6.0,0.0,0
577,5420,3.0,5,0,1,16,2,1,0.0,0.0,0.0,0.0,12.0,2.0,0.0,1.0,0.0,0
578,6724,4.0,14,9,3,84,8,1,0.0,6.0,3.0,3.0,34.0,14.0,6.0,11.0,6.0,0
579,16000,4.0,35,6,3,125,8,3,3.0,0.0,2.0,0.0,81.0,17.0,3.0,16.0,2.0,1
580,5079,3.0,6,0,1,22,2,1,0.0,0.0,0.0,0.0,18.0,2.0,0.0,1.0,0.0,0
581,18068,3.0,9,0,2,22,1,0,0.0,0.0,0.0,0.0,17.0,2.0,0.0,2.0,0.0,1
582,2558,4.0,18,0,1,65,3,2,0.0,0.0,0.0,0.0,46.0,9.0,0.0,9.0,0.0,0
583,4963,4.0,23,7,2,100,3,5,3.0,0.0,4.0,0.0,62.0,13.0,4.0,13.0,0.0,0
584,15938,4.0,9,9,2,41,3,4,8.0,0.0,1.0,0.0,20.0,4.0,1.0,4.0,2.0,1
585,1844,4.0,23,0,1,83,3,4,0.0,0.0,0.0,0.0,55.0,14.0,0.0,13.0,0.0,0
586,10466,4.0,53,14,3,183,8,3,7.0,0.0,6.0,0.0,111.0,25.0,7.0,24.0,2.0,1
587,17261,4.0,11,3,3,51,5,3,2.0,0.0,0.0,0.0,32.0,7.0,1.0,6.0,2.0,1
588,15888,4.0,12,1,3,50,3,3,0.0,0.0,1.0,1.0,34.0,6.0,0.0,7.0,0.0,1
589,12020,4.0,16,0,2,55,4,4,0.0,0.0,0.0,0.0,38.0,7.0,0.0,7.0,2.0,1
590,11527,4.0,11,0,4,45,3,3,0.0,0.0,0.0,0.0,30.0,6.0,0.0,6.0,2.0,1
591,19510,4.0,7,0,1,34,3,5,0.0,0.0,0.0,0.0,22.0,5.0,0.0,4.0,2.0,1
592,17505,3.0,8,0,3,32,2,2,0.0,0.0,0.0,0.0,21.0,5.0,0.0,5.0,0.0,1
593,4533,4.0,20,3,3,60,2,2,2.0,0.0,1.0,0.0,47.0,4.0,1.0,4.0,0.0,0
594,17322,4.0,24,6,9,115,7,8,0.0,0.0,5.0,0.0,68.0,17.0,6.0,16.0,2.0,1
595,8658,5.0,83,45,3,345,9,3,10.0,32.0,3.0,30.0,226.0,19.0,5.0,17.0,2.0,0
596,4044,4.0,9,4,1,30,2,1,3.0,1.0,0.0,0.0,21.0,2.0,1.0,1.0,0.0,0
597,12537,4.0,35,4,7,147,6,10,0.0,0.0,3.0,0.0,102.0,18.0,4.0,17.0,2.0,1
598,19335,4.0,16,0,3,65,4,6,0.0,0.0,0.0,0.0,44.0,9.0,0.0,9.0,2.0,1
599,10572,4.0,49,6,3,159,7,4,3.0,0.0,3.0,0.0,108.0,20.0,3.0,19.0,2.0,1
600,16723,4.0,24,5,2,93,8,3,2.0,0.0,2.0,1.0,55.0,14.0,2.0,14.0,2.0,1
601,5294,3.0,5,0,2,37,3,3,0.0,0.0,0.0,0.0,24.0,6.0,0.0,6.0,0.0,0
602,4473,5.0,58,52,3,345,9,3,11.0,38.0,3.0,34.0,211.0,21.0,7.0,17.0,2.0,0
603,3372,4.0,20,0,1,62,3,2,0.0,0.0,0.0,0.0,47.0,7.0,0.0,7.0,0.0,0
604,9468,4.0,10,0,1,30,3,3,0.0,0.0,0.0,0.0,20.0,5.0,0.0,4.0,0.0,0
605,6408,4.0,21,2,1,56,3,5,1.0,1.0,0.0,0.0,39.0,7.0,1.0,6.0,0.0,0
606,10091,4.0,9,4,2,43,4,4,2.0,0.0,1.0,1.0,23.0,6.0,1.0,6.0,2.0,1
607,3634,4.0,39,31,13,153,7,4,18.0,10.0,3.0,10.0,73.0,16.0,3.0,16.0,3.0,0
608,7476,4.0,11,0,1,37,3,1,0.0,0.0,0.0,0.0,26.0,5.0,0.0,5.0,0.0,0
609,15789,3.0,15,32,1,99,4,4,8.0,3.0,21.0,15.0,10.0,9.0,9.0,20.0,3.0,1
610,1743,4.0,31,60,2,161,3,7,34.0,25.0,1.0,25.0,53.0,11.0,1.0,10.0,0.0,0
611,5349,4.0,13,0,2,51,3,2,0.0,0.0,0.0,0.0,38.0,6.0,0.0,6.0,0.0,0
612,10769,4.0,13,5,3,45,2,3,3.0,0.0,2.0,1.0,28.0,4.0,1.0,5.0,0.0,1
613,16401,3.0,8,1,2,29,2,3,0.0,0.0,1.0,1.0,18.0,4.0,0.0,4.0,0.0,1
614,2016,4.0,7,0,1,22,2,1,0.0,0.0,0.0,0.0,17.0,2.0,0.0,2.0,0.0,0
615,3517,3.0,8,0,1,19,2,1,0.0,0.0,0.0,0.0,15.0,2.0,0.0,1.0,0.0,0
616,11854,4.0,21,4,3,84,8,3,2.0,0.0,1.0,0.0,49.0,14.0,2.0,13.0,2.0,1
617,18569,4.0,2,14,4,32,3,3,9.0,0.0,5.0,0.0,6.0,2.0,5.0,2.0,2.0,1
618,18872,4.0,21,8,5,116,8,9,0.0,6.0,1.0,2.0,55.0,22.0,6.0,17.0,6.0,1
619,13660,4.0,22,1,3,80,8,3,0.0,0.0,0.0,0.0,51.0,13.0,1.0,12.0,2.0,1
620,19415,4.0,16,6,3,66,3,3,4.0,0.0,2.0,0.0,41.0,8.0,2.0,8.0,0.0,1
621,17954,4.0,14,12,3,69,4,6,9.0,0.0,3.0,0.0,35.0,8.0,3.0,8.0,2.0,1
622,14879,4.0,13,0,2,55,4,4,0.0,0.0,0.0,0.0,40.0,6.0,0.0,6.0,2.0,1
623,4604,4.0,17,0,2,52,3,1,0.0,0.0,0.0,0.0,37.0,7.0,0.0,7.0,0.0,0
624,3396,3.0,12,0,2,41,3,1,0.0,0.0,0.0,0.0,32.0,4.0,0.0,4.0,0.0,0
625,6147,3.0,14,0,2,33,3,2,0.0,0.0,0.0,0.0,22.0,5.0,0.0,5.0,0.0,0
626,16453,4.0,5,10,3,33,3,4,6.0,0.0,4.0,0.0,12.0,2.0,4.0,2.0,2.0,1
627,29,5.0,16,27,2,115,5,2,18.0,9.0,0.0,9.0,64.0,7.0,0.0,6.0,1.0,0
628,520,3.0,11,0,2,40,3,1,0.0,0.0,0.0,0.0,31.0,4.0,0.0,4.0,0.0,0
629,6128,4.0,22,14,3,107,4,3,8.0,2.0,4.0,2.0,58.0,13.0,4.0,13.0,2.0,0
630,17835,4.0,11,0,3,40,2,4,0.0,0.0,0.0,0.0,25.0,7.0,0.0,7.0,0.0,1
631,14667,4.0,22,3,3,94,7,3,1.0,0.0,2.0,0.0,58.0,14.0,2.0,14.0,2.0,1
632,8590,3.0,8,0,1,25,2,2,0.0,0.0,0.0,0.0,18.0,3.0,0.0,3.0,0.0,0
633,131,4.0,20,4,1,78,3,4,3.0,0.0,1.0,0.0,49.0,12.0,1.0,11.0,0.0,0
634,19896,3.0,12,0,3,38,2,2,0.0,0.0,0.0,0.0,27.0,5.0,0.0,5.0,0.0,1
635,4643,4.0,28,4,1,93,3,4,3.0,0.0,1.0,0.0,62.0,13.0,1.0,12.0,0.0,0
636,5524,4.0,30,8,2,97,3,3,6.0,0.0,2.0,0.0,66.0,10.0,2.0,10.0,0.0,0
637,3817,4.0,12,0,3,42,2,1,0.0,0.0,0.0,0.0,33.0,4.0,0.0,4.0,0.0,0
638,15701,4.0,7,2,3,47,3,3,1.0,1.0,0.0,1.0,31.0,5.0,0.0,5.0,2.0,1
639,10001,3.0,4,0,3,24,2,3,0.0,0.0,0.0,0.0,12.0,6.0,0.0,5.0,0.0,1
640,17690,4.0,11,0,3,50,3,4,0.0,0.0,0.0,0.0,35.0,6.0,0.0,6.0,2.0,1
641,16737,4.0,39,8,3,142,8,3,4.0,0.0,4.0,0.0,85.0,21.0,4.0,21.0,2.0,1
642,4826,4.0,27,0,1,99,5,9,0.0,0.0,0.0,0.0,70.0,13.0,0.0,13.0,2.0,0
643,18685,4.0,36,5,3,127,8,3,1.0,0.0,4.0,0.0,77.0,19.0,4.0,19.0,2.0,1
644,6174,4.0,16,0,2,45,3,2,0.0,0.0,0.0,0.0,33.0,6.0,0.0,5.0,0.0,0
645,5528,4.0,13,0,2,37,3,2,0.0,0.0,0.0,0.0,23.0,7.0,0.0,6.0,0.0,0
646,10264,4.0,16,0,2,58,3,4,0.0,0.0,0.0,0.0,45.0,5.0,0.0,5.0,2.0,1
647,19292,4.0,23,0,3,81,4,8,0.0,0.0,0.0,0.0,56.0,11.0,0.0,11.0,2.0,1
648,1979,4.0,10,3,1,41,3,3,1.0,2.0,0.0,2.0,23.0,6.0,0.0,6.0,0.0,0
649,8487,3.0,9,0,1,24,2,2,0.0,0.0,0.0,0.0,18.0,3.0,0.0,2.0,0.0,0
650,12487,4.0,24,10,3,105,7,3,6.0,0.0,3.0,0.0,60.0,15.0,4.0,14.0,2.0,1
651,18386,4.0,12,2,2,41,2,2,1.0,0.0,1.0,1.0,30.0,3.0,0.0,4.0,0.0,1
652,8203,4.0,17,1,1,43,2,4,0.0,0.0,1.0,1.0,32.0,4.0,0.0,4.0,0.0,0
653,9962,4.0,11,0,1,35,3,2,0.0,0.0,0.0,0.0,26.0,4.0,0.0,4.0,0.0,0
654,14564,4.0,25,6,3,93,7,4,3.0,0.0,2.0,1.0,56.0,13.0,2.0,13.0,2.0,1
655,18054,3.0,7,0,2,36,3,4,0.0,0.0,0.0,0.0,23.0,5.0,0.0,5.0,2.0,1
656,12811,4.0,22,4,3,88,7,3,2.0,0.0,1.0,0.0,55.0,13.0,2.0,12.0,2.0,1
657,18814,4.0,11,5,3,59,6,3,3.0,0.0,1.0,0.0,35.0,8.0,2.0,7.0,2.0,1
658,16584,4.0,16,5,2,62,7,3,2.0,0.0,2.0,1.0,34.0,9.0,2.0,9.0,2.0,1
659,3597,3.0,10,2,1,38,3,3,0.0,1.0,1.0,2.0,22.0,5.0,0.0,6.0,0.0,0
660,15872,4.0,25,6,2,87,7,3,4.0,0.0,1.0,0.0,54.0,12.0,2.0,11.0,2.0,1
661,14875,3.0,9,0,1,41,3,4,0.0,0.0,0.0,0.0,30.0,4.0,0.0,4.0,2.0,1
662,2201,3.0,17,53,1,169,5,6,12.0,1.0,40.0,29.0,21.0,8.0,12.0,36.0,9.0,0
663,7854,4.0,18,7,1,63,3,2,6.0,0.0,1.0,0.0,36.0,9.0,1.0,9.0,0.0,0
664,1579,4.0,32,0,1,122,8,4,0.0,0.0,0.0,0.0,79.0,20.0,0.0,20.0,2.0,0
665,4398,4.0,10,1,2,47,3,3,0.0,0.0,1.0,1.0,31.0,6.0,0.0,7.0,0.0,0
666,7628,4.0,21,13,2,101,5,3,6.0,1.0,6.0,3.0,47.0,14.0,4.0,16.0,3.0,0
667,19016,4.0,10,0,3,50,2,3,0.0,0.0,0.0,0.0,37.0,6.0,0.0,6.0,0.0,1
668,2326,4.0,17,3,2,58,3,1,2.0,0.0,1.0,0.0,37.0,8.0,1.0,8.0,0.0,0
669,16579,3.0,8,0,1,20,1,0,0.0,0.0,0.0,0.0,17.0,1.0,0.0,1.0,0.0,1
670,16798,4.0,11,0,2,35,2,4,0.0,0.0,0.0,0.0,23.0,6.0,0.0,5.0,0.0,1
671,19977,3.0,9,0,3,36,3,3,0.0,0.0,0.0,0.0,23.0,5.0,0.0,5.0,2.0,1
672,12195,4.0,13,0,3,45,2,2,0.0,0.0,0.0,0.0,34.0,5.0,0.0,5.0,0.0,1
673,11369,3.0,11,0,3,35,3,2,0.0,0.0,0.0,0.0,23.0,5.0,0.0,5.0,1.0,1
674,16712,4.0,12,1,3,49,3,3,0.0,0.0,1.0,0.0,34.0,6.0,1.0,6.0,0.0,1
675,14887,4.0,3,14,3,35,3,1,11.0,0.0,3.0,0.0,11.0,3.0,3.0,3.0,0.0,1
676,13665,3.0,1,14,3,26,3,3,9.0,0.0,4.0,1.0,3.0,1.0,4.0,1.0,2.0,1
677,8704,4.0,11,1,1,38,2,3,0.0,1.0,0.0,1.0,27.0,4.0,0.0,4.0,0.0,0
678,8174,3.0,19,0,2,67,3,1,0.0,0.0,0.0,0.0,48.0,9.0,0.0,9.0,0.0,0
679,12309,3.0,8,0,2,32,3,3,0.0,0.0,0.0,0.0,21.0,4.0,0.0,4.0,2.0,1
680,5924,4.0,59,5,3,232,7,6,0.0,0.0,5.0,3.0,136.0,36.0,2.0,39.0,10.0,0
681,9701,4.0,6,3,1,26,3,2,2.0,1.0,0.0,0.0,14.0,4.0,0.0,4.0,0.0,0
682,11715,3.0,5,0,3,33,2,3,0.0,0.0,0.0,0.0,20.0,6.0,0.0,6.0,0.0,1
683,9326,4.0,17,0,1,43,3,2,0.0,0.0,0.0,0.0,30.0,6.0,0.0,6.0,0.0,0
684,6864,4.0,23,0,2,73,5,2,0.0,0.0,0.0,0.0,48.0,11.0,0.0,11.0,2.0,0
685,5066,4.0,17,0,2,59,3,2,0.0,0.0,0.0,0.0,42.0,8.0,0.0,8.0,0.0,0
686,6840,4.0,34,1,7,128,6,5,0.0,0.0,1.0,0.0,68.0,28.0,1.0,28.0,1.0,0
687,7908,4.0,13,1,1,40,3,3,0.0,0.0,0.0,0.0,29.0,5.0,1.0,4.0,0.0,0
688,14401,3.0,10,0,2,36,2,3,0.0,0.0,0.0,0.0,26.0,5.0,0.0,4.0,0.0,1
689,14205,4.0,27,5,3,95,8,3,3.0,0.0,1.0,0.0,59.0,14.0,2.0,13.0,2.0,1
690,2769,4.0,26,12,1,113,4,8,5.0,0.0,7.0,0.0,62.0,15.0,7.0,14.0,2.0,0
691,388,4.0,13,6,1,54,3,1,4.0,0.0,1.0,0.0,35.0,6.0,2.0,5.0,0.0,0
692,1953,4.0,13,5,2,46,2,4,4.0,0.0,0.0,0.0,29.0,6.0,1.0,5.0,0.0,0
693,16120,4.0,23,0,1,85,4,9,0.0,0.0,0.0,0.0,63.0,10.0,0.0,9.0,2.0,1
694,16251,4.0,11,1,3,46,3,5,0.0,1.0,0.0,1.0,28.0,7.0,0.0,6.0,2.0,1
695,12369,3.0,6,0,3,35,3,2,0.0,0.0,0.0,0.0,23.0,5.0,0.0,5.0,1.0,1
696,15754,3.0,7,0,3,32,2,1,0.0,0.0,0.0,0.0,23.0,4.0,0.0,4.0,0.0,1
697,17483,3.0,10,0,3,40,2,4,0.0,0.0,0.0,0.0,26.0,7.0,0.0,6.0,0.0,1
698,315,4.0,32,2,2,106,9,5,0.0,2.0,0.0,0.0,63.0,18.0,2.0,16.0,4.0,0
699,2004,4.0,5,3,1,22,4,1,2.0,0.0,0.0,0.0,12.0,3.0,1.0,2.0,1.0,0
700,15454,3.0,11,0,1,25,2,2,0.0,0.0,0.0,0.0,19.0,3.0,0.0,2.0,0.0,1
701,413,4.0,8,6,2,47,4,3,5.0,0.0,0.0,0.0,27.0,7.0,1.0,6.0,0.0,0
702,7315,4.0,10,2,2,43,4,4,0.0,1.0,1.0,0.0,25.0,7.0,2.0,6.0,0.0,0
703,13742,4.0,13,0,3,42,2,3,0.0,0.0,0.0,0.0,30.0,6.0,0.0,5.0,0.0,1
704,18482,3.0,12,0,1,37,3,5,0.0,0.0,0.0,0.0,25.0,5.0,0.0,4.0,2.0,1
705,6625,3.0,43,115,1,367,5,6,21.0,7.0,86.0,70.0,30.0,27.0,24.0,89.0,12.0,0
706,6086,3.0,13,0,2,42,2,3,0.0,0.0,0.0,0.0,31.0,5.0,0.0,5.0,0.0,0
707,3383,3.0,8,0,1,24,2,1,0.0,0.0,0.0,0.0,20.0,2.0,0.0,1.0,0.0,0
708,7300,4.0,9,5,2,40,2,2,4.0,0.0,1.0,1.0,26.0,3.0,0.0,4.0,0.0,0
709,14173,4.0,30,5,4,114,4,7,3.0,0.0,2.0,0.0,72.0,16.0,2.0,16.0,2.0,1
710,12841,4.0,3,11,4,36,3,4,7.0,0.0,4.0,0.0,12.0,3.0,4.0,3.0,2.0,1
711,605,4.0,27,0,2,87,4,3,0.0,0.0,0.0,0.0,56.0,14.0,0.0,14.0,2.0,0
712,15,4.0,29,10,1,108,3,5,6.0,0.0,4.0,1.0,69.0,12.0,3.0,12.0,0.0,0
713,9932,4.0,8,1,1,45,3,3,0.0,1.0,0.0,1.0,26.0,8.0,0.0,8.0,0.0,0
714,16186,4.0,41,13,3,169,8,4,7.0,0.0,5.0,0.0,96.0,26.0,6.0,25.0,3.0,1
715,6412,4.0,12,3,1,32,3,2,2.0,1.0,0.0,0.0,20.0,4.0,0.0,4.0,0.0,0
716,11272,4.0,10,0,2,36,4,1,0.0,0.0,0.0,0.0,25.0,5.0,0.0,5.0,0.0,1
717,12612,4.0,19,8,6,110,7,14,5.0,0.0,2.0,2.0,50.0,20.0,1.0,21.0,8.0,1
718,10804,3.0,11,0,2,39,2,4,0.0,0.0,0.0,0.0,27.0,6.0,0.0,5.0,0.0,1
719,5766,3.0,11,0,2,28,3,2,0.0,0.0,0.0,0.0,18.0,5.0,0.0,4.0,0.0,0
720,3049,4.0,9,2,1,31,4,3,0.0,1.0,1.0,0.0,17.0,5.0,2.0,4.0,0.0,0
721,3952,4.0,25,0,1,83,3,3,0.0,0.0,0.0,0.0,62.0,10.0,0.0,10.0,0.0,0
722,16415,3.0,6,0,3,25,3,1,0.0,0.0,0.0,0.0,15.0,4.0,0.0,4.0,1.0,1
723,309,3.0,10,0,2,34,2,1,0.0,0.0,0.0,0.0,27.0,3.0,0.0,3.0,0.0,0
724,5464,4.0,20,9,1,79,3,3,7.0,0.0,2.0,0.0,46.0,11.0,2.0,10.0,0.0,0
725,1483,4.0,6,6,1,30,3,3,4.0,0.0,2.0,1.0,13.0,4.0,1.0,4.0,0.0,0
726,1253,4.0,20,8,2,74,3,5,5.0,0.0,3.0,0.0,41.0,11.0,3.0,10.0,0.0,0
727,8829,3.0,8,0,1,25,3,1,0.0,0.0,0.0,0.0,18.0,3.0,0.0,3.0,0.0,0
728,10186,3.0,9,0,1,23,2,0,0.0,0.0,0.0,0.0,16.0,3.0,0.0,3.0,0.0,1
729,5987,4.0,9,0,2,30,3,1,0.0,0.0,0.0,0.0,19.0,5.0,0.0,5.0,0.0,0
730,6036,4.0,21,4,3,64,5,2,2.0,0.0,1.0,1.0,42.0,8.0,1.0,8.0,0.0,0
731,1149,4.0,28,2,9,99,2,7,1.0,1.0,0.0,1.0,64.0,16.0,0.0,15.0,0.0,0
732,9902,4.0,16,0,1,48,4,2,0.0,0.0,0.0,0.0,37.0,5.0,0.0,5.0,0.0,0
733,2517,4.0,13,6,2,51,3,3,4.0,0.0,2.0,0.0,32.0,5.0,2.0,5.0,0.0,0
734,13436,5.0,29,22,1,146,7,7,8.0,13.0,1.0,14.0,87.0,9.0,0.0,10.0,3.0,1
735,9754,3.0,10,0,1,27,2,1,0.0,0.0,0.0,0.0,23.0,2.0,0.0,1.0,0.0,0
736,14942,4.0,15,3,4,71,4,7,2.0,0.0,1.0,1.0,43.0,10.0,0.0,11.0,2.0,1
737,2128,4.0,16,0,3,54,2,4,0.0,0.0,0.0,0.0,39.0,7.0,0.0,7.0,0.0,0
738,702,4.0,12,3,1,53,3,4,2.0,0.0,1.0,0.0,31.0,9.0,1.0,8.0,0.0,0
739,1947,4.0,19,11,1,77,3,3,9.0,0.0,1.0,0.0,47.0,9.0,2.0,8.0,0.0,0
740,4866,4.0,12,10,1,54,3,3,9.0,0.0,0.0,0.0,30.0,7.0,1.0,6.0,0.0,0
741,3674,3.0,7,0,2,28,2,2,0.0,0.0,0.0,0.0,20.0,4.0,0.0,3.0,0.0,0
742,3842,4.0,23,10,3,84,3,2,8.0,1.0,1.0,2.0,52.0,9.0,0.0,10.0,0.0,0
743,6569,4.0,14,7,2,61,4,1,6.0,0.0,1.0,0.0,36.0,8.0,1.0,8.0,0.0,0
744,7590,3.0,7,0,1,15,2,1,0.0,0.0,0.0,0.0,11.0,2.0,0.0,1.0,0.0,0
745,12202,4.0,5,13,4,39,3,4,7.0,1.0,5.0,2.0,12.0,2.0,4.0,3.0,2.0,1
746,9801,3.0,18,0,2,47,3,2,0.0,0.0,0.0,0.0,34.0,6.0,0.0,6.0,0.0,0
747,1111,4.0,9,0,2,34,3,3,0.0,0.0,0.0,0.0,22.0,6.0,0.0,5.0,0.0,0
748,17552,4.0,2,16,4,34,3,3,11.0,0.0,5.0,0.0,6.0,2.0,5.0,2.0,2.0,1
749,1904,4.0,13,2,4,53,2,4,0.0,0.0,2.0,2.0,34.0,6.0,0.0,8.0,0.0,0
750,12878,4.0,8,0,3,34,2,2,0.0,0.0,0.0,0.0,23.0,5.0,0.0,5.0,0.0,1
751,637,4.0,8,0,1,33,3,2,0.0,0.0,0.0,0.0,25.0,4.0,0.0,3.0,0.0,0
752,248,4.0,6,4,1,30,3,3,3.0,0.0,1.0,0.0,15.0,5.0,1.0,4.0,0.0,0
753,2406,4.0,17,0,3,53,3,2,0.0,0.0,0.0,0.0,38.0,7.0,0.0,7.0,0.0,0
754,19425,4.0,16,0,3,58,4,3,0.0,0.0,0.0,0.0,41.0,7.0,0.0,7.0,2.0,1
755,10657,3.0,6,0,2,19,1,0,0.0,0.0,0.0,0.0,14.0,2.0,0.0,2.0,0.0,1
756,6746,4.0,22,41,6,136,6,3,26.0,14.0,1.0,14.0,52.0,13.0,1.0,13.0,1.0,0
757,696,4.0,7,4,3,38,3,2,3.0,0.0,1.0,1.0,21.0,5.0,0.0,6.0,0.0,0
758,18892,4.0,27,4,3,102,7,3,2.0,0.0,2.0,0.0,63.0,15.0,2.0,15.0,2.0,1
759,1886,4.0,20,8,1,60,3,3,7.0,1.0,0.0,1.0,36.0,7.0,0.0,7.0,0.0,0
760,17613,4.0,6,19,1,44,3,5,17.0,0.0,2.0,0.0,15.0,3.0,2.0,2.0,2.0,1
761,10280,4.0,7,3,5,39,3,4,2.0,0.0,1.0,0.0,19.0,7.0,1.0,6.0,2.0,1
762,2228,4.0,10,10,2,45,2,4,8.0,0.0,2.0,1.0,23.0,4.0,1.0,4.0,1.0,0
763,10810,4.0,22,2,3,84,7,3,1.0,0.0,1.0,0.0,56.0,11.0,1.0,11.0,2.0,1
764,14554,3.0,3,0,1,11,1,0,0.0,0.0,0.0,0.0,8.0,1.0,0.0,1.0,0.0,1
765,10144,3.0,16,31,1,99,4,4,8.0,2.0,21.0,15.0,11.0,9.0,8.0,21.0,3.0,1
766,5612,4.0,10,5,1,35,3,2,2.0,2.0,0.0,2.0,18.0,5.0,1.0,4.0,0.0,0
767,9805,4.0,12,0,2,34,3,2,0.0,0.0,0.0,0.0,24.0,5.0,0.0,4.0,0.0,0
768,16279,4.0,13,0,2,48,4,3,0.0,0.0,0.0,0.0,33.0,6.0,0.0,6.0,2.0,1
769,7155,4.0,17,15,3,61,4,2,13.0,2.0,0.0,1.0,30.0,7.0,1.0,6.0,0.0,0
770,70,4.0,25,2,1,74,4,11,1.0,1.0,0.0,0.0,43.0,13.0,1.0,12.0,2.0,0
771,10670,4.0,9,0,3,31,2,1,0.0,0.0,0.0,0.0,22.0,4.0,0.0,4.0,0.0,1
772,14411,4.0,34,2,3,98,4,4,1.0,0.0,1.0,0.0,60.0,16.0,1.0,16.0,2.0,1
773,5768,4.0,36,7,2,121,4,5,5.0,0.0,2.0,1.0,80.0,14.0,1.0,15.0,2.0,0
774,1178,4.0,3,6,1,27,4,3,5.0,0.0,0.0,0.0,10.0,5.0,1.0,4.0,1.0,0
775,7477,4.0,12,6,2,51,6,1,3.0,0.0,2.0,0.0,27.0,8.0,3.0,7.0,0.0,0
776,12371,3.0,5,0,3,30,2,3,0.0,0.0,0.0,0.0,17.0,6.0,0.0,6.0,0.0,1
777,17787,4.0,15,0,2,60,6,3,0.0,0.0,0.0,0.0,43.0,7.0,0.0,7.0,2.0,1
778,1891,4.0,14,1,1,43,3,1,0.0,0.0,1.0,1.0,29.0,5.0,0.0,6.0,0.0,0
779,4844,3.0,9,0,2,25,2,3,0.0,0.0,0.0,0.0,16.0,4.0,0.0,3.0,1.0,0
780,13176,4.0,9,11,3,49,3,4,8.0,0.0,3.0,1.0,23.0,5.0,2.0,6.0,0.0,1
781,2010,3.0,3,9,1,22,3,1,8.0,0.0,0.0,0.0,7.0,3.0,1.0,2.0,0.0,0
782,16860,4.0,30,5,3,112,7,3,2.0,0.0,2.0,0.0,73.0,15.0,3.0,14.0,2.0,1
783,14705,4.0,2,10,4,36,3,4,6.0,0.0,4.0,0.0,13.0,3.0,4.0,3.0,2.0,1
784,13532,3.0,8,0,2,28,2,3,0.0,0.0,0.0,0.0,18.0,5.0,0.0,4.0,0.0,1
785,6425,3.0,9,0,1,24,2,1,0.0,0.0,0.0,0.0,20.0,2.0,0.0,1.0,0.0,0
786,17339,4.0,13,1,4,64,4,6,0.0,0.0,1.0,0.0,41.0,9.0,1.0,9.0,2.0,1
787,13222,4.0,12,0,2,37,3,3,0.0,0.0,0.0,0.0,25.0,6.0,0.0,5.0,0.0,1
788,12655,4.0,10,0,2,41,3,4,0.0,0.0,0.0,0.0,29.0,5.0,0.0,4.0,2.0,1
789,5964,3.0,3,9,1,22,3,1,8.0,0.0,0.0,0.0,7.0,3.0,1.0,2.0,0.0,0
790,6247,4.0,21,11,1,84,3,3,9.0,0.0,2.0,0.0,48.0,11.0,2.0,11.0,0.0,0
791,15081,3.0,8,0,2,21,1,0,0.0,0.0,0.0,0.0,16.0,2.0,0.0,2.0,0.0,1
792,2089,4.0,15,7,1,56,3,3,5.0,0.0,2.0,2.0,31.0,7.0,0.0,8.0,0.0,0
793,18884,4.0,33,5,2,110,7,3,3.0,0.0,1.0,0.0,70.0,16.0,2.0,15.0,2.0,1
794,16210,3.0,7,0,3,34,3,3,0.0,0.0,0.0,0.0,21.0,5.0,0.0,5.0,2.0,1
795,4191,4.0,12,5,1,34,3,1,4.0,0.0,0.0,0.0,21.0,4.0,1.0,3.0,0.0,0
796,9760,4.0,12,0,1,41,3,2,0.0,0.0,0.0,0.0,28.0,6.0,0.0,6.0,0.0,0
797,16145,4.0,44,20,3,165,7,3,13.0,3.0,4.0,4.0,93.0,20.0,3.0,20.0,4.0,1
798,19956,4.0,14,5,3,52,4,4,4.0,1.0,0.0,0.0,30.0,7.0,1.0,6.0,2.0,1
799,2957,3.0,6,0,1,21,2,1,0.0,0.0,0.0,0.0,17.0,2.0,0.0,1.0,0.0,0
800,17555,4.0,9,16,2,67,4,5,9.0,0.0,7.0,0.0,27.0,7.0,7.0,7.0,2.0,1
801,11986,4.0,7,0,3,30,2,1,0.0,0.0,0.0,0.0,21.0,4.0,0.0,4.0,0.0,1
802,433,4.0,14,6,2,55,4,2,5.0,0.0,1.0,0.0,33.0,7.0,1.0,7.0,0.0,0
803,3538,4.0,14,2,3,52,2,4,1.0,0.0,1.0,1.0,35.0,6.0,0.0,7.0,0.0,0
804,1083,4.0,22,2,6,89,6,8,0.0,0.0,1.0,2.0,44.0,19.0,0.0,20.0,2.0,0
805,6907,3.0,11,6,3,35,3,2,4.0,0.0,2.0,0.0,15.0,6.0,2.0,5.0,0.0,0
806,10101,4.0,3,14,3,35,3,1,11.0,0.0,3.0,0.0,11.0,3.0,3.0,3.0,0.0,1
807,10862,4.0,6,0,3,33,3,3,0.0,0.0,0.0,0.0,20.0,5.0,0.0,5.0,2.0,1
808,2853,4.0,38,6,2,139,7,6,3.0,0.0,3.0,0.0,87.0,20.0,3.0,20.0,2.0,0
809,4120,4.0,11,5,3,46,3,1,4.0,0.0,1.0,1.0,26.0,6.0,0.0,7.0,0.0,0
810,8871,3.0,11,0,1,28,2,1,0.0,0.0,0.0,0.0,24.0,2.0,0.0,1.0,0.0,0
811,7078,4.0,25,34,1,108,3,3,27.0,7.0,0.0,6.0,49.0,9.0,1.0,8.0,0.0,0
812,12490,4.0,19,2,6,93,7,10,0.0,0.0,1.0,2.0,46.0,19.0,0.0,20.0,4.0,1
813,7895,4.0,12,11,2,63,3,2,8.0,1.0,2.0,1.0,34.0,7.0,2.0,7.0,0.0,0
814,944,3.0,7,0,1,24,2,1,0.0,0.0,0.0,0.0,20.0,2.0,0.0,1.0,0.0,0
815,8271,4.0,18,12,2,87,4,3,10.0,0.0,2.0,1.0,47.0,11.0,1.0,12.0,2.0,0
816,12331,4.0,12,0,3,52,4,4,0.0,0.0,0.0,0.0,35.0,7.0,0.0,7.0,2.0,1
817,10933,4.0,3,10,4,40,3,4,6.0,0.0,4.0,0.0,17.0,3.0,4.0,3.0,2.0,1
818,8406,4.0,21,10,1,85,4,7,6.0,0.0,4.0,1.0,51.0,8.0,3.0,9.0,2.0,0
819,15769,4.0,1,12,3,29,3,4,7.0,0.0,4.0,1.0,6.0,2.0,4.0,2.0,2.0,1
820,10285,3.0,9,0,3,34,2,2,0.0,0.0,0.0,0.0,23.0,5.0,0.0,5.0,0.0,1
821,15862,5.0,78,94,3,427,10,7,40.0,44.0,10.0,42.0,215.0,30.0,12.0,28.0,5.0,1
822,19589,4.0,14,0,4,53,3,3,0.0,0.0,0.0,0.0,38.0,6.0,0.0,6.0,2.0,1
823,1588,4.0,34,28,2,133,4,5,16.0,2.0,10.0,2.0,67.0,13.0,10.0,12.0,0.0,0
824,19217,4.0,12,11,2,52,2,6,8.0,0.0,2.0,0.0,27.0,6.0,3.0,5.0,0.0,1
825,13111,4.0,3,11,4,37,3,4,7.0,0.0,4.0,0.0,13.0,3.0,4.0,3.0,2.0,1
826,3328,3.0,5,0,1,17,2,1,0.0,0.0,0.0,0.0,13.0,2.0,0.0,1.0,0.0,0
827,3638,4.0,30,8,2,110,3,5,5.0,0.0,3.0,0.0,71.0,14.0,3.0,13.0,0.0,0
828,13868,4.0,17,0,1,63,4,3,0.0,0.0,0.0,0.0,48.0,6.0,0.0,6.0,2.0,1
829,10239,4.0,26,11,2,97,4,5,7.0,0.0,4.0,0.0,59.0,10.0,4.0,10.0,2.0,1
830,19723,4.0,10,1,3,41,2,3,0.0,0.0,1.0,1.0,27.0,5.0,0.0,6.0,0.0,1
831,367,3.0,8,0,1,23,3,2,0.0,0.0,0.0,0.0,15.0,4.0,0.0,3.0,0.0,0
832,9272,3.0,8,0,1,30,2,3,0.0,0.0,0.0,0.0,22.0,4.0,0.0,3.0,0.0,0
833,14048,4.0,10,7,3,54,4,3,4.0,2.0,0.0,2.0,31.0,6.0,1.0,5.0,2.0,1
834,15833,3.0,15,27,1,90,4,4,6.0,3.0,18.0,14.0,10.0,9.0,7.0,19.0,3.0,1
835,12994,4.0,10,0,3,45,3,5,0.0,0.0,0.0,0.0,29.0,7.0,0.0,6.0,2.0,1
836,8045,4.0,6,1,2,33,2,2,0.0,0.0,1.0,1.0,23.0,3.0,0.0,4.0,0.0,0
837,1152,4.0,12,7,2,45,5,2,6.0,0.0,0.0,0.0,24.0,7.0,1.0,6.0,0.0,0
838,11719,4.0,15,4,2,65,4,6,2.0,0.0,2.0,0.0,40.0,8.0,2.0,7.0,3.0,1
839,8142,4.0,6,3,1,27,4,2,2.0,0.0,0.0,0.0,15.0,4.0,1.0,3.0,1.0,0
840,11753,4.0,34,5,2,117,5,8,3.0,1.0,1.0,2.0,87.0,10.0,0.0,10.0,2.0,1
841,16031,4.0,21,6,3,82,7,3,4.0,0.0,1.0,0.0,47.0,13.0,2.0,12.0,2.0,1
842,11170,3.0,7,0,3,37,3,4,0.0,0.0,0.0,0.0,21.0,7.0,0.0,7.0,1.0,1
843,4313,4.0,18,0,2,54,5,1,0.0,0.0,0.0,0.0,41.0,6.0,0.0,6.0,0.0,0
844,6274,4.0,50,6,5,180,8,5,0.0,3.0,3.0,3.0,117.0,24.0,3.0,24.0,2.0,0
845,18409,4.0,16,24,4,108,6,7,15.0,0.0,9.0,1.0,49.0,11.0,8.0,12.0,2.0,1
846,9495,3.0,9,1,2,35,2,1,0.0,1.0,0.0,1.0,26.0,3.0,0.0,3.0,0.0,0
847,11914,5.0,39,19,11,202,5,4,3.0,14.0,2.0,16.0,131.0,16.0,0.0,17.0,2.0,1
848,17173,3.0,8,0,1,24,1,0,0.0,0.0,0.0,0.0,21.0,1.0,0.0,1.0,0.0,1
849,2012,4.0,8,4,1,29,2,2,3.0,0.0,0.0,0.0,19.0,3.0,1.0,2.0,0.0,0
850,2615,4.0,11,1,1,31,4,1,0.0,1.0,0.0,1.0,20.0,4.0,0.0,4.0,0.0,0
851,6787,4.0,25,8,1,100,4,8,5.0,0.0,3.0,0.0,61.0,13.0,3.0,12.0,2.0,0
852,2474,4.0,11,6,1,41,3,3,5.0,0.0,0.0,0.0,25.0,5.0,1.0,4.0,0.0,0
853,6765,5.0,12,19,2,82,6,2,7.0,7.0,4.0,8.0,32.0,9.0,4.0,9.0,1.0,0
854,14077,4.0,18,3,3,75,4,4,2.0,0.0,1.0,0.0,50.0,9.0,1.0,9.0,2.0,1
855,2945,4.0,11,6,1,48,3,3,5.0,1.0,0.0,1.0,26.0,7.0,0.0,7.0,0.0,0
856,16951,3.0,10,0,2,28,2,2,0.0,0.0,0.0,0.0,20.0,4.0,0.0,3.0,0.0,1
857,13478,4.0,28,3,2,106,7,3,0.0,0.0,2.0,0.0,69.0,15.0,3.0,14.0,2.0,1
858,14649,3.0,11,0,3,47,4,3,0.0,0.0,0.0,0.0,32.0,6.0,0.0,6.0,2.0,1
859,19634,4.0,29,2,2,96,4,6,0.0,0.0,2.0,0.0,75.0,7.0,2.0,7.0,2.0,1
860,16107,3.0,8,0,4,37,2,3,0.0,0.0,0.0,0.0,22.0,7.0,0.0,7.0,0.0,1
861,5860,5.0,30,54,3,212,3,3,19.0,33.0,1.0,35.0,110.0,6.0,0.0,7.0,0.0,0
862,184,4.0,9,2,1,31,5,1,0.0,2.0,0.0,2.0,16.0,5.0,0.0,5.0,0.0,0
863,3711,3.0,3,6,1,24,3,1,5.0,0.0,0.0,0.0,12.0,3.0,1.0,2.0,0.0,0
864,14843,4.0,20,2,7,111,7,12,0.0,0.0,1.0,2.0,58.0,21.0,0.0,22.0,6.0,1
865,14174,4.0,13,5,3,51,4,4,3.0,2.0,0.0,1.0,28.0,7.0,1.0,6.0,2.0,1
866,12813,4.0,20,0,3,77,3,4,0.0,0.0,0.0,0.0,54.0,11.0,0.0,11.0,0.0,1
867,7528,3.0,10,0,1,31,3,3,0.0,0.0,0.0,0.0,21.0,5.0,0.0,4.0,0.0,0
868,12082,4.0,18,4,3,76,8,3,2.0,0.0,1.0,0.0,47.0,11.0,2.0,10.0,2.0,1
869,14882,4.0,18,6,8,73,4,5,1.0,0.0,5.0,1.0,38.0,10.0,4.0,11.0,2.0,1
870,3694,3.0,8,0,2,23,2,1,0.0,0.0,0.0,0.0,16.0,3.0,0.0,3.0,0.0,0
871,10092,4.0,28,5,3,117,4,8,3.0,0.0,2.0,0.0,77.0,15.0,2.0,15.0,2.0,1
872,11788,3.0,5,3,2,26,2,2,2.0,0.0,0.0,1.0,14.0,4.0,0.0,4.0,0.0,1
873,5541,4.0,14,0,2,36,3,2,0.0,0.0,0.0,0.0,25.0,5.0,0.0,5.0,0.0,0
874,15953,4.0,11,0,3,53,4,3,0.0,0.0,0.0,0.0,38.0,6.0,0.0,6.0,2.0,1
875,15677,3.0,2,0,2,17,3,2,0.0,0.0,0.0,0.0,8.0,3.0,0.0,3.0,2.0,1
876,18022,2.0,3,0,1,10,2,0,0.0,0.0,0.0,0.0,5.0,2.0,0.0,2.0,0.0,1
877,18539,4.0,13,18,3,73,4,4,12.0,6.0,0.0,6.0,32.0,7.0,0.0,7.0,2.0,1
878,13982,4.0,12,1,2,47,4,3,0.0,0.0,1.0,1.0,30.0,6.0,0.0,7.0,1.0,1
879,15242,4.0,13,3,2,37,2,0,2.0,1.0,0.0,0.0,27.0,3.0,1.0,2.0,0.0,1
880,592,4.0,18,8,2,77,3,6,5.0,0.0,3.0,0.0,47.0,9.0,3.0,9.0,0.0,0
881,7981,4.0,5,0,1,24,2,2,0.0,0.0,0.0,0.0,17.0,3.0,0.0,3.0,0.0,0
882,11331,4.0,9,1,3,46,5,4,0.0,0.0,1.0,1.0,26.0,7.0,0.0,8.0,2.0,1
883,6018,3.0,5,0,2,21,2,1,0.0,0.0,0.0,0.0,14.0,3.0,0.0,3.0,0.0,0
884,3665,4.0,12,7,1,60,3,5,6.0,0.0,1.0,0.0,39.0,6.0,1.0,6.0,0.0,0
885,1028,4.0,13,0,1,38,3,1,0.0,0.0,0.0,0.0,31.0,3.0,0.0,3.0,0.0,0
886,10407,4.0,14,0,3,49,4,4,0.0,0.0,0.0,0.0,32.0,7.0,0.0,7.0,2.0,1
887,3925,3.0,11,0,1,29,3,3,0.0,0.0,0.0,0.0,19.0,5.0,0.0,4.0,0.0,0
888,3162,4.0,12,2,2,53,2,4,1.0,0.0,1.0,1.0,38.0,5.0,0.0,6.0,0.0,0
889,5777,4.0,9,2,2,53,4,4,1.0,0.0,1.0,1.0,34.0,7.0,0.0,8.0,0.0,0
890,819,4.0,9,0,3,30,2,1,0.0,0.0,0.0,0.0,21.0,4.0,0.0,4.0,0.0,0
891,538,4.0,17,0,2,40,3,2,0.0,0.0,0.0,0.0,29.0,5.0,0.0,5.0,0.0,0
892,13092,3.0,4,4,2,19,1,0,3.0,0.0,1.0,1.0,10.0,1.0,0.0,2.0,0.0,1
893,5562,4.0,9,6,1,38,4,2,4.0,0.0,1.0,1.0,22.0,4.0,1.0,4.0,0.0,0
894,11339,5.0,33,42,4,157,4,3,27.0,15.0,0.0,14.0,84.0,7.0,1.0,6.0,2.0,1
895,1360,4.0,35,0,2,105,3,3,0.0,0.0,0.0,0.0,92.0,6.0,0.0,6.0,0.0,0
896,5950,4.0,10,0,2,40,3,2,0.0,0.0,0.0,0.0,29.0,5.0,0.0,5.0,0.0,0
897,7738,4.0,15,3,5,57,5,3,2.0,0.0,1.0,0.0,32.0,10.0,1.0,10.0,0.0,0
898,16419,3.0,12,0,4,37,3,1,0.0,0.0,0.0,0.0,24.0,6.0,0.0,6.0,0.0,1
899,14483,4.0,9,0,3,40,4,3,0.0,0.0,0.0,0.0,25.0,6.0,0.0,6.0,2.0,1
900,15170,4.0,12,9,3,56,4,4,3.0,5.0,1.0,5.0,26.0,6.0,1.0,6.0,2.0,1
901,8097,4.0,9,8,2,43,3,5,5.0,0.0,2.0,0.0,21.0,6.0,3.0,5.0,0.0,0
902,4905,4.0,12,0,2,33,3,2,0.0,0.0,0.0,0.0,22.0,5.0,0.0,5.0,0.0,0
903,18468,5.0,17,3,2,80,8,3,0.0,3.0,0.0,2.0,50.0,11.0,1.0,10.0,2.0,1
904,6656,3.0,22,2,1,84,4,4,1.0,0.0,1.0,1.0,44.0,17.0,0.0,17.0,2.0,0
905,6538,4.0,6,3,1,31,4,1,0.0,2.0,0.0,2.0,18.0,4.0,1.0,3.0,0.0,0
906,5727,4.0,10,0,1,34,3,2,0.0,0.0,0.0,0.0,21.0,6.0,0.0,6.0,0.0,0
907,15487,4.0,14,1,2,61,6,3,0.0,0.0,1.0,0.0,39.0,9.0,1.0,8.0,2.0,1
908,16113,3.0,8,0,1,20,1,0,0.0,0.0,0.0,0.0,17.0,1.0,0.0,1.0,0.0,1
909,16471,3.0,5,0,2,32,3,3,0.0,0.0,0.0,0.0,21.0,4.0,0.0,4.0,2.0,1
910,8986,4.0,8,2,1,31,4,1,0.0,2.0,0.0,2.0,18.0,4.0,0.0,4.0,0.0,0
911,11945,4.0,9,5,1,41,6,3,2.0,0.0,2.0,1.0,23.0,4.0,2.0,4.0,2.0,1
912,2310,4.0,28,6,1,99,4,3,5.0,0.0,0.0,0.0,61.0,15.0,1.0,14.0,2.0,0
913,528,3.0,3,0,1,12,2,1,0.0,0.0,0.0,0.0,8.0,2.0,0.0,1.0,0.0,0
914,13763,4.0,21,0,4,75,7,4,0.0,0.0,0.0,0.0,48.0,12.0,0.0,12.0,2.0,1
915,3467,3.0,9,0,2,24,2,1,0.0,0.0,0.0,0.0,18.0,3.0,0.0,2.0,0.0,0
916,2369,4.0,9,7,2,38,4,1,6.0,0.0,0.0,1.0,20.0,5.0,0.0,5.0,0.0,0
917,10638,4.0,22,25,3,124,6,5,16.0,9.0,0.0,8.0,66.0,11.0,1.0,10.0,2.0,1
918,3455,3.0,5,1,2,20,2,1,0.0,0.0,1.0,1.0,13.0,2.0,0.0,2.0,0.0,0
919,12263,4.0,52,8,3,156,8,3,5.0,0.0,2.0,0.0,100.0,22.0,3.0,21.0,2.0,1
920,17097,4.0,15,0,5,59,6,3,0.0,0.0,0.0,0.0,36.0,10.0,0.0,10.0,2.0,1
921,9445,3.0,11,1,1,40,3,3,0.0,1.0,0.0,1.0,25.0,6.0,0.0,6.0,0.0,0
922,12181,4.0,7,0,3,41,3,4,0.0,0.0,0.0,0.0,26.0,6.0,0.0,6.0,2.0,1
923,2631,3.0,14,0,2,38,4,1,0.0,0.0,0.0,0.0,23.0,7.0,0.0,7.0,0.0,0
924,10711,4.0,14,0,3,49,3,4,0.0,0.0,0.0,0.0,31.0,8.0,0.0,8.0,1.0,1
925,12684,4.0,10,0,3,40,3,1,0.0,0.0,0.0,0.0,29.0,5.0,0.0,5.0,0.0,1
926,19356,3.0,5,0,2,16,1,0,0.0,0.0,0.0,0.0,11.0,2.0,0.0,2.0,0.0,1
927,7326,4.0,8,0,2,39,2,3,0.0,0.0,0.0,0.0,28.0,5.0,0.0,5.0,0.0,0
928,9925,4.0,32,1,9,115,5,5,0.0,0.0,1.0,0.0,65.0,23.0,1.0,23.0,1.0,0
929,9093,4.0,19,5,2,59,3,2,4.0,0.0,1.0,0.0,36.0,8.0,1.0,8.0,0.0,0
930,4579,4.0,18,16,1,77,3,3,14.0,0.0,1.0,0.0,40.0,10.0,2.0,9.0,0.0,0
931,8840,4.0,10,8,3,47,3,1,5.0,0.0,3.0,0.0,27.0,4.0,3.0,4.0,0.0,0
932,303,4.0,25,9,2,87,6,3,8.0,0.0,0.0,0.0,52.0,13.0,1.0,12.0,0.0,0
933,4162,4.0,15,14,2,58,4,2,13.0,1.0,0.0,0.0,31.0,6.0,1.0,5.0,0.0,0
934,1765,3.0,9,0,1,25,3,1,0.0,0.0,0.0,0.0,18.0,3.0,0.0,3.0,0.0,0
935,15753,4.0,23,2,2,90,7,5,0.0,0.0,1.0,0.0,61.0,12.0,2.0,11.0,2.0,1
936,7580,4.0,21,3,3,79,6,3,1.0,1.0,1.0,0.0,50.0,12.0,2.0,11.0,0.0,0
937,4536,4.0,14,8,2,54,5,1,6.0,0.0,1.0,0.0,33.0,6.0,2.0,5.0,0.0,0
938,12793,4.0,13,2,3,65,3,7,1.0,0.0,0.0,0.0,43.0,9.0,1.0,8.0,2.0,1
939,9084,3.0,13,0,2,31,2,2,0.0,0.0,0.0,0.0,22.0,4.0,0.0,4.0,0.0,0
940,12165,3.0,3,0,1,13,1,0,0.0,0.0,0.0,0.0,10.0,1.0,0.0,1.0,0.0,1
941,17572,4.0,27,4,3,97,7,3,2.0,0.0,1.0,0.0,62.0,14.0,2.0,13.0,2.0,1
942,17712,4.0,7,0,2,35,4,3,0.0,0.0,0.0,0.0,22.0,5.0,0.0,5.0,2.0,1
943,465,3.0,7,0,1,23,2,3,0.0,0.0,0.0,0.0,15.0,4.0,0.0,3.0,0.0,0
944,17250,4.0,4,12,3,48,3,5,10.0,0.0,2.0,0.0,21.0,5.0,2.0,5.0,2.0,1
945,1197,4.0,20,4,1,62,4,2,2.0,1.0,0.0,0.0,43.0,7.0,2.0,5.0,1.0,0
946,17213,4.0,20,0,4,81,6,5,0.0,0.0,0.0,0.0,54.0,12.0,0.0,12.0,2.0,1
947,14677,3.0,8,0,1,31,3,5,0.0,0.0,0.0,0.0,19.0,5.0,0.0,4.0,2.0,1
948,4209,3.0,7,0,2,25,2,1,0.0,0.0,0.0,0.0,18.0,3.0,0.0,3.0,0.0,0
949,9564,4.0,29,4,1,104,4,6,3.0,0.0,1.0,0.0,64.0,16.0,1.0,16.0,2.0,0
950,17348,4.0,11,2,3,51,6,4,1.0,0.0,0.0,0.0,29.0,9.0,1.0,8.0,2.0,1
951,8887,3.0,10,0,2,24,2,1,0.0,0.0,0.0,0.0,17.0,3.0,0.0,3.0,0.0,0
952,6187,4.0,18,8,2,72,4,2,6.0,0.0,2.0,1.0,44.0,8.0,1.0,9.0,0.0,0
953,5123,4.0,13,0,2,54,3,1,0.0,0.0,0.0,0.0,39.0,7.0,0.0,7.0,0.0,0
954,18651,4.0,27,7,3,108,7,4,4.0,0.0,2.0,0.0,67.0,15.0,3.0,14.0,2.0,1
955,14822,4.0,34,6,3,115,8,3,3.0,0.0,2.0,0.0,71.0,17.0,3.0,16.0,2.0,1
956,11628,3.0,5,4,2,27,2,2,3.0,0.0,0.0,1.0,14.0,4.0,0.0,4.0,0.0,1
957,10110,3.0,8,0,1,18,1,0,0.0,0.0,0.0,0.0,15.0,1.0,0.0,1.0,0.0,1
958,7215,4.0,8,0,1,25,3,1,0.0,0.0,0.0,0.0,18.0,3.0,0.0,3.0,0.0,0
959,10907,4.0,7,44,3,98,4,7,29.0,9.0,6.0,8.0,23.0,7.0,7.0,6.0,2.0,1
960,9364,4.0,22,6,1,81,3,4,4.0,0.0,2.0,0.0,56.0,8.0,2.0,8.0,0.0,0
961,11086,4.0,32,2,3,95,4,5,1.0,0.0,1.0,0.0,65.0,12.0,1.0,12.0,2.0,1
962,6693,3.0,12,0,1,37,2,4,0.0,0.0,0.0,0.0,26.0,5.0,0.0,5.0,0.0,0
963,2531,4.0,11,6,1,40,3,3,5.0,0.0,1.0,1.0,24.0,4.0,0.0,4.0,0.0,0
964,17170,5.0,57,37,2,243,7,7,17.0,11.0,9.0,12.0,142.0,20.0,8.0,21.0,2.0,1
965,13764,4.0,20,0,3,72,7,3,0.0,0.0,0.0,0.0,45.0,12.0,0.0,12.0,2.0,1
966,4003,4.0,10,0,2,40,6,2,0.0,0.0,0.0,0.0,22.0,8.0,0.0,8.0,1.0,0
967,10722,4.0,17,20,3,76,4,4,13.0,7.0,0.0,6.0,33.0,7.0,1.0,6.0,2.0,1
968,2320,4.0,18,0,2,47,3,2,0.0,0.0,0.0,0.0,32.0,7.0,0.0,7.0,0.0,0
969,19885,4.0,25,0,3,76,3,3,0.0,0.0,0.0,0.0,59.0,8.0,0.0,8.0,0.0,1
970,2019,4.0,8,0,1,29,3,3,0.0,0.0,0.0,0.0,19.0,5.0,0.0,4.0,0.0,0
971,10138,4.0,22,8,7,130,8,9,0.0,6.0,1.0,2.0,65.0,24.0,6.0,19.0,6.0,1
972,14528,3.0,15,0,2,52,4,4,0.0,0.0,0.0,0.0,37.0,6.0,0.0,6.0,2.0,1
973,567,4.0,22,7,2,77,3,3,6.0,0.0,1.0,0.0,50.0,9.0,1.0,9.0,0.0,0
974,19419,4.0,21,0,2,70,4,4,0.0,0.0,0.0,0.0,49.0,9.0,0.0,9.0,2.0,1
975,12561,4.0,5,4,2,27,2,2,3.0,0.0,0.0,1.0,14.0,4.0,0.0,4.0,0.0,1
976,18785,4.0,19,4,4,79,7,3,2.0,0.0,1.0,0.0,44.0,14.0,2.0,13.0,2.0,1
977,4111,4.0,23,11,2,85,5,2,8.0,0.0,2.0,0.0,52.0,10.0,3.0,9.0,0.0,0
978,15909,4.0,36,5,2,132,7,3,2.0,0.0,3.0,0.0,84.0,19.0,3.0,18.0,2.0,1
979,4486,4.0,22,7,2,83,3,3,6.0,0.0,1.0,0.0,58.0,8.0,1.0,8.0,0.0,0
980,9586,4.0,23,2,3,67,4,2,1.0,0.0,0.0,0.0,51.0,7.0,1.0,6.0,0.0,0
981,14285,4.0,21,6,3,110,7,4,2.0,0.0,4.0,0.0,63.0,17.0,4.0,16.0,3.0,1
982,1945,4.0,19,34,1,99,3,3,20.0,12.0,1.0,12.0,38.0,7.0,2.0,6.0,0.0,0
983,5169,4.0,9,0,1,26,3,1,0.0,0.0,0.0,0.0,19.0,3.0,0.0,3.0,0.0,0
984,13207,3.0,7,0,2,21,1,0,0.0,0.0,0.0,0.0,16.0,2.0,0.0,2.0,0.0,1
985,17597,4.0,24,34,4,139,8,3,19.0,0.0,14.0,0.0,57.0,16.0,15.0,15.0,2.0,1
986,7487,3.0,12,0,3,33,2,1,0.0,0.0,0.0,0.0,24.0,4.0,0.0,4.0,0.0,0
987,10125,4.0,20,0,4,74,4,5,0.0,0.0,0.0,0.0,47.0,12.0,0.0,12.0,2.0,1
988,14857,3.0,9,0,1,23,1,0,0.0,0.0,0.0,0.0,20.0,1.0,0.0,1.0,0.0,1
989,2570,4.0,13,0,2,40,3,1,0.0,0.0,0.0,0.0,31.0,4.0,0.0,4.0,0.0,0
990,8538,4.0,18,0,1,52,3,3,0.0,0.0,0.0,0.0,36.0,8.0,0.0,7.0,0.0,0
991,10494,3.0,6,0,3,27,2,1,0.0,0.0,0.0,0.0,18.0,4.0,0.0,4.0,0.0,1
992,14967,4.0,11,0,3,47,5,3,0.0,0.0,0.0,0.0,30.0,7.0,0.0,7.0,2.0,1
993,11136,4.0,34,5,3,117,8,3,2.0,0.0,2.0,0.0,70.0,19.0,3.0,18.0,2.0,1
994,17442,2.0,4,1,1,10,1,0,0.0,1.0,0.0,1.0,5.0,1.0,0.0,1.0,0.0,1
995,6921,4.0,12,11,1,54,3,4,8.0,2.0,1.0,3.0,29.0,5.0,0.0,5.0,0.0,0
996,14433,3.0,14,0,2,46,4,3,0.0,0.0,0.0,0.0,33.0,5.0,0.0,5.0,2.0,1
997,5050,4.0,15,0,2,42,3,1,0.0,0.0,0.0,0.0,31.0,5.0,0.0,5.0,0.0,0
998,19251,4.0,23,9,3,108,4,7,2.0,5.0,2.0,2.0,64.0,14.0,5.0,11.0,2.0,1
999,14745,4.0,39,3,3,143,7,3,1.0,0.0,2.0,0.0,92.0,22.0,2.0,21.0,2.0,1
1000,19499,4.0,18,4,3,77,4,5,2.0,0.0,1.0,0.0,48.0,11.0,2.0,10.0,2.0,1
1001,8637,4.0,11,5,1,48,3,3,4.0,1.0,0.0,1.0,25.0,8.0,0.0,8.0,0.0,0
1002,12577,4.0,27,3,3,99,7,3,1.0,0.0,1.0,0.0,63.0,15.0,2.0,14.0,2.0,1
1003,4455,4.0,10,4,1,37,5,2,3.0,0.0,0.0,0.0,22.0,5.0,1.0,4.0,1.0,0
1004,18139,4.0,26,20,2,119,8,3,11.0,0.0,9.0,0.0,57.0,15.0,9.0,15.0,2.0,1
1005,3283,4.0,19,19,1,87,3,12,9.0,6.0,3.0,6.0,39.0,9.0,4.0,8.0,2.0,0
1006,12930,4.0,21,0,1,70,3,7,0.0,0.0,0.0,0.0,53.0,7.0,0.0,7.0,2.0,1
1007,1138,4.0,6,1,1,31,3,3,0.0,1.0,0.0,1.0,16.0,6.0,0.0,6.0,0.0,0
1008,12061,4.0,14,2,3,52,4,2,0.0,0.0,2.0,1.0,32.0,6.0,1.0,7.0,2.0,1
1009,10792,4.0,21,4,3,80,7,3,2.0,0.0,1.0,0.0,47.0,13.0,2.0,12.0,2.0,1
1010,17231,4.0,30,5,3,103,7,3,2.0,1.0,2.0,1.0,68.0,12.0,2.0,12.0,2.0,1
1011,12824,3.0,8,0,2,50,4,4,0.0,0.0,0.0,0.0,29.0,9.0,0.0,9.0,2.0,1
1012,15113,3.0,3,0,3,26,3,3,0.0,0.0,0.0,0.0,13.0,5.0,0.0,5.0,2.0,1
1013,9392,4.0,16,12,2,66,3,5,8.0,0.0,4.0,0.0,36.0,7.0,4.0,6.0,0.0,0
1014,12305,3.0,4,0,2,11,1,0,0.0,0.0,0.0,0.0,6.0,2.0,0.0,2.0,0.0,1
1015,7514,4.0,15,4,2,61,3,5,3.0,0.0,1.0,0.0,39.0,8.0,1.0,8.0,0.0,0
1016,8460,3.0,4,0,4,36,3,4,0.0,0.0,0.0,0.0,17.0,9.0,0.0,9.0,0.0,0
1017,2596,4.0,11,0,1,38,3,2,0.0,0.0,0.0,0.0,29.0,4.0,0.0,4.0,0.0,0
1018,9328,3.0,11,2,1,36,3,4,0.0,1.0,1.0,2.0,20.0,5.0,0.0,6.0,0.0,0
1019,19689,3.0,16,0,3,68,4,6,0.0,0.0,0.0,0.0,47.0,9.0,0.0,9.0,2.0,1
1020,158,3.0,19,0,1,50,3,4,0.0,0.0,0.0,0.0,38.0,6.0,0.0,5.0,0.0,0
1021,13713,4.0,6,2,3,43,6,3,1.0,0.0,0.0,0.0,23.0,8.0,1.0,7.0,2.0,1
1022,2452,3.0,6,0,1,18,2,1,0.0,0.0,0.0,0.0,14.0,2.0,0.0,1.0,0.0,0
1023,8537,4.0,26,42,1,132,7,3,26.0,16.0,0.0,15.0,50.0,11.0,1.0,10.0,2.0,0
1024,1237,4.0,18,3,1,67,3,2,2.0,0.0,1.0,0.0,45.0,9.0,1.0,8.0,0.0,0
1025,18021,4.0,16,24,4,108,6,7,15.0,0.0,9.0,1.0,49.0,11.0,8.0,12.0,2.0,1
1026,19562,4.0,23,6,4,92,7,3,4.0,0.0,1.0,0.0,55.0,14.0,2.0,13.0,2.0,1
1027,16283,4.0,24,2,2,80,4,6,1.0,0.0,1.0,0.0,52.0,11.0,1.0,11.0,2.0,1
1028,2060,4.0,19,6,3,62,2,3,4.0,0.0,2.0,0.0,45.0,4.0,2.0,4.0,0.0,0
1029,881,3.0,8,0,1,26,2,1,0.0,0.0,0.0,0.0,21.0,2.0,0.0,2.0,0.0,0
1030,5871,4.0,11,0,1,33,3,2,0.0,0.0,0.0,0.0,24.0,4.0,0.0,4.0,0.0,0
1031,3307,4.0,13,0,2,57,4,2,0.0,0.0,0.0,0.0,42.0,6.0,0.0,6.0,2.0,0
1032,17166,4.0,11,9,4,74,5,8,5.0,1.0,2.0,2.0,37.0,11.0,2.0,11.0,2.0,1
1033,19250,3.0,7,0,2,24,1,0,0.0,0.0,0.0,0.0,19.0,2.0,0.0,2.0,0.0,1
1034,7547,4.0,21,0,2,66,5,4,0.0,0.0,0.0,0.0,45.0,9.0,0.0,9.0,2.0,0
1035,4959,4.0,8,2,1,34,2,3,0.0,2.0,0.0,2.0,21.0,4.0,0.0,4.0,0.0,0
1036,7050,3.0,11,1,2,35,3,1,0.0,0.0,1.0,1.0,24.0,4.0,0.0,4.0,0.0,0
1037,14856,4.0,8,4,1,25,2,0,3.0,0.0,1.0,0.0,15.0,2.0,0.0,3.0,0.0,1
1038,133,4.0,9,4,2,35,3,2,3.0,1.0,0.0,0.0,20.0,5.0,1.0,4.0,0.0,0
1039,8421,4.0,8,0,2,35,3,3,0.0,0.0,0.0,0.0,23.0,6.0,0.0,5.0,0.0,0
1040,6762,3.0,9,0,3,41,2,3,0.0,0.0,0.0,0.0,28.0,6.0,0.0,6.0,0.0,0
1041,15547,4.0,30,3,3,100,7,3,1.0,0.0,1.0,0.0,66.0,14.0,2.0,13.0,2.0,1
1042,8561,4.0,12,1,2,33,2,3,0.0,0.0,0.0,1.0,21.0,5.0,0.0,5.0,0.0,0
1043,4802,4.0,21,47,7,155,6,5,29.0,14.0,4.0,14.0,58.0,15.0,4.0,15.0,1.0,0
1044,7712,4.0,33,7,1,99,4,4,5.0,0.0,1.0,0.0,63.0,13.0,2.0,12.0,2.0,0
1045,6299,4.0,13,3,2,40,3,1,2.0,0.0,0.0,0.0,27.0,5.0,1.0,4.0,0.0,0
1046,15243,4.0,26,3,4,89,4,7,2.0,0.0,1.0,0.0,58.0,12.0,1.0,12.0,2.0,1
1047,12414,4.0,6,8,3,57,7,3,6.0,0.0,1.0,1.0,27.0,9.0,1.0,9.0,2.0,1
1048,18131,4.0,23,0,2,66,4,5,0.0,0.0,0.0,0.0,45.0,9.0,0.0,9.0,2.0,1
1049,6505,3.0,10,3,1,28,3,2,2.0,1.0,0.0,0.0,16.0,4.0,0.0,4.0,0.0,0
1050,408,3.0,5,0,1,20,2,1,0.0,0.0,0.0,0.0,16.0,2.0,0.0,1.0,0.0,0
1051,10054,4.0,38,5,3,123,7,3,3.0,0.0,2.0,0.0,85.0,14.0,2.0,14.0,2.0,1
1052,8046,4.0,28,7,1,110,4,4,1.0,3.0,3.0,4.0,70.0,13.0,2.0,13.0,0.0,0
1053,8018,3.0,3,0,1,17,2,1,0.0,0.0,0.0,0.0,13.0,2.0,0.0,1.0,0.0,0
1054,15993,4.0,22,4,3,87,7,3,2.0,0.0,1.0,0.0,54.0,13.0,2.0,12.0,2.0,1
1055,2058,4.0,18,6,3,80,3,3,4.0,0.0,2.0,0.0,49.0,11.0,2.0,11.0,0.0,0
1056,16104,3.0,7,0,1,29,3,3,0.0,0.0,0.0,0.0,20.0,3.0,0.0,3.0,2.0,1
1057,12960,3.0,11,0,3,39,3,4,0.0,0.0,0.0,0.0,24.0,7.0,0.0,6.0,1.0,1
1058,9238,4.0,13,0,3,48,2,3,0.0,0.0,0.0,0.0,35.0,6.0,0.0,6.0,0.0,0
1059,5098,4.0,12,0,2,35,3,2,0.0,0.0,0.0,0.0,25.0,5.0,0.0,4.0,0.0,0
1060,16663,4.0,20,20,3,93,6,4,18.0,0.0,1.0,0.0,48.0,11.0,2.0,10.0,2.0,1
1061,7075,4.0,25,5,2,87,4,6,3.0,0.0,2.0,0.0,55.0,12.0,2.0,12.0,0.0,0
1062,8247,4.0,35,10,1,115,3,6,5.0,0.0,5.0,0.0,75.0,12.0,5.0,12.0,0.0,0
1063,2764,3.0,6,0,1,22,2,1,0.0,0.0,0.0,0.0,17.0,2.0,0.0,2.0,0.0,0
1064,9786,4.0,18,0,3,56,3,3,0.0,0.0,0.0,0.0,39.0,8.0,0.0,8.0,0.0,0
1065,6339,4.0,13,4,2,51,4,6,3.0,0.0,1.0,0.0,27.0,8.0,1.0,8.0,2.0,0
1066,6498,4.0,7,0,1,24,2,1,0.0,0.0,0.0,0.0,19.0,2.0,0.0,2.0,0.0,0
1067,14904,4.0,12,20,2,72,3,5,11.0,8.0,1.0,9.0,30.0,5.0,0.0,5.0,2.0,1
1068,5821,3.0,5,0,2,23,2,1,0.0,0.0,0.0,0.0,16.0,3.0,0.0,3.0,0.0,0
1069,15283,3.0,5,0,2,32,3,3,0.0,0.0,0.0,0.0,21.0,4.0,0.0,4.0,2.0,1
1070,4716,4.0,10,0,1,34,3,2,0.0,0.0,0.0,0.0,25.0,4.0,0.0,4.0,0.0,0
1071,5045,3.0,11,0,2,29,2,1,0.0,0.0,0.0,0.0,22.0,3.0,0.0,3.0,0.0,0
1072,2215,4.0,11,0,1,39,3,2,0.0,0.0,0.0,0.0,30.0,4.0,0.0,4.0,0.0,0
1073,8965,4.0,22,19,1,104,6,4,0.0,1.0,18.0,18.0,28.0,8.0,1.0,25.0,4.0,0
1074,6994,3.0,12,0,4,39,2,1,0.0,0.0,0.0,0.0,28.0,5.0,0.0,5.0,0.0,0
1075,17422,3.0,6,0,2,15,1,0,0.0,0.0,0.0,0.0,10.0,2.0,0.0,2.0,0.0,1
1076,16668,3.0,5,0,3,33,3,3,0.0,0.0,0.0,0.0,20.0,5.0,0.0,5.0,2.0,1
1077,3045,4.0,10,2,1,32,5,1,0.0,1.0,1.0,2.0,14.0,6.0,0.0,6.0,1.0,0
1078,15691,4.0,64,14,3,194,8,3,10.0,0.0,3.0,0.0,117.0,29.0,4.0,28.0,2.0,1
1079,1482,4.0,14,4,2,48,4,1,2.0,2.0,0.0,0.0,29.0,7.0,2.0,5.0,0.0,0
1080,10666,3.0,3,0,3,27,3,2,0.0,0.0,0.0,0.0,15.0,5.0,0.0,5.0,1.0,1
1081,5042,4.0,24,4,3,94,3,4,2.0,0.0,2.0,0.0,59.0,14.0,2.0,14.0,0.0,0
1082,12556,4.0,15,0,4,72,3,7,0.0,0.0,0.0,0.0,49.0,10.0,0.0,10.0,2.0,1
1083,2943,4.0,9,7,2,47,5,1,4.0,1.0,1.0,0.0,27.0,6.0,3.0,4.0,0.0,0
1084,18600,4.0,24,3,3,87,7,3,1.0,0.0,1.0,0.0,55.0,13.0,2.0,12.0,2.0,1
1085,14230,4.0,15,0,3,37,1,0,0.0,0.0,0.0,0.0,30.0,3.0,0.0,3.0,0.0,1
1086,6632,3.0,6,7,1,27,2,3,6.0,0.0,1.0,1.0,11.0,3.0,0.0,4.0,0.0,0
1087,7721,4.0,24,14,1,95,4,7,12.0,0.0,2.0,0.0,53.0,12.0,2.0,11.0,2.0,0
1088,5444,3.0,5,1,2,19,2,1,0.0,1.0,0.0,0.0,12.0,3.0,1.0,1.0,0.0,0
1089,17521,4.0,7,0,3,29,2,2,0.0,0.0,0.0,0.0,19.0,5.0,0.0,4.0,0.0,1
1090,11877,4.0,12,0,3,46,3,3,0.0,0.0,0.0,0.0,33.0,5.0,0.0,5.0,2.0,1
1091,19253,4.0,23,0,6,81,3,6,0.0,0.0,0.0,0.0,58.0,9.0,0.0,9.0,4.0,1
1092,13408,4.0,11,0,2,45,3,5,0.0,0.0,0.0,0.0,31.0,6.0,0.0,5.0,2.0,1
1093,19780,4.0,23,5,4,86,8,3,2.0,0.0,2.0,1.0,44.0,16.0,2.0,16.0,2.0,1
1094,18783,4.0,32,8,3,125,8,3,5.0,0.0,3.0,0.0,77.0,17.0,3.0,17.0,2.0,1
1095,11214,4.0,15,0,3,53,3,3,0.0,0.0,0.0,0.0,40.0,5.0,0.0,5.0,2.0,1
1096,369,4.0,17,0,4,65,2,5,0.0,0.0,0.0,0.0,46.0,9.0,0.0,9.0,0.0,0
1097,3693,4.0,8,0,1,21,3,1,0.0,0.0,0.0,0.0,13.0,4.0,0.0,3.0,0.0,0
1098,2548,3.0,10,0,3,32,2,1,0.0,0.0,0.0,0.0,23.0,4.0,0.0,4.0,0.0,0
1099,13674,4.0,7,0,2,41,5,3,0.0,0.0,0.0,0.0,26.0,6.0,0.0,6.0,2.0,1
1100,642,4.0,16,12,1,65,3,5,8.0,0.0,4.0,0.0,31.0,9.0,4.0,8.0,0.0,0
1101,15145,4.0,10,0,3,39,3,5,0.0,0.0,0.0,0.0,22.0,7.0,0.0,7.0,2.0,1
1102,12162,4.0,19,4,2,82,4,5,2.0,0.0,2.0,0.0,51.0,11.0,2.0,11.0,2.0,1
1103,3469,3.0,13,0,2,32,3,2,0.0,0.0,0.0,0.0,21.0,5.0,0.0,5.0,0.0,0
1104,15060,3.0,16,0,2,44,2,3,0.0,0.0,0.0,0.0,33.0,5.0,0.0,5.0,0.0,1
1105,12459,3.0,5,0,1,13,1,0,0.0,0.0,0.0,0.0,10.0,1.0,0.0,1.0,0.0,1
1106,13287,4.0,4,10,4,38,3,4,6.0,0.0,4.0,0.0,15.0,3.0,4.0,3.0,2.0,1
1107,16870,4.0,42,9,3,141,8,3,6.0,0.0,3.0,0.0,86.0,20.0,3.0,20.0,2.0,1
1108,8883,4.0,29,2,6,99,6,8,0.0,0.0,1.0,2.0,58.0,17.0,0.0,18.0,2.0,0
1109,4064,3.0,14,0,2,48,3,1,0.0,0.0,0.0,0.0,35.0,6.0,0.0,6.0,0.0,0
1110,4781,4.0,22,8,2,90,4,4,5.0,0.0,3.0,0.0,50.0,13.0,3.0,13.0,2.0,0
1111,1858,4.0,12,0,3,36,2,2,0.0,0.0,0.0,0.0,25.0,5.0,0.0,5.0,0.0,0
1112,10733,4.0,17,4,1,71,4,5,3.0,0.0,1.0,0.0,47.0,8.0,1.0,8.0,2.0,1
1113,6579,4.0,24,0,1,83,6,5,0.0,0.0,0.0,0.0,55.0,12.0,0.0,12.0,3.0,0
1114,7735,4.0,8,0,1,31,4,1,0.0,0.0,0.0,0.0,22.0,4.0,0.0,4.0,0.0,0
1115,13262,3.0,15,0,1,35,2,0,0.0,0.0,0.0,0.0,28.0,3.0,0.0,3.0,0.0,1
1116,4343,4.0,14,0,1,38,3,3,0.0,0.0,0.0,0.0,27.0,5.0,0.0,5.0,0.0,0
1117,18662,4.0,25,4,3,89,8,3,2.0,0.0,1.0,0.0,54.0,14.0,2.0,13.0,2.0,1
1118,8781,3.0,4,7,1,25,2,3,6.0,0.0,1.0,1.0,10.0,3.0,0.0,3.0,0.0,0
1119,13838,3.0,5,0,2,14,1,0,0.0,0.0,0.0,0.0,9.0,2.0,0.0,2.0,0.0,1
1120,3355,4.0,26,5,3,84,6,1,3.0,0.0,2.0,0.0,58.0,9.0,2.0,9.0,0.0,0
1121,521,3.0,7,0,1,16,3,1,0.0,0.0,0.0,0.0,10.0,3.0,0.0,2.0,0.0,0
1122,4030,3.0,10,0,2,35,2,1,0.0,0.0,0.0,0.0,28.0,3.0,0.0,3.0,0.0,0
1123,19418,4.0,25,4,2,87,7,3,2.0,0.0,2.0,0.0,52.0,13.0,2.0,13.0,2.0,1
1124,17444,4.0,16,0,3,55,5,2,0.0,0.0,0.0,0.0,36.0,9.0,0.0,9.0,0.0,1
1125,19440,4.0,10,2,3,50,5,3,1.0,0.0,0.0,0.0,32.0,7.0,1.0,6.0,2.0,1
1126,14408,4.0,8,0,3,37,4,1,0.0,0.0,0.0,0.0,24.0,6.0,0.0,6.0,0.0,1
1127,7256,4.0,16,10,1,62,3,3,9.0,0.0,0.0,0.0,36.0,8.0,1.0,7.0,0.0,0
1128,18392,3.0,5,0,3,27,2,2,0.0,0.0,0.0,0.0,17.0,5.0,0.0,4.0,0.0,1
1129,13278,4.0,27,2,3,93,5,5,1.0,0.0,0.0,0.0,71.0,9.0,1.0,8.0,2.0,1
1130,9250,4.0,18,16,1,89,8,5,13.0,1.0,1.0,0.0,39.0,15.0,3.0,13.0,3.0,0
1131,5700,4.0,23,55,2,136,3,13,47.0,6.0,2.0,5.0,47.0,13.0,3.0,11.0,1.0,0
1132,16069,4.0,10,11,2,52,5,4,9.0,0.0,1.0,1.0,25.0,6.0,1.0,6.0,2.0,1
1133,9542,3.0,8,0,2,21,3,1,0.0,0.0,0.0,0.0,11.0,5.0,0.0,4.0,0.0,0
1134,16928,4.0,11,2,3,46,2,2,1.0,0.0,1.0,1.0,33.0,4.0,0.0,5.0,0.0,1
1135,5437,4.0,16,4,1,54,3,3,2.0,1.0,1.0,1.0,33.0,7.0,1.0,7.0,0.0,0
1136,4744,3.0,4,7,1,25,2,3,6.0,0.0,1.0,1.0,10.0,3.0,0.0,3.0,0.0,0
1137,1057,4.0,9,0,2,40,4,3,0.0,0.0,0.0,0.0,25.0,7.0,0.0,7.0,0.0,0
1138,18985,3.0,5,0,1,18,1,0,0.0,0.0,0.0,0.0,15.0,1.0,0.0,1.0,0.0,1
1139,7958,4.0,34,0,1,113,3,2,0.0,0.0,0.0,0.0,70.0,21.0,0.0,21.0,0.0,0
1140,10953,4.0,8,1,2,38,5,3,0.0,0.0,0.0,0.0,23.0,6.0,1.0,5.0,2.0,1
1141,14274,4.0,22,1,3,93,7,4,0.0,0.0,1.0,0.0,65.0,12.0,1.0,11.0,2.0,1
1142,872,3.0,10,4,2,35,2,1,3.0,1.0,0.0,0.0,25.0,3.0,0.0,2.0,0.0,0
1143,11746,3.0,8,3,2,32,1,0,2.0,1.0,0.0,0.0,24.0,2.0,1.0,1.0,0.0,1
1144,9039,4.0,9,2,1,26,4,1,1.0,0.0,0.0,0.0,17.0,3.0,1.0,2.0,1.0,0
1145,16065,3.0,10,0,1,32,2,4,0.0,0.0,0.0,0.0,22.0,5.0,0.0,4.0,0.0,1
1146,12603,4.0,50,8,3,162,8,3,5.0,0.0,2.0,0.0,98.0,26.0,3.0,25.0,2.0,1
1147,4015,4.0,26,6,1,108,4,5,5.0,0.0,1.0,0.0,67.0,16.0,1.0,15.0,2.0,0
1148,17542,4.0,8,21,3,61,3,4,11.0,9.0,1.0,9.0,17.0,5.0,1.0,5.0,2.0,1
1149,4231,4.0,23,1,4,101,5,4,0.0,0.0,1.0,0.0,65.0,16.0,1.0,16.0,1.0,0
1150,12301,5.0,29,14,3,162,6,5,0.0,14.0,0.0,14.0,109.0,11.0,0.0,11.0,2.0,1
1151,306,5.0,54,17,8,219,7,3,8.0,0.0,9.0,3.0,126.0,27.0,5.0,30.0,10.0,0
1152,16841,4.0,25,6,3,108,8,3,3.0,0.0,2.0,0.0,60.0,17.0,3.0,16.0,6.0,1
1153,17698,3.0,5,0,1,15,1,0,0.0,0.0,0.0,0.0,12.0,1.0,0.0,1.0,0.0,1
1154,3492,5.0,14,8,3,99,6,2,2.0,5.0,1.0,6.0,62.0,10.0,0.0,10.0,2.0,0
1155,10520,3.0,6,0,3,25,2,1,0.0,0.0,0.0,0.0,16.0,4.0,0.0,4.0,0.0,1
1156,5139,4.0,5,6,3,34,3,3,4.0,0.0,2.0,0.0,15.0,5.0,2.0,5.0,0.0,0
1157,11039,4.0,14,2,2,62,8,3,1.0,0.0,0.0,0.0,38.0,10.0,1.0,9.0,2.0,1
1158,12971,4.0,11,9,4,74,5,8,5.0,0.0,3.0,3.0,37.0,10.0,1.0,12.0,2.0,1
1159,19182,3.0,6,0,2,34,3,3,0.0,0.0,0.0,0.0,23.0,4.0,0.0,4.0,2.0,1
1160,5181,4.0,17,5,3,59,3,1,3.0,1.0,1.0,1.0,35.0,8.0,1.0,8.0,0.0,0
1161,11361,4.0,40,8,3,135,7,3,5.0,0.0,3.0,0.0,84.0,19.0,3.0,18.0,2.0,1
1162,11484,4.0,12,13,3,60,6,3,10.0,0.0,2.0,1.0,28.0,7.0,2.0,7.0,2.0,1
1163,1924,4.0,21,0,2,60,5,2,0.0,0.0,0.0,0.0,43.0,8.0,0.0,7.0,1.0,0
1164,18105,4.0,15,0,1,43,2,3,0.0,0.0,0.0,0.0,35.0,4.0,0.0,3.0,0.0,1
1165,9535,3.0,5,3,2,26,3,2,2.0,0.0,1.0,1.0,12.0,4.0,0.0,5.0,0.0,0
1166,13874,3.0,13,26,1,81,4,4,6.0,3.0,17.0,13.0,8.0,7.0,7.0,16.0,3.0,1
1167,13595,5.0,17,12,2,99,4,7,2.0,8.0,2.0,8.0,58.0,8.0,2.0,8.0,2.0,1
1168,16264,4.0,10,2,2,40,3,4,1.0,1.0,0.0,0.0,25.0,5.0,1.0,4.0,2.0,1
1169,6208,4.0,15,0,2,40,3,2,0.0,0.0,0.0,0.0,29.0,5.0,0.0,5.0,0.0,0
1170,1351,4.0,35,4,2,125,3,3,3.0,0.0,1.0,0.0,89.0,15.0,1.0,15.0,0.0,0
1171,15693,3.0,9,0,3,39,3,4,0.0,0.0,0.0,0.0,24.0,6.0,0.0,6.0,2.0,1
1172,12690,4.0,14,0,4,53,3,4,0.0,0.0,0.0,0.0,36.0,7.0,0.0,7.0,2.0,1
1173,9598,4.0,23,6,1,86,7,6,0.0,4.0,2.0,2.0,48.0,12.0,4.0,10.0,3.0,0
1174,5161,5.0,27,33,9,133,7,4,21.0,9.0,3.0,10.0,59.0,12.0,2.0,13.0,3.0,0
1175,13187,4.0,10,2,3,55,7,3,0.0,0.0,1.0,1.0,31.0,9.0,1.0,9.0,2.0,1
1176,866,4.0,14,0,1,51,3,4,0.0,0.0,0.0,0.0,34.0,8.0,0.0,8.0,0.0,0
1177,13056,4.0,60,7,4,177,8,3,4.0,0.0,2.0,0.0,109.0,28.0,3.0,27.0,3.0,1
1178,3344,4.0,9,25,6,90,7,5,16.0,5.0,3.0,6.0,29.0,12.0,3.0,12.0,3.0,0
1179,8195,4.0,7,1,1,31,4,1,0.0,1.0,0.0,1.0,20.0,4.0,0.0,4.0,0.0,0
1180,4301,4.0,7,2,1,31,4,1,0.0,2.0,0.0,1.0,19.0,4.0,1.0,3.0,0.0,0
1181,9731,4.0,20,5,2,83,5,2,3.0,0.0,1.0,0.0,55.0,11.0,2.0,10.0,0.0,0
1182,3533,3.0,4,7,1,31,2,5,5.0,0.0,2.0,1.0,13.0,4.0,1.0,4.0,0.0,0
1183,2449,4.0,18,0,2,54,3,2,0.0,0.0,0.0,0.0,39.0,7.0,0.0,7.0,0.0,0
1184,7621,4.0,18,10,3,81,5,5,8.0,0.0,1.0,0.0,48.0,11.0,2.0,10.0,0.0,0
1185,18300,4.0,33,2,2,99,8,3,0.0,0.0,2.0,0.0,64.0,14.0,2.0,14.0,2.0,1
1186,1185,4.0,18,0,2,55,3,2,0.0,0.0,0.0,0.0,42.0,6.0,0.0,6.0,0.0,0
1187,4900,3.0,11,0,2,34,2,2,0.0,0.0,0.0,0.0,25.0,4.0,0.0,4.0,0.0,0
1188,16961,3.0,4,0,3,30,3,3,0.0,0.0,0.0,0.0,17.0,5.0,0.0,5.0,2.0,1
1189,5936,3.0,8,0,1,24,3,1,0.0,0.0,0.0,0.0,15.0,4.0,0.0,4.0,0.0,0
1190,2264,4.0,20,13,2,83,3,2,9.0,0.0,4.0,1.0,46.0,9.0,3.0,10.0,0.0,0
1191,260,3.0,10,0,2,25,2,2,0.0,0.0,0.0,0.0,16.0,4.0,0.0,4.0,0.0,0
1192,17797,4.0,16,0,3,64,7,3,0.0,0.0,0.0,0.0,41.0,10.0,0.0,10.0,2.0,1
1193,18501,4.0,11,0,3,53,4,4,0.0,0.0,0.0,0.0,36.0,7.0,0.0,7.0,2.0,1
1194,3914,4.0,25,8,1,86,4,7,5.0,0.0,3.0,0.0,49.0,12.0,3.0,11.0,2.0,0
1195,17684,3.0,10,0,3,31,2,2,0.0,0.0,0.0,0.0,21.0,5.0,0.0,4.0,0.0,1
1196,1091,4.0,13,0,3,43,2,4,0.0,0.0,0.0,0.0,28.0,7.0,0.0,7.0,0.0,0
1197,17017,3.0,6,0,1,17,2,0,0.0,0.0,0.0,0.0,12.0,2.0,0.0,2.0,0.0,1
1198,6931,3.0,8,2,2,34,2,3,0.0,0.0,2.0,0.0,23.0,3.0,2.0,3.0,0.0,0
1199,4649,4.0,7,8,2,32,3,2,6.0,0.0,1.0,0.0,15.0,4.0,2.0,3.0,0.0,0
1200,2209,4.0,9,6,2,50,3,4,5.0,1.0,0.0,0.0,27.0,8.0,1.0,7.0,0.0,0
1201,14383,4.0,8,0,3,39,3,2,0.0,0.0,0.0,0.0,27.0,5.0,0.0,5.0,1.0,1
1202,16302,4.0,8,0,2,41,3,5,0.0,0.0,0.0,0.0,26.0,6.0,0.0,6.0,2.0,1
1203,9838,4.0,17,8,3,72,3,2,5.0,0.0,3.0,0.0,44.0,8.0,3.0,8.0,0.0,0
1204,7142,3.0,7,0,1,23,2,3,0.0,0.0,0.0,0.0,15.0,4.0,0.0,3.0,0.0,0
1205,833,4.0,20,18,1,87,3,12,8.0,6.0,3.0,6.0,40.0,9.0,4.0,8.0,2.0,0
1206,11513,4.0,20,5,3,82,7,3,1.0,1.0,2.0,2.0,47.0,12.0,2.0,12.0,2.0,1
1207,10885,4.0,10,0,2,41,5,3,0.0,0.0,0.0,0.0,26.0,6.0,0.0,6.0,2.0,1
1208,15816,4.0,23,0,2,73,4,5,0.0,0.0,0.0,0.0,44.0,13.0,0.0,13.0,2.0,1
1209,19545,4.0,13,0,3,50,4,3,0.0,0.0,0.0,0.0,35.0,6.0,0.0,6.0,2.0,1
1210,10459,4.0,7,6,3,45,4,4,4.0,1.0,1.0,0.0,23.0,6.0,2.0,5.0,2.0,1
1211,8256,4.0,8,3,1,31,4,1,0.0,3.0,0.0,3.0,16.0,4.0,0.0,4.0,0.0,0
1212,898,4.0,13,0,1,32,3,2,0.0,0.0,0.0,0.0,23.0,4.0,0.0,4.0,0.0,0
1213,12510,4.0,3,10,5,35,4,3,6.0,0.0,4.0,0.0,8.0,5.0,4.0,5.0,2.0,1
1214,5271,4.0,12,4,1,47,3,2,3.0,0.0,1.0,0.0,29.0,6.0,1.0,6.0,0.0,0
1215,532,4.0,21,8,2,71,3,3,7.0,0.0,1.0,0.0,45.0,8.0,1.0,8.0,0.0,0
1216,2417,4.0,11,0,2,35,2,1,0.0,0.0,0.0,0.0,28.0,3.0,0.0,3.0,0.0,0
1217,18753,4.0,39,4,5,139,7,3,1.0,0.0,2.0,0.0,89.0,21.0,3.0,20.0,2.0,1
1218,4676,4.0,9,6,2,43,4,2,5.0,0.0,0.0,0.0,25.0,6.0,1.0,5.0,0.0,0
1219,2921,3.0,10,0,2,38,2,0,0.0,0.0,0.0,0.0,29.0,4.0,0.0,4.0,0.0,0
1220,13709,3.0,5,0,3,32,3,2,0.0,0.0,0.0,0.0,19.0,6.0,0.0,6.0,0.0,1
1221,2249,4.0,15,1,1,62,3,2,0.0,0.0,1.0,0.0,42.0,9.0,1.0,8.0,0.0,0
1222,18187,4.0,49,6,2,174,8,3,2.0,0.0,3.0,0.0,108.0,27.0,4.0,26.0,3.0,1
1223,5479,5.0,38,53,2,181,7,4,36.0,10.0,6.0,11.0,72.0,19.0,6.0,19.0,1.0,0
1224,3473,4.0,15,15,2,65,3,2,10.0,1.0,4.0,2.0,29.0,7.0,3.0,8.0,0.0,0
1225,15479,4.0,24,35,2,130,8,3,20.0,0.0,14.0,0.0,53.0,13.0,15.0,12.0,2.0,1
1226,10456,4.0,3,2,3,30,3,3,1.0,0.0,1.0,1.0,15.0,4.0,0.0,5.0,2.0,1
1227,8377,4.0,19,4,2,66,2,5,3.0,0.0,1.0,0.0,48.0,6.0,1.0,6.0,0.0,0
1228,10588,4.0,25,2,4,93,7,4,1.0,0.0,0.0,0.0,61.0,14.0,1.0,13.0,2.0,1
1229,1718,4.0,14,0,2,46,3,1,0.0,0.0,0.0,0.0,35.0,5.0,0.0,5.0,0.0,0
1230,10605,3.0,13,0,3,42,2,3,0.0,0.0,0.0,0.0,29.0,6.0,0.0,6.0,0.0,1
1231,5802,4.0,11,0,3,46,4,1,0.0,0.0,0.0,0.0,33.0,6.0,0.0,6.0,0.0,0
1232,4192,4.0,23,0,1,65,3,1,0.0,0.0,0.0,0.0,46.0,9.0,0.0,9.0,0.0,0
1233,2459,4.0,66,81,17,299,7,1,52.0,28.0,0.0,28.0,133.0,28.0,1.0,27.0,1.0,0
1234,5293,3.0,9,5,1,30,2,2,3.0,1.0,1.0,1.0,19.0,2.0,1.0,1.0,0.0,0
1235,6793,4.0,26,84,13,209,3,1,46.0,37.0,1.0,36.0,59.0,14.0,2.0,13.0,0.0,0
1236,11321,3.0,9,0,3,33,2,1,0.0,0.0,0.0,0.0,24.0,4.0,0.0,4.0,0.0,1
1237,429,4.0,17,4,1,64,3,3,2.0,2.0,0.0,2.0,41.0,8.0,0.0,8.0,0.0,0
1238,2966,4.0,7,5,1,31,5,1,2.0,2.0,1.0,2.0,14.0,4.0,1.0,4.0,0.0,0
1239,17829,4.0,15,0,1,58,6,4,0.0,0.0,0.0,0.0,39.0,8.0,0.0,8.0,2.0,1
1240,17700,4.0,41,3,1,142,7,4,1.0,0.0,2.0,0.0,93.0,21.0,2.0,20.0,2.0,1
1241,2115,4.0,15,0,2,54,3,2,0.0,0.0,0.0,0.0,41.0,6.0,0.0,6.0,0.0,0
1242,9320,4.0,24,6,1,76,4,4,5.0,0.0,1.0,0.0,52.0,8.0,1.0,8.0,0.0,0
1243,9501,4.0,33,6,1,114,4,7,5.0,0.0,0.0,0.0,82.0,13.0,1.0,12.0,0.0,0
1244,17115,4.0,15,0,3,64,4,7,0.0,0.0,0.0,0.0,41.0,10.0,0.0,10.0,2.0,1
1245,13061,4.0,29,9,3,110,7,3,5.0,0.0,3.0,0.0,66.0,15.0,4.0,14.0,2.0,1
1246,19331,3.0,17,0,3,54,3,4,0.0,0.0,0.0,0.0,36.0,8.0,0.0,8.0,1.0,1
1247,9100,4.0,12,0,2,49,3,2,0.0,0.0,0.0,0.0,36.0,6.0,0.0,6.0,0.0,0
1248,11650,4.0,14,6,3,68,8,3,0.0,0.0,5.0,2.0,39.0,7.0,4.0,8.0,2.0,1
1249,16954,4.0,27,5,2,89,4,7,3.0,0.0,2.0,0.0,55.0,12.0,2.0,12.0,2.0,1
1250,3338,4.0,9,0,1,34,3,2,0.0,0.0,0.0,0.0,25.0,4.0,0.0,4.0,0.0,0
1251,10075,4.0,27,2,3,94,7,3,1.0,0.0,0.0,0.0,62.0,14.0,1.0,13.0,2.0,1
1252,7333,4.0,14,4,1,46,3,3,3.0,1.0,0.0,0.0,31.0,5.0,1.0,4.0,0.0,0
1253,3008,4.0,13,0,2,44,3,2,0.0,0.0,0.0,0.0,33.0,5.0,0.0,5.0,0.0,0
1254,18138,3.0,2,16,4,34,3,3,11.0,0.0,5.0,0.0,6.0,2.0,5.0,2.0,2.0,1
1255,14130,4.0,29,35,2,153,8,3,19.0,0.0,15.0,0.0,66.0,17.0,16.0,16.0,3.0,1
1256,17669,4.0,7,0,3,35,4,3,0.0,0.0,0.0,0.0,20.0,6.0,0.0,6.0,2.0,1
1257,11933,4.0,29,26,5,130,7,7,14.0,6.0,6.0,8.0,59.0,14.0,4.0,16.0,2.0,1
1258,6621,4.0,10,0,2,42,3,2,0.0,0.0,0.0,0.0,31.0,5.0,0.0,5.0,0.0,0
1259,5853,4.0,26,13,2,93,6,3,11.0,0.0,1.0,0.0,55.0,12.0,2.0,11.0,0.0,0
1260,17793,4.0,9,15,8,70,6,5,9.0,0.0,5.0,1.0,25.0,11.0,5.0,11.0,2.0,1
1261,17855,3.0,5,0,1,17,2,0,0.0,0.0,0.0,0.0,12.0,2.0,0.0,2.0,0.0,1
1262,7934,4.0,23,3,1,62,3,4,2.0,0.0,1.0,0.0,44.0,7.0,1.0,6.0,0.0,0
1263,3691,3.0,11,0,2,33,2,3,0.0,0.0,0.0,0.0,23.0,5.0,0.0,4.0,0.0,0
1264,11636,4.0,30,2,3,99,4,6,1.0,0.0,1.0,0.0,63.0,15.0,1.0,15.0,2.0,1
1265,5767,3.0,5,2,1,19,2,1,1.0,1.0,0.0,1.0,12.0,2.0,0.0,1.0,0.0,0
1266,9857,4.0,17,0,1,47,3,2,0.0,0.0,0.0,0.0,36.0,5.0,0.0,5.0,0.0,0
1267,18521,5.0,50,13,10,198,5,4,1.0,10.0,2.0,12.0,139.0,15.0,0.0,16.0,2.0,1
1268,4395,3.0,11,0,3,38,2,2,0.0,0.0,0.0,0.0,27.0,5.0,0.0,5.0,0.0,0
1269,6205,4.0,11,5,2,46,5,1,4.0,0.0,0.0,0.0,29.0,6.0,1.0,5.0,0.0,0
1270,2903,4.0,13,0,1,47,3,2,0.0,0.0,0.0,0.0,36.0,5.0,0.0,5.0,0.0,0
1271,1839,4.0,15,3,4,64,6,2,2.0,0.0,0.0,1.0,34.0,13.0,0.0,13.0,0.0,0
1272,11243,4.0,13,0,3,49,3,2,0.0,0.0,0.0,0.0,34.0,7.0,0.0,7.0,0.0,1
1273,8896,3.0,13,0,1,30,3,2,0.0,0.0,0.0,0.0,21.0,4.0,0.0,4.0,0.0,0
1274,17979,3.0,2,16,4,34,3,3,11.0,0.0,5.0,0.0,6.0,2.0,5.0,2.0,2.0,1
1275,13358,4.0,10,3,2,41,3,4,2.0,1.0,0.0,0.0,25.0,5.0,1.0,4.0,2.0,1
1276,10543,3.0,6,0,1,28,4,3,0.0,0.0,0.0,0.0,17.0,4.0,0.0,4.0,2.0,1
1277,6758,3.0,7,0,2,26,2,1,0.0,0.0,0.0,0.0,20.0,3.0,0.0,2.0,0.0,0
1278,14018,3.0,9,0,2,28,1,0,0.0,0.0,0.0,0.0,23.0,2.0,0.0,2.0,0.0,1
1279,15334,4.0,8,0,3,44,4,4,0.0,0.0,0.0,0.0,27.0,7.0,0.0,7.0,2.0,1
1280,6577,3.0,12,0,1,36,2,4,0.0,0.0,0.0,0.0,25.0,5.0,0.0,5.0,0.0,0
1281,13101,4.0,22,11,3,102,7,3,7.0,0.0,3.0,0.0,56.0,15.0,4.0,14.0,2.0,1
1282,17626,4.0,13,20,3,80,5,6,12.0,7.0,0.0,8.0,30.0,10.0,0.0,10.0,2.0,1
1283,620,4.0,17,0,2,51,3,2,0.0,0.0,0.0,0.0,36.0,7.0,0.0,7.0,0.0,0
1284,1656,4.0,19,7,2,60,3,3,6.0,0.0,1.0,0.0,37.0,7.0,1.0,7.0,0.0,0
1285,2628,3.0,4,0,1,15,2,1,0.0,0.0,0.0,0.0,11.0,2.0,0.0,1.0,0.0,0
1286,16787,4.0,21,5,4,82,6,4,4.0,0.0,0.0,0.0,53.0,11.0,1.0,10.0,2.0,1
1287,17679,3.0,4,0,1,11,1,0,0.0,0.0,0.0,0.0,8.0,1.0,0.0,1.0,0.0,1
1288,6508,3.0,15,0,1,46,3,2,0.0,0.0,0.0,0.0,32.0,7.0,0.0,6.0,0.0,0
1289,12646,4.0,26,3,3,94,4,5,1.0,0.0,2.0,0.0,64.0,11.0,2.0,11.0,2.0,1
1290,14085,4.0,27,6,2,90,8,3,4.0,0.0,1.0,0.0,55.0,13.0,2.0,12.0,2.0,1
1291,18316,2.0,5,0,1,13,1,0,0.0,0.0,0.0,0.0,10.0,1.0,0.0,1.0,0.0,1
1292,1999,4.0,21,8,2,69,5,2,5.0,1.0,2.0,0.0,40.0,9.0,3.0,8.0,0.0,0
1293,18046,4.0,26,4,2,91,7,3,2.0,0.0,1.0,0.0,60.0,12.0,2.0,11.0,2.0,1
1294,1686,4.0,14,0,2,52,3,2,0.0,0.0,0.0,0.0,37.0,7.0,0.0,7.0,0.0,0
1295,3881,3.0,8,0,3,35,2,2,0.0,0.0,0.0,0.0,24.0,5.0,0.0,5.0,0.0,0
1296,5286,4.0,28,0,2,93,4,3,0.0,0.0,0.0,0.0,56.0,17.0,0.0,17.0,2.0,0
1297,6242,4.0,10,5,1,36,4,3,4.0,0.0,1.0,0.0,20.0,5.0,1.0,4.0,0.0,0
1298,7518,4.0,17,0,1,52,3,3,0.0,0.0,0.0,0.0,38.0,6.0,0.0,5.0,2.0,0
1299,13330,3.0,8,0,3,32,2,2,0.0,0.0,0.0,0.0,21.0,5.0,0.0,5.0,0.0,1
1300,15653,4.0,30,0,3,115,6,8,0.0,0.0,0.0,0.0,82.0,15.0,0.0,15.0,2.0,1
1301,4215,3.0,7,0,1,19,2,1,0.0,0.0,0.0,0.0,15.0,2.0,0.0,1.0,0.0,0
1302,13892,4.0,14,0,4,42,3,1,0.0,0.0,0.0,0.0,29.0,6.0,0.0,6.0,0.0,1
1303,6595,4.0,13,5,1,43,3,5,2.0,0.0,2.0,1.0,25.0,5.0,2.0,5.0,0.0,0
1304,13585,4.0,12,2,2,54,4,5,1.0,0.0,1.0,0.0,30.0,9.0,1.0,9.0,2.0,1
1305,16677,4.0,7,15,3,56,4,4,10.0,0.0,5.0,0.0,21.0,6.0,5.0,6.0,2.0,1
1306,8291,4.0,18,0,1,53,3,2,0.0,0.0,0.0,0.0,40.0,6.0,0.0,6.0,0.0,0
1307,3322,5.0,18,29,1,122,4,6,14.0,12.0,3.0,13.0,57.0,10.0,2.0,10.0,0.0,0
1308,7224,4.0,19,0,1,55,3,2,0.0,0.0,0.0,0.0,42.0,6.0,0.0,6.0,0.0,0
1309,1723,4.0,13,5,2,50,3,3,4.0,0.0,1.0,0.0,31.0,6.0,1.0,6.0,0.0,0
1310,5747,4.0,21,5,2,83,3,2,4.0,0.0,1.0,0.0,52.0,12.0,1.0,12.0,0.0,0
1311,6104,3.0,2,0,1,12,2,2,0.0,0.0,0.0,0.0,5.0,3.0,0.0,3.0,0.0,0
1312,16535,4.0,9,0,3,31,3,2,0.0,0.0,0.0,0.0,19.0,5.0,0.0,5.0,1.0,1
1313,19196,3.0,6,0,2,24,2,2,0.0,0.0,0.0,0.0,16.0,4.0,0.0,3.0,0.0,1
1314,2407,4.0,13,0,2,51,3,2,0.0,0.0,0.0,0.0,36.0,7.0,0.0,7.0,0.0,0
1315,12221,4.0,12,0,3,44,2,2,0.0,0.0,0.0,0.0,33.0,5.0,0.0,5.0,0.0,1
1316,3465,4.0,17,20,1,87,3,12,10.0,6.0,3.0,6.0,38.0,9.0,4.0,8.0,2.0,0
1317,8149,3.0,7,0,1,23,3,1,0.0,0.0,0.0,0.0,17.0,3.0,0.0,2.0,0.0,0
1318,9571,4.0,18,1,3,53,4,1,0.0,0.0,0.0,0.0,40.0,6.0,1.0,5.0,0.0,0
1319,12005,4.0,13,17,1,71,4,4,10.0,6.0,1.0,6.0,33.0,6.0,1.0,5.0,2.0,1
1320,2171,4.0,30,11,2,95,6,3,7.0,3.0,1.0,3.0,59.0,9.0,1.0,9.0,2.0,0
1321,16012,3.0,3,0,2,28,3,2,0.0,0.0,0.0,0.0,16.0,6.0,0.0,5.0,0.0,1
1322,7831,4.0,18,0,1,47,3,3,0.0,0.0,0.0,0.0,35.0,6.0,0.0,5.0,0.0,0
1323,3604,3.0,7,1,2,25,2,1,0.0,0.0,1.0,1.0,18.0,2.0,0.0,2.0,0.0,0
1324,8726,4.0,7,0,2,30,2,2,0.0,0.0,0.0,0.0,21.0,4.0,0.0,4.0,0.0,0
1325,18328,4.0,11,0,3,44,4,3,0.0,0.0,0.0,0.0,26.0,8.0,0.0,8.0,1.0,1
1326,443,3.0,9,0,2,25,2,2,0.0,0.0,0.0,0.0,16.0,4.0,0.0,4.0,0.0,0
1327,3076,4.0,19,0,2,43,4,2,0.0,0.0,0.0,0.0,30.0,6.0,0.0,6.0,0.0,0
1328,19995,4.0,9,7,3,54,3,3,3.0,1.0,3.0,2.0,29.0,6.0,2.0,7.0,0.0,1
1329,15176,4.0,2,16,4,34,3,3,11.0,0.0,5.0,0.0,6.0,2.0,5.0,2.0,2.0,1
1330,376,3.0,8,0,1,27,3,2,0.0,0.0,0.0,0.0,16.0,5.0,0.0,5.0,0.0,0
1331,3460,4.0,27,6,1,97,4,5,5.0,0.0,1.0,0.0,59.0,14.0,1.0,14.0,2.0,0
1332,9579,4.0,15,14,2,83,4,4,10.0,0.0,4.0,0.0,46.0,9.0,4.0,9.0,0.0,0
1333,825,4.0,18,0,4,72,3,5,0.0,0.0,0.0,0.0,51.0,10.0,0.0,10.0,0.0,0
1334,7470,4.0,29,83,3,200,7,2,48.0,34.0,0.0,34.0,60.0,11.0,1.0,10.0,1.0,0
1335,704,3.0,5,0,1,20,2,2,0.0,0.0,0.0,0.0,14.0,3.0,0.0,2.0,0.0,0
1336,18965,3.0,4,5,1,23,2,3,4.0,0.0,1.0,0.0,11.0,3.0,1.0,2.0,0.0,1
1337,15558,4.0,3,12,4,35,3,4,6.0,1.0,5.0,2.0,9.0,2.0,4.0,3.0,2.0,1
1338,4012,4.0,6,1,1,31,5,1,0.0,1.0,0.0,0.0,17.0,6.0,1.0,5.0,0.0,0
1339,2655,4.0,10,58,2,96,4,1,45.0,10.0,2.0,11.0,19.0,3.0,1.0,4.0,0.0,0
1340,5477,4.0,12,6,2,56,4,2,5.0,0.0,1.0,1.0,33.0,6.0,0.0,7.0,2.0,0
1341,4950,4.0,10,0,2,32,2,1,0.0,0.0,0.0,0.0,25.0,3.0,0.0,3.0,0.0,0
1342,8293,5.0,36,48,4,206,8,3,13.0,31.0,3.0,34.0,90.0,14.0,1.0,16.0,3.0,0
1343,13265,4.0,17,0,1,59,4,7,0.0,0.0,0.0,0.0,41.0,8.0,0.0,7.0,2.0,1
1344,11036,4.0,33,6,3,116,7,3,3.0,0.0,2.0,0.0,74.0,16.0,3.0,15.0,2.0,1
1345,10437,4.0,16,2,2,62,4,5,1.0,0.0,1.0,0.0,44.0,6.0,1.0,6.0,2.0,1
1346,5838,4.0,12,0,1,47,4,4,0.0,0.0,0.0,0.0,28.0,8.0,0.0,8.0,2.0,0
1347,9252,3.0,4,7,1,24,2,3,6.0,0.0,1.0,1.0,9.0,3.0,0.0,3.0,0.0,0
1348,17678,4.0,36,7,3,125,8,3,4.0,0.0,2.0,0.0,78.0,18.0,3.0,17.0,2.0,1
1349,7599,4.0,7,3,1,31,4,1,0.0,3.0,0.0,2.0,17.0,4.0,1.0,3.0,0.0,0
1350,19095,3.0,8,0,1,20,1,0,0.0,0.0,0.0,0.0,17.0,1.0,0.0,1.0,0.0,1
1351,10812,4.0,21,2,2,78,4,7,1.0,0.0,1.0,0.0,46.0,13.0,1.0,13.0,2.0,1
1352,3442,4.0,28,0,6,80,3,2,0.0,0.0,0.0,0.0,61.0,9.0,0.0,9.0,0.0,0
1353,5973,4.0,12,13,1,55,3,5,9.0,0.0,3.0,0.0,31.0,4.0,4.0,3.0,0.0,0
1354,9950,3.0,18,0,3,67,3,5,0.0,0.0,0.0,0.0,48.0,9.0,0.0,9.0,0.0,0
1355,6820,4.0,7,0,2,22,2,1,0.0,0.0,0.0,0.0,16.0,3.0,0.0,2.0,0.0,0
1356,10038,3.0,8,0,3,30,2,1,0.0,0.0,0.0,0.0,21.0,4.0,0.0,4.0,0.0,1
1357,8698,4.0,24,8,1,97,4,7,5.0,0.0,3.0,0.0,58.0,13.0,3.0,12.0,2.0,0
1358,208,4.0,15,8,4,73,5,2,5.0,0.0,3.0,0.0,39.0,11.0,3.0,11.0,0.0,0
1359,2337,4.0,20,8,1,71,3,5,5.0,0.0,3.0,0.0,46.0,7.0,3.0,6.0,0.0,0
1360,15776,3.0,17,33,1,99,4,4,9.0,3.0,21.0,14.0,10.0,9.0,10.0,19.0,3.0,1
1361,4872,3.0,7,0,1,21,2,1,0.0,0.0,0.0,0.0,17.0,2.0,0.0,1.0,0.0,0
1362,3066,4.0,13,8,2,51,3,2,7.0,0.0,1.0,1.0,30.0,5.0,0.0,6.0,0.0,0
1363,16889,3.0,4,0,1,14,1,0,0.0,0.0,0.0,0.0,11.0,1.0,0.0,1.0,0.0,1
1364,11537,4.0,2,17,4,35,3,3,12.0,0.0,5.0,0.0,6.0,2.0,5.0,2.0,2.0,1
1365,5621,4.0,37,0,2,115,3,2,0.0,0.0,0.0,0.0,84.0,15.0,0.0,15.0,0.0,0
1366,4801,4.0,41,59,16,218,4,5,35.0,19.0,5.0,20.0,93.0,20.0,4.0,21.0,0.0,0
1367,3909,4.0,24,0,3,72,2,7,0.0,0.0,0.0,0.0,52.0,10.0,0.0,9.0,0.0,0
1368,13376,4.0,14,1,2,46,1,0,0.0,1.0,0.0,1.0,39.0,2.0,0.0,2.0,0.0,1
1369,7527,3.0,13,0,2,34,3,2,0.0,0.0,0.0,0.0,23.0,5.0,0.0,5.0,0.0,0
1370,15722,3.0,10,0,2,27,1,0,0.0,0.0,0.0,0.0,22.0,2.0,0.0,2.0,0.0,1
1371,17893,4.0,33,0,3,117,4,12,0.0,0.0,0.0,0.0,82.0,16.0,0.0,16.0,2.0,1
1372,14149,3.0,6,0,2,22,1,0,0.0,0.0,0.0,0.0,17.0,2.0,0.0,2.0,0.0,1
1373,703,4.0,9,4,1,43,3,4,3.0,0.0,1.0,0.0,27.0,5.0,1.0,5.0,0.0,0
1374,8865,4.0,38,15,4,164,7,2,4.0,1.0,10.0,2.0,89.0,20.0,8.0,21.0,8.0,0
1375,5172,3.0,18,0,2,53,3,2,0.0,0.0,0.0,0.0,37.0,8.0,0.0,7.0,0.0,0
1376,1934,4.0,21,13,2,78,6,3,11.0,0.0,1.0,0.0,42.0,11.0,2.0,10.0,0.0,0
1377,18740,4.0,9,1,2,30,1,0,0.0,1.0,0.0,1.0,23.0,2.0,0.0,2.0,0.0,1
1378,18456,4.0,18,0,3,49,3,2,0.0,0.0,0.0,0.0,35.0,7.0,0.0,6.0,0.0,1
1379,4694,3.0,9,0,2,25,2,2,0.0,0.0,0.0,0.0,16.0,4.0,0.0,4.0,0.0,0
1380,5165,4.0,9,6,2,44,4,1,5.0,0.0,0.0,0.0,28.0,5.0,1.0,4.0,0.0,0
1381,13465,4.0,2,13,4,31,3,3,8.0,0.0,5.0,0.0,6.0,2.0,5.0,2.0,2.0,1
1382,5526,4.0,19,0,2,53,4,2,0.0,0.0,0.0,0.0,38.0,7.0,0.0,7.0,0.0,0
1383,10500,4.0,17,3,2,65,4,7,2.0,0.0,1.0,1.0,41.0,8.0,0.0,9.0,2.0,1
1384,14187,4.0,28,3,3,96,8,3,1.0,0.0,1.0,0.0,60.0,15.0,2.0,14.0,2.0,1
1385,2804,4.0,23,1,2,83,6,1,0.0,0.0,1.0,0.0,56.0,12.0,1.0,12.0,0.0,0
1386,13726,4.0,5,4,2,27,2,2,3.0,0.0,0.0,1.0,14.0,4.0,0.0,4.0,0.0,1
1387,2702,4.0,22,6,3,70,3,3,4.0,0.0,2.0,0.0,47.0,7.0,2.0,7.0,0.0,0
1388,15971,3.0,2,17,4,35,3,3,12.0,0.0,5.0,0.0,6.0,2.0,5.0,2.0,2.0,1
1389,12973,4.0,19,0,3,67,7,3,0.0,0.0,0.0,0.0,44.0,10.0,0.0,10.0,2.0,1
1390,461,4.0,6,11,3,41,2,2,9.0,1.0,1.0,1.0,19.0,4.0,1.0,4.0,0.0,0
1391,13914,4.0,5,4,2,27,2,2,3.0,0.0,0.0,1.0,14.0,4.0,0.0,4.0,0.0,1
1392,753,4.0,6,6,2,29,2,1,4.0,1.0,1.0,1.0,17.0,2.0,1.0,1.0,0.0,0
1393,8156,3.0,4,1,1,15,2,1,0.0,1.0,0.0,1.0,8.0,2.0,0.0,2.0,0.0,0
1394,11900,4.0,21,4,3,81,7,3,2.0,0.0,1.0,0.0,48.0,13.0,2.0,12.0,2.0,1
1395,15405,3.0,2,14,4,32,3,3,9.0,0.0,5.0,0.0,6.0,2.0,5.0,2.0,2.0,1
1396,14953,3.0,4,0,3,21,3,2,0.0,0.0,0.0,0.0,10.0,5.0,0.0,4.0,1.0,1
1397,8013,4.0,25,10,3,106,4,4,8.0,0.0,2.0,0.0,57.0,17.0,2.0,17.0,2.0,0
1398,4129,4.0,14,0,5,58,3,4,0.0,0.0,0.0,0.0,37.0,10.0,0.0,10.0,0.0,0
1399,1049,4.0,5,4,1,27,4,1,3.0,0.0,0.0,0.0,16.0,3.0,1.0,2.0,1.0,0
1400,14789,5.0,35,31,3,238,8,3,6.0,25.0,0.0,24.0,153.0,14.0,1.0,12.0,2.0,1
1401,17635,4.0,11,9,4,74,5,8,5.0,1.0,2.0,2.0,37.0,11.0,2.0,11.0,2.0,1
1402,10513,3.0,10,0,1,26,1,0,0.0,0.0,0.0,0.0,23.0,1.0,0.0,1.0,0.0,1
1403,14355,4.0,30,5,3,99,8,3,3.0,0.0,1.0,0.0,63.0,14.0,2.0,13.0,2.0,1
1404,12544,3.0,13,0,2,33,3,2,0.0,0.0,0.0,0.0,22.0,5.0,0.0,5.0,0.0,1
1405,19648,3.0,8,0,3,39,3,3,0.0,0.0,0.0,0.0,26.0,5.0,0.0,5.0,2.0,1
1406,17689,3.0,6,0,2,19,2,2,0.0,0.0,0.0,0.0,11.0,4.0,0.0,3.0,0.0,1
1407,19514,4.0,8,0,3,35,3,2,0.0,0.0,0.0,0.0,23.0,5.0,0.0,5.0,1.0,1
1408,14435,4.0,39,6,2,130,7,4,3.0,0.0,3.0,0.0,86.0,16.0,3.0,16.0,2.0,1
1409,5825,4.0,28,6,2,113,6,4,4.0,0.0,2.0,0.0,65.0,17.0,2.0,16.0,6.0,0
1410,10533,4.0,13,3,2,52,4,5,2.0,0.0,1.0,0.0,34.0,6.0,1.0,5.0,2.0,1
1411,10824,4.0,18,3,4,76,6,5,2.0,0.0,1.0,1.0,48.0,10.0,0.0,11.0,2.0,1
1412,7828,4.0,17,5,1,60,3,3,4.0,0.0,0.0,1.0,36.0,9.0,0.0,9.0,0.0,0
1413,18766,5.0,56,62,15,293,10,5,48.0,3.0,10.0,0.0,136.0,39.0,14.0,35.0,7.0,1
1414,9988,4.0,18,6,2,65,3,3,5.0,0.0,1.0,0.0,43.0,7.0,1.0,7.0,0.0,0
1415,19834,4.0,8,2,3,36,3,2,1.0,0.0,1.0,1.0,22.0,4.0,0.0,5.0,1.0,1
1416,17341,3.0,6,0,1,19,1,0,0.0,0.0,0.0,0.0,16.0,1.0,0.0,1.0,0.0,1
1417,4617,3.0,6,0,4,30,2,1,0.0,0.0,0.0,0.0,19.0,5.0,0.0,5.0,0.0,0
1418,9276,3.0,5,0,1,20,2,2,0.0,0.0,0.0,0.0,14.0,3.0,0.0,2.0,0.0,0
1419,908,4.0,11,3,1,49,3,3,1.0,1.0,1.0,2.0,30.0,6.0,0.0,7.0,0.0,0
1420,8839,4.0,28,45,12,150,7,4,34.0,6.0,5.0,9.0,61.0,13.0,2.0,16.0,3.0,0
1421,13588,4.0,34,0,2,101,4,4,0.0,0.0,0.0,0.0,74.0,12.0,0.0,12.0,2.0,1
1422,2293,3.0,5,0,1,19,3,1,0.0,0.0,0.0,0.0,13.0,3.0,0.0,2.0,0.0,0
1423,8193,4.0,10,1,1,31,4,1,0.0,1.0,0.0,1.0,20.0,4.0,0.0,4.0,0.0,0
1424,1841,4.0,41,12,1,142,3,5,8.0,0.0,4.0,0.0,88.0,19.0,4.0,18.0,0.0,0
1425,6892,3.0,30,0,2,73,2,7,0.0,0.0,0.0,0.0,54.0,9.0,0.0,9.0,0.0,0
1426,7273,4.0,21,4,2,73,3,3,2.0,2.0,0.0,2.0,54.0,6.0,0.0,6.0,0.0,0
1427,5651,4.0,15,6,2,62,5,3,4.0,0.0,1.0,1.0,38.0,8.0,1.0,8.0,0.0,0
1428,3388,3.0,13,0,1,45,2,4,0.0,0.0,0.0,0.0,34.0,5.0,0.0,5.0,0.0,0
1429,8746,4.0,12,2,2,43,3,1,1.0,0.0,1.0,0.0,29.0,5.0,1.0,5.0,0.0,0
1430,6674,4.0,12,5,1,38,3,4,4.0,0.0,1.0,0.0,22.0,5.0,1.0,4.0,0.0,0
1431,17738,3.0,9,0,3,35,2,2,0.0,0.0,0.0,0.0,24.0,5.0,0.0,5.0,0.0,1
1432,12257,4.0,10,11,2,46,2,0,9.0,1.0,1.0,1.0,26.0,3.0,1.0,3.0,0.0,1
1433,4121,4.0,9,6,3,49,2,5,4.0,0.0,2.0,0.0,28.0,6.0,2.0,6.0,0.0,0
1434,19677,4.0,27,5,3,95,7,4,3.0,0.0,1.0,0.0,59.0,14.0,2.0,13.0,2.0,1
1435,1201,4.0,12,0,2,39,3,2,0.0,0.0,0.0,0.0,28.0,5.0,0.0,5.0,0.0,0
1436,18276,4.0,28,4,2,86,7,3,2.0,0.0,1.0,0.0,55.0,12.0,2.0,11.0,2.0,1
1437,8917,3.0,6,0,1,19,2,1,0.0,0.0,0.0,0.0,15.0,2.0,0.0,1.0,0.0,0
1438,111,4.0,10,0,2,35,3,1,0.0,0.0,0.0,0.0,24.0,5.0,0.0,5.0,0.0,0
1439,18219,4.0,30,0,3,93,4,6,0.0,0.0,0.0,0.0,70.0,10.0,0.0,10.0,2.0,1
1440,7229,3.0,11,0,1,25,2,1,0.0,0.0,0.0,0.0,20.0,2.0,0.0,2.0,0.0,0
1441,1701,3.0,9,0,2,26,2,2,0.0,0.0,0.0,0.0,17.0,4.0,0.0,4.0,0.0,0
1442,5879,3.0,7,0,1,19,2,1,0.0,0.0,0.0,0.0,15.0,2.0,0.0,1.0,0.0,0
1443,12726,4.0,4,0,3,35,4,3,0.0,0.0,0.0,0.0,20.0,6.0,0.0,6.0,2.0,1
1444,12428,4.0,21,25,2,116,7,3,12.0,12.0,0.0,12.0,55.0,11.0,1.0,10.0,2.0,1
1445,17795,3.0,6,0,2,27,2,2,0.0,0.0,0.0,0.0,18.0,4.0,0.0,4.0,0.0,1
1446,10393,3.0,2,0,3,25,1,0,0.0,0.0,0.0,0.0,18.0,3.0,0.0,3.0,0.0,1
1447,9767,4.0,23,4,1,88,4,6,3.0,0.0,1.0,0.0,54.0,13.0,1.0,13.0,2.0,0
1448,978,4.0,11,3,1,46,4,4,2.0,0.0,1.0,0.0,29.0,6.0,1.0,6.0,0.0,0
1449,16159,3.0,7,0,3,29,2,2,0.0,0.0,0.0,0.0,18.0,5.0,0.0,5.0,0.0,1
1450,14290,4.0,21,15,9,115,6,5,5.0,9.0,1.0,0.0,51.0,22.0,10.0,13.0,3.0,1
1451,16634,5.0,21,6,3,110,7,4,2.0,0.0,4.0,0.0,63.0,17.0,4.0,16.0,3.0,1
1452,14678,4.0,13,0,2,49,3,5,0.0,0.0,0.0,0.0,35.0,6.0,0.0,5.0,2.0,1
1453,7730,4.0,24,17,4,97,3,6,8.0,7.0,1.0,9.0,50.0,10.0,0.0,11.0,0.0,0
1454,7570,4.0,29,6,1,97,4,5,5.0,0.0,1.0,0.0,65.0,11.0,1.0,11.0,2.0,0
1455,6194,4.0,28,13,1,115,4,3,7.0,2.0,4.0,0.0,65.0,15.0,6.0,13.0,2.0,0
1456,15925,4.0,6,2,3,35,3,2,1.0,0.0,1.0,0.0,21.0,5.0,1.0,5.0,0.0,1
1457,6550,4.0,22,3,5,69,3,3,2.0,0.0,1.0,1.0,48.0,7.0,0.0,8.0,1.0,0
1458,18873,4.0,16,0,1,62,4,5,0.0,0.0,0.0,0.0,46.0,7.0,0.0,6.0,2.0,1
1459,12273,4.0,11,0,5,49,3,2,0.0,0.0,0.0,0.0,30.0,9.0,0.0,9.0,0.0,1
1460,9720,4.0,11,6,2,39,4,1,5.0,0.0,0.0,0.0,23.0,5.0,1.0,4.0,0.0,0
1461,4960,4.0,12,0,3,46,2,2,0.0,0.0,0.0,0.0,35.0,5.0,0.0,5.0,0.0,0
1462,19719,3.0,15,0,2,38,1,0,0.0,0.0,0.0,0.0,33.0,2.0,0.0,2.0,0.0,1
1463,6842,4.0,24,33,7,127,7,4,25.0,6.0,2.0,6.0,60.0,11.0,2.0,11.0,3.0,0
1464,12004,5.0,35,27,4,239,7,3,5.0,22.0,0.0,22.0,161.0,13.0,0.0,13.0,2.0,1
1465,19417,4.0,20,0,2,73,4,6,0.0,0.0,0.0,0.0,48.0,11.0,0.0,11.0,2.0,1
1466,8496,4.0,35,6,1,120,3,3,4.0,1.0,1.0,1.0,84.0,14.0,1.0,13.0,0.0,0
1467,4364,3.0,3,0,1,13,3,1,0.0,0.0,0.0,0.0,7.0,3.0,0.0,2.0,0.0,0
1468,1408,4.0,18,15,1,64,3,3,14.0,0.0,0.0,0.0,37.0,6.0,1.0,5.0,0.0,0
1469,7136,4.0,7,0,2,37,4,1,0.0,0.0,0.0,0.0,26.0,5.0,0.0,5.0,0.0,0
1470,14225,4.0,22,2,2,84,8,3,0.0,0.0,2.0,0.0,49.0,14.0,2.0,14.0,2.0,1
1471,8565,4.0,19,0,2,59,3,3,0.0,0.0,0.0,0.0,42.0,8.0,0.0,8.0,0.0,0
1472,10034,3.0,9,0,2,32,2,2,0.0,0.0,0.0,0.0,24.0,4.0,0.0,3.0,0.0,1
1473,13847,3.0,11,0,2,36,2,3,0.0,0.0,0.0,0.0,26.0,5.0,0.0,4.0,0.0,1
1474,15667,3.0,9,0,3,27,2,2,0.0,0.0,0.0,0.0,17.0,5.0,0.0,4.0,0.0,1
1475,13827,4.0,11,0,3,55,4,5,0.0,0.0,0.0,0.0,36.0,8.0,0.0,8.0,2.0,1
1476,12204,4.0,16,3,4,46,2,3,2.0,0.0,1.0,1.0,28.0,6.0,0.0,7.0,0.0,1
1477,8309,4.0,10,0,2,39,3,1,0.0,0.0,0.0,0.0,28.0,5.0,0.0,5.0,0.0,0
1478,11802,3.0,9,0,1,22,1,0,0.0,0.0,0.0,0.0,19.0,1.0,0.0,1.0,0.0,1
1479,3386,3.0,7,0,1,28,3,2,0.0,0.0,0.0,0.0,19.0,4.0,0.0,4.0,0.0,0
1480,7112,4.0,20,9,3,71,3,4,8.0,0.0,1.0,0.0,46.0,7.0,1.0,7.0,0.0,0
1481,7699,4.0,10,0,2,41,3,2,0.0,0.0,0.0,0.0,30.0,5.0,0.0,5.0,0.0,0
1482,16418,4.0,11,0,2,40,3,4,0.0,0.0,0.0,0.0,27.0,5.0,0.0,5.0,2.0,1
1483,9248,4.0,11,8,2,45,3,2,7.0,0.0,1.0,1.0,26.0,4.0,0.0,5.0,0.0,0
1484,13824,3.0,10,0,2,25,2,1,0.0,0.0,0.0,0.0,18.0,3.0,0.0,3.0,0.0,1
1485,18894,4.0,33,8,3,126,8,3,5.0,0.0,3.0,0.0,80.0,16.0,3.0,16.0,2.0,1
1486,10274,4.0,8,0,3,37,2,3,0.0,0.0,0.0,0.0,24.0,6.0,0.0,6.0,0.0,1
1487,4641,4.0,23,3,5,98,6,2,0.0,3.0,0.0,3.0,66.0,13.0,0.0,12.0,0.0,0
1488,11979,3.0,8,0,1,20,1,0,0.0,0.0,0.0,0.0,17.0,1.0,0.0,1.0,0.0,1
1489,13241,4.0,17,8,3,91,7,5,5.0,0.0,2.0,0.0,51.0,14.0,3.0,13.0,2.0,1
1490,2416,4.0,11,2,2,39,3,2,1.0,0.0,0.0,0.0,21.0,8.0,1.0,7.0,0.0,0
1491,9189,3.0,6,0,2,19,2,1,0.0,0.0,0.0,0.0,13.0,3.0,0.0,2.0,0.0,0
1492,13209,4.0,33,4,2,109,7,3,1.0,0.0,2.0,0.0,71.0,15.0,3.0,14.0,2.0,1
1493,1614,3.0,7,0,2,28,3,1,0.0,0.0,0.0,0.0,19.0,4.0,0.0,4.0,0.0,0
1494,19079,4.0,22,3,2,77,7,3,1.0,0.0,1.0,0.0,47.0,12.0,2.0,11.0,2.0,1
1495,11215,4.0,14,0,3,60,3,8,0.0,0.0,0.0,0.0,38.0,10.0,0.0,9.0,2.0,1
1496,12276,4.0,29,5,4,97,7,3,3.0,0.0,1.0,0.0,61.0,14.0,2.0,13.0,2.0,1
1497,13161,4.0,24,3,3,92,7,3,1.0,0.0,1.0,0.0,60.0,13.0,2.0,12.0,2.0,1
1498,14147,4.0,7,4,1,24,2,0,3.0,0.0,1.0,0.0,16.0,1.0,1.0,1.0,0.0,1
1499,7335,4.0,10,0,1,36,3,1,0.0,0.0,0.0,0.0,21.0,6.0,0.0,6.0,2.0,0
1500,8618,4.0,12,0,2,48,4,3,0.0,0.0,0.0,0.0,30.0,9.0,0.0,8.0,0.0,0
1501,18156,3.0,13,23,1,72,4,4,7.0,1.0,15.0,10.0,9.0,6.0,6.0,14.0,3.0,1
1502,16053,4.0,15,2,4,51,2,4,1.0,0.0,1.0,1.0,32.0,7.0,0.0,8.0,0.0,1
1503,1972,4.0,7,0,1,31,4,1,0.0,0.0,0.0,0.0,22.0,4.0,0.0,4.0,0.0,0
1504,16301,4.0,10,16,3,77,6,5,8.0,6.0,2.0,8.0,30.0,9.0,0.0,11.0,2.0,1
1505,2366,4.0,8,0,1,29,3,4,0.0,0.0,0.0,0.0,18.0,4.0,0.0,4.0,2.0,0
1506,11074,3.0,6,0,3,26,3,1,0.0,0.0,0.0,0.0,15.0,5.0,0.0,5.0,0.0,1
1507,16674,4.0,20,2,4,80,8,3,1.0,0.0,0.0,0.0,48.0,14.0,1.0,13.0,2.0,1
1508,15652,4.0,21,1,3,97,7,5,0.0,0.0,1.0,0.0,61.0,16.0,1.0,15.0,2.0,1
1509,10547,3.0,11,0,3,37,2,1,0.0,0.0,0.0,0.0,28.0,4.0,0.0,4.0,0.0,1
1510,16459,4.0,32,3,3,122,8,3,0.0,0.0,2.0,0.0,81.0,17.0,3.0,16.0,2.0,1
1511,11194,4.0,25,2,3,88,7,3,0.0,0.0,1.0,0.0,53.0,15.0,2.0,14.0,2.0,1
1512,4786,4.0,6,4,1,29,2,2,3.0,0.0,0.0,0.0,19.0,3.0,1.0,2.0,0.0,0
1513,3996,4.0,17,0,2,55,3,3,0.0,0.0,0.0,0.0,40.0,7.0,0.0,7.0,0.0,0
1514,8064,4.0,10,2,2,38,2,4,0.0,2.0,0.0,2.0,22.0,6.0,0.0,5.0,0.0,0
1515,7074,4.0,10,25,6,90,7,5,18.0,3.0,3.0,5.0,30.0,12.0,2.0,13.0,3.0,0
1516,16886,4.0,20,4,2,76,7,3,2.0,0.0,1.0,0.0,45.0,12.0,2.0,11.0,2.0,1
1517,7540,3.0,11,0,2,27,2,2,0.0,0.0,0.0,0.0,18.0,4.0,0.0,4.0,0.0,0
1518,4913,4.0,7,2,1,31,4,1,0.0,2.0,0.0,2.0,18.0,4.0,0.0,4.0,0.0,0
1519,3679,4.0,8,0,1,31,4,2,0.0,0.0,0.0,0.0,20.0,5.0,0.0,5.0,0.0,0
1520,17468,4.0,7,3,4,46,5,3,2.0,0.0,0.0,0.0,25.0,8.0,1.0,7.0,2.0,1
1521,14654,5.0,48,29,3,267,9,4,1.0,28.0,0.0,25.0,175.0,16.0,3.0,12.0,6.0,1
1522,11532,3.0,8,0,1,22,2,0,0.0,0.0,0.0,0.0,15.0,3.0,0.0,3.0,0.0,1
1523,8350,4.0,23,6,1,85,3,4,4.0,0.0,2.0,0.0,59.0,9.0,2.0,8.0,0.0,0
1524,14410,4.0,8,88,2,238,9,5,50.0,10.0,27.0,0.0,70.0,24.0,38.0,13.0,5.0,1
1525,18476,4.0,13,0,2,55,4,5,0.0,0.0,0.0,0.0,38.0,7.0,0.0,7.0,2.0,1
1526,16142,3.0,10,0,3,41,3,3,0.0,0.0,0.0,0.0,28.0,5.0,0.0,5.0,2.0,1
1527,14155,4.0,15,1,2,71,7,3,0.0,0.0,1.0,0.0,47.0,10.0,1.0,9.0,2.0,1
1528,4106,3.0,3,0,1,13,2,1,0.0,0.0,0.0,0.0,9.0,2.0,0.0,1.0,0.0,0
1529,15146,3.0,7,0,1,15,1,0,0.0,0.0,0.0,0.0,12.0,1.0,0.0,1.0,0.0,1
1530,8836,3.0,15,0,1,41,3,2,0.0,0.0,0.0,0.0,32.0,4.0,0.0,4.0,0.0,0
1531,14625,4.0,27,4,4,91,7,3,2.0,0.0,1.0,0.0,56.0,14.0,2.0,13.0,2.0,1
1532,216,4.0,10,0,1,37,2,4,0.0,0.0,0.0,0.0,27.0,5.0,0.0,4.0,0.0,0
1533,17263,3.0,4,0,1,12,1,0,0.0,0.0,0.0,0.0,9.0,1.0,0.0,1.0,0.0,1
1534,4970,2.0,1,0,1,8,2,1,0.0,0.0,0.0,0.0,4.0,2.0,0.0,1.0,0.0,0
1535,19469,4.0,39,3,3,142,8,3,0.0,0.0,2.0,0.0,92.0,21.0,3.0,20.0,3.0,1
1536,5531,5.0,25,35,3,175,6,5,19.0,6.0,10.0,0.0,72.0,21.0,16.0,15.0,15.0,0
1537,5511,4.0,22,0,2,59,3,2,0.0,0.0,0.0,0.0,42.0,8.0,0.0,8.0,0.0,0
1538,1670,4.0,25,3,1,97,4,6,2.0,0.0,1.0,0.0,63.0,14.0,1.0,13.0,2.0,0
1539,15648,4.0,13,0,5,52,3,1,0.0,0.0,0.0,0.0,37.0,7.0,0.0,7.0,0.0,1
1540,6101,4.0,18,27,1,76,4,3,17.0,8.0,2.0,8.0,31.0,4.0,2.0,3.0,0.0,0
1541,6395,3.0,8,0,1,23,2,1,0.0,0.0,0.0,0.0,18.0,2.0,0.0,2.0,0.0,0
1542,4707,4.0,16,0,1,52,5,2,0.0,0.0,0.0,0.0,39.0,6.0,0.0,5.0,1.0,0
1543,8729,4.0,24,48,1,147,5,6,17.0,6.0,25.0,14.0,21.0,17.0,17.0,25.0,4.0,0
1544,5608,4.0,17,10,3,74,2,7,7.0,0.0,3.0,1.0,45.0,7.0,2.0,8.0,0.0,0
1545,3360,4.0,27,6,1,83,3,4,4.0,0.0,2.0,0.0,56.0,9.0,2.0,9.0,0.0,0
1546,16042,4.0,8,1,1,33,2,0,0.0,1.0,0.0,1.0,26.0,2.0,0.0,2.0,0.0,1
1547,14991,3.0,8,0,3,33,2,3,0.0,0.0,0.0,0.0,21.0,6.0,0.0,5.0,0.0,1
1548,8093,4.0,17,0,1,53,3,3,0.0,0.0,0.0,0.0,39.0,7.0,0.0,6.0,0.0,0
1549,14016,4.0,23,2,4,82,7,3,0.0,0.0,1.0,0.0,49.0,14.0,2.0,13.0,2.0,1
1550,17112,4.0,13,5,3,53,4,5,3.0,1.0,1.0,2.0,29.0,7.0,0.0,7.0,2.0,1
1551,4878,5.0,16,11,2,73,8,1,9.0,1.0,1.0,0.0,43.0,8.0,2.0,7.0,1.0,0
1552,3804,4.0,13,0,2,43,3,1,0.0,0.0,0.0,0.0,28.0,7.0,0.0,7.0,0.0,0
1553,14728,4.0,18,3,3,70,4,6,2.0,0.0,0.0,0.0,45.0,10.0,1.0,9.0,2.0,1
1554,15744,4.0,5,10,2,37,3,4,9.0,0.0,1.0,1.0,15.0,4.0,0.0,4.0,2.0,1
1555,6486,3.0,15,0,1,42,3,3,0.0,0.0,0.0,0.0,28.0,7.0,0.0,6.0,0.0,0
1556,19453,4.0,26,4,4,89,7,3,2.0,0.0,1.0,0.0,54.0,14.0,2.0,13.0,2.0,1
1557,6293,4.0,27,2,3,95,3,4,1.0,0.0,1.0,0.0,63.0,14.0,1.0,13.0,1.0,0
1558,12339,4.0,17,2,2,64,6,4,1.0,0.0,0.0,0.0,40.0,10.0,1.0,9.0,2.0,1
1559,7663,3.0,3,0,1,12,2,1,0.0,0.0,0.0,0.0,8.0,2.0,0.0,1.0,0.0,0
1560,19582,4.0,12,8,3,61,4,7,5.0,0.0,2.0,0.0,31.0,9.0,3.0,8.0,2.0,1
1561,7304,3.0,8,0,2,27,2,3,0.0,0.0,0.0,0.0,17.0,5.0,0.0,4.0,0.0,0
1562,5076,3.0,6,0,1,17,2,1,0.0,0.0,0.0,0.0,13.0,2.0,0.0,1.0,0.0,0
1563,8253,4.0,27,10,1,106,3,4,5.0,1.0,3.0,1.0,64.0,14.0,4.0,13.0,0.0,0
1564,14840,4.0,6,0,4,37,3,3,0.0,0.0,0.0,0.0,22.0,6.0,0.0,6.0,2.0,1
1565,4696,4.0,22,2,2,65,3,7,1.0,0.0,1.0,1.0,43.0,9.0,0.0,9.0,0.0,0
1566,7576,3.0,11,0,1,33,2,3,0.0,0.0,0.0,0.0,25.0,4.0,0.0,3.0,0.0,0
1567,8116,4.0,39,6,2,122,7,3,2.0,3.0,1.0,2.0,81.0,15.0,2.0,14.0,1.0,0
1568,2297,4.0,21,4,2,73,3,3,2.0,2.0,0.0,2.0,54.0,6.0,0.0,6.0,0.0,0
1569,1642,4.0,17,38,3,110,5,1,23.0,13.0,2.0,15.0,41.0,6.0,0.0,8.0,1.0,0
1570,9606,4.0,9,0,2,31,3,2,0.0,0.0,0.0,0.0,21.0,5.0,0.0,4.0,0.0,0
1571,7546,4.0,15,6,2,48,3,2,4.0,1.0,1.0,1.0,29.0,5.0,1.0,5.0,0.0,0
1572,10205,3.0,7,0,1,18,1,0,0.0,0.0,0.0,0.0,15.0,1.0,0.0,1.0,0.0,1
1573,10621,4.0,23,41,5,157,7,8,24.0,16.0,0.0,16.0,62.0,17.0,1.0,16.0,4.0,1
1574,763,4.0,13,0,2,43,3,2,0.0,0.0,0.0,0.0,30.0,6.0,0.0,6.0,0.0,0
1575,15799,3.0,7,0,2,27,2,2,0.0,0.0,0.0,0.0,19.0,4.0,0.0,3.0,0.0,1
1576,11275,4.0,32,0,2,103,4,5,0.0,0.0,0.0,0.0,74.0,13.0,0.0,13.0,2.0,1
1577,9299,4.0,19,0,1,50,3,2,0.0,0.0,0.0,0.0,37.0,6.0,0.0,6.0,0.0,0
1578,14242,3.0,16,0,7,60,3,5,0.0,0.0,0.0,0.0,35.0,11.0,0.0,11.0,2.0,1
1579,8395,4.0,29,1,2,84,4,8,0.0,0.0,1.0,1.0,56.0,11.0,0.0,12.0,2.0,0
1580,644,4.0,11,0,3,33,3,2,0.0,0.0,0.0,0.0,20.0,6.0,0.0,6.0,0.0,0
1581,10935,4.0,4,11,3,33,3,4,6.0,0.0,4.0,1.0,11.0,2.0,4.0,2.0,2.0,1
1582,12307,4.0,52,7,3,183,8,3,3.0,0.0,3.0,0.0,120.0,25.0,4.0,24.0,3.0,1
1583,3297,3.0,5,0,1,18,2,1,0.0,0.0,0.0,0.0,14.0,2.0,0.0,1.0,0.0,0
1584,12218,4.0,15,0,2,57,7,3,0.0,0.0,0.0,0.0,36.0,9.0,0.0,9.0,2.0,1
1585,18930,4.0,10,4,3,50,3,6,3.0,0.0,0.0,0.0,28.0,8.0,1.0,7.0,2.0,1
1586,2340,4.0,16,1,2,58,2,2,0.0,0.0,1.0,1.0,48.0,3.0,0.0,4.0,0.0,0
1587,17452,4.0,50,6,3,177,8,3,2.0,0.0,3.0,0.0,120.0,23.0,4.0,22.0,2.0,1
1588,7430,4.0,8,2,2,36,2,5,0.0,0.0,2.0,0.0,21.0,5.0,2.0,5.0,0.0,0
1589,2913,3.0,6,0,1,21,2,1,0.0,0.0,0.0,0.0,17.0,2.0,0.0,1.0,0.0,0
1590,3351,4.0,20,1,1,64,3,3,0.0,1.0,0.0,1.0,47.0,7.0,0.0,7.0,0.0,0
1591,2390,4.0,19,5,2,77,3,2,4.0,0.0,0.0,0.0,48.0,12.0,1.0,11.0,0.0,0
1592,7004,4.0,7,0,2,28,2,1,0.0,0.0,0.0,0.0,21.0,3.0,0.0,3.0,0.0,0
1593,12447,4.0,20,4,2,68,4,6,3.0,0.0,1.0,1.0,45.0,7.0,0.0,8.0,2.0,1
1594,18001,4.0,22,4,3,87,7,3,2.0,0.0,1.0,0.0,54.0,13.0,2.0,12.0,2.0,1
1595,7207,3.0,9,0,2,33,2,3,0.0,0.0,0.0,0.0,22.0,5.0,0.0,5.0,0.0,0
1596,8757,4.0,25,7,1,79,3,4,6.0,0.0,1.0,1.0,52.0,9.0,0.0,9.0,0.0,0
1597,2477,4.0,21,1,5,70,4,8,0.0,0.0,1.0,1.0,38.0,13.0,0.0,14.0,2.0,0
1598,9414,3.0,8,0,1,29,3,2,0.0,0.0,0.0,0.0,18.0,5.0,0.0,5.0,0.0,0
1599,11967,3.0,27,0,1,69,3,8,0.0,0.0,0.0,0.0,50.0,8.0,0.0,8.0,2.0,1
1600,17199,4.0,20,2,3,79,7,3,0.0,0.0,1.0,0.0,46.0,14.0,2.0,13.0,2.0,1
1601,4558,3.0,7,0,1,22,2,1,0.0,0.0,0.0,0.0,17.0,2.0,0.0,2.0,0.0,0
1602,14245,4.0,17,11,2,67,3,6,9.0,0.0,2.0,0.0,41.0,5.0,2.0,5.0,2.0,1
1603,7904,4.0,13,14,1,61,3,3,13.0,0.0,1.0,0.0,32.0,7.0,1.0,6.0,0.0,0
1604,15849,4.0,33,7,4,114,7,3,4.0,0.0,2.0,0.0,69.0,17.0,3.0,16.0,2.0,1
1605,9273,4.0,21,15,1,83,6,3,13.0,0.0,1.0,0.0,46.0,9.0,2.0,8.0,3.0,0
1606,8815,4.0,11,12,4,55,2,4,9.0,0.0,3.0,1.0,28.0,5.0,2.0,6.0,0.0,0
1607,7039,3.0,6,0,1,18,2,1,0.0,0.0,0.0,0.0,14.0,2.0,0.0,1.0,0.0,0
1608,9849,3.0,6,0,1,18,2,1,0.0,0.0,0.0,0.0,14.0,2.0,0.0,1.0,0.0,0
1609,6021,2.0,4,0,1,10,2,1,0.0,0.0,0.0,0.0,6.0,2.0,0.0,1.0,0.0,0
1610,1126,4.0,10,5,1,38,3,3,4.0,1.0,0.0,1.0,21.0,5.0,0.0,5.0,0.0,0
1611,15018,4.0,8,1,4,39,4,1,0.0,0.0,1.0,1.0,23.0,6.0,0.0,7.0,0.0,1
1612,7308,4.0,18,5,2,63,6,2,3.0,0.0,1.0,0.0,39.0,9.0,2.0,8.0,0.0,0
1613,19627,4.0,10,7,2,37,2,0,5.0,1.0,1.0,0.0,20.0,4.0,2.0,3.0,0.0,1
1614,6634,4.0,23,8,3,90,3,5,5.0,0.0,3.0,0.0,56.0,11.0,3.0,11.0,0.0,0
1615,15793,4.0,40,5,2,126,8,3,2.0,0.0,2.0,0.0,79.0,19.0,3.0,18.0,2.0,1
1616,13219,4.0,36,9,2,145,8,3,4.0,0.0,4.0,1.0,86.0,21.0,4.0,21.0,3.0,1
1617,17911,3.0,15,0,3,49,3,6,0.0,0.0,0.0,0.0,31.0,8.0,0.0,7.0,2.0,1
1618,1669,3.0,11,0,2,29,2,1,0.0,0.0,0.0,0.0,23.0,3.0,0.0,2.0,0.0,0
1619,16853,4.0,32,8,3,125,8,3,5.0,0.0,3.0,0.0,77.0,17.0,3.0,17.0,2.0,1
1620,8344,4.0,7,7,3,41,4,2,6.0,0.0,0.0,0.0,20.0,7.0,1.0,6.0,0.0,0
1621,8176,3.0,9,0,2,29,2,1,0.0,0.0,0.0,0.0,23.0,3.0,0.0,2.0,0.0,0
1622,11585,3.0,5,0,2,26,2,2,0.0,0.0,0.0,0.0,18.0,4.0,0.0,3.0,0.0,1
1623,17331,4.0,32,3,3,103,4,5,2.0,0.0,1.0,0.0,70.0,13.0,1.0,13.0,2.0,1
1624,11610,4.0,3,10,3,32,3,4,6.0,0.0,4.0,0.0,11.0,2.0,4.0,2.0,2.0,1
1625,3898,4.0,20,6,2,85,7,3,4.0,0.0,1.0,0.0,50.0,13.0,2.0,12.0,2.0,0
1626,6744,4.0,10,0,1,26,3,1,0.0,0.0,0.0,0.0,19.0,3.0,0.0,3.0,0.0,0
1627,7919,4.0,8,0,2,31,2,1,0.0,0.0,0.0,0.0,24.0,3.0,0.0,3.0,0.0,0
1628,6156,4.0,31,12,2,104,4,1,10.0,0.0,2.0,2.0,67.0,10.0,0.0,12.0,0.0,0
1629,3312,3.0,14,0,2,35,3,2,0.0,0.0,0.0,0.0,24.0,5.0,0.0,5.0,0.0,0
1630,479,4.0,17,2,1,58,5,2,1.0,1.0,0.0,0.0,43.0,6.0,1.0,5.0,0.0,0
1631,1596,4.0,24,1,1,96,4,9,0.0,0.0,1.0,1.0,70.0,10.0,0.0,11.0,2.0,0
1632,14813,4.0,7,6,3,45,4,4,4.0,1.0,1.0,0.0,23.0,6.0,2.0,5.0,2.0,1
1633,8915,4.0,9,3,4,37,2,2,2.0,0.0,1.0,1.0,21.0,5.0,0.0,6.0,0.0,0
1634,17662,3.0,6,0,3,42,3,4,0.0,0.0,0.0,0.0,25.0,8.0,0.0,8.0,0.0,1
1635,5715,4.0,11,2,2,40,5,1,1.0,0.0,0.0,0.0,24.0,7.0,1.0,6.0,0.0,0
1636,1786,4.0,10,30,2,72,2,6,21.0,7.0,2.0,7.0,21.0,6.0,2.0,5.0,0.0,0
1637,8254,4.0,12,0,1,39,3,2,0.0,0.0,0.0,0.0,31.0,4.0,0.0,3.0,0.0,0
1638,19793,4.0,10,3,2,49,4,4,1.0,0.0,1.0,0.0,31.0,6.0,2.0,5.0,2.0,1
1639,15354,4.0,14,2,2,58,5,6,1.0,1.0,0.0,0.0,35.0,9.0,1.0,8.0,2.0,1
1640,19076,3.0,9,0,2,20,1,0,0.0,0.0,0.0,0.0,15.0,2.0,0.0,2.0,0.0,1
1641,13730,4.0,30,4,3,103,7,4,2.0,0.0,1.0,0.0,68.0,14.0,2.0,13.0,2.0,1
1642,8040,4.0,10,0,1,28,3,2,0.0,0.0,0.0,0.0,19.0,4.0,0.0,4.0,0.0,0
1643,12947,4.0,35,2,4,120,8,4,0.0,0.0,1.0,0.0,79.0,18.0,2.0,17.0,2.0,1
1644,883,4.0,23,3,4,75,5,3,1.0,0.0,2.0,1.0,53.0,8.0,1.0,8.0,0.0,0
1645,543,5.0,72,53,3,371,9,3,13.0,37.0,3.0,33.0,230.0,24.0,7.0,20.0,3.0,0
1646,11456,3.0,10,0,2,27,1,0,0.0,0.0,0.0,0.0,22.0,2.0,0.0,2.0,0.0,1
1647,4919,4.0,9,7,2,45,3,5,4.0,0.0,2.0,1.0,23.0,6.0,2.0,6.0,0.0,0
1648,18797,4.0,19,1,3,69,7,3,0.0,0.0,0.0,0.0,42.0,12.0,1.0,11.0,2.0,1
1649,1977,4.0,11,7,3,35,2,2,6.0,0.0,0.0,0.0,18.0,5.0,1.0,4.0,0.0,0
1650,13636,4.0,16,11,2,83,4,4,7.0,0.0,3.0,0.0,45.0,11.0,4.0,10.0,2.0,1
1651,4457,3.0,11,0,2,33,2,1,0.0,0.0,0.0,0.0,27.0,3.0,0.0,2.0,0.0,0
1652,18863,3.0,2,16,4,34,3,3,11.0,0.0,5.0,0.0,6.0,2.0,5.0,2.0,2.0,1
1653,2160,3.0,13,0,1,35,3,3,0.0,0.0,0.0,0.0,25.0,5.0,0.0,4.0,0.0,0
1654,7820,4.0,24,2,1,90,4,5,1.0,0.0,1.0,0.0,57.0,14.0,1.0,13.0,2.0,0
1655,16313,4.0,13,4,2,58,5,5,1.0,2.0,1.0,2.0,33.0,7.0,1.0,7.0,3.0,1
1656,14930,4.0,15,0,3,71,5,4,0.0,0.0,0.0,0.0,48.0,11.0,0.0,11.0,0.0,1
1657,18585,3.0,8,0,3,40,2,3,0.0,0.0,0.0,0.0,27.0,6.0,0.0,6.0,0.0,1
1658,5434,3.0,9,0,2,26,2,1,0.0,0.0,0.0,0.0,19.0,3.0,0.0,3.0,0.0,0
1659,17667,4.0,12,1,3,46,5,3,0.0,0.0,1.0,1.0,28.0,6.0,0.0,7.0,2.0,1
1660,18998,4.0,7,4,2,40,3,4,1.0,3.0,0.0,3.0,20.0,5.0,0.0,5.0,2.0,1
1661,17171,4.0,27,5,5,100,7,3,3.0,0.0,1.0,0.0,60.0,16.0,2.0,15.0,2.0,1
1662,510,4.0,54,6,2,170,3,1,4.0,0.0,2.0,0.0,119.0,21.0,2.0,21.0,0.0,0
1663,13197,4.0,23,5,3,91,7,3,3.0,0.0,2.0,0.0,53.0,14.0,2.0,14.0,2.0,1
1664,8194,4.0,26,4,2,107,6,4,2.0,0.0,2.0,0.0,61.0,17.0,2.0,16.0,6.0,0
1665,839,3.0,6,2,1,23,2,2,0.0,1.0,1.0,1.0,15.0,2.0,0.0,2.0,0.0,0
1666,15322,3.0,6,0,3,30,3,2,0.0,0.0,0.0,0.0,18.0,5.0,0.0,5.0,1.0,1
1667,19709,4.0,13,6,3,67,6,5,5.0,0.0,1.0,0.0,37.0,10.0,1.0,10.0,2.0,1
1668,12525,4.0,9,0,2,43,3,5,0.0,0.0,0.0,0.0,28.0,6.0,0.0,6.0,2.0,1
1669,4839,3.0,13,0,2,32,2,3,0.0,0.0,0.0,0.0,22.0,5.0,0.0,4.0,0.0,0
1670,4889,4.0,16,6,1,52,2,4,5.0,0.0,0.0,0.0,36.0,5.0,1.0,4.0,0.0,0
1671,17228,4.0,7,7,2,37,2,4,4.0,1.0,2.0,2.0,18.0,4.0,1.0,4.0,0.0,1
1672,762,4.0,15,0,6,54,2,2,0.0,0.0,0.0,0.0,37.0,8.0,0.0,8.0,0.0,0
1673,11012,4.0,15,23,3,76,4,4,12.0,10.0,1.0,10.0,27.0,6.0,1.0,6.0,2.0,1
1674,16286,4.0,28,8,6,141,8,9,0.0,6.0,2.0,2.0,74.0,24.0,6.0,20.0,6.0,1
1675,4840,4.0,18,0,4,63,3,3,0.0,0.0,0.0,0.0,44.0,9.0,0.0,9.0,0.0,0
1676,8358,4.0,17,2,3,68,5,4,1.0,1.0,0.0,0.0,44.0,10.0,1.0,9.0,1.0,0
1677,7076,3.0,6,0,1,19,2,1,0.0,0.0,0.0,0.0,15.0,2.0,0.0,1.0,0.0,0
1678,1142,4.0,7,0,1,31,5,1,0.0,0.0,0.0,0.0,20.0,5.0,0.0,5.0,0.0,0
1679,6189,4.0,8,5,2,35,2,2,3.0,1.0,1.0,1.0,21.0,3.0,1.0,3.0,0.0,0
1680,14860,3.0,3,0,3,31,3,3,0.0,0.0,0.0,0.0,18.0,5.0,0.0,5.0,2.0,1
1681,9500,4.0,13,0,2,55,3,4,0.0,0.0,0.0,0.0,38.0,8.0,0.0,8.0,0.0,0
1682,5461,3.0,10,0,2,36,2,1,0.0,0.0,0.0,0.0,29.0,3.0,0.0,3.0,0.0,0
1683,16987,4.0,41,8,3,141,8,3,5.0,0.0,3.0,0.0,89.0,19.0,3.0,19.0,2.0,1
1684,5156,3.0,11,0,2,30,2,2,0.0,0.0,0.0,0.0,22.0,4.0,0.0,3.0,0.0,0
1685,1801,4.0,8,7,2,39,3,5,4.0,0.0,2.0,0.0,18.0,6.0,3.0,5.0,0.0,0
1686,4756,3.0,8,0,2,27,2,1,0.0,0.0,0.0,0.0,20.0,3.0,0.0,3.0,0.0,0
1687,15413,3.0,7,1,3,29,2,2,0.0,0.0,1.0,1.0,18.0,4.0,0.0,4.0,0.0,1
1688,8909,5.0,73,48,3,371,9,3,9.0,33.0,6.0,30.0,235.0,24.0,9.0,21.0,3.0,0
1689,10528,4.0,28,4,3,106,8,5,1.0,0.0,2.0,0.0,69.0,14.0,3.0,13.0,3.0,1
1690,530,4.0,9,0,1,26,3,2,0.0,0.0,0.0,0.0,18.0,4.0,0.0,3.0,0.0,0
1691,1919,3.0,8,0,1,29,3,2,0.0,0.0,0.0,0.0,21.0,4.0,0.0,3.0,0.0,0
1692,16249,5.0,32,18,2,182,7,5,2.0,15.0,1.0,15.0,123.0,11.0,1.0,10.0,3.0,1
1693,18055,4.0,48,5,3,174,7,4,2.0,0.0,3.0,0.0,118.0,23.0,3.0,22.0,2.0,1
1694,14176,4.0,37,19,2,155,8,3,9.0,0.0,9.0,0.0,84.0,20.0,10.0,19.0,3.0,1
1695,10475,5.0,21,9,3,127,7,5,1.0,8.0,0.0,8.0,83.0,12.0,0.0,12.0,2.0,1
1696,1949,4.0,20,9,1,70,3,3,8.0,1.0,0.0,0.0,44.0,8.0,1.0,7.0,0.0,0
1697,19056,4.0,11,0,1,41,3,3,0.0,0.0,0.0,0.0,32.0,3.0,0.0,3.0,2.0,1
1698,12169,4.0,24,4,2,93,8,3,1.0,0.0,2.0,0.0,57.0,14.0,3.0,13.0,2.0,1
1699,10960,4.0,7,22,2,63,3,3,14.0,8.0,0.0,8.0,20.0,5.0,0.0,5.0,2.0,1
1700,17661,3.0,8,0,2,33,2,3,0.0,0.0,0.0,0.0,23.0,5.0,0.0,4.0,0.0,1
1701,13733,3.0,8,21,1,63,4,4,7.0,0.0,14.0,9.0,8.0,4.0,5.0,12.0,3.0,1
1702,12627,4.0,45,5,3,151,7,3,2.0,0.0,3.0,0.0,99.0,21.0,3.0,20.0,2.0,1
1703,19729,4.0,3,14,4,38,3,4,8.0,1.0,4.0,2.0,10.0,3.0,4.0,3.0,2.0,1
1704,18352,4.0,25,1,3,87,4,5,0.0,0.0,1.0,0.0,54.0,14.0,1.0,14.0,2.0,1
1705,6341,4.0,11,2,2,35,3,2,1.0,1.0,0.0,0.0,20.0,6.0,1.0,5.0,0.0,0
1706,9929,4.0,18,5,2,57,3,3,4.0,0.0,1.0,0.0,38.0,6.0,1.0,6.0,0.0,0
1707,12304,3.0,1,11,3,25,3,3,6.0,0.0,4.0,1.0,5.0,1.0,4.0,1.0,2.0,1
1708,10163,4.0,4,12,4,38,3,4,7.0,0.0,4.0,1.0,13.0,3.0,4.0,3.0,2.0,1
1709,7894,4.0,23,20,1,100,3,6,13.0,6.0,1.0,0.0,53.0,12.0,7.0,6.0,1.0,0
1710,1903,3.0,5,0,1,16,2,1,0.0,0.0,0.0,0.0,12.0,2.0,0.0,1.0,0.0,0
1711,11919,3.0,6,0,2,29,3,2,0.0,0.0,0.0,0.0,20.0,3.0,0.0,3.0,2.0,1
1712,6679,3.0,8,0,2,33,2,3,0.0,0.0,0.0,0.0,22.0,5.0,0.0,5.0,0.0,0
1713,15570,3.0,7,0,2,32,3,3,0.0,0.0,0.0,0.0,20.0,6.0,0.0,5.0,0.0,1
1714,11259,4.0,27,3,2,87,7,3,1.0,0.0,1.0,0.0,57.0,12.0,2.0,11.0,2.0,1
1715,1183,4.0,21,0,7,85,7,3,0.0,0.0,0.0,0.0,56.0,13.0,0.0,13.0,2.0,0
1716,3060,4.0,21,6,1,87,4,6,4.0,0.0,2.0,0.0,49.0,14.0,2.0,13.0,2.0,0
1717,3859,4.0,14,1,1,42,3,4,0.0,0.0,1.0,0.0,28.0,6.0,1.0,5.0,0.0,0
1718,15907,4.0,2,10,3,30,3,4,6.0,0.0,4.0,0.0,9.0,2.0,4.0,2.0,2.0,1
1719,9124,4.0,22,21,2,100,7,1,11.0,6.0,4.0,1.0,48.0,12.0,9.0,6.0,2.0,0
1720,288,4.0,19,3,2,67,4,5,1.0,0.0,2.0,1.0,40.0,10.0,1.0,10.0,1.0,0
1721,582,4.0,14,2,2,49,3,3,1.0,0.0,1.0,1.0,32.0,6.0,0.0,7.0,0.0,0
1722,4687,4.0,23,6,1,87,4,6,5.0,0.0,1.0,0.0,50.0,14.0,1.0,13.0,2.0,0
1723,3270,4.0,37,50,15,175,3,4,31.0,14.0,5.0,17.0,71.0,16.0,2.0,18.0,0.0,0
1724,7035,4.0,26,17,2,104,4,3,12.0,0.0,5.0,0.0,59.0,11.0,5.0,11.0,0.0,0
1725,8944,4.0,8,0,2,31,2,2,0.0,0.0,0.0,0.0,22.0,4.0,0.0,4.0,0.0,0
1726,3879,5.0,21,8,3,92,5,5,2.0,5.0,1.0,6.0,56.0,9.0,0.0,10.0,2.0,0
1727,9482,3.0,10,0,1,27,2,2,0.0,0.0,0.0,0.0,20.0,3.0,0.0,3.0,0.0,0
1728,2180,4.0,26,19,1,114,6,4,0.0,1.0,18.0,18.0,36.0,9.0,1.0,26.0,4.0,0
1729,10415,4.0,14,2,2,57,5,5,1.0,0.0,1.0,0.0,37.0,7.0,1.0,7.0,2.0,1
1730,7623,3.0,5,0,1,18,3,1,0.0,0.0,0.0,0.0,12.0,3.0,0.0,2.0,0.0,0
1731,9578,3.0,8,0,1,21,2,1,0.0,0.0,0.0,0.0,17.0,2.0,0.0,1.0,0.0,0
1732,17448,4.0,43,6,3,153,8,4,3.0,0.0,2.0,0.0,96.0,23.0,3.0,22.0,3.0,1
1733,11879,4.0,23,0,3,79,4,4,0.0,0.0,0.0,0.0,56.0,11.0,0.0,11.0,0.0,1
1734,11578,4.0,24,3,2,87,7,3,1.0,0.0,2.0,0.0,53.0,13.0,2.0,13.0,2.0,1
1735,10982,4.0,16,3,2,69,6,5,1.0,0.0,1.0,0.0,44.0,9.0,2.0,8.0,3.0,1
1736,9561,4.0,12,0,1,44,3,4,0.0,0.0,0.0,0.0,30.0,7.0,0.0,6.0,0.0,0
1737,8937,4.0,15,0,2,36,5,2,0.0,0.0,0.0,0.0,23.0,6.0,0.0,5.0,1.0,0
1738,19604,4.0,21,3,3,79,7,3,1.0,0.0,1.0,0.0,47.0,13.0,2.0,12.0,2.0,1
1739,6201,4.0,19,0,1,51,3,2,0.0,0.0,0.0,0.0,36.0,7.0,0.0,7.0,0.0,0
1740,18455,4.0,32,2,3,102,7,3,0.0,0.0,1.0,0.0,69.0,14.0,2.0,13.0,2.0,1
1741,11880,3.0,1,15,4,29,3,3,10.0,0.0,5.0,0.0,3.0,1.0,5.0,1.0,3.0,1
1742,7635,4.0,7,2,1,35,3,3,0.0,1.0,1.0,2.0,19.0,5.0,0.0,6.0,0.0,0
1743,17437,4.0,50,6,3,166,8,4,1.0,0.0,4.0,1.0,104.0,24.0,4.0,24.0,3.0,1
1744,9129,4.0,22,2,7,100,6,8,0.0,0.0,2.0,2.0,52.0,20.0,0.0,22.0,1.0,0
1745,11090,4.0,22,4,4,91,7,4,2.0,0.0,1.0,0.0,54.0,15.0,2.0,14.0,2.0,1
1746,18696,4.0,18,15,3,93,7,4,14.0,0.0,1.0,0.0,51.0,11.0,1.0,11.0,3.0,1
1747,185,4.0,11,0,2,33,3,2,0.0,0.0,0.0,0.0,23.0,5.0,0.0,4.0,0.0,0
1748,9987,4.0,20,5,1,71,4,6,4.0,0.0,1.0,0.0,43.0,11.0,1.0,10.0,0.0,0
1749,18467,3.0,6,0,2,22,1,0,0.0,0.0,0.0,0.0,17.0,2.0,0.0,2.0,0.0,1
1750,4062,4.0,7,0,2,31,2,3,0.0,0.0,0.0,0.0,20.0,5.0,0.0,5.0,0.0,0
1751,14613,2.0,4,0,1,11,1,0,0.0,0.0,0.0,0.0,8.0,1.0,0.0,1.0,0.0,1
1752,1415,4.0,9,4,2,39,4,1,3.0,0.0,0.0,0.0,25.0,5.0,1.0,4.0,0.0,0
1753,19062,4.0,37,7,6,143,7,3,4.0,0.0,2.0,0.0,88.0,22.0,3.0,21.0,2.0,1
1754,8649,3.0,14,0,2,50,3,1,0.0,0.0,0.0,0.0,33.0,8.0,0.0,8.0,0.0,0
1755,9279,4.0,8,5,1,28,3,1,4.0,0.0,0.0,0.0,15.0,4.0,1.0,3.0,0.0,0
1756,11212,4.0,24,1,2,79,4,9,0.0,0.0,1.0,1.0,53.0,10.0,0.0,11.0,2.0,1
1757,15694,4.0,23,5,3,86,7,3,3.0,0.0,1.0,0.0,52.0,13.0,2.0,12.0,2.0,1
1758,8898,4.0,33,1,7,124,5,6,0.0,0.0,0.0,1.0,72.0,25.0,0.0,25.0,0.0,0
1759,16208,3.0,16,29,1,90,4,4,7.0,1.0,21.0,16.0,9.0,6.0,6.0,20.0,3.0,1
1760,19832,4.0,7,2,2,38,4,5,0.0,1.0,1.0,2.0,17.0,7.0,0.0,7.0,2.0,1
1761,13795,4.0,16,0,4,62,5,4,0.0,0.0,0.0,0.0,41.0,9.0,0.0,9.0,2.0,1
1762,13715,4.0,40,17,2,185,8,8,3.0,14.0,0.0,13.0,111.0,20.0,1.0,18.0,4.0,1
1763,18612,4.0,24,2,3,85,4,5,1.0,0.0,1.0,0.0,53.0,13.0,1.0,13.0,2.0,1
1764,9382,4.0,21,0,2,60,3,1,0.0,0.0,0.0,0.0,45.0,7.0,0.0,7.0,0.0,0
1765,6630,4.0,25,7,1,90,4,4,6.0,0.0,1.0,0.0,55.0,12.0,1.0,12.0,2.0,0
1766,7380,4.0,12,9,3,66,4,4,7.0,0.0,2.0,0.0,38.0,8.0,2.0,7.0,1.0,0
1767,12248,4.0,14,0,2,46,3,5,0.0,0.0,0.0,0.0,31.0,6.0,0.0,6.0,2.0,1
1768,9960,3.0,6,0,1,18,2,1,0.0,0.0,0.0,0.0,14.0,2.0,0.0,1.0,0.0,0
1769,2952,4.0,12,0,2,42,4,3,0.0,0.0,0.0,0.0,28.0,6.0,0.0,6.0,1.0,0
1770,18789,4.0,21,0,4,77,4,4,0.0,0.0,0.0,0.0,54.0,10.0,0.0,10.0,2.0,1
1771,11313,4.0,10,4,2,39,2,3,3.0,0.0,1.0,1.0,25.0,4.0,0.0,4.0,0.0,1
1772,6805,4.0,7,0,1,25,3,2,0.0,0.0,0.0,0.0,16.0,4.0,0.0,4.0,0.0,0
1773,8878,3.0,12,0,2,33,2,1,0.0,0.0,0.0,0.0,26.0,3.0,0.0,3.0,0.0,0
1774,2205,4.0,14,4,2,47,5,1,3.0,0.0,0.0,0.0,29.0,7.0,1.0,6.0,0.0,0
1775,17108,4.0,8,0,1,37,4,3,0.0,0.0,0.0,0.0,26.0,4.0,0.0,4.0,2.0,1
1776,11661,3.0,2,16,4,34,3,3,11.0,0.0,5.0,0.0,6.0,2.0,5.0,2.0,2.0,1
1777,19782,4.0,9,0,2,37,3,3,0.0,0.0,0.0,0.0,26.0,4.0,0.0,4.0,2.0,1
1778,2456,4.0,34,1,2,109,4,9,0.0,0.0,1.0,1.0,73.0,15.0,0.0,16.0,2.0,0
1779,6096,4.0,12,5,1,53,3,3,4.0,1.0,0.0,1.0,32.0,7.0,0.0,7.0,0.0,0
1780,19165,4.0,12,0,4,45,3,3,0.0,0.0,0.0,0.0,30.0,6.0,0.0,6.0,2.0,1
1781,17194,3.0,8,0,1,19,1,0,0.0,0.0,0.0,0.0,16.0,1.0,0.0,1.0,0.0,1
1782,7475,4.0,42,0,2,116,5,7,0.0,0.0,0.0,0.0,81.0,16.0,0.0,16.0,2.0,0
1783,2552,4.0,46,19,2,180,3,3,7.0,11.0,1.0,11.0,110.0,19.0,1.0,19.0,0.0,0
1784,6975,4.0,22,9,2,83,5,3,6.0,0.0,2.0,0.0,52.0,10.0,3.0,9.0,0.0,0
1785,1665,4.0,21,0,1,66,3,2,0.0,0.0,0.0,0.0,47.0,9.0,0.0,9.0,0.0,0
1786,3837,4.0,46,67,12,241,7,3,36.0,28.0,2.0,28.0,105.0,19.0,3.0,18.0,1.0,0
1787,17857,4.0,6,3,3,44,6,3,2.0,0.0,0.0,0.0,21.0,9.0,1.0,8.0,2.0,1
1788,2582,4.0,11,0,1,35,3,2,0.0,0.0,0.0,0.0,26.0,4.0,0.0,4.0,0.0,0
1789,802,4.0,18,4,2,61,3,2,3.0,0.0,1.0,0.0,39.0,8.0,1.0,8.0,0.0,0
1790,10476,3.0,0,14,3,26,3,3,8.0,0.0,5.0,0.0,3.0,1.0,6.0,0.0,2.0,1
1791,12072,4.0,20,2,2,67,7,3,1.0,0.0,0.0,0.0,45.0,9.0,1.0,8.0,2.0,1
1792,11863,4.0,14,10,2,68,3,9,6.0,0.0,3.0,0.0,39.0,7.0,4.0,6.0,2.0,1
1793,7963,4.0,6,5,1,26,2,2,4.0,0.0,0.0,0.0,15.0,3.0,1.0,2.0,0.0,0
1794,1811,4.0,13,0,2,39,5,2,0.0,0.0,0.0,0.0,26.0,6.0,0.0,5.0,1.0,0
1795,19282,3.0,8,21,1,63,4,4,6.0,1.0,14.0,10.0,7.0,4.0,5.0,12.0,3.0,1
1796,3527,4.0,22,31,4,111,6,7,23.0,6.0,1.0,7.0,44.0,12.0,1.0,12.0,4.0,0
1797,4295,3.0,7,0,1,22,2,1,0.0,0.0,0.0,0.0,18.0,2.0,0.0,1.0,0.0,0
1798,602,4.0,11,0,3,41,3,2,0.0,0.0,0.0,0.0,29.0,5.0,0.0,5.0,1.0,0
1799,13531,4.0,39,8,2,137,8,3,4.0,0.0,3.0,1.0,87.0,18.0,3.0,18.0,2.0,1
1800,12190,4.0,21,6,3,110,7,4,2.0,0.0,4.0,0.0,63.0,17.0,4.0,16.0,3.0,1
1801,10056,4.0,2,17,4,35,3,3,12.0,0.0,5.0,0.0,6.0,2.0,5.0,2.0,2.0,1
1802,5040,4.0,20,3,1,67,3,3,2.0,0.0,0.0,1.0,45.0,9.0,0.0,9.0,0.0,0
1803,10687,3.0,9,0,1,27,1,0,0.0,0.0,0.0,0.0,24.0,1.0,0.0,1.0,0.0,1
1804,3275,3.0,5,0,2,19,2,1,0.0,0.0,0.0,0.0,12.0,3.0,0.0,3.0,0.0,0
1805,1760,3.0,7,0,1,29,2,4,0.0,0.0,0.0,0.0,18.0,5.0,0.0,5.0,0.0,0
1806,19009,3.0,17,21,1,81,4,4,4.0,3.0,14.0,12.0,11.0,10.0,5.0,18.0,3.0,1
1807,10600,4.0,23,2,5,101,7,12,0.0,0.0,1.0,2.0,52.0,19.0,0.0,20.0,6.0,1
1808,10845,3.0,7,0,3,33,3,3,0.0,0.0,0.0,0.0,20.0,5.0,0.0,5.0,2.0,1
1809,10868,5.0,21,9,2,105,7,6,2.0,7.0,0.0,5.0,62.0,13.0,2.0,11.0,2.0,1
1810,11153,4.0,28,104,2,243,8,7,66.0,36.0,1.0,36.0,71.0,14.0,2.0,13.0,3.0,1
1811,16339,4.0,12,5,3,46,4,1,4.0,0.0,0.0,0.0,29.0,6.0,1.0,5.0,0.0,1
1812,10168,4.0,28,9,4,113,7,3,5.0,0.0,3.0,0.0,67.0,16.0,4.0,15.0,2.0,1
1813,12598,4.0,14,5,3,52,4,4,4.0,1.0,0.0,0.0,30.0,7.0,1.0,6.0,2.0,1
1814,43,4.0,35,8,2,140,4,8,5.0,0.0,3.0,0.0,90.0,18.0,3.0,18.0,2.0,0
1815,8807,4.0,10,0,2,36,3,2,0.0,0.0,0.0,0.0,25.0,5.0,0.0,5.0,0.0,0
1816,4969,4.0,15,17,2,77,4,3,12.0,0.0,5.0,0.0,40.0,7.0,5.0,7.0,0.0,0
1817,19631,4.0,13,2,3,50,3,5,1.0,0.0,1.0,1.0,31.0,6.0,0.0,7.0,2.0,1
1818,14550,3.0,8,0,3,30,2,2,0.0,0.0,0.0,0.0,20.0,5.0,0.0,4.0,0.0,1
1819,10107,4.0,21,2,3,83,8,3,0.0,0.0,1.0,0.0,48.0,15.0,2.0,14.0,2.0,1
1820,14858,4.0,20,0,4,76,7,3,0.0,0.0,0.0,0.0,47.0,13.0,0.0,13.0,2.0,1
1821,14866,4.0,7,0,3,33,2,1,0.0,0.0,0.0,0.0,24.0,4.0,0.0,4.0,0.0,1
1822,874,4.0,4,5,1,26,4,1,4.0,0.0,0.0,0.0,14.0,3.0,1.0,2.0,1.0,0
1823,6877,3.0,5,0,1,16,2,1,0.0,0.0,0.0,0.0,12.0,2.0,0.0,1.0,0.0,0
1824,19818,3.0,6,0,3,34,3,3,0.0,0.0,0.0,0.0,21.0,5.0,0.0,5.0,2.0,1
1825,1626,3.0,31,78,1,255,5,8,14.0,5.0,58.0,46.0,34.0,15.0,18.0,55.0,9.0,0
1826,8798,3.0,10,0,2,38,2,2,0.0,0.0,0.0,0.0,29.0,4.0,0.0,4.0,0.0,0
1827,9723,4.0,6,7,1,31,3,3,5.0,0.0,2.0,1.0,13.0,4.0,1.0,4.0,0.0,0
1828,2280,4.0,12,10,1,48,3,3,9.0,0.0,0.0,0.0,22.0,8.0,1.0,7.0,0.0,0
1829,14006,4.0,24,3,4,91,7,3,1.0,0.0,1.0,0.0,57.0,14.0,2.0,13.0,2.0,1
1830,979,3.0,11,0,2,28,2,2,0.0,0.0,0.0,0.0,19.0,4.0,0.0,4.0,0.0,0
1831,19343,4.0,5,0,3,28,3,1,0.0,0.0,0.0,0.0,17.0,5.0,0.0,5.0,0.0,1
1832,3819,4.0,18,3,1,64,4,5,2.0,0.0,1.0,0.0,41.0,8.0,1.0,8.0,2.0,0
1833,19513,4.0,10,0,2,34,2,0,0.0,0.0,0.0,0.0,25.0,4.0,0.0,4.0,0.0,1
1834,17191,4.0,11,0,4,51,4,4,0.0,0.0,0.0,0.0,28.0,10.0,0.0,10.0,2.0,1
1835,11399,4.0,9,0,4,41,4,3,0.0,0.0,0.0,0.0,24.0,7.0,0.0,7.0,2.0,1
1836,1179,4.0,10,0,1,32,2,2,0.0,0.0,0.0,0.0,25.0,3.0,0.0,3.0,0.0,0
1837,1018,4.0,41,7,2,135,4,5,6.0,0.0,1.0,0.0,96.0,15.0,1.0,15.0,0.0,0
1838,2955,4.0,16,0,2,63,3,4,0.0,0.0,0.0,0.0,44.0,9.0,0.0,9.0,0.0,0
1839,10210,3.0,10,0,3,27,1,0,0.0,0.0,0.0,0.0,20.0,3.0,0.0,3.0,0.0,1
1840,18850,4.0,30,24,4,135,5,11,16.0,7.0,1.0,7.0,71.0,14.0,1.0,14.0,3.0,1
1841,13510,4.0,10,0,2,48,4,3,0.0,0.0,0.0,0.0,35.0,5.0,0.0,5.0,2.0,1
1842,2400,4.0,22,6,1,90,4,5,5.0,0.0,1.0,0.0,58.0,11.0,1.0,11.0,2.0,0
1843,6945,3.0,9,0,1,26,2,2,0.0,0.0,0.0,0.0,20.0,3.0,0.0,2.0,0.0,0
1844,4646,4.0,19,4,2,59,4,1,3.0,0.0,1.0,0.0,35.0,9.0,1.0,9.0,0.0,0
1845,17098,3.0,8,0,3,38,3,1,0.0,0.0,0.0,0.0,27.0,5.0,0.0,5.0,0.0,1
1846,14878,4.0,23,4,3,85,7,3,2.0,0.0,2.0,0.0,48.0,14.0,2.0,14.0,2.0,1
1847,10830,4.0,10,2,1,46,3,4,1.0,0.0,0.0,0.0,34.0,4.0,1.0,3.0,2.0,1
1848,5425,3.0,22,0,1,57,3,3,0.0,0.0,0.0,0.0,44.0,6.0,0.0,6.0,0.0,0
1849,949,4.0,21,6,3,75,6,1,3.0,0.0,2.0,0.0,45.0,11.0,3.0,10.0,0.0,0
1850,17163,4.0,24,0,2,67,2,0,0.0,0.0,0.0,0.0,52.0,7.0,0.0,7.0,0.0,1
1851,11299,4.0,20,0,1,66,4,3,0.0,0.0,0.0,0.0,50.0,7.0,0.0,6.0,2.0,1
1852,5674,4.0,14,1,1,44,2,5,0.0,0.0,1.0,1.0,31.0,5.0,0.0,5.0,0.0,0
1853,10219,4.0,30,0,2,86,4,4,0.0,0.0,0.0,0.0,58.0,12.0,0.0,12.0,3.0,1
1854,15725,4.0,11,0,3,36,2,2,0.0,0.0,0.0,0.0,25.0,5.0,0.0,5.0,0.0,1
1855,5604,4.0,14,0,2,45,2,4,0.0,0.0,0.0,0.0,32.0,6.0,0.0,6.0,0.0,0
1856,15540,4.0,23,3,2,82,4,7,2.0,0.0,1.0,0.0,60.0,8.0,1.0,7.0,2.0,1
1857,321,4.0,16,0,1,48,3,3,0.0,0.0,0.0,0.0,34.0,7.0,0.0,6.0,0.0,0
1858,12885,4.0,26,1,3,87,4,5,0.0,0.0,0.0,0.0,62.0,11.0,1.0,10.0,2.0,1
1859,16727,4.0,22,2,3,82,4,6,1.0,0.0,1.0,0.0,50.0,13.0,1.0,13.0,2.0,1
1860,8217,4.0,18,0,2,61,7,2,0.0,0.0,0.0,0.0,42.0,9.0,0.0,8.0,1.0,0
1861,17612,3.0,11,0,3,41,4,3,0.0,0.0,0.0,0.0,26.0,6.0,0.0,6.0,2.0,1
1862,16603,4.0,21,0,2,68,3,5,0.0,0.0,0.0,0.0,38.0,15.0,0.0,14.0,0.0,1
1863,11155,4.0,31,7,3,109,4,6,5.0,0.0,2.0,0.0,71.0,13.0,2.0,13.0,2.0,1
1864,7254,4.0,14,14,2,67,6,3,10.0,0.0,3.0,0.0,32.0,9.0,4.0,8.0,0.0,0
1865,10684,4.0,25,7,2,94,6,4,5.0,0.0,1.0,0.0,61.0,11.0,2.0,10.0,3.0,1
1866,4359,4.0,12,8,2,59,3,8,5.0,0.0,3.0,0.0,31.0,8.0,3.0,8.0,0.0,0
1867,17536,4.0,4,8,4,34,3,4,4.0,0.0,4.0,0.0,13.0,3.0,4.0,3.0,2.0,1
1868,948,4.0,18,6,3,72,3,3,4.0,0.0,2.0,0.0,47.0,8.0,2.0,8.0,0.0,0
1869,9029,4.0,21,0,1,61,3,2,0.0,0.0,0.0,0.0,41.0,10.0,0.0,9.0,0.0,0
1870,17592,3.0,4,0,2,14,1,0,0.0,0.0,0.0,0.0,9.0,2.0,0.0,2.0,0.0,1
1871,14111,4.0,11,0,3,39,3,1,0.0,0.0,0.0,0.0,28.0,5.0,0.0,5.0,0.0,1
1872,10734,3.0,5,0,1,16,1,0,0.0,0.0,0.0,0.0,13.0,1.0,0.0,1.0,0.0,1
1873,5228,4.0,14,0,2,34,3,2,0.0,0.0,0.0,0.0,23.0,5.0,0.0,5.0,0.0,0
1874,12065,4.0,20,4,1,82,4,5,3.0,0.0,1.0,0.0,54.0,10.0,1.0,10.0,2.0,1
1875,8863,3.0,6,0,1,20,2,1,0.0,0.0,0.0,0.0,16.0,2.0,0.0,1.0,0.0,0
1876,4227,4.0,24,0,1,83,6,5,0.0,0.0,0.0,0.0,55.0,12.0,0.0,12.0,3.0,0
1877,10525,4.0,20,11,1,74,4,5,9.0,0.0,1.0,0.0,46.0,7.0,2.0,6.0,2.0,1
1878,19701,4.0,20,45,3,126,7,3,23.0,19.0,3.0,18.0,37.0,10.0,4.0,9.0,2.0,1
1879,10322,3.0,17,0,2,45,3,2,0.0,0.0,0.0,0.0,32.0,6.0,0.0,6.0,0.0,1
1880,11841,4.0,7,8,4,40,2,4,6.0,0.0,2.0,0.0,17.0,6.0,2.0,6.0,0.0,1
1881,16564,4.0,27,5,3,109,8,3,3.0,0.0,2.0,0.0,69.0,15.0,2.0,15.0,2.0,1
1882,15785,3.0,1,11,4,29,3,3,7.0,0.0,4.0,0.0,7.0,2.0,4.0,2.0,2.0,1
1883,6393,4.0,15,0,1,40,3,2,0.0,0.0,0.0,0.0,27.0,6.0,0.0,6.0,0.0,0
1884,5120,4.0,24,3,2,81,6,1,0.0,0.0,2.0,1.0,45.0,15.0,2.0,15.0,0.0,0
1885,17248,3.0,11,28,1,81,4,4,9.0,1.0,18.0,11.0,9.0,6.0,8.0,15.0,3.0,1
1886,11062,4.0,6,1,1,23,2,0,0.0,0.0,1.0,1.0,17.0,1.0,0.0,2.0,0.0,1
1887,5239,4.0,12,2,1,43,3,2,0.0,0.0,2.0,2.0,28.0,4.0,0.0,6.0,0.0,0
1888,8289,3.0,19,0,1,50,2,3,0.0,0.0,0.0,0.0,42.0,4.0,0.0,3.0,0.0,0
1889,15406,4.0,2,15,4,33,3,3,10.0,0.0,5.0,0.0,6.0,2.0,5.0,2.0,2.0,1
1890,17852,4.0,27,2,3,95,7,3,0.0,0.0,1.0,0.0,60.0,15.0,2.0,14.0,2.0,1
1891,7391,3.0,6,0,2,18,2,1,0.0,0.0,0.0,0.0,12.0,3.0,0.0,2.0,0.0,0
1892,15111,4.0,13,1,2,55,6,5,0.0,1.0,0.0,0.0,33.0,9.0,1.0,8.0,2.0,1
1893,110,4.0,30,36,6,126,3,2,20.0,15.0,1.0,15.0,52.0,11.0,1.0,10.0,0.0,0
1894,15458,5.0,19,4,2,95,5,4,0.0,4.0,0.0,4.0,70.0,7.0,0.0,7.0,2.0,1
1895,11890,5.0,30,21,4,172,6,6,5.0,16.0,0.0,16.0,104.0,14.0,0.0,13.0,3.0,1
1896,4077,4.0,13,8,2,46,5,1,7.0,0.0,0.0,0.0,27.0,5.0,1.0,4.0,1.0,0
1897,17011,4.0,10,0,1,34,4,3,0.0,0.0,0.0,0.0,23.0,4.0,0.0,4.0,2.0,1
1898,10583,4.0,20,4,2,76,7,3,2.0,0.0,1.0,0.0,45.0,12.0,2.0,11.0,2.0,1
1899,6560,4.0,31,11,4,102,5,1,9.0,1.0,0.0,1.0,61.0,13.0,1.0,12.0,3.0,0
1900,8678,4.0,8,9,2,40,2,2,8.0,0.0,1.0,0.0,23.0,3.0,1.0,3.0,0.0,0
1901,10632,4.0,21,8,3,80,3,4,6.0,0.0,2.0,0.0,49.0,10.0,2.0,10.0,0.0,1
1902,8437,4.0,9,1,1,31,5,1,0.0,1.0,0.0,0.0,19.0,5.0,1.0,4.0,0.0,0
1903,5063,4.0,25,0,1,76,3,1,0.0,0.0,0.0,0.0,59.0,8.0,0.0,8.0,0.0,0
1904,12055,3.0,8,0,3,40,3,4,0.0,0.0,0.0,0.0,25.0,6.0,0.0,6.0,2.0,1
1905,95,4.0,17,0,1,50,3,2,0.0,0.0,0.0,0.0,35.0,7.0,0.0,7.0,0.0,0
1906,8589,4.0,16,9,1,83,8,5,0.0,3.0,6.0,6.0,35.0,11.0,3.0,14.0,4.0,0
1907,19579,4.0,7,0,1,33,3,4,0.0,0.0,0.0,0.0,22.0,4.0,0.0,4.0,2.0,1
1908,2611,4.0,22,8,1,87,4,4,5.0,3.0,0.0,3.0,47.0,13.0,0.0,13.0,2.0,0
1909,14400,4.0,9,5,3,45,3,4,3.0,1.0,1.0,2.0,25.0,5.0,0.0,5.0,2.0,1
1910,11709,3.0,7,3,2,27,1,0,2.0,1.0,0.0,0.0,19.0,2.0,1.0,1.0,0.0,1
1911,18737,4.0,23,4,4,87,7,3,2.0,0.0,1.0,0.0,52.0,14.0,2.0,13.0,2.0,1
1912,16156,4.0,18,3,2,81,4,9,2.0,0.0,1.0,1.0,53.0,10.0,0.0,11.0,2.0,1
1913,11973,4.0,15,0,2,59,4,3,0.0,0.0,0.0,0.0,42.0,7.0,0.0,7.0,2.0,1
1914,5703,4.0,37,144,3,514,9,3,32.0,11.0,101.0,86.0,83.0,44.0,26.0,119.0,11.0,0
1915,16696,4.0,45,4,1,129,4,5,2.0,0.0,2.0,0.0,90.0,15.0,2.0,15.0,2.0,1
1916,16341,4.0,19,0,3,69,4,5,0.0,0.0,0.0,0.0,46.0,10.0,0.0,10.0,2.0,1
1917,9240,4.0,14,3,2,45,4,2,2.0,0.0,0.0,0.0,30.0,6.0,1.0,5.0,0.0,0
1918,18837,3.0,0,15,3,26,3,2,10.0,0.0,4.0,0.0,3.0,1.0,5.0,0.0,2.0,1
1919,6742,3.0,8,1,1,32,2,5,0.0,0.0,1.0,0.0,19.0,5.0,1.0,5.0,0.0,0
1920,11400,4.0,31,1,2,92,8,3,0.0,0.0,1.0,0.0,61.0,13.0,1.0,13.0,2.0,1
1921,4791,4.0,11,4,2,44,3,3,3.0,0.0,1.0,0.0,28.0,5.0,1.0,5.0,0.0,0
1922,12954,3.0,5,0,2,28,4,3,0.0,0.0,0.0,0.0,15.0,5.0,0.0,5.0,2.0,1
1923,8085,4.0,21,10,3,79,5,5,8.0,0.0,1.0,0.0,48.0,10.0,2.0,9.0,0.0,0
1924,319,3.0,6,0,2,23,2,1,0.0,0.0,0.0,0.0,17.0,3.0,0.0,2.0,0.0,0
1925,10349,4.0,2,16,4,34,3,3,11.0,0.0,5.0,0.0,6.0,2.0,5.0,2.0,2.0,1
1926,8527,3.0,18,0,2,45,4,3,0.0,0.0,0.0,0.0,31.0,7.0,0.0,6.0,0.0,0
1927,5913,5.0,18,10,4,97,7,2,3.0,6.0,1.0,3.0,48.0,15.0,4.0,12.0,4.0,0
1928,5614,4.0,13,8,1,49,3,5,5.0,0.0,3.0,0.0,26.0,6.0,3.0,5.0,0.0,0
1929,19735,4.0,11,0,3,42,3,3,0.0,0.0,0.0,0.0,27.0,7.0,0.0,7.0,0.0,1
1930,5493,4.0,10,5,2,41,5,1,4.0,0.0,1.0,0.0,22.0,6.0,1.0,6.0,0.0,0
1931,16203,4.0,24,27,2,115,6,5,16.0,10.0,0.0,10.0,56.0,10.0,1.0,9.0,2.0,1
1932,330,4.0,21,5,1,91,5,3,4.0,0.0,0.0,1.0,51.0,16.0,0.0,16.0,2.0,0
1933,3116,3.0,3,0,1,11,2,1,0.0,0.0,0.0,0.0,7.0,2.0,0.0,1.0,0.0,0
1934,9402,4.0,20,1,2,68,7,1,0.0,1.0,0.0,0.0,42.0,12.0,1.0,11.0,0.0,0
1935,3331,4.0,30,6,2,107,3,3,5.0,0.0,1.0,0.0,71.0,14.0,1.0,14.0,0.0,0
1936,613,4.0,15,6,1,49,3,1,5.0,0.0,1.0,0.0,29.0,6.0,1.0,6.0,0.0,0
1937,15791,4.0,8,0,4,38,2,2,0.0,0.0,0.0,0.0,25.0,6.0,0.0,6.0,0.0,1
1938,15300,4.0,10,20,2,70,4,4,13.0,6.0,0.0,6.0,30.0,6.0,1.0,5.0,2.0,1
1939,9547,3.0,23,0,2,72,3,7,0.0,0.0,0.0,0.0,49.0,11.0,0.0,11.0,0.0,0
1940,14655,3.0,7,0,3,37,3,3,0.0,0.0,0.0,0.0,24.0,5.0,0.0,5.0,2.0,1
1941,6158,4.0,8,0,2,34,2,3,0.0,0.0,0.0,0.0,23.0,5.0,0.0,5.0,0.0,0
1942,18228,3.0,4,0,2,23,2,2,0.0,0.0,0.0,0.0,15.0,4.0,0.0,3.0,0.0,1
1943,15581,3.0,7,0,1,17,1,0,0.0,0.0,0.0,0.0,14.0,1.0,0.0,1.0,0.0,1
1944,9242,3.0,20,0,2,56,2,3,0.0,0.0,0.0,0.0,46.0,5.0,0.0,4.0,0.0,0
1945,11642,3.0,11,0,3,40,3,3,0.0,0.0,0.0,0.0,27.0,5.0,0.0,5.0,2.0,1
1946,10989,4.0,10,0,3,35,2,4,0.0,0.0,0.0,0.0,21.0,7.0,0.0,6.0,0.0,1
1947,8794,4.0,16,6,4,64,2,5,4.0,0.0,2.0,1.0,40.0,7.0,1.0,8.0,0.0,0
1948,13766,4.0,17,0,3,66,4,3,0.0,0.0,0.0,0.0,45.0,9.0,0.0,9.0,2.0,1
1949,7496,4.0,17,0,1,47,3,2,0.0,0.0,0.0,0.0,36.0,5.0,0.0,5.0,0.0,0
1950,18891,4.0,14,0,3,57,3,5,0.0,0.0,0.0,0.0,38.0,9.0,0.0,9.0,0.0,1
1951,3464,4.0,21,23,4,88,4,3,17.0,5.0,1.0,5.0,42.0,7.0,1.0,7.0,2.0,0
1952,14406,4.0,2,15,4,33,3,3,10.0,0.0,5.0,0.0,6.0,2.0,5.0,2.0,2.0,1
1953,6900,3.0,5,0,1,16,2,1,0.0,0.0,0.0,0.0,12.0,2.0,0.0,1.0,0.0,0
1954,7874,4.0,14,42,1,153,5,5,7.0,8.0,27.0,30.0,27.0,11.0,5.0,33.0,4.0,0
1955,6125,4.0,18,19,2,95,4,4,10.0,7.0,2.0,5.0,46.0,11.0,4.0,9.0,0.0,0
1956,1278,4.0,19,6,2,70,3,3,4.0,0.0,2.0,0.0,43.0,9.0,2.0,9.0,0.0,0
1957,19328,2.0,4,0,1,12,1,0,0.0,0.0,0.0,0.0,9.0,1.0,0.0,1.0,0.0,1
1958,11680,4.0,31,3,4,123,7,3,1.0,0.0,1.0,0.0,85.0,16.0,2.0,15.0,2.0,1
1959,9977,4.0,28,6,1,95,4,5,5.0,0.0,1.0,0.0,53.0,16.0,1.0,16.0,2.0,0
1960,11953,4.0,31,11,3,113,3,4,7.0,0.0,4.0,0.0,91.0,2.0,4.0,2.0,2.0,1
1961,6057,4.0,18,1,2,68,3,3,0.0,0.0,1.0,0.0,47.0,9.0,1.0,9.0,0.0,0
1962,14436,4.0,2,12,3,31,3,4,7.0,0.0,4.0,1.0,8.0,2.0,4.0,2.0,2.0,1
1963,15608,3.0,8,0,3,36,2,1,0.0,0.0,0.0,0.0,27.0,4.0,0.0,4.0,0.0,1
1964,7018,4.0,19,8,2,95,8,4,4.0,1.0,2.0,1.0,43.0,19.0,3.0,18.0,3.0,0
1965,5688,4.0,16,0,1,45,3,2,0.0,0.0,0.0,0.0,32.0,6.0,0.0,6.0,0.0,0
1966,18284,3.0,8,0,1,24,2,0,0.0,0.0,0.0,0.0,17.0,3.0,0.0,3.0,0.0,1
1967,51,3.0,12,0,1,35,3,2,0.0,0.0,0.0,0.0,26.0,4.0,0.0,4.0,0.0,0
1968,8500,4.0,13,5,2,50,3,2,4.0,0.0,1.0,0.0,33.0,5.0,1.0,5.0,0.0,0
1969,92,4.0,24,0,1,78,3,2,0.0,0.0,0.0,0.0,52.0,13.0,0.0,12.0,0.0,0
1970,8218,4.0,10,2,2,40,4,1,1.0,0.0,0.0,0.0,28.0,5.0,1.0,4.0,0.0,0
1971,16223,4.0,8,0,3,37,4,3,0.0,0.0,0.0,0.0,22.0,6.0,0.0,6.0,2.0,1
1972,4329,4.0,11,3,2,44,5,2,2.0,0.0,0.0,0.0,27.0,7.0,1.0,6.0,0.0,0
1973,8604,4.0,14,0,2,54,4,4,0.0,0.0,0.0,0.0,37.0,8.0,0.0,8.0,0.0,0
1974,11702,4.0,8,0,3,37,4,3,0.0,0.0,0.0,0.0,22.0,6.0,0.0,6.0,2.0,1
1975,19051,4.0,13,2,4,64,8,3,1.0,0.0,0.0,0.0,36.0,12.0,1.0,11.0,2.0,1
1976,7444,4.0,13,2,2,34,3,2,0.0,1.0,1.0,2.0,18.0,5.0,0.0,6.0,0.0,0
1977,12914,3.0,6,0,1,16,1,0,0.0,0.0,0.0,0.0,13.0,1.0,0.0,1.0,0.0,1
1978,8554,4.0,12,4,1,42,4,2,3.0,0.0,0.0,0.0,29.0,4.0,1.0,3.0,1.0,0
1979,9620,4.0,24,6,2,103,4,4,4.0,0.0,2.0,1.0,71.0,11.0,1.0,12.0,0.0,0
1980,13052,4.0,12,0,1,43,4,5,0.0,0.0,0.0,0.0,29.0,6.0,0.0,5.0,2.0,1
1981,5340,4.0,8,1,1,40,3,3,0.0,1.0,0.0,1.0,23.0,7.0,0.0,7.0,0.0,0
1982,9616,3.0,17,0,3,51,2,3,0.0,0.0,0.0,0.0,38.0,6.0,0.0,6.0,0.0,0
1983,18826,4.0,19,2,3,75,3,3,0.0,1.0,1.0,1.0,52.0,9.0,1.0,9.0,0.0,1
1984,7822,3.0,7,0,2,26,2,1,0.0,0.0,0.0,0.0,19.0,3.0,0.0,3.0,0.0,0
1985,7971,4.0,7,0,1,31,4,1,0.0,0.0,0.0,0.0,22.0,4.0,0.0,4.0,0.0,0
1986,3869,3.0,16,0,1,40,2,3,0.0,0.0,0.0,0.0,32.0,4.0,0.0,3.0,0.0,0
1987,9022,3.0,5,0,1,12,2,1,0.0,0.0,0.0,0.0,8.0,2.0,0.0,1.0,0.0,0
1988,9263,3.0,1,0,1,8,2,1,0.0,0.0,0.0,0.0,4.0,2.0,0.0,1.0,0.0,0
1989,2593,4.0,19,3,2,67,3,5,0.0,3.0,0.0,3.0,41.0,10.0,0.0,9.0,0.0,0
1990,17373,4.0,9,0,4,46,3,3,0.0,0.0,0.0,0.0,31.0,6.0,0.0,6.0,2.0,1
1991,10806,3.0,5,0,1,13,1,0,0.0,0.0,0.0,0.0,10.0,1.0,0.0,1.0,0.0,1
1992,4526,3.0,11,0,4,38,2,3,0.0,0.0,0.0,0.0,25.0,6.0,0.0,5.0,1.0,0
1993,8484,3.0,14,0,1,36,3,1,0.0,0.0,0.0,0.0,25.0,5.0,0.0,5.0,0.0,0
1994,17418,4.0,3,14,3,35,3,1,11.0,0.0,3.0,0.0,11.0,3.0,3.0,3.0,0.0,1
1995,6050,3.0,14,0,6,47,2,3,0.0,0.0,0.0,0.0,28.0,9.0,0.0,9.0,0.0,0
1996,8166,4.0,12,3,2,49,4,2,1.0,0.0,2.0,1.0,30.0,6.0,1.0,7.0,0.0,0
1997,16642,3.0,0,1,2,19,3,3,0.0,0.0,0.0,0.0,8.0,4.0,1.0,3.0,2.0,1
1998,6676,4.0,17,0,1,57,4,4,0.0,0.0,0.0,0.0,39.0,9.0,0.0,8.0,0.0,0
1999,14773,4.0,3,14,3,35,3,1,11.0,0.0,3.0,0.0,11.0,3.0,3.0,3.0,0.0,1
2000,14481,3.0,1,13,3,25,3,3,8.0,0.0,4.0,1.0,3.0,1.0,4.0,1.0,2.0,1
2001,7636,3.0,11,0,1,36,2,3,0.0,0.0,0.0,0.0,28.0,4.0,0.0,3.0,0.0,0
2002,16989,4.0,25,0,2,85,4,4,0.0,0.0,0.0,0.0,57.0,13.0,0.0,12.0,2.0,1
2003,573,3.0,8,0,1,27,2,2,0.0,0.0,0.0,0.0,21.0,3.0,0.0,2.0,0.0,0
2004,16937,4.0,35,0,2,108,5,15,0.0,0.0,0.0,0.0,70.0,18.0,0.0,17.0,2.0,1
2005,6993,4.0,16,0,2,55,2,4,0.0,0.0,0.0,0.0,42.0,6.0,0.0,6.0,0.0,0
2006,5396,4.0,7,17,3,42,2,4,14.0,0.0,2.0,0.0,13.0,5.0,3.0,4.0,0.0,0
2007,12534,4.0,24,4,4,91,7,3,2.0,0.0,1.0,0.0,56.0,14.0,2.0,13.0,2.0,1
2008,8931,3.0,8,0,2,34,2,2,0.0,0.0,0.0,0.0,25.0,4.0,0.0,4.0,0.0,0
2009,5679,4.0,14,0,2,48,3,2,0.0,0.0,0.0,0.0,35.0,6.0,0.0,6.0,0.0,0
2010,68,4.0,28,6,1,101,4,6,4.0,0.0,2.0,0.0,61.0,15.0,2.0,14.0,2.0,0
2011,15987,4.0,7,14,4,59,4,4,8.0,0.0,6.0,0.0,24.0,6.0,6.0,6.0,2.0,1
2012,17481,4.0,3,10,4,35,3,4,6.0,0.0,4.0,0.0,12.0,3.0,4.0,3.0,2.0,1
2013,4746,3.0,8,0,1,21,2,1,0.0,0.0,0.0,0.0,17.0,2.0,0.0,1.0,0.0,0
2014,8977,4.0,15,0,2,45,3,2,0.0,0.0,0.0,0.0,34.0,5.0,0.0,5.0,0.0,0
2015,14937,5.0,33,25,2,213,7,3,5.0,20.0,0.0,20.0,142.0,12.0,0.0,11.0,2.0,1
2016,10752,4.0,14,0,2,64,4,8,0.0,0.0,0.0,0.0,41.0,10.0,0.0,10.0,2.0,1
2017,5691,4.0,11,0,2,36,3,2,0.0,0.0,0.0,0.0,25.0,5.0,0.0,5.0,0.0,0
2018,15378,4.0,11,1,2,35,2,3,0.0,0.0,1.0,1.0,24.0,4.0,0.0,4.0,0.0,1
2019,19601,4.0,45,8,2,165,8,3,4.0,0.0,4.0,0.0,101.0,24.0,4.0,24.0,3.0,1
2020,11277,3.0,6,2,2,31,3,3,1.0,0.0,1.0,1.0,19.0,3.0,0.0,3.0,2.0,1
2021,15426,4.0,44,80,2,220,7,5,44.0,34.0,1.0,36.0,77.0,12.0,0.0,13.0,2.0,1
2022,4341,3.0,4,0,3,20,2,1,0.0,0.0,0.0,0.0,12.0,4.0,0.0,3.0,0.0,0
2023,3017,4.0,6,4,1,29,2,3,2.0,2.0,0.0,2.0,14.0,4.0,0.0,4.0,0.0,0
2024,13215,3.0,7,0,1,17,1,0,0.0,0.0,0.0,0.0,14.0,1.0,0.0,1.0,0.0,1
2025,13282,4.0,6,12,4,49,3,4,7.0,0.0,4.0,1.0,24.0,3.0,4.0,3.0,2.0,1
2026,12220,4.0,32,4,4,109,7,3,2.0,0.0,1.0,0.0,72.0,15.0,2.0,14.0,2.0,1
2027,9298,4.0,16,7,1,60,2,7,5.0,0.0,2.0,1.0,38.0,6.0,1.0,6.0,0.0,0
2028,4075,3.0,20,1,1,93,3,2,0.0,0.0,1.0,0.0,59.0,16.0,1.0,15.0,0.0,0
2029,17620,4.0,27,21,6,130,6,6,11.0,10.0,0.0,9.0,67.0,15.0,1.0,14.0,2.0,1
2030,14978,4.0,18,3,4,77,6,6,0.0,0.0,2.0,0.0,48.0,11.0,3.0,10.0,2.0,1
2031,11816,4.0,22,4,3,82,7,3,2.0,0.0,1.0,0.0,49.0,13.0,2.0,12.0,2.0,1
2032,14479,4.0,19,0,3,61,6,3,0.0,0.0,0.0,0.0,40.0,9.0,0.0,9.0,2.0,1
2033,16732,4.0,21,0,3,73,5,5,0.0,0.0,0.0,0.0,53.0,8.0,0.0,8.0,3.0,1
2034,3495,4.0,12,6,4,45,4,1,4.0,0.0,1.0,0.0,26.0,6.0,2.0,5.0,0.0,0
2035,15077,4.0,23,6,3,88,7,3,4.0,0.0,1.0,0.0,53.0,13.0,2.0,12.0,2.0,1
2036,10827,4.0,17,10,2,86,6,5,3.0,0.0,6.0,1.0,43.0,12.0,6.0,12.0,2.0,1
2037,18011,3.0,5,0,2,20,3,2,0.0,0.0,0.0,0.0,11.0,4.0,0.0,3.0,1.0,1
2038,14533,4.0,11,0,3,44,2,3,0.0,0.0,0.0,0.0,31.0,6.0,0.0,6.0,0.0,1
2039,1485,5.0,59,48,3,345,9,3,12.0,34.0,2.0,31.0,218.0,21.0,5.0,18.0,3.0,0
2040,7652,4.0,13,6,3,59,3,3,4.0,0.0,2.0,0.0,38.0,6.0,2.0,6.0,0.0,0
2041,18217,3.0,7,0,1,16,2,0,0.0,0.0,0.0,0.0,11.0,2.0,0.0,2.0,0.0,1
2042,13883,4.0,26,1,2,101,7,4,0.0,0.0,1.0,0.0,71.0,13.0,1.0,12.0,2.0,1
2043,13817,4.0,21,15,9,115,6,5,5.0,9.0,1.0,0.0,51.0,22.0,10.0,13.0,3.0,1
2044,675,3.0,3,2,1,15,2,1,1.0,1.0,0.0,1.0,8.0,2.0,0.0,1.0,0.0,0
2045,5134,4.0,12,16,2,77,3,3,11.0,0.0,5.0,1.0,35.0,10.0,4.0,10.0,0.0,0
2046,23,3.0,13,0,2,40,3,3,0.0,0.0,0.0,0.0,28.0,6.0,0.0,5.0,0.0,0
2047,18876,5.0,33,20,3,192,7,3,3.0,17.0,0.0,17.0,127.0,13.0,0.0,12.0,2.0,1
2048,13421,4.0,24,2,3,88,8,3,0.0,0.0,1.0,0.0,55.0,14.0,2.0,13.0,2.0,1
2049,12123,3.0,5,0,1,19,1,0,0.0,0.0,0.0,0.0,16.0,1.0,0.0,1.0,0.0,1
2050,16242,3.0,6,0,3,34,3,2,0.0,0.0,0.0,0.0,21.0,6.0,0.0,6.0,0.0,1
2051,2036,3.0,8,3,2,33,2,4,2.0,0.0,1.0,0.0,18.0,5.0,1.0,5.0,0.0,0
2052,3065,3.0,6,0,2,20,2,1,0.0,0.0,0.0,0.0,13.0,3.0,0.0,3.0,0.0,0
2053,16304,3.0,10,0,4,43,3,2,0.0,0.0,0.0,0.0,28.0,7.0,0.0,7.0,0.0,1
2054,6109,3.0,10,0,2,28,2,1,0.0,0.0,0.0,0.0,21.0,3.0,0.0,3.0,0.0,0
2055,14724,3.0,8,0,3,26,2,2,0.0,0.0,0.0,0.0,16.0,5.0,0.0,4.0,0.0,1
2056,7098,4.0,19,0,1,64,3,3,0.0,0.0,0.0,0.0,49.0,7.0,0.0,7.0,0.0,0
2057,6375,4.0,18,8,4,78,5,2,6.0,0.0,1.0,0.0,42.0,13.0,2.0,12.0,1.0,0
2058,16328,4.0,6,0,3,31,2,1,0.0,0.0,0.0,0.0,22.0,4.0,0.0,4.0,0.0,1
2059,7980,4.0,17,6,2,67,3,7,3.0,0.0,3.0,2.0,38.0,8.0,1.0,10.0,1.0,0
2060,16081,4.0,8,1,4,42,3,3,0.0,0.0,1.0,1.0,25.0,6.0,0.0,7.0,1.0,1
2061,6927,4.0,13,0,2,37,3,2,0.0,0.0,0.0,0.0,26.0,5.0,0.0,5.0,0.0,0
2062,1041,4.0,10,0,2,36,3,2,0.0,0.0,0.0,0.0,23.0,6.0,0.0,6.0,0.0,0
2063,8725,4.0,6,3,1,23,2,1,2.0,0.0,0.0,1.0,15.0,2.0,0.0,2.0,0.0,0
2064,18087,4.0,11,0,5,69,4,5,0.0,0.0,0.0,0.0,44.0,11.0,0.0,11.0,2.0,1
2065,114,4.0,17,2,1,47,3,2,0.0,2.0,0.0,2.0,32.0,5.0,0.0,5.0,0.0,0
2066,6991,3.0,5,0,2,21,2,1,0.0,0.0,0.0,0.0,15.0,3.0,0.0,2.0,0.0,0
2067,4250,4.0,33,8,2,113,3,5,5.0,0.0,3.0,0.0,76.0,13.0,3.0,12.0,0.0,0
2068,7550,4.0,20,13,2,96,7,5,2.0,1.0,9.0,5.0,44.0,11.0,6.0,14.0,3.0,0
2069,8422,4.0,8,6,2,53,3,2,5.0,0.0,1.0,0.0,35.0,5.0,1.0,5.0,0.0,0
2070,9525,4.0,8,0,1,29,3,1,0.0,0.0,0.0,0.0,22.0,3.0,0.0,3.0,0.0,0
2071,16731,4.0,28,2,3,94,4,5,1.0,0.0,1.0,0.0,64.0,12.0,1.0,12.0,2.0,1
2072,3853,4.0,24,11,2,97,3,5,5.0,6.0,0.0,0.0,59.0,13.0,6.0,7.0,0.0,0
2073,5813,3.0,6,0,2,20,3,1,0.0,0.0,0.0,0.0,12.0,4.0,0.0,3.0,0.0,0
2074,13150,4.0,12,0,3,47,3,3,0.0,0.0,0.0,0.0,34.0,5.0,0.0,5.0,2.0,1
2075,18905,4.0,16,0,3,70,6,3,0.0,0.0,0.0,0.0,47.0,10.0,0.0,10.0,2.0,1
2076,1758,4.0,5,0,2,27,3,2,0.0,0.0,0.0,0.0,16.0,5.0,0.0,5.0,0.0,0
2077,12969,3.0,8,0,1,27,2,3,0.0,0.0,0.0,0.0,19.0,4.0,0.0,3.0,0.0,1
2078,7644,4.0,33,2,1,110,3,3,1.0,0.0,1.0,0.0,74.0,16.0,1.0,16.0,0.0,0
2079,3680,3.0,4,7,1,24,2,3,6.0,0.0,1.0,1.0,9.0,3.0,0.0,3.0,0.0,0
2080,11604,4.0,7,8,4,42,2,4,6.0,0.0,2.0,0.0,19.0,6.0,2.0,6.0,0.0,1
2081,17994,4.0,11,1,1,43,5,3,0.0,0.0,0.0,0.0,30.0,5.0,1.0,4.0,2.0,1
2082,3598,4.0,17,4,2,58,3,4,3.0,0.0,1.0,0.0,38.0,7.0,1.0,7.0,0.0,0
2083,13332,3.0,12,27,1,81,4,4,8.0,1.0,18.0,12.0,9.0,6.0,7.0,16.0,3.0,1
2084,7410,3.0,12,1,2,38,2,3,0.0,0.0,1.0,1.0,26.0,4.0,0.0,5.0,0.0,0
2085,14275,3.0,1,15,4,29,3,3,10.0,0.0,5.0,0.0,3.0,1.0,5.0,1.0,3.0,1
2086,12538,4.0,29,0,4,104,4,6,0.0,0.0,0.0,0.0,77.0,12.0,0.0,12.0,2.0,1
2087,6278,3.0,6,7,1,27,2,3,6.0,0.0,1.0,1.0,11.0,3.0,0.0,4.0,0.0,0
2088,9134,4.0,10,0,2,40,2,1,0.0,0.0,0.0,0.0,33.0,3.0,0.0,3.0,0.0,0
2089,16451,4.0,9,2,2,46,4,5,0.0,0.0,1.0,0.0,28.0,6.0,2.0,5.0,3.0,1
2090,6319,3.0,5,0,1,22,3,1,0.0,0.0,0.0,0.0,15.0,3.0,0.0,3.0,0.0,0
2091,14496,4.0,8,0,3,43,4,4,0.0,0.0,0.0,0.0,26.0,7.0,0.0,7.0,2.0,1
2092,18680,3.0,10,0,2,27,2,2,0.0,0.0,0.0,0.0,19.0,4.0,0.0,3.0,0.0,1
2093,18793,3.0,9,5,2,37,2,5,3.0,0.0,2.0,0.0,20.0,5.0,2.0,4.0,0.0,1
2094,1780,4.0,22,0,3,59,3,2,0.0,0.0,0.0,0.0,46.0,6.0,0.0,6.0,0.0,0
2095,9682,3.0,3,0,1,10,2,1,0.0,0.0,0.0,0.0,6.0,2.0,0.0,1.0,0.0,0
2096,13968,4.0,13,0,4,50,3,3,0.0,0.0,0.0,0.0,35.0,6.0,0.0,6.0,2.0,1
2097,3822,4.0,11,3,2,49,3,3,2.0,0.0,1.0,0.0,34.0,5.0,1.0,5.0,0.0,0
2098,14699,3.0,8,0,2,27,2,2,0.0,0.0,0.0,0.0,19.0,4.0,0.0,3.0,0.0,1
2099,19012,3.0,14,25,1,90,4,4,6.0,2.0,17.0,13.0,12.0,10.0,6.0,20.0,3.0,1
2100,5837,4.0,14,0,3,59,3,5,0.0,0.0,0.0,0.0,40.0,9.0,0.0,9.0,0.0,0
2101,12228,4.0,6,0,2,30,3,3,0.0,0.0,0.0,0.0,19.0,4.0,0.0,4.0,2.0,1
2102,15004,4.0,12,10,4,56,3,5,7.0,1.0,2.0,3.0,26.0,6.0,0.0,8.0,2.0,1
2103,5044,5.0,75,54,3,349,9,3,10.0,41.0,3.0,39.0,208.0,21.0,5.0,19.0,2.0,0
2104,8932,4.0,15,0,1,48,5,1,0.0,0.0,0.0,0.0,35.0,6.0,0.0,5.0,1.0,0
2105,3838,4.0,13,0,2,41,2,2,0.0,0.0,0.0,0.0,32.0,4.0,0.0,4.0,0.0,0
2106,6351,3.0,4,7,1,24,2,3,6.0,0.0,1.0,1.0,9.0,3.0,0.0,3.0,0.0,0
2107,17283,3.0,7,0,2,26,2,2,0.0,0.0,0.0,0.0,18.0,4.0,0.0,3.0,0.0,1
2108,14366,4.0,27,5,5,100,7,3,3.0,0.0,1.0,0.0,60.0,16.0,2.0,15.0,2.0,1
2109,16742,4.0,22,7,3,88,8,3,3.0,0.0,3.0,1.0,49.0,13.0,3.0,13.0,2.0,1
2110,18644,4.0,8,0,3,43,4,3,0.0,0.0,0.0,0.0,28.0,6.0,0.0,6.0,2.0,1
2111,8999,4.0,10,0,2,39,2,1,0.0,0.0,0.0,0.0,33.0,3.0,0.0,2.0,0.0,0
2112,17013,3.0,8,5,2,31,1,0,3.0,1.0,1.0,1.0,21.0,1.0,1.0,1.0,0.0,1
2113,7790,4.0,7,0,1,22,2,2,0.0,0.0,0.0,0.0,15.0,3.0,0.0,3.0,0.0,0
2114,10788,4.0,10,5,3,45,3,4,3.0,1.0,1.0,1.0,25.0,5.0,1.0,5.0,2.0,1
2115,15209,4.0,40,5,4,132,7,3,2.0,0.0,2.0,0.0,89.0,17.0,3.0,16.0,2.0,1
2116,12774,3.0,23,0,1,55,2,0,0.0,0.0,0.0,0.0,48.0,3.0,0.0,3.0,0.0,1
2117,9020,3.0,4,0,1,15,2,1,0.0,0.0,0.0,0.0,11.0,2.0,0.0,1.0,0.0,0
2118,17259,4.0,7,3,3,41,5,3,2.0,0.0,0.0,0.0,22.0,7.0,1.0,6.0,2.0,1
2119,2984,4.0,23,6,2,67,4,1,5.0,0.0,1.0,0.0,41.0,9.0,1.0,9.0,0.0,0
2120,3279,4.0,21,0,1,71,3,7,0.0,0.0,0.0,0.0,53.0,9.0,0.0,8.0,0.0,0
2121,2815,4.0,24,0,2,64,6,1,0.0,0.0,0.0,0.0,51.0,6.0,0.0,5.0,1.0,0
2122,2649,3.0,2,0,1,15,3,1,0.0,0.0,0.0,0.0,9.0,3.0,0.0,2.0,0.0,0
2123,4923,4.0,19,10,2,67,6,1,7.0,0.0,2.0,1.0,38.0,8.0,2.0,8.0,0.0,0
2124,12283,3.0,5,0,1,16,2,0,0.0,0.0,0.0,0.0,9.0,3.0,0.0,3.0,0.0,1
2125,2347,4.0,10,3,3,32,5,1,2.0,0.0,0.0,0.0,16.0,6.0,1.0,5.0,1.0,0
2126,11846,4.0,27,3,3,96,7,3,1.0,0.0,1.0,0.0,60.0,15.0,2.0,14.0,2.0,1
2127,12628,4.0,43,72,3,212,7,5,34.0,36.0,1.0,36.0,71.0,15.0,2.0,14.0,2.0,1
2128,10371,4.0,22,5,6,94,7,7,1.0,0.0,3.0,1.0,57.0,13.0,3.0,13.0,2.0,1
2129,6635,3.0,13,0,1,35,2,1,0.0,0.0,0.0,0.0,30.0,2.0,0.0,2.0,0.0,0
2130,15464,4.0,18,4,3,81,7,3,2.0,0.0,2.0,1.0,45.0,13.0,1.0,14.0,2.0,1
2131,6708,3.0,9,0,1,25,2,2,0.0,0.0,0.0,0.0,19.0,3.0,0.0,2.0,0.0,0
2132,1414,4.0,14,2,2,49,5,2,0.0,1.0,0.0,1.0,30.0,8.0,1.0,7.0,0.0,0
2133,14080,4.0,4,6,3,41,4,4,4.0,1.0,1.0,0.0,19.0,6.0,2.0,5.0,2.0,1
2134,19478,4.0,7,1,4,32,3,1,0.0,0.0,1.0,1.0,18.0,5.0,0.0,6.0,0.0,1
2135,6157,4.0,18,16,1,70,3,3,14.0,0.0,1.0,0.0,37.0,8.0,2.0,7.0,0.0,0
2136,3033,4.0,10,12,3,49,6,1,9.0,0.0,2.0,1.0,22.0,6.0,2.0,6.0,0.0,0
2137,17048,4.0,13,9,1,63,3,4,5.0,4.0,0.0,3.0,41.0,4.0,1.0,2.0,2.0,1
2138,3628,4.0,25,5,1,88,3,2,4.0,0.0,1.0,0.0,62.0,10.0,1.0,9.0,0.0,0
2139,10496,4.0,17,0,2,62,4,4,0.0,0.0,0.0,0.0,47.0,6.0,0.0,6.0,2.0,1
2140,12932,4.0,22,10,2,90,7,3,7.0,0.0,2.0,0.0,50.0,13.0,3.0,12.0,2.0,1
2141,5556,4.0,31,8,1,119,4,5,7.0,0.0,1.0,0.0,77.0,15.0,1.0,15.0,2.0,0
2142,1348,4.0,9,5,1,38,3,2,4.0,0.0,0.0,1.0,22.0,5.0,0.0,5.0,0.0,0
2143,8495,4.0,9,4,2,39,3,1,3.0,0.0,1.0,0.0,27.0,3.0,1.0,3.0,0.0,0
2144,7063,4.0,10,2,1,36,2,3,0.0,2.0,0.0,2.0,23.0,4.0,0.0,4.0,0.0,0
2145,18151,4.0,6,1,3,31,2,1,0.0,0.0,0.0,1.0,21.0,4.0,0.0,4.0,0.0,1
2146,5896,4.0,14,18,1,70,3,2,15.0,0.0,2.0,0.0,32.0,9.0,3.0,8.0,0.0,0
2147,8562,4.0,14,10,1,48,3,3,9.0,0.0,0.0,0.0,28.0,5.0,1.0,4.0,0.0,0
2148,1618,3.0,13,0,2,34,3,3,0.0,0.0,0.0,0.0,21.0,6.0,0.0,6.0,0.0,0
2149,8471,3.0,7,0,1,23,2,1,0.0,0.0,0.0,0.0,18.0,2.0,0.0,2.0,0.0,0
2150,7045,4.0,23,9,2,93,3,5,5.0,0.0,4.0,1.0,47.0,16.0,3.0,16.0,0.0,0
2151,2924,4.0,16,4,2,69,3,3,3.0,0.0,1.0,0.0,45.0,9.0,1.0,9.0,0.0,0
2152,3206,4.0,6,3,2,33,2,2,2.0,0.0,1.0,1.0,21.0,3.0,0.0,4.0,0.0,0
2153,17934,4.0,20,14,4,84,4,5,12.0,0.0,2.0,0.0,45.0,11.0,2.0,11.0,0.0,1
2154,4274,4.0,8,0,2,35,3,2,0.0,0.0,0.0,0.0,24.0,5.0,0.0,5.0,0.0,0
2155,11547,3.0,14,22,1,84,4,4,6.0,3.0,13.0,9.0,13.0,12.0,7.0,17.0,3.0,1
2156,13309,4.0,8,0,1,43,4,5,0.0,0.0,0.0,0.0,29.0,6.0,0.0,5.0,2.0,1
2157,18590,3.0,2,16,4,34,3,3,11.0,0.0,5.0,0.0,6.0,2.0,5.0,2.0,2.0,1
2158,10246,4.0,21,3,3,85,7,3,1.0,0.0,1.0,0.0,51.0,14.0,2.0,13.0,2.0,1
2159,1950,3.0,3,0,1,13,2,1,0.0,0.0,0.0,0.0,8.0,2.0,0.0,2.0,0.0,0
2160,4829,4.0,17,0,1,60,3,5,0.0,0.0,0.0,0.0,40.0,10.0,0.0,9.0,0.0,0
2161,14833,3.0,7,0,1,16,1,0,0.0,0.0,0.0,0.0,13.0,1.0,0.0,1.0,0.0,1
2162,9708,4.0,26,8,1,98,4,5,7.0,0.0,1.0,0.0,56.0,15.0,1.0,15.0,2.0,0
2163,1068,3.0,10,0,1,29,2,1,0.0,0.0,0.0,0.0,25.0,2.0,0.0,1.0,0.0,0
2164,3660,3.0,6,1,2,22,3,1,0.0,1.0,0.0,1.0,12.0,4.0,0.0,3.0,0.0,0
2165,10981,4.0,14,3,2,56,6,3,2.0,0.0,1.0,0.0,37.0,6.0,1.0,6.0,2.0,1
2166,2470,3.0,20,42,1,153,5,6,4.0,1.0,37.0,33.0,19.0,8.0,5.0,40.0,5.0,0
2167,2274,4.0,7,6,1,30,4,1,4.0,1.0,0.0,2.0,14.0,4.0,0.0,4.0,0.0,0
2168,1265,3.0,5,3,1,18,2,1,2.0,0.0,1.0,1.0,11.0,1.0,0.0,1.0,0.0,0
2169,9140,4.0,12,0,1,32,3,2,0.0,0.0,0.0,0.0,23.0,4.0,0.0,4.0,0.0,0
2170,7864,4.0,8,4,1,31,5,1,1.0,2.0,0.0,3.0,14.0,5.0,0.0,5.0,0.0,0
2171,16355,4.0,18,8,3,73,9,3,4.0,0.0,3.0,1.0,38.0,10.0,3.0,10.0,3.0,1
2172,3038,4.0,9,0,2,40,3,2,0.0,0.0,0.0,0.0,27.0,6.0,0.0,6.0,0.0,0
2173,14632,4.0,15,3,4,71,4,6,1.0,0.0,2.0,0.0,45.0,9.0,2.0,9.0,2.0,1
2174,14241,4.0,23,0,1,74,4,5,0.0,0.0,0.0,0.0,53.0,9.0,0.0,9.0,2.0,1
2175,8774,4.0,18,6,1,69,3,2,5.0,0.0,0.0,0.0,47.0,8.0,1.0,7.0,0.0,0
2176,15699,3.0,6,5,2,27,1,0,3.0,1.0,1.0,1.0,17.0,1.0,1.0,1.0,0.0,1
2177,5032,4.0,10,7,4,41,5,1,5.0,1.0,1.0,0.0,18.0,7.0,2.0,6.0,0.0,0
2178,18536,3.0,15,27,1,90,4,4,6.0,3.0,18.0,14.0,10.0,9.0,7.0,19.0,3.0,1
2179,347,3.0,9,1,2,26,2,1,0.0,0.0,0.0,1.0,18.0,3.0,0.0,3.0,0.0,0
2180,2260,4.0,20,39,12,134,7,4,28.0,7.0,3.0,7.0,52.0,15.0,4.0,14.0,3.0,0
2181,6277,4.0,11,5,2,66,7,4,4.0,0.0,1.0,0.0,33.0,12.0,1.0,12.0,2.0,0
2182,9467,4.0,23,6,2,76,3,3,4.0,0.0,2.0,0.0,45.0,11.0,2.0,11.0,0.0,0
2183,7091,4.0,15,0,2,39,2,2,0.0,0.0,0.0,0.0,31.0,4.0,0.0,3.0,0.0,0
2184,15714,4.0,14,1,3,60,3,7,0.0,0.0,0.0,0.0,39.0,9.0,1.0,8.0,2.0,1
2185,5880,4.0,27,7,1,103,4,2,6.0,0.0,0.0,0.0,66.0,15.0,1.0,14.0,0.0,0
2186,4952,4.0,11,6,1,46,3,4,4.0,0.0,2.0,0.0,28.0,5.0,2.0,4.0,0.0,0
2187,8762,4.0,12,3,1,31,3,2,2.0,1.0,0.0,0.0,19.0,4.0,0.0,4.0,0.0,0
2188,1477,3.0,4,0,2,16,2,1,0.0,0.0,0.0,0.0,10.0,3.0,0.0,2.0,0.0,0
2189,8372,4.0,25,4,1,87,3,2,3.0,0.0,0.0,0.0,53.0,15.0,1.0,14.0,0.0,0
2190,11071,4.0,7,0,2,42,4,3,0.0,0.0,0.0,0.0,28.0,6.0,0.0,5.0,2.0,1
2191,17342,4.0,41,5,2,146,8,3,2.0,0.0,2.0,0.0,99.0,19.0,3.0,18.0,2.0,1
2192,14228,3.0,11,26,1,75,4,4,8.0,2.0,16.0,10.0,8.0,6.0,8.0,13.0,3.0,1
2193,7248,3.0,9,0,2,27,3,1,0.0,0.0,0.0,0.0,19.0,4.0,0.0,3.0,0.0,0
2194,255,4.0,21,0,2,55,3,2,0.0,0.0,0.0,0.0,40.0,7.0,0.0,7.0,0.0,0
2195,7283,4.0,9,5,2,46,2,4,4.0,0.0,1.0,1.0,28.0,5.0,0.0,6.0,0.0,0
2196,9056,4.0,47,10,1,160,8,3,9.0,0.0,1.0,0.0,100.0,23.0,1.0,23.0,2.0,0
2197,4513,3.0,2,12,1,27,2,4,10.0,0.0,2.0,0.0,7.0,3.0,2.0,2.0,0.0,0
2198,107,4.0,20,0,1,65,3,4,0.0,0.0,0.0,0.0,46.0,9.0,0.0,9.0,0.0,0
2199,3717,4.0,10,1,1,37,5,2,0.0,0.0,0.0,0.0,24.0,6.0,1.0,5.0,0.0,0
2200,6702,3.0,9,0,1,30,2,3,0.0,0.0,0.0,0.0,21.0,4.0,0.0,4.0,0.0,0
2201,416,4.0,27,2,2,96,9,5,0.0,2.0,0.0,0.0,55.0,17.0,2.0,15.0,4.0,0
2202,6516,4.0,16,0,2,63,2,2,0.0,0.0,0.0,0.0,54.0,4.0,0.0,4.0,0.0,0
2203,13346,4.0,13,0,2,49,3,3,0.0,0.0,0.0,0.0,38.0,4.0,0.0,4.0,2.0,1
2204,10016,3.0,6,0,2,28,2,2,0.0,0.0,0.0,0.0,20.0,4.0,0.0,3.0,0.0,1
2205,18471,4.0,23,21,3,118,7,5,9.0,11.0,0.0,12.0,59.0,12.0,0.0,12.0,2.0,1
2206,11488,4.0,32,5,3,120,8,3,1.0,0.0,3.0,0.0,76.0,17.0,4.0,16.0,2.0,1
2207,18003,4.0,37,5,3,130,8,3,2.0,0.0,2.0,0.0,87.0,17.0,3.0,16.0,2.0,1
2208,15939,4.0,14,2,1,54,5,5,1.0,1.0,0.0,0.0,35.0,7.0,1.0,6.0,2.0,1
2209,14526,4.0,13,11,6,67,3,4,9.0,0.0,2.0,2.0,35.0,7.0,0.0,9.0,2.0,1
2210,4606,4.0,18,0,2,47,3,2,0.0,0.0,0.0,0.0,32.0,7.0,0.0,7.0,0.0,0
2211,16710,4.0,7,0,2,32,2,2,0.0,0.0,0.0,0.0,23.0,4.0,0.0,4.0,0.0,1
2212,16099,4.0,50,8,2,163,8,3,4.0,0.0,3.0,0.0,105.0,22.0,4.0,21.0,3.0,1
2213,1900,3.0,11,0,1,32,3,2,0.0,0.0,0.0,0.0,23.0,4.0,0.0,4.0,0.0,0
2214,7565,4.0,11,2,2,42,2,3,1.0,1.0,0.0,0.0,29.0,5.0,1.0,4.0,0.0,0
2215,19092,3.0,11,0,1,39,3,4,0.0,0.0,0.0,0.0,28.0,4.0,0.0,4.0,2.0,1
2216,39,4.0,16,9,1,50,3,3,8.0,0.0,0.0,0.0,31.0,5.0,1.0,4.0,0.0,0
2217,13181,4.0,21,24,4,123,6,6,13.0,10.0,0.0,10.0,61.0,13.0,1.0,12.0,2.0,1
2218,14360,3.0,5,0,3,32,3,3,0.0,0.0,0.0,0.0,18.0,6.0,0.0,6.0,1.0,1
2219,8888,3.0,10,40,2,135,5,5,9.0,1.0,29.0,22.0,19.0,10.0,9.0,30.0,5.0,0
2220,2980,4.0,18,0,3,54,3,3,0.0,0.0,0.0,0.0,39.0,7.0,0.0,7.0,0.0,0
2221,11616,4.0,17,20,3,76,4,4,13.0,7.0,0.0,6.0,33.0,7.0,1.0,6.0,2.0,1
2222,10199,4.0,11,0,3,43,3,3,0.0,0.0,0.0,0.0,30.0,5.0,0.0,5.0,2.0,1
2223,3544,4.0,14,0,2,41,3,2,0.0,0.0,0.0,0.0,28.0,6.0,0.0,6.0,0.0,0
2224,2867,3.0,7,0,1,22,3,1,0.0,0.0,0.0,0.0,15.0,3.0,0.0,3.0,0.0,0
2225,18786,3.0,9,0,2,26,1,0,0.0,0.0,0.0,0.0,21.0,2.0,0.0,2.0,0.0,1
2226,13960,4.0,15,0,3,61,4,7,0.0,0.0,0.0,0.0,38.0,10.0,0.0,10.0,2.0,1
2227,4570,3.0,8,0,1,25,2,1,0.0,0.0,0.0,0.0,21.0,2.0,0.0,1.0,0.0,0
2228,6454,4.0,11,6,1,60,3,5,5.0,0.0,1.0,0.0,40.0,6.0,1.0,6.0,0.0,0
2229,1878,3.0,8,0,1,25,2,1,0.0,0.0,0.0,0.0,21.0,2.0,0.0,1.0,0.0,0
2230,17269,3.0,5,0,2,27,2,2,0.0,0.0,0.0,0.0,19.0,4.0,0.0,3.0,0.0,1
2231,3897,3.0,5,0,2,16,2,1,0.0,0.0,0.0,0.0,10.0,3.0,0.0,2.0,0.0,0
2232,2729,3.0,4,0,1,16,3,1,0.0,0.0,0.0,0.0,10.0,3.0,0.0,2.0,0.0,0
2233,15002,4.0,25,4,3,92,8,3,2.0,0.0,1.0,0.0,57.0,14.0,2.0,13.0,2.0,1
2234,6850,4.0,11,0,2,41,5,2,0.0,0.0,0.0,0.0,26.0,7.0,0.0,7.0,0.0,0
2235,414,4.0,21,5,1,86,5,3,4.0,0.0,0.0,1.0,52.0,13.0,0.0,13.0,2.0,0
2236,7887,4.0,7,0,1,26,3,3,0.0,0.0,0.0,0.0,16.0,5.0,0.0,4.0,0.0,0
2237,6386,4.0,9,4,2,39,4,1,3.0,0.0,0.0,0.0,25.0,5.0,1.0,4.0,0.0,0
2238,9787,4.0,22,10,1,80,3,3,9.0,0.0,1.0,1.0,49.0,9.0,0.0,10.0,0.0,0
2239,16497,4.0,17,5,2,86,7,5,3.0,0.0,2.0,0.0,53.0,12.0,2.0,11.0,2.0,1
2240,15863,3.0,1,9,3,25,3,3,5.0,0.0,4.0,0.0,7.0,1.0,4.0,1.0,2.0,1
2241,6485,4.0,15,0,2,51,4,3,0.0,0.0,0.0,0.0,34.0,8.0,0.0,8.0,0.0,0
2242,19799,4.0,23,0,4,73,4,4,0.0,0.0,0.0,0.0,52.0,9.0,0.0,9.0,2.0,1
2243,6333,4.0,15,0,2,35,3,2,0.0,0.0,0.0,0.0,24.0,5.0,0.0,5.0,0.0,0
2244,11603,4.0,11,1,2,42,4,2,0.0,0.0,0.0,1.0,29.0,5.0,0.0,5.0,1.0,1
2245,5932,4.0,18,0,2,50,3,2,0.0,0.0,0.0,0.0,35.0,7.0,0.0,7.0,0.0,0
2246,13242,4.0,10,0,2,37,3,3,0.0,0.0,0.0,0.0,25.0,6.0,0.0,5.0,0.0,1
2247,8065,4.0,22,10,1,96,4,7,6.0,0.0,4.0,1.0,56.0,11.0,3.0,12.0,2.0,0
2248,12489,4.0,12,1,3,46,3,5,0.0,0.0,1.0,1.0,28.0,6.0,0.0,7.0,2.0,1
2249,19178,3.0,19,0,3,60,5,2,0.0,0.0,0.0,0.0,43.0,8.0,0.0,8.0,0.0,1
2250,1787,3.0,7,0,1,26,2,2,0.0,0.0,0.0,0.0,19.0,3.0,0.0,3.0,0.0,0
2251,36,5.0,21,7,3,126,7,2,1.0,5.0,1.0,6.0,82.0,13.0,0.0,14.0,3.0,0
2252,7767,4.0,15,0,2,45,3,3,0.0,0.0,0.0,0.0,32.0,6.0,0.0,6.0,0.0,0
2253,4187,3.0,10,0,1,24,2,2,0.0,0.0,0.0,0.0,17.0,3.0,0.0,3.0,0.0,0
2254,1555,4.0,17,12,1,69,3,3,9.0,0.0,3.0,1.0,42.0,5.0,2.0,6.0,0.0,0
2255,7252,4.0,13,0,2,44,3,2,0.0,0.0,0.0,0.0,33.0,5.0,0.0,5.0,0.0,0
2256,6398,4.0,18,16,2,72,3,4,9.0,0.0,7.0,1.0,41.0,3.0,6.0,4.0,0.0,0
2257,15853,4.0,24,73,6,154,5,4,58.0,15.0,0.0,14.0,44.0,10.0,1.0,8.0,3.0,1
2258,16284,4.0,29,2,3,96,4,5,1.0,0.0,1.0,0.0,68.0,11.0,1.0,11.0,2.0,1
2259,3708,4.0,17,46,2,108,3,3,35.0,10.0,1.0,11.0,39.0,5.0,0.0,6.0,0.0,0
2260,10097,4.0,25,2,3,95,7,3,0.0,0.0,2.0,0.0,60.0,14.0,2.0,14.0,2.0,1
2261,14160,4.0,22,4,2,85,7,3,1.0,0.0,3.0,1.0,54.0,10.0,2.0,11.0,2.0,1
2262,16606,4.0,50,14,3,187,8,3,7.0,0.0,6.0,0.0,112.0,26.0,7.0,25.0,3.0,1
2263,5775,4.0,14,16,2,63,3,5,13.0,0.0,2.0,0.0,33.0,6.0,3.0,5.0,0.0,0
2264,9332,4.0,8,0,1,31,4,1,0.0,0.0,0.0,0.0,22.0,4.0,0.0,4.0,0.0,0
2265,13463,3.0,7,0,1,22,1,0,0.0,0.0,0.0,0.0,19.0,1.0,0.0,1.0,0.0,1
2266,17822,4.0,30,5,3,101,8,3,2.0,0.0,2.0,0.0,60.0,16.0,3.0,15.0,2.0,1
2267,7073,4.0,15,4,2,60,5,2,3.0,0.0,1.0,0.0,40.0,7.0,1.0,7.0,0.0,0
2268,15671,4.0,30,10,4,119,7,3,6.0,0.0,3.0,0.0,70.0,17.0,4.0,16.0,2.0,1
2269,19685,4.0,12,19,3,68,3,8,15.0,0.0,4.0,1.0,29.0,6.0,3.0,7.0,2.0,1
2270,17212,4.0,13,0,3,58,4,4,0.0,0.0,0.0,0.0,41.0,7.0,0.0,7.0,2.0,1
2271,1746,4.0,11,2,2,45,3,3,1.0,0.0,1.0,1.0,30.0,5.0,0.0,6.0,0.0,0
2272,15970,4.0,18,2,3,73,7,3,0.0,0.0,1.0,0.0,42.0,13.0,2.0,12.0,2.0,1
2273,13389,5.0,38,11,2,180,7,8,2.0,8.0,1.0,9.0,110.0,21.0,0.0,21.0,7.0,1
2274,7260,4.0,22,0,2,64,4,7,0.0,0.0,0.0,0.0,42.0,11.0,0.0,10.0,0.0,0
2275,10063,4.0,10,0,3,47,4,3,0.0,0.0,0.0,0.0,32.0,6.0,0.0,6.0,2.0,1
2276,4038,4.0,27,9,1,90,4,4,6.0,1.0,2.0,1.0,52.0,13.0,2.0,12.0,0.0,0
2277,3705,3.0,6,0,2,27,2,1,0.0,0.0,0.0,0.0,21.0,3.0,0.0,2.0,0.0,0
2278,3955,5.0,15,14,2,65,6,1,12.0,0.0,1.0,0.0,34.0,8.0,2.0,7.0,0.0,0
2279,19477,4.0,25,2,3,87,7,3,1.0,0.0,0.0,0.0,55.0,14.0,1.0,13.0,2.0,1
2280,3428,3.0,5,0,1,14,2,1,0.0,0.0,0.0,0.0,10.0,2.0,0.0,1.0,0.0,0
2281,10027,4.0,22,8,3,84,7,3,5.0,0.0,2.0,1.0,47.0,12.0,2.0,12.0,2.0,1
2282,2507,4.0,6,9,2,39,5,2,7.0,1.0,1.0,1.0,16.0,5.0,1.0,5.0,1.0,0
2283,4681,3.0,5,0,1,20,2,1,0.0,0.0,0.0,0.0,16.0,2.0,0.0,1.0,0.0,0
2284,8402,4.0,34,6,2,119,4,4,5.0,0.0,1.0,0.0,63.0,23.0,1.0,23.0,2.0,0
2285,4747,4.0,9,6,2,41,3,1,5.0,0.0,1.0,0.0,27.0,3.0,1.0,3.0,0.0,0
2286,17146,4.0,25,4,4,85,5,7,3.0,0.0,1.0,0.0,51.0,13.0,1.0,13.0,2.0,1
2287,17710,4.0,22,2,4,87,7,3,0.0,0.0,2.0,0.0,50.0,15.0,2.0,15.0,2.0,1
2288,17391,3.0,11,0,1,32,2,0,0.0,0.0,0.0,0.0,27.0,2.0,0.0,2.0,0.0,1
2289,16720,3.0,8,1,1,20,1,0,0.0,1.0,0.0,1.0,15.0,1.0,0.0,1.0,0.0,1
2290,13344,4.0,9,0,2,40,4,3,0.0,0.0,0.0,0.0,27.0,5.0,0.0,5.0,2.0,1
2291,10594,4.0,19,6,3,80,7,3,4.0,0.0,1.0,0.0,45.0,13.0,2.0,12.0,2.0,1
2292,1809,4.0,22,1,5,99,5,4,0.0,0.0,1.0,0.0,61.0,17.0,1.0,17.0,1.0,0
2293,16912,4.0,8,2,2,41,4,5,0.0,0.0,2.0,0.0,22.0,6.0,2.0,6.0,2.0,1
2294,14015,4.0,28,6,4,138,7,7,2.0,0.0,3.0,0.0,85.0,21.0,4.0,20.0,2.0,1
2295,16417,4.0,39,8,7,155,7,3,4.0,0.0,3.0,1.0,97.0,22.0,3.0,22.0,2.0,1
2296,19271,4.0,11,3,3,58,3,4,0.0,3.0,0.0,3.0,37.0,6.0,0.0,6.0,2.0,1
2297,1715,4.0,22,8,2,73,3,6,5.0,0.0,3.0,0.0,44.0,9.0,3.0,8.0,0.0,0
2298,7614,4.0,19,0,2,69,3,3,0.0,0.0,0.0,0.0,52.0,8.0,0.0,8.0,0.0,0
2299,8676,4.0,22,13,1,94,3,4,7.0,1.0,5.0,0.0,47.0,14.0,6.0,13.0,0.0,0
2300,6436,3.0,4,0,1,15,3,1,0.0,0.0,0.0,0.0,9.0,3.0,0.0,2.0,0.0,0
2301,13322,3.0,5,0,1,19,2,0,0.0,0.0,0.0,0.0,14.0,2.0,0.0,2.0,0.0,1
2302,5828,3.0,22,0,2,88,4,3,0.0,0.0,0.0,0.0,53.0,16.0,0.0,16.0,2.0,0
2303,10662,3.0,2,15,4,33,3,3,10.0,0.0,5.0,0.0,6.0,2.0,5.0,2.0,2.0,1
2304,14281,4.0,14,1,2,50,4,5,0.0,1.0,0.0,0.0,32.0,7.0,1.0,6.0,2.0,1
2305,7351,3.0,4,7,1,25,2,3,6.0,0.0,1.0,1.0,10.0,3.0,0.0,3.0,0.0,0
2306,14621,4.0,25,2,3,83,8,3,1.0,0.0,0.0,0.0,53.0,13.0,1.0,12.0,2.0,1
2307,17411,3.0,4,0,3,24,2,2,0.0,0.0,0.0,0.0,14.0,5.0,0.0,4.0,0.0,1
2308,1250,4.0,20,7,2,73,3,5,6.0,0.0,1.0,0.0,46.0,9.0,1.0,9.0,0.0,0
2309,6929,4.0,8,1,1,34,5,1,0.0,1.0,0.0,1.0,18.0,6.0,0.0,6.0,1.0,0
2310,18161,4.0,21,2,3,81,7,3,0.0,0.0,1.0,0.0,49.0,13.0,2.0,12.0,3.0,1
2311,16505,3.0,7,0,2,25,2,2,0.0,0.0,0.0,0.0,17.0,4.0,0.0,3.0,0.0,1
2312,12928,4.0,8,1,3,43,5,3,0.0,0.0,0.0,0.0,26.0,7.0,1.0,6.0,2.0,1
2313,13776,4.0,26,3,3,98,8,3,1.0,0.0,2.0,0.0,56.0,17.0,2.0,17.0,2.0,1
2314,12939,4.0,13,2,3,51,4,3,0.0,0.0,2.0,2.0,32.0,6.0,0.0,8.0,0.0,1
2315,4861,4.0,40,8,1,127,6,4,5.0,2.0,1.0,2.0,85.0,14.0,1.0,14.0,2.0,0
2316,2303,3.0,3,10,1,23,3,1,9.0,0.0,0.0,0.0,7.0,3.0,1.0,2.0,0.0,0
2317,6908,3.0,3,4,1,19,2,2,3.0,0.0,0.0,0.0,9.0,3.0,1.0,2.0,0.0,0
2318,18654,4.0,11,0,2,43,3,3,0.0,0.0,0.0,0.0,29.0,7.0,0.0,6.0,0.0,1
2319,11729,3.0,5,0,3,31,2,2,0.0,0.0,0.0,0.0,20.0,5.0,0.0,5.0,0.0,1
2320,8910,4.0,50,86,19,253,2,3,55.0,29.0,2.0,28.0,97.0,20.0,3.0,18.0,0.0,0
2321,8581,4.0,16,0,1,57,3,5,0.0,0.0,0.0,0.0,37.0,10.0,0.0,9.0,0.0,0
2322,19352,4.0,7,7,3,51,6,4,5.0,0.0,1.0,0.0,23.0,9.0,2.0,8.0,2.0,1
2323,18351,4.0,16,2,4,62,5,3,1.0,0.0,0.0,0.0,42.0,8.0,1.0,7.0,2.0,1
2324,8250,4.0,21,0,1,73,5,2,0.0,0.0,0.0,0.0,55.0,8.0,0.0,8.0,1.0,0
2325,15986,4.0,28,4,3,108,7,3,2.0,0.0,2.0,0.0,69.0,15.0,2.0,15.0,2.0,1
2326,6680,3.0,4,7,1,24,2,3,6.0,0.0,1.0,1.0,9.0,3.0,0.0,3.0,0.0,0
2327,12395,4.0,14,4,5,71,5,5,3.0,1.0,0.0,0.0,42.0,11.0,1.0,10.0,2.0,1
2328,10853,5.0,10,13,3,103,3,4,3.0,9.0,1.0,10.0,66.0,5.0,0.0,6.0,2.0,1
2329,16878,3.0,8,0,3,25,2,1,0.0,0.0,0.0,0.0,16.0,4.0,0.0,4.0,0.0,1
2330,2822,4.0,16,14,2,74,4,4,10.0,0.0,4.0,0.0,41.0,7.0,4.0,7.0,0.0,0
2331,15947,3.0,0,12,3,25,3,3,7.0,0.0,4.0,1.0,4.0,1.0,4.0,1.0,2.0,1
2332,1973,4.0,12,0,3,53,3,5,0.0,0.0,0.0,0.0,34.0,9.0,0.0,9.0,0.0,0
2333,19700,4.0,13,3,1,56,4,7,2.0,0.0,0.0,1.0,34.0,8.0,0.0,8.0,2.0,1
2334,267,4.0,11,2,2,39,3,2,1.0,0.0,1.0,1.0,26.0,4.0,0.0,5.0,0.0,0
2335,10924,4.0,2,12,5,34,4,3,6.0,0.0,6.0,0.0,8.0,2.0,6.0,2.0,3.0,1
2336,15499,4.0,19,2,2,83,5,7,0.0,2.0,0.0,1.0,58.0,10.0,1.0,8.0,2.0,1
2337,2770,4.0,35,3,2,127,4,4,0.0,3.0,0.0,3.0,80.0,19.0,0.0,19.0,2.0,0
2338,2329,3.0,12,0,1,40,3,2,0.0,0.0,0.0,0.0,29.0,5.0,0.0,5.0,0.0,0
2339,13360,3.0,9,0,3,38,2,2,0.0,0.0,0.0,0.0,27.0,5.0,0.0,5.0,0.0,1
2340,13167,4.0,6,0,3,33,2,1,0.0,0.0,0.0,0.0,24.0,4.0,0.0,4.0,0.0,1
2341,11699,4.0,8,0,3,41,3,3,0.0,0.0,0.0,0.0,28.0,5.0,0.0,5.0,2.0,1
2342,7991,4.0,9,2,2,39,3,1,1.0,0.0,1.0,1.0,24.0,5.0,0.0,6.0,0.0,0
2343,13912,4.0,5,1,1,33,3,4,0.0,1.0,0.0,0.0,21.0,4.0,1.0,3.0,2.0,1
2344,17291,4.0,23,7,2,95,7,3,4.0,0.0,2.0,0.0,58.0,13.0,3.0,12.0,2.0,1
2345,318,4.0,18,0,1,60,3,1,0.0,0.0,0.0,0.0,38.0,10.0,0.0,10.0,1.0,0
2346,1536,3.0,21,0,2,62,4,3,0.0,0.0,0.0,0.0,48.0,7.0,0.0,6.0,0.0,0
2347,1471,4.0,25,10,1,80,3,3,9.0,0.0,0.0,0.0,50.0,10.0,1.0,9.0,0.0,0
2348,14495,3.0,6,2,3,33,3,4,1.0,0.0,0.0,0.0,17.0,6.0,1.0,5.0,2.0,1
2349,1369,3.0,6,0,1,15,2,1,0.0,0.0,0.0,0.0,11.0,2.0,0.0,1.0,0.0,0
2350,740,4.0,12,5,1,40,2,4,4.0,0.0,0.0,0.0,25.0,5.0,1.0,4.0,0.0,0
2351,9362,4.0,7,10,2,35,3,1,8.0,0.0,2.0,1.0,15.0,3.0,1.0,4.0,0.0,0
2352,1188,4.0,18,0,1,56,3,3,0.0,0.0,0.0,0.0,39.0,8.0,0.0,8.0,0.0,0
2353,10865,4.0,70,10,3,232,8,3,2.0,0.0,7.0,0.0,147.0,33.0,8.0,32.0,2.0,1
2354,15416,3.0,11,1,3,40,2,2,0.0,1.0,0.0,0.0,28.0,5.0,1.0,4.0,0.0,1
2355,17311,4.0,18,0,2,65,4,5,0.0,0.0,0.0,0.0,46.0,8.0,0.0,8.0,2.0,1
2356,19260,4.0,15,2,2,56,4,5,1.0,0.0,1.0,0.0,34.0,8.0,1.0,8.0,2.0,1
2357,7383,4.0,7,0,2,23,2,1,0.0,0.0,0.0,0.0,17.0,3.0,0.0,2.0,0.0,0
2358,3487,4.0,27,3,2,108,6,4,1.0,0.0,2.0,0.0,63.0,17.0,2.0,16.0,6.0,0
2359,6044,3.0,6,0,2,28,2,1,0.0,0.0,0.0,0.0,21.0,3.0,0.0,3.0,0.0,0
2360,19437,4.0,14,4,1,62,7,4,2.0,0.0,1.0,0.0,37.0,9.0,2.0,8.0,2.0,1
2361,11526,4.0,11,0,4,61,4,3,0.0,0.0,0.0,0.0,44.0,7.0,0.0,7.0,2.0,1
2362,1233,3.0,13,0,2,41,3,3,0.0,0.0,0.0,0.0,29.0,6.0,0.0,5.0,0.0,0
2363,9869,4.0,17,0,2,53,3,1,0.0,0.0,0.0,0.0,42.0,5.0,0.0,5.0,0.0,0
2364,13220,3.0,7,2,1,27,2,0,1.0,0.0,1.0,1.0,18.0,2.0,0.0,3.0,0.0,1
2365,14760,4.0,21,0,4,87,4,6,0.0,0.0,0.0,0.0,62.0,11.0,0.0,11.0,2.0,1
2366,11444,4.0,10,8,3,58,4,8,5.0,0.0,3.0,0.0,30.0,7.0,3.0,6.0,3.0,1
2367,8981,3.0,10,0,1,31,3,2,0.0,0.0,0.0,0.0,22.0,4.0,0.0,4.0,0.0,0
2368,15347,4.0,15,1,3,62,4,4,0.0,0.0,1.0,0.0,39.0,9.0,1.0,9.0,2.0,1
2369,15762,4.0,9,2,3,49,5,5,1.0,1.0,0.0,0.0,26.0,9.0,1.0,8.0,2.0,1
2370,1291,3.0,11,0,2,29,2,1,0.0,0.0,0.0,0.0,23.0,3.0,0.0,2.0,0.0,0
2371,10208,4.0,13,4,3,50,4,4,2.0,2.0,0.0,1.0,28.0,7.0,1.0,6.0,2.0,1
2372,16358,3.0,5,9,2,32,3,4,7.0,0.0,2.0,0.0,12.0,3.0,2.0,3.0,2.0,1
2373,10424,4.0,27,3,4,93,5,8,2.0,0.0,1.0,0.0,60.0,13.0,1.0,13.0,2.0,1
2374,7862,3.0,10,0,2,30,2,2,0.0,0.0,0.0,0.0,22.0,4.0,0.0,3.0,0.0,0
2375,15058,4.0,19,0,3,77,4,7,0.0,0.0,0.0,0.0,52.0,11.0,0.0,11.0,2.0,1
2376,15914,4.0,9,0,2,45,4,4,0.0,0.0,0.0,0.0,30.0,6.0,0.0,6.0,2.0,1
2377,562,4.0,11,2,2,48,3,3,1.0,0.0,1.0,1.0,33.0,5.0,0.0,6.0,0.0,0
2378,1031,4.0,22,9,2,88,3,3,5.0,0.0,4.0,1.0,46.0,14.0,3.0,14.0,0.0,0
2379,5765,4.0,18,0,1,52,6,1,0.0,0.0,0.0,0.0,37.0,7.0,0.0,7.0,0.0,0
2380,17565,4.0,25,0,6,93,8,5,0.0,0.0,0.0,0.0,60.0,15.0,0.0,15.0,2.0,1
2381,17946,3.0,7,0,3,28,2,1,0.0,0.0,0.0,0.0,19.0,4.0,0.0,4.0,0.0,1
2382,18940,4.0,28,4,4,102,7,3,2.0,0.0,1.0,0.0,65.0,15.0,2.0,14.0,2.0,1
2383,7058,4.0,9,2,2,42,3,3,1.0,1.0,0.0,0.0,27.0,6.0,1.0,5.0,0.0,0
2384,4377,5.0,45,9,4,180,8,9,3.0,2.0,4.0,4.0,117.0,21.0,2.0,23.0,3.0,0
2385,16930,4.0,8,0,1,26,2,0,0.0,0.0,0.0,0.0,21.0,2.0,0.0,2.0,0.0,1
2386,12054,3.0,15,30,1,99,4,4,6.0,6.0,18.0,14.0,10.0,12.0,10.0,19.0,3.0,1
2387,6976,4.0,8,2,2,30,2,3,1.0,0.0,1.0,1.0,17.0,4.0,0.0,5.0,0.0,0
2388,17279,3.0,5,1,2,23,2,1,0.0,1.0,0.0,1.0,14.0,3.0,0.0,3.0,0.0,1
2389,18719,4.0,17,11,4,75,4,8,7.0,0.0,4.0,0.0,39.0,9.0,4.0,9.0,2.0,1
2390,17221,4.0,26,2,2,82,7,3,0.0,0.0,1.0,0.0,53.0,12.0,2.0,11.0,2.0,1
2391,5712,3.0,13,0,2,38,3,2,0.0,0.0,0.0,0.0,27.0,5.0,0.0,5.0,0.0,0
2392,7640,4.0,11,6,1,49,5,4,5.0,0.0,0.0,0.0,28.0,7.0,1.0,6.0,1.0,0
2393,1249,4.0,10,1,1,40,3,2,0.0,0.0,1.0,1.0,22.0,7.0,0.0,8.0,0.0,0
2394,16791,3.0,6,0,3,27,2,1,0.0,0.0,0.0,0.0,18.0,4.0,0.0,4.0,0.0,1
2395,18729,5.0,28,23,3,202,7,3,3.0,20.0,0.0,20.0,130.0,13.0,0.0,12.0,3.0,1
2396,2218,3.0,12,0,2,28,2,2,0.0,0.0,0.0,0.0,19.0,4.0,0.0,4.0,0.0,0
2397,11629,4.0,12,0,2,49,3,5,0.0,0.0,0.0,0.0,34.0,6.0,0.0,6.0,2.0,1
2398,17969,3.0,12,32,1,90,4,4,10.0,3.0,19.0,11.0,9.0,8.0,11.0,15.0,3.0,1
2399,16384,4.0,6,5,2,40,3,4,2.0,3.0,0.0,3.0,19.0,5.0,0.0,5.0,2.0,1
2400,16867,4.0,23,3,2,81,5,6,1.0,1.0,1.0,1.0,50.0,12.0,1.0,11.0,2.0,1
2401,16821,3.0,9,0,2,40,3,5,0.0,0.0,0.0,0.0,25.0,6.0,0.0,6.0,2.0,1
2402,12495,4.0,8,8,2,46,6,3,6.0,0.0,1.0,0.0,21.0,7.0,2.0,6.0,2.0,1
2403,15026,4.0,20,2,2,75,7,3,1.0,0.0,0.0,0.0,49.0,11.0,1.0,10.0,2.0,1
2404,9592,4.0,3,10,1,23,3,1,9.0,0.0,0.0,0.0,7.0,3.0,1.0,2.0,0.0,0
2405,6334,4.0,9,4,3,39,3,2,3.0,0.0,1.0,0.0,22.0,6.0,1.0,5.0,0.0,0
2406,4549,4.0,6,2,1,26,4,2,1.0,0.0,0.0,0.0,15.0,4.0,1.0,3.0,1.0,0
2407,12810,4.0,27,4,3,98,7,3,2.0,0.0,1.0,0.0,61.0,15.0,2.0,14.0,2.0,1
2408,7044,3.0,8,0,1,21,2,1,0.0,0.0,0.0,0.0,17.0,2.0,0.0,1.0,0.0,0
2409,11553,4.0,7,4,2,39,3,4,2.0,1.0,1.0,1.0,22.0,4.0,1.0,4.0,2.0,1
2410,12252,3.0,4,0,1,15,2,0,0.0,0.0,0.0,0.0,8.0,3.0,0.0,3.0,0.0,1
2411,2354,4.0,4,20,3,52,3,4,13.0,2.0,5.0,2.0,16.0,4.0,5.0,4.0,0.0,0
2412,10031,4.0,25,3,3,93,7,3,1.0,0.0,1.0,0.0,61.0,13.0,2.0,12.0,2.0,1
2413,14834,5.0,15,9,2,80,6,3,3.0,6.0,0.0,5.0,47.0,8.0,1.0,7.0,2.0,1
2414,16452,4.0,9,1,4,41,3,2,0.0,0.0,1.0,1.0,26.0,5.0,0.0,6.0,1.0,1
2415,5327,4.0,12,8,2,53,4,3,7.0,0.0,1.0,0.0,27.0,8.0,1.0,8.0,0.0,0
2416,1434,4.0,5,0,1,23,2,2,0.0,0.0,0.0,0.0,17.0,3.0,0.0,2.0,0.0,0
2417,264,4.0,17,0,1,52,3,2,0.0,0.0,0.0,0.0,41.0,5.0,0.0,5.0,0.0,0
2418,8324,4.0,10,3,1,30,3,2,2.0,1.0,0.0,0.0,18.0,4.0,0.0,4.0,0.0,0
2419,18130,3.0,8,0,1,20,2,0,0.0,0.0,0.0,0.0,15.0,2.0,0.0,2.0,0.0,1
2420,14276,3.0,6,1,1,20,1,0,0.0,1.0,0.0,0.0,16.0,1.0,0.0,1.0,0.0,1
2421,10689,5.0,59,74,3,302,9,7,30.0,35.0,8.0,31.0,131.0,26.0,13.0,21.0,6.0,1
2422,17615,3.0,4,0,2,20,2,1,0.0,0.0,0.0,0.0,13.0,3.0,0.0,3.0,0.0,1
2423,18452,4.0,23,0,3,67,4,4,0.0,0.0,0.0,0.0,50.0,7.0,0.0,7.0,2.0,1
2424,6347,4.0,19,3,3,67,5,3,2.0,0.0,1.0,0.0,44.0,9.0,1.0,9.0,0.0,0
2425,8584,4.0,25,0,2,84,4,5,0.0,0.0,0.0,0.0,59.0,11.0,0.0,11.0,2.0,0
2426,3378,4.0,13,2,2,42,3,2,1.0,0.0,1.0,1.0,29.0,4.0,0.0,5.0,0.0,0
2427,13955,4.0,5,12,2,40,2,5,8.0,0.0,4.0,0.0,17.0,3.0,4.0,3.0,0.0,1
2428,15474,4.0,25,5,4,96,7,3,2.0,0.0,2.0,1.0,60.0,13.0,2.0,13.0,2.0,1
2429,8620,4.0,6,9,4,45,2,4,7.0,0.0,2.0,1.0,20.0,6.0,1.0,7.0,0.0,0
2430,1437,4.0,9,0,2,40,3,6,0.0,0.0,0.0,0.0,23.0,7.0,0.0,7.0,2.0,0
2431,15414,4.0,31,4,1,101,4,5,2.0,0.0,2.0,0.0,63.0,15.0,2.0,14.0,2.0,1
2432,7960,4.0,7,1,2,33,2,2,0.0,1.0,0.0,1.0,22.0,4.0,0.0,4.0,0.0,0
2433,18941,4.0,14,4,5,59,1,0,0.0,3.0,1.0,4.0,41.0,4.0,0.0,5.0,0.0,1
2434,4692,4.0,18,0,2,51,5,2,0.0,0.0,0.0,0.0,34.0,8.0,0.0,7.0,1.0,0
2435,7441,4.0,20,0,1,60,4,4,0.0,0.0,0.0,0.0,40.0,10.0,0.0,9.0,0.0,0
2436,6255,3.0,42,75,1,220,5,6,22.0,4.0,48.0,27.0,32.0,17.0,26.0,39.0,4.0,0
2437,19942,4.0,29,3,2,94,4,5,1.0,0.0,2.0,1.0,59.0,13.0,1.0,14.0,2.0,1
2438,8594,4.0,24,17,2,94,4,3,12.0,0.0,5.0,0.0,53.0,9.0,5.0,9.0,0.0,0
2439,18298,3.0,7,0,3,34,3,3,0.0,0.0,0.0,0.0,20.0,6.0,0.0,6.0,1.0,1
2440,14455,3.0,4,0,1,14,1,0,0.0,0.0,0.0,0.0,11.0,1.0,0.0,1.0,0.0,1
2441,65,4.0,12,0,2,41,3,3,0.0,0.0,0.0,0.0,28.0,6.0,0.0,6.0,0.0,0
2442,13307,4.0,9,1,2,38,4,4,0.0,0.0,0.0,0.0,23.0,6.0,1.0,5.0,2.0,1
2443,16114,4.0,16,36,3,100,4,6,34.0,0.0,2.0,0.0,45.0,7.0,2.0,7.0,2.0,1
2444,17986,4.0,7,2,3,37,4,4,0.0,0.0,2.0,0.0,20.0,5.0,2.0,5.0,2.0,1
2445,6185,4.0,22,18,2,107,4,4,16.0,0.0,2.0,1.0,47.0,18.0,1.0,19.0,2.0,0
2446,14723,4.0,21,11,2,97,4,5,7.0,0.0,4.0,0.0,59.0,10.0,4.0,10.0,2.0,1
2447,2865,4.0,27,0,3,93,3,5,0.0,0.0,0.0,0.0,60.0,16.0,0.0,16.0,0.0,0
2448,12274,4.0,24,3,2,82,7,3,2.0,0.0,0.0,0.0,55.0,11.0,1.0,10.0,2.0,1
2449,14700,4.0,7,2,2,40,3,4,0.0,1.0,1.0,2.0,24.0,4.0,0.0,5.0,2.0,1
2450,5113,4.0,38,7,1,138,4,4,6.0,0.0,1.0,0.0,75.0,25.0,1.0,25.0,4.0,0
2451,4408,4.0,13,0,2,56,3,5,0.0,0.0,0.0,0.0,39.0,8.0,0.0,8.0,0.0,0
2452,6025,4.0,6,2,1,24,2,2,1.0,0.0,0.0,0.0,16.0,3.0,1.0,2.0,0.0,0
2453,9679,4.0,44,7,1,135,3,6,6.0,0.0,1.0,1.0,92.0,17.0,0.0,17.0,0.0,0
2454,6890,4.0,13,0,2,52,3,1,0.0,0.0,0.0,0.0,37.0,7.0,0.0,7.0,0.0,0
2455,7512,4.0,10,0,2,29,3,1,0.0,0.0,0.0,0.0,18.0,5.0,0.0,5.0,0.0,0
2456,1421,4.0,13,1,2,42,4,2,0.0,0.0,0.0,0.0,27.0,7.0,1.0,6.0,0.0,0
2457,11735,4.0,6,4,1,25,1,0,0.0,4.0,0.0,4.0,14.0,1.0,0.0,1.0,0.0,1
2458,19319,4.0,21,5,3,79,2,5,3.0,1.0,1.0,2.0,56.0,7.0,0.0,8.0,0.0,1
2459,18013,4.0,3,12,4,36,3,4,7.0,0.0,4.0,1.0,11.0,3.0,4.0,3.0,2.0,1
2460,8000,4.0,13,9,2,48,3,4,8.0,0.0,0.0,1.0,24.0,7.0,0.0,7.0,0.0,0
2461,7102,4.0,21,8,1,71,3,5,5.0,0.0,3.0,0.0,46.0,7.0,3.0,6.0,0.0,0
2462,4349,4.0,18,0,2,46,3,2,0.0,0.0,0.0,0.0,33.0,6.0,0.0,6.0,0.0,0
2463,1660,3.0,5,0,1,16,2,1,0.0,0.0,0.0,0.0,12.0,2.0,0.0,1.0,0.0,0
2464,73,3.0,9,0,1,25,2,1,0.0,0.0,0.0,0.0,21.0,2.0,0.0,1.0,0.0,0
2465,1843,4.0,10,0,1,37,3,2,0.0,0.0,0.0,0.0,24.0,6.0,0.0,6.0,0.0,0
2466,770,3.0,6,0,1,17,2,1,0.0,0.0,0.0,0.0,13.0,2.0,0.0,1.0,0.0,0
2467,16904,4.0,4,11,3,33,3,4,6.0,0.0,4.0,1.0,11.0,2.0,4.0,2.0,2.0,1
2468,1285,3.0,5,0,2,21,2,1,0.0,0.0,0.0,0.0,14.0,3.0,0.0,3.0,0.0,0
2469,13134,4.0,9,0,2,44,4,4,0.0,0.0,0.0,0.0,27.0,7.0,0.0,7.0,2.0,1
2470,19893,3.0,5,4,2,27,2,2,3.0,0.0,0.0,1.0,14.0,4.0,0.0,4.0,0.0,1
2471,1941,4.0,12,5,2,47,3,5,1.0,2.0,2.0,2.0,25.0,6.0,2.0,6.0,0.0,0
2472,18867,4.0,24,21,6,110,4,6,12.0,8.0,1.0,8.0,56.0,11.0,1.0,10.0,2.0,1
2473,9978,4.0,9,4,1,40,4,3,3.0,0.0,1.0,0.0,25.0,5.0,1.0,4.0,0.0,0
2474,8265,4.0,9,0,3,36,3,2,0.0,0.0,0.0,0.0,23.0,6.0,0.0,6.0,0.0,0
2475,3397,3.0,4,0,2,21,2,1,0.0,0.0,0.0,0.0,14.0,3.0,0.0,3.0,0.0,0
2476,10375,4.0,19,5,1,81,5,7,3.0,1.0,1.0,2.0,50.0,10.0,0.0,11.0,2.0,1
2477,5064,4.0,24,35,8,126,7,4,20.0,12.0,3.0,14.0,48.0,11.0,1.0,13.0,3.0,0
2478,19553,3.0,11,0,2,34,2,2,0.0,0.0,0.0,0.0,26.0,4.0,0.0,3.0,0.0,1
2479,4027,3.0,7,0,1,31,5,1,0.0,0.0,0.0,0.0,20.0,5.0,0.0,4.0,1.0,0
2480,17510,4.0,55,9,3,189,8,3,5.0,0.0,3.0,0.0,118.0,28.0,4.0,27.0,3.0,1
2481,16909,3.0,5,0,1,14,1,0,0.0,0.0,0.0,0.0,11.0,1.0,0.0,1.0,0.0,1
2482,10665,4.0,28,4,2,106,8,3,2.0,0.0,2.0,0.0,67.0,15.0,2.0,15.0,2.0,1
2483,5897,4.0,19,8,2,67,5,1,6.0,1.0,0.0,2.0,43.0,7.0,0.0,7.0,0.0,0
2484,14765,4.0,24,2,3,84,8,3,1.0,0.0,0.0,0.0,54.0,13.0,1.0,12.0,2.0,1
2485,3963,4.0,16,0,1,59,3,5,0.0,0.0,0.0,0.0,39.0,10.0,0.0,9.0,0.0,0
2486,3937,4.0,14,20,1,89,4,6,14.0,1.0,5.0,1.0,39.0,11.0,5.0,10.0,2.0,0
2487,10241,3.0,7,0,1,18,1,0,0.0,0.0,0.0,0.0,15.0,1.0,0.0,1.0,0.0,1
2488,9820,4.0,32,0,2,89,3,2,0.0,0.0,0.0,0.0,68.0,10.0,0.0,10.0,0.0,0
2489,1110,4.0,12,8,2,47,3,5,5.0,0.0,2.0,0.0,25.0,6.0,3.0,5.0,0.0,0
2490,4414,3.0,8,3,1,26,3,2,2.0,1.0,0.0,0.0,14.0,4.0,0.0,4.0,0.0,0
2491,10191,4.0,29,7,2,104,4,6,4.0,0.0,3.0,0.0,67.0,12.0,3.0,12.0,2.0,1
2492,19071,4.0,29,6,3,113,7,3,3.0,0.0,2.0,0.0,71.0,16.0,3.0,15.0,2.0,1
2493,19869,4.0,30,4,3,102,7,3,2.0,0.0,2.0,0.0,65.0,14.0,2.0,14.0,2.0,1
2494,3146,4.0,10,0,3,36,3,2,0.0,0.0,0.0,0.0,24.0,5.0,0.0,5.0,1.0,0
2495,1377,4.0,15,25,2,72,2,6,18.0,6.0,1.0,5.0,27.0,7.0,2.0,5.0,0.0,0
2496,17245,4.0,48,9,3,175,7,3,5.0,0.0,3.0,0.0,116.0,22.0,4.0,21.0,3.0,1
2497,7507,4.0,11,5,3,50,3,4,4.0,0.0,1.0,0.0,29.0,7.0,1.0,7.0,0.0,0
2498,144,4.0,11,1,2,43,2,3,0.0,0.0,1.0,1.0,31.0,4.0,0.0,5.0,0.0,0
2499,6192,4.0,16,0,3,62,4,3,0.0,0.0,0.0,0.0,39.0,11.0,0.0,11.0,0.0,0
2500,3514,3.0,7,1,1,26,2,3,0.0,0.0,1.0,1.0,17.0,3.0,0.0,3.0,0.0,0
2501,14853,4.0,25,6,2,89,7,3,4.0,0.0,2.0,0.0,52.0,13.0,2.0,13.0,2.0,1
2502,7272,4.0,19,0,2,61,3,2,0.0,0.0,0.0,0.0,40.0,10.0,0.0,10.0,0.0,0
2503,6071,3.0,8,0,2,27,2,2,0.0,0.0,0.0,0.0,18.0,4.0,0.0,4.0,0.0,0
2504,15946,4.0,14,3,4,54,3,4,1.0,0.0,2.0,0.0,32.0,8.0,2.0,8.0,0.0,1
2505,15035,4.0,12,1,2,43,4,3,0.0,0.0,0.0,0.0,28.0,6.0,1.0,5.0,2.0,1
2506,15615,4.0,12,0,3,40,3,3,0.0,0.0,0.0,0.0,27.0,5.0,0.0,5.0,2.0,1
2507,17197,3.0,7,0,2,29,3,3,0.0,0.0,0.0,0.0,18.0,4.0,0.0,4.0,2.0,1
2508,14694,4.0,8,0,2,29,2,2,0.0,0.0,0.0,0.0,21.0,4.0,0.0,3.0,0.0,1
2509,1830,3.0,12,0,2,49,3,2,0.0,0.0,0.0,0.0,34.0,7.0,0.0,7.0,0.0,0
2510,4181,3.0,5,0,2,23,2,1,0.0,0.0,0.0,0.0,16.0,3.0,0.0,3.0,0.0,0
2511,12873,4.0,30,0,2,103,4,4,0.0,0.0,0.0,0.0,70.0,15.0,0.0,15.0,2.0,1
2512,10522,4.0,26,6,4,98,7,3,3.0,0.0,2.0,0.0,57.0,15.0,3.0,14.0,3.0,1
2513,5957,3.0,9,0,1,24,3,1,0.0,0.0,0.0,0.0,17.0,3.0,0.0,3.0,0.0,0
2514,17883,4.0,9,5,2,44,5,3,1.0,2.0,1.0,1.0,23.0,6.0,3.0,4.0,2.0,1
2515,13894,3.0,1,10,4,28,3,3,6.0,0.0,4.0,0.0,7.0,2.0,4.0,2.0,2.0,1
2516,1055,3.0,6,0,1,21,2,2,0.0,0.0,0.0,0.0,14.0,3.0,0.0,3.0,0.0,0
2517,9664,4.0,54,9,2,185,7,3,1.0,0.0,8.0,0.0,117.0,24.0,8.0,24.0,2.0,0
2518,594,3.0,10,0,1,29,2,2,0.0,0.0,0.0,0.0,22.0,3.0,0.0,3.0,0.0,0
2519,12513,3.0,7,0,2,21,1,0,0.0,0.0,0.0,0.0,16.0,2.0,0.0,2.0,0.0,1
2520,1525,4.0,23,0,1,65,5,3,0.0,0.0,0.0,0.0,50.0,7.0,0.0,7.0,0.0,0
2521,19855,4.0,2,9,3,27,3,3,5.0,0.0,4.0,0.0,9.0,1.0,4.0,1.0,2.0,1
2522,5824,3.0,9,0,1,21,2,1,0.0,0.0,0.0,0.0,17.0,2.0,0.0,1.0,0.0,0
2523,5154,4.0,11,5,1,45,3,4,4.0,0.0,1.0,0.0,28.0,5.0,1.0,5.0,0.0,0
2524,9658,4.0,23,14,1,99,3,5,9.0,0.0,5.0,0.0,54.0,13.0,5.0,12.0,0.0,0
2525,13208,4.0,22,5,4,95,7,3,3.0,0.0,2.0,0.0,55.0,15.0,2.0,15.0,2.0,1
2526,15660,4.0,27,5,3,95,7,3,2.0,0.0,2.0,1.0,61.0,12.0,2.0,12.0,2.0,1
2527,19619,3.0,6,0,3,29,3,3,0.0,0.0,0.0,0.0,16.0,5.0,0.0,5.0,2.0,1
2528,18197,4.0,36,10,4,122,8,3,6.0,0.0,3.0,0.0,73.0,17.0,4.0,16.0,2.0,1
2529,761,4.0,12,13,2,84,6,5,8.0,3.0,2.0,2.0,44.0,10.0,3.0,9.0,2.0,0
2530,7824,4.0,37,9,2,127,3,3,6.0,2.0,1.0,2.0,78.0,18.0,1.0,18.0,0.0,0
2531,14906,4.0,15,22,3,75,4,4,11.0,10.0,1.0,10.0,27.0,6.0,1.0,6.0,2.0,1
2532,12272,3.0,7,0,2,21,2,2,0.0,0.0,0.0,0.0,13.0,4.0,0.0,3.0,0.0,1
2533,15614,3.0,11,0,3,37,3,2,0.0,0.0,0.0,0.0,24.0,6.0,0.0,6.0,0.0,1
2534,81,4.0,12,3,1,39,2,5,2.0,0.0,1.0,0.0,25.0,5.0,0.0,5.0,0.0,0
2535,7042,4.0,16,6,2,46,3,5,3.0,1.0,1.0,1.0,24.0,7.0,2.0,6.0,0.0,0
2536,12058,4.0,10,0,3,32,2,2,0.0,0.0,0.0,0.0,22.0,5.0,0.0,4.0,0.0,1
2537,8724,3.0,22,0,2,73,3,2,0.0,0.0,0.0,0.0,44.0,14.0,0.0,14.0,0.0,0
2538,958,3.0,9,2,1,29,2,3,1.0,0.0,1.0,0.0,20.0,3.0,1.0,2.0,0.0,0
2539,8664,4.0,14,6,1,53,3,2,4.0,0.0,1.0,0.0,32.0,7.0,2.0,6.0,0.0,0
2540,6609,4.0,12,0,5,42,3,1,0.0,0.0,0.0,0.0,27.0,7.0,0.0,7.0,0.0,0
2541,15933,4.0,10,9,4,72,6,8,5.0,0.0,3.0,3.0,31.0,12.0,1.0,14.0,2.0,1
2542,10753,4.0,26,3,3,93,8,3,1.0,0.0,1.0,0.0,59.0,14.0,2.0,13.0,2.0,1
2543,7238,4.0,25,7,1,83,7,4,3.0,4.0,0.0,4.0,46.0,11.0,0.0,11.0,3.0,0
2544,16588,3.0,5,0,1,17,1,0,0.0,0.0,0.0,0.0,14.0,1.0,0.0,1.0,0.0,1
2545,15516,4.0,7,0,1,34,4,3,0.0,0.0,0.0,0.0,23.0,4.0,0.0,4.0,2.0,1
2546,3954,4.0,14,4,1,42,2,2,3.0,0.0,1.0,1.0,32.0,2.0,0.0,2.0,0.0,0
2547,4403,3.0,10,0,1,24,2,1,0.0,0.0,0.0,0.0,20.0,2.0,0.0,1.0,0.0,0
2548,14885,4.0,26,10,5,114,7,3,6.0,0.0,3.0,0.0,65.0,17.0,4.0,16.0,2.0,1
2549,17968,4.0,17,20,3,76,4,4,13.0,7.0,0.0,6.0,33.0,7.0,1.0,6.0,2.0,1
2550,4511,4.0,21,2,6,95,6,8,0.0,0.0,2.0,2.0,48.0,19.0,0.0,21.0,2.0,0
2551,15790,3.0,11,0,3,43,3,3,0.0,0.0,0.0,0.0,30.0,5.0,0.0,5.0,2.0,1
2552,6857,4.0,25,3,2,89,4,3,2.0,0.0,1.0,1.0,49.0,16.0,0.0,17.0,2.0,0
2553,5353,4.0,24,0,2,89,4,7,0.0,0.0,0.0,0.0,64.0,11.0,0.0,11.0,2.0,0
2554,4587,3.0,9,0,2,33,2,3,0.0,0.0,0.0,0.0,22.0,5.0,0.0,5.0,0.0,0
2555,16472,4.0,44,12,3,160,8,3,7.0,0.0,4.0,0.0,93.0,24.0,5.0,23.0,3.0,1
2556,18347,4.0,23,2,4,90,8,3,1.0,0.0,1.0,0.0,58.0,13.0,1.0,13.0,2.0,1
2557,11073,4.0,5,4,2,27,2,2,3.0,0.0,0.0,1.0,14.0,4.0,0.0,4.0,0.0,1
2558,13785,4.0,2,0,2,31,4,3,0.0,0.0,0.0,0.0,18.0,5.0,0.0,5.0,2.0,1
2559,17028,4.0,8,0,3,39,4,3,0.0,0.0,0.0,0.0,24.0,6.0,0.0,6.0,2.0,1
2560,11337,4.0,12,11,2,52,2,6,8.0,0.0,2.0,0.0,27.0,6.0,3.0,5.0,0.0,1
2561,3724,4.0,14,7,2,55,4,2,6.0,0.0,0.0,0.0,36.0,6.0,1.0,5.0,0.0,0
2562,1264,4.0,22,6,2,76,4,6,5.0,0.0,1.0,0.0,50.0,9.0,1.0,9.0,0.0,0
2563,4867,4.0,15,4,2,45,2,3,3.0,0.0,1.0,1.0,30.0,4.0,0.0,5.0,0.0,0
2564,12438,4.0,22,3,3,92,4,5,2.0,0.0,1.0,0.0,63.0,11.0,1.0,11.0,2.0,1
2565,7255,4.0,17,0,1,56,4,4,0.0,0.0,0.0,0.0,39.0,8.0,0.0,8.0,0.0,0
2566,13292,3.0,3,0,1,10,1,0,0.0,0.0,0.0,0.0,7.0,1.0,0.0,1.0,0.0,1
2567,9792,4.0,21,6,3,86,3,3,4.0,0.0,2.0,0.0,59.0,9.0,2.0,9.0,0.0,0
2568,13903,4.0,50,8,2,173,8,3,4.0,0.0,3.0,0.0,109.0,25.0,4.0,24.0,3.0,1
2569,4374,3.0,3,0,2,19,2,1,0.0,0.0,0.0,0.0,12.0,3.0,0.0,3.0,0.0,0
2570,4087,4.0,18,8,1,73,3,6,5.0,0.0,3.0,0.0,40.0,11.0,3.0,10.0,0.0,0
2571,15603,3.0,6,1,2,22,2,2,0.0,0.0,1.0,1.0,13.0,3.0,0.0,3.0,0.0,1
2572,12814,4.0,20,3,1,64,4,4,2.0,0.0,1.0,0.0,43.0,7.0,1.0,7.0,2.0,1
2573,1897,4.0,18,11,2,68,5,1,8.0,0.0,2.0,0.0,41.0,7.0,3.0,6.0,0.0,0
2574,12267,4.0,13,3,2,47,3,5,2.0,0.0,0.0,0.0,30.0,6.0,1.0,5.0,2.0,1
2575,7416,4.0,15,10,1,57,3,3,9.0,0.0,0.0,0.0,33.0,7.0,1.0,6.0,0.0,0
2576,17545,4.0,4,7,3,31,2,3,6.0,0.0,0.0,0.0,12.0,6.0,1.0,5.0,0.0,1
2577,12524,4.0,12,15,3,81,3,9,11.0,2.0,2.0,1.0,42.0,9.0,3.0,8.0,2.0,1
2578,15500,3.0,5,0,3,34,3,2,0.0,0.0,0.0,0.0,21.0,6.0,0.0,6.0,0.0,1
2579,2529,3.0,6,0,2,25,3,1,0.0,0.0,0.0,0.0,16.0,4.0,0.0,4.0,0.0,0
2580,14951,4.0,33,6,2,127,8,3,3.0,0.0,2.0,0.0,79.0,19.0,3.0,18.0,2.0,1
2581,8104,3.0,10,0,1,34,3,2,0.0,0.0,0.0,0.0,26.0,4.0,0.0,3.0,0.0,0
2582,6922,4.0,5,7,3,34,2,2,5.0,0.0,2.0,0.0,18.0,3.0,2.0,3.0,0.0,0
2583,8907,4.0,13,5,1,45,3,3,4.0,0.0,1.0,0.0,30.0,4.0,1.0,4.0,0.0,0
2584,660,4.0,10,0,1,33,3,2,0.0,0.0,0.0,0.0,23.0,5.0,0.0,4.0,0.0,0
2585,11471,4.0,43,6,2,148,8,3,3.0,0.0,3.0,0.0,93.0,21.0,3.0,21.0,3.0,1
2586,8744,3.0,9,0,2,27,3,2,0.0,0.0,0.0,0.0,17.0,5.0,0.0,4.0,0.0,0
2587,1118,4.0,13,4,2,46,3,3,3.0,0.0,1.0,0.0,28.0,6.0,1.0,6.0,0.0,0
2588,1287,4.0,20,0,3,61,3,4,0.0,0.0,0.0,0.0,45.0,8.0,0.0,7.0,0.0,0
2589,16257,5.0,45,34,2,261,6,4,4.0,30.0,0.0,30.0,174.0,10.0,0.0,10.0,2.0,1
2590,12098,4.0,19,0,2,58,4,5,0.0,0.0,0.0,0.0,39.0,8.0,0.0,8.0,2.0,1
2591,7358,4.0,50,18,3,200,7,3,9.0,8.0,1.0,8.0,117.0,27.0,1.0,27.0,1.0,0
2592,2316,4.0,16,4,3,66,3,3,3.0,0.0,1.0,0.0,44.0,8.0,1.0,8.0,0.0,0
2593,1417,4.0,18,0,2,44,2,2,0.0,0.0,0.0,0.0,35.0,4.0,0.0,4.0,0.0,0
2594,16902,4.0,14,0,3,60,6,3,0.0,0.0,0.0,0.0,41.0,8.0,0.0,8.0,2.0,1
2595,7,4.0,27,15,1,107,4,5,7.0,1.0,7.0,3.0,54.0,14.0,5.0,15.0,0.0,0
2596,10927,3.0,9,0,2,35,3,2,0.0,0.0,0.0,0.0,23.0,6.0,0.0,5.0,0.0,1
2597,994,4.0,13,4,2,37,3,2,3.0,0.0,1.0,0.0,23.0,4.0,1.0,4.0,0.0,0
2598,13089,4.0,22,0,2,59,3,5,0.0,0.0,0.0,0.0,44.0,6.0,0.0,6.0,2.0,1
2599,4292,4.0,19,0,3,80,3,8,0.0,0.0,0.0,0.0,55.0,12.0,0.0,12.0,0.0,0
2600,15191,4.0,20,2,2,74,8,3,0.0,0.0,1.0,0.0,43.0,13.0,2.0,12.0,2.0,1
2601,9236,3.0,7,0,2,26,2,2,0.0,0.0,0.0,0.0,17.0,4.0,0.0,4.0,0.0,0
2602,2409,4.0,11,5,1,35,3,2,2.0,3.0,0.0,2.0,19.0,4.0,1.0,3.0,0.0,0
2603,296,4.0,13,0,2,35,3,2,0.0,0.0,0.0,0.0,24.0,5.0,0.0,5.0,0.0,0
2604,1864,4.0,16,0,2,62,3,4,0.0,0.0,0.0,0.0,41.0,10.0,0.0,10.0,0.0,0
2605,17867,3.0,4,0,1,13,1,0,0.0,0.0,0.0,0.0,10.0,1.0,0.0,1.0,0.0,1
2606,10444,4.0,10,2,3,44,3,4,1.0,0.0,1.0,1.0,27.0,6.0,0.0,6.0,1.0,1
2607,16477,4.0,2,14,4,32,3,3,9.0,0.0,5.0,0.0,6.0,2.0,5.0,2.0,2.0,1
2608,13701,4.0,13,5,3,51,4,4,3.0,2.0,0.0,1.0,28.0,7.0,1.0,6.0,2.0,1
2609,13491,3.0,9,0,2,36,2,3,0.0,0.0,0.0,0.0,26.0,5.0,0.0,4.0,0.0,1
2610,1145,4.0,30,5,1,111,4,5,4.0,0.0,1.0,0.0,66.0,18.0,1.0,18.0,2.0,0
2611,5789,4.0,10,0,1,32,3,1,0.0,0.0,0.0,0.0,21.0,5.0,0.0,5.0,0.0,0
2612,18908,4.0,28,4,3,101,7,3,2.0,0.0,1.0,0.0,66.0,14.0,2.0,13.0,2.0,1
2613,17920,3.0,9,0,1,27,1,0,0.0,0.0,0.0,0.0,24.0,1.0,0.0,1.0,0.0,1
2614,11862,4.0,21,0,2,65,4,4,0.0,0.0,0.0,0.0,46.0,8.0,0.0,8.0,2.0,1
2615,15185,4.0,9,1,3,36,3,3,0.0,0.0,0.0,0.0,23.0,5.0,1.0,4.0,2.0,1
2616,11592,3.0,12,0,2,37,2,2,0.0,0.0,0.0,0.0,29.0,4.0,0.0,3.0,0.0,1
2617,17488,4.0,44,16,3,169,8,3,9.0,1.0,5.0,1.0,103.0,21.0,6.0,20.0,2.0,1
2618,16326,4.0,19,3,3,76,7,3,2.0,0.0,0.0,0.0,47.0,12.0,1.0,11.0,2.0,1
2619,15501,4.0,10,0,3,40,2,2,0.0,0.0,0.0,0.0,29.0,5.0,0.0,5.0,0.0,1
2620,11315,4.0,10,2,3,50,5,3,1.0,0.0,0.0,0.0,32.0,7.0,1.0,6.0,2.0,1
2621,17930,4.0,19,2,2,68,4,6,1.0,0.0,1.0,1.0,47.0,7.0,0.0,8.0,2.0,1
2622,12789,2.0,3,0,1,9,1,0,0.0,0.0,0.0,0.0,6.0,1.0,0.0,1.0,0.0,1
2623,19829,3.0,7,0,2,27,2,2,0.0,0.0,0.0,0.0,19.0,4.0,0.0,3.0,0.0,1
2624,13170,4.0,6,8,3,44,2,3,7.0,0.0,1.0,1.0,23.0,5.0,0.0,6.0,0.0,1
2625,11474,4.0,34,3,3,107,8,4,2.0,0.0,1.0,0.0,72.0,14.0,1.0,14.0,2.0,1
2626,8381,3.0,7,0,4,34,2,3,0.0,0.0,0.0,0.0,19.0,7.0,0.0,7.0,0.0,0
2627,10224,4.0,19,3,3,85,8,3,1.0,0.0,1.0,0.0,51.0,14.0,2.0,13.0,2.0,1
2628,477,4.0,19,2,6,87,6,8,0.0,0.0,2.0,2.0,44.0,17.0,0.0,19.0,2.0,0
2629,10834,3.0,7,0,1,18,2,0,0.0,0.0,0.0,0.0,13.0,2.0,0.0,2.0,0.0,1
2630,16545,4.0,21,3,4,81,4,5,1.0,0.0,2.0,0.0,49.0,12.0,2.0,12.0,2.0,1
2631,4190,3.0,4,7,1,24,2,3,6.0,0.0,1.0,1.0,9.0,3.0,0.0,3.0,0.0,0
2632,18119,5.0,28,23,2,179,8,3,4.0,18.0,0.0,18.0,112.0,12.0,1.0,11.0,2.0,1
2633,11993,4.0,16,0,3,56,5,4,0.0,0.0,0.0,0.0,37.0,8.0,0.0,8.0,2.0,1
2634,13402,5.0,10,11,4,61,3,4,6.0,0.0,4.0,1.0,37.0,3.0,4.0,3.0,2.0,1
2635,19767,3.0,2,16,4,34,3,3,11.0,0.0,5.0,0.0,6.0,2.0,5.0,2.0,2.0,1
2636,11351,4.0,13,2,2,62,4,5,1.0,0.0,0.0,0.0,42.0,8.0,1.0,7.0,2.0,1
2637,17205,4.0,13,4,3,59,7,3,1.0,0.0,2.0,1.0,36.0,7.0,2.0,7.0,2.0,1
2638,658,4.0,19,18,1,87,3,5,12.0,0.0,5.0,0.0,40.0,12.0,6.0,11.0,0.0,0
2639,2723,4.0,76,11,2,229,8,8,9.0,0.0,2.0,0.0,159.0,27.0,2.0,27.0,2.0,0
2640,1793,4.0,5,2,2,27,2,1,1.0,1.0,0.0,0.0,18.0,3.0,1.0,2.0,0.0,0
2641,17006,3.0,8,0,2,36,4,3,0.0,0.0,0.0,0.0,24.0,5.0,0.0,4.0,2.0,1
2642,5430,5.0,65,53,3,345,9,3,16.0,34.0,3.0,30.0,206.0,25.0,7.0,21.0,2.0,0
2643,12528,4.0,9,0,1,39,3,5,0.0,0.0,0.0,0.0,27.0,5.0,0.0,4.0,2.0,1
2644,493,4.0,8,2,2,30,2,2,1.0,0.0,1.0,1.0,19.0,3.0,0.0,4.0,0.0,0
2645,4253,4.0,30,0,1,96,3,2,0.0,0.0,0.0,0.0,72.0,12.0,0.0,11.0,0.0,0
2646,14685,4.0,30,8,3,112,7,3,4.0,0.0,3.0,1.0,68.0,15.0,3.0,15.0,2.0,1
2647,1463,4.0,16,2,1,52,4,1,1.0,1.0,0.0,0.0,40.0,4.0,1.0,3.0,1.0,0
2648,16091,4.0,6,2,1,33,3,4,0.0,1.0,0.0,2.0,19.0,4.0,0.0,4.0,2.0,1
2649,17714,4.0,22,2,2,80,7,3,0.0,0.0,1.0,0.0,51.0,12.0,2.0,11.0,2.0,1
2650,4008,4.0,16,18,2,75,6,2,8.0,8.0,2.0,7.0,29.0,9.0,3.0,8.0,0.0,0
2651,2287,4.0,5,6,2,32,4,2,4.0,1.0,0.0,1.0,13.0,6.0,1.0,5.0,0.0,0
2652,18934,3.0,7,0,2,16,1,0,0.0,0.0,0.0,0.0,11.0,2.0,0.0,2.0,0.0,1
2653,10551,4.0,18,17,3,88,8,3,10.0,0.0,6.0,0.0,39.0,12.0,7.0,11.0,2.0,1
2654,9157,4.0,19,0,2,67,4,4,0.0,0.0,0.0,0.0,46.0,10.0,0.0,10.0,0.0,0
2655,444,4.0,12,0,2,36,2,1,0.0,0.0,0.0,0.0,29.0,3.0,0.0,3.0,0.0,0
2656,8630,4.0,26,6,1,71,3,4,4.0,0.0,2.0,0.0,47.0,8.0,2.0,7.0,0.0,0
2657,672,2.0,4,0,1,9,2,1,0.0,0.0,0.0,0.0,5.0,2.0,0.0,1.0,0.0,0
2658,18949,4.0,36,3,3,119,8,3,1.0,0.0,2.0,0.0,79.0,16.0,2.0,16.0,2.0,1
2659,12081,5.0,38,21,3,223,7,5,1.0,20.0,0.0,20.0,153.0,13.0,0.0,13.0,2.0,1
2660,15090,3.0,6,0,2,28,3,3,0.0,0.0,0.0,0.0,17.0,4.0,0.0,4.0,2.0,1
2661,5740,4.0,22,6,2,66,4,4,4.0,0.0,2.0,0.0,45.0,6.0,2.0,6.0,0.0,0
2662,1494,4.0,10,0,3,47,3,3,0.0,0.0,0.0,0.0,32.0,7.0,0.0,7.0,0.0,0
2663,11359,4.0,8,0,3,33,2,1,0.0,0.0,0.0,0.0,24.0,4.0,0.0,4.0,0.0,1
2664,5261,4.0,19,4,2,52,4,2,1.0,2.0,1.0,2.0,28.0,8.0,1.0,8.0,0.0,0
2665,19197,5.0,32,13,2,162,5,7,3.0,10.0,0.0,10.0,112.0,12.0,0.0,12.0,2.0,1
2666,3751,4.0,6,0,3,28,2,1,0.0,0.0,0.0,0.0,19.0,4.0,0.0,4.0,0.0,0
2667,13228,3.0,9,0,2,31,3,3,0.0,0.0,0.0,0.0,20.0,4.0,0.0,4.0,2.0,1
2668,756,4.0,30,34,12,144,2,1,18.0,16.0,0.0,16.0,68.0,13.0,0.0,12.0,0.0,0
2669,17515,4.0,18,4,2,82,4,5,2.0,0.0,2.0,0.0,53.0,10.0,2.0,10.0,2.0,1
2670,13354,4.0,11,0,3,49,3,3,0.0,0.0,0.0,0.0,34.0,7.0,0.0,7.0,0.0,1
2671,14065,4.0,9,1,5,64,5,9,0.0,0.0,1.0,1.0,31.0,12.0,0.0,13.0,5.0,1
2672,18951,3.0,0,13,3,25,3,3,8.0,0.0,4.0,1.0,3.0,1.0,4.0,1.0,2.0,1
2673,11598,4.0,21,0,2,68,4,3,0.0,0.0,0.0,0.0,55.0,5.0,0.0,5.0,2.0,1
2674,11124,4.0,18,1,2,58,7,3,0.0,0.0,0.0,0.0,37.0,9.0,1.0,8.0,2.0,1
2675,1374,4.0,19,42,1,120,5,6,15.0,5.0,21.0,13.0,16.0,12.0,14.0,19.0,4.0,0
2676,19768,3.0,5,0,2,28,3,2,0.0,0.0,0.0,0.0,19.0,4.0,0.0,3.0,1.0,1
2677,17010,4.0,25,1,4,88,4,7,0.0,0.0,1.0,0.0,61.0,11.0,1.0,11.0,2.0,1
2678,6572,4.0,18,6,1,72,3,5,5.0,0.0,1.0,0.0,47.0,9.0,1.0,8.0,0.0,0
2679,537,3.0,7,0,1,28,3,1,0.0,0.0,0.0,0.0,18.0,5.0,0.0,4.0,0.0,0
2680,8904,4.0,11,7,2,54,3,5,4.0,0.0,2.0,0.0,29.0,8.0,3.0,7.0,0.0,0
2681,16605,4.0,7,0,4,54,4,5,0.0,0.0,0.0,0.0,32.0,9.0,0.0,9.0,3.0,1
2682,6144,4.0,8,0,2,34,2,1,0.0,0.0,0.0,0.0,27.0,3.0,0.0,3.0,0.0,0
2683,646,4.0,11,0,1,36,3,4,0.0,0.0,0.0,0.0,24.0,6.0,0.0,5.0,0.0,0
2684,11717,4.0,24,4,3,89,7,3,2.0,0.0,2.0,0.0,52.0,14.0,2.0,14.0,2.0,1
2685,2186,3.0,9,0,2,24,2,1,0.0,0.0,0.0,0.0,18.0,3.0,0.0,2.0,0.0,0
2686,15837,4.0,33,2,4,112,7,3,0.0,0.0,1.0,0.0,73.0,17.0,2.0,16.0,2.0,1
2687,19082,4.0,46,9,3,163,8,3,4.0,0.0,4.0,1.0,98.0,24.0,4.0,24.0,3.0,1
2688,19497,3.0,16,2,3,37,1,0,1.0,1.0,0.0,1.0,27.0,3.0,0.0,3.0,0.0,1
2689,14116,4.0,12,0,2,52,4,5,0.0,0.0,0.0,0.0,35.0,7.0,0.0,7.0,2.0,1
2690,17739,4.0,12,11,2,57,5,4,9.0,1.0,0.0,1.0,29.0,7.0,1.0,6.0,2.0,1
2691,9690,4.0,12,6,2,58,3,5,5.0,0.0,1.0,0.0,36.0,7.0,1.0,7.0,0.0,0
2692,1884,3.0,13,0,2,32,2,2,0.0,0.0,0.0,0.0,23.0,4.0,0.0,4.0,0.0,0
2693,14690,3.0,11,0,3,45,3,4,0.0,0.0,0.0,0.0,30.0,6.0,0.0,6.0,2.0,1
2694,13633,4.0,2,1,0,20,1,0,0.0,0.0,0.0,0.0,6.0,6.0,1.0,5.0,1.0,1
2695,18306,4.0,9,0,2,43,4,4,0.0,0.0,0.0,0.0,28.0,6.0,0.0,6.0,2.0,1
2696,3030,4.0,13,0,2,46,3,2,0.0,0.0,0.0,0.0,33.0,6.0,0.0,6.0,0.0,0
2697,2102,4.0,27,8,1,99,4,7,5.0,0.0,3.0,0.0,56.0,15.0,3.0,14.0,2.0,0
2698,12725,4.0,47,7,4,145,7,3,3.0,0.0,3.0,0.0,97.0,18.0,4.0,17.0,2.0,1
2699,7145,3.0,13,0,2,38,2,2,0.0,0.0,0.0,0.0,29.0,4.0,0.0,4.0,0.0,0
2700,3891,3.0,6,0,1,20,2,2,0.0,0.0,0.0,0.0,14.0,3.0,0.0,2.0,0.0,0
2701,15643,4.0,30,58,1,170,5,4,36.0,18.0,4.0,18.0,54.0,16.0,4.0,15.0,4.0,1
2702,1995,4.0,15,6,1,51,3,3,5.0,1.0,0.0,1.0,29.0,7.0,0.0,7.0,0.0,0
2703,18761,3.0,4,0,3,31,3,3,0.0,0.0,0.0,0.0,18.0,5.0,0.0,5.0,2.0,1
2704,5403,4.0,18,10,1,74,3,5,7.0,0.0,3.0,0.0,43.0,9.0,3.0,8.0,0.0,0
2705,18976,4.0,26,4,3,95,8,3,2.0,0.0,1.0,0.0,58.0,15.0,2.0,14.0,2.0,1
2706,5292,3.0,9,0,2,30,2,1,0.0,0.0,0.0,0.0,24.0,3.0,0.0,2.0,0.0,0
2707,8051,4.0,18,2,2,63,5,2,1.0,1.0,0.0,0.0,46.0,7.0,1.0,6.0,0.0,0
2708,15311,4.0,7,0,5,39,4,2,0.0,0.0,0.0,0.0,21.0,8.0,0.0,8.0,1.0,1
2709,11203,3.0,7,0,1,17,1,0,0.0,0.0,0.0,0.0,14.0,1.0,0.0,1.0,0.0,1
2710,4925,4.0,21,0,3,65,2,5,0.0,0.0,0.0,0.0,48.0,8.0,0.0,8.0,0.0,0
2711,11727,4.0,40,3,1,137,4,4,2.0,0.0,1.0,0.0,91.0,20.0,1.0,19.0,2.0,1
2712,19731,4.0,22,2,3,93,6,7,0.0,0.0,2.0,0.0,64.0,11.0,2.0,11.0,2.0,1
2713,10155,4.0,14,8,3,57,3,5,5.0,0.0,3.0,0.0,30.0,8.0,3.0,7.0,0.0,1
2714,2978,4.0,7,7,2,42,3,2,6.0,0.0,1.0,1.0,24.0,4.0,0.0,5.0,0.0,0
2715,3573,4.0,14,0,2,38,3,2,0.0,0.0,0.0,0.0,27.0,5.0,0.0,5.0,0.0,0
2716,13017,3.0,9,21,1,63,4,4,7.0,2.0,12.0,7.0,8.0,6.0,7.0,10.0,3.0,1
2717,12507,4.0,6,1,1,33,3,4,0.0,0.0,0.0,1.0,21.0,4.0,0.0,4.0,2.0,1
2718,17554,4.0,25,0,2,72,4,4,0.0,0.0,0.0,0.0,47.0,11.0,0.0,11.0,2.0,1
2719,1115,4.0,12,80,2,130,4,1,55.0,22.0,2.0,23.0,19.0,3.0,1.0,4.0,0.0,0
2720,10281,4.0,19,3,2,64,4,4,2.0,0.0,1.0,0.0,41.0,8.0,1.0,8.0,2.0,1
2721,3466,4.0,11,0,2,29,3,2,0.0,0.0,0.0,0.0,18.0,5.0,0.0,5.0,0.0,0
2722,5145,4.0,20,2,2,65,3,2,1.0,0.0,1.0,0.0,49.0,6.0,1.0,6.0,0.0,0
2723,13035,4.0,3,11,4,36,3,4,7.0,0.0,4.0,0.0,12.0,3.0,4.0,3.0,2.0,1
2724,14639,3.0,4,0,1,14,2,2,0.0,0.0,0.0,0.0,8.0,3.0,0.0,2.0,0.0,1
2725,10502,4.0,11,2,3,53,6,3,0.0,0.0,1.0,0.0,32.0,8.0,2.0,7.0,2.0,1
2726,14546,4.0,2,16,4,34,3,3,11.0,0.0,5.0,0.0,6.0,2.0,5.0,2.0,2.0,1
2727,7388,4.0,14,0,3,55,3,2,0.0,0.0,0.0,0.0,40.0,7.0,0.0,7.0,0.0,0
2728,14756,3.0,7,1,2,32,3,4,0.0,0.0,1.0,0.0,19.0,4.0,1.0,4.0,2.0,1
2729,19502,4.0,16,1,3,59,2,4,0.0,0.0,1.0,1.0,43.0,6.0,0.0,7.0,0.0,1
2730,11127,4.0,39,4,4,147,7,3,1.0,0.0,2.0,0.0,95.0,22.0,3.0,21.0,2.0,1
2731,8232,4.0,13,1,2,37,4,1,0.0,0.0,0.0,0.0,26.0,5.0,1.0,4.0,0.0,0
2732,11274,4.0,22,2,3,90,4,5,1.0,0.0,1.0,0.0,62.0,11.0,1.0,11.0,2.0,1
2733,2538,4.0,15,1,2,46,3,1,0.0,0.0,1.0,1.0,34.0,4.0,0.0,5.0,0.0,0
2734,17167,4.0,13,0,2,55,6,3,0.0,0.0,0.0,0.0,34.0,9.0,0.0,9.0,2.0,1
2735,5383,3.0,7,0,2,20,2,1,0.0,0.0,0.0,0.0,14.0,3.0,0.0,2.0,0.0,0
2736,16537,4.0,22,4,2,78,7,3,2.0,0.0,1.0,0.0,47.0,12.0,2.0,11.0,2.0,1
2737,7624,4.0,20,3,1,87,6,5,2.0,0.0,1.0,0.0,51.0,14.0,1.0,14.0,3.0,0
2738,9027,4.0,11,8,2,56,6,1,5.0,0.0,2.0,1.0,29.0,8.0,2.0,8.0,0.0,0
2739,7025,3.0,7,0,1,24,2,1,0.0,0.0,0.0,0.0,19.0,2.0,0.0,2.0,0.0,0
2740,10353,4.0,26,4,2,87,7,4,2.0,0.0,1.0,0.0,54.0,13.0,2.0,12.0,2.0,1
2741,799,3.0,10,0,1,34,2,2,0.0,0.0,0.0,0.0,27.0,3.0,0.0,3.0,0.0,0
2742,13985,4.0,21,22,2,88,4,4,12.0,9.0,1.0,9.0,42.0,6.0,1.0,5.0,2.0,1
2743,427,4.0,10,0,1,32,3,3,0.0,0.0,0.0,0.0,21.0,5.0,0.0,5.0,0.0,0
2744,10428,4.0,22,8,3,85,4,8,5.0,0.0,3.0,0.0,53.0,8.0,3.0,8.0,4.0,1
2745,12912,4.0,12,3,2,43,3,4,1.0,2.0,0.0,1.0,26.0,5.0,1.0,4.0,2.0,1
2746,10639,4.0,19,0,3,68,5,1,0.0,0.0,0.0,0.0,45.0,11.0,0.0,11.0,0.0,1
2747,13856,4.0,30,4,4,105,7,4,2.0,0.0,1.0,0.0,68.0,15.0,2.0,14.0,2.0,1
2748,11058,3.0,6,0,3,25,2,2,0.0,0.0,0.0,0.0,15.0,5.0,0.0,4.0,0.0,1
2749,7634,4.0,23,4,2,66,5,1,3.0,0.0,0.0,0.0,44.0,9.0,1.0,8.0,0.0,0
2750,3131,4.0,18,5,2,53,2,4,4.0,0.0,0.0,0.0,36.0,6.0,1.0,5.0,0.0,0
2751,232,3.0,11,0,2,37,2,1,0.0,0.0,0.0,0.0,31.0,3.0,0.0,2.0,0.0,0
2752,3037,4.0,12,1,1,38,3,3,0.0,0.0,0.0,0.0,27.0,5.0,1.0,4.0,0.0,0
2753,14544,3.0,7,0,1,20,2,0,0.0,0.0,0.0,0.0,15.0,2.0,0.0,2.0,0.0,1
2754,14832,3.0,11,0,2,30,2,0,0.0,0.0,0.0,0.0,21.0,4.0,0.0,4.0,0.0,1
2755,12475,4.0,2,11,3,28,3,3,7.0,0.0,4.0,0.0,8.0,1.0,4.0,1.0,2.0,1
2756,18640,4.0,32,3,3,107,8,3,1.0,0.0,1.0,0.0,69.0,16.0,2.0,15.0,2.0,1
2757,7423,4.0,46,8,2,139,3,3,7.0,0.0,1.0,0.0,97.0,16.0,1.0,16.0,0.0,0
2758,17858,4.0,11,0,2,37,3,2,0.0,0.0,0.0,0.0,26.0,5.0,0.0,5.0,0.0,1
2759,12011,3.0,4,0,1,20,3,2,0.0,0.0,0.0,0.0,13.0,2.0,0.0,2.0,2.0,1
2760,10425,4.0,8,1,2,28,2,3,0.0,0.0,1.0,1.0,17.0,4.0,0.0,4.0,0.0,1
2761,9389,3.0,9,0,1,32,3,2,0.0,0.0,0.0,0.0,23.0,4.0,0.0,4.0,0.0,0
2762,19532,4.0,25,1,4,79,4,5,0.0,0.0,0.0,0.0,52.0,12.0,1.0,11.0,2.0,1
2763,5369,4.0,14,11,3,62,4,2,9.0,0.0,2.0,0.0,32.0,8.0,2.0,8.0,0.0,0
2764,16269,4.0,17,0,3,68,4,4,0.0,0.0,0.0,0.0,49.0,8.0,0.0,8.0,2.0,1
2765,10359,5.0,44,20,11,201,5,4,5.0,13.0,2.0,14.0,131.0,16.0,1.0,16.0,2.0,1
2766,11952,3.0,9,0,2,43,3,3,0.0,0.0,0.0,0.0,32.0,4.0,0.0,4.0,2.0,1
2767,16485,4.0,24,4,4,110,7,5,1.0,0.0,3.0,0.0,71.0,15.0,3.0,14.0,2.0,1
2768,3157,3.0,7,2,2,26,5,2,1.0,0.0,0.0,0.0,11.0,6.0,1.0,5.0,1.0,0
2769,6884,3.0,4,0,1,13,2,1,0.0,0.0,0.0,0.0,9.0,2.0,0.0,1.0,0.0,0
2770,7342,3.0,6,0,2,25,3,1,0.0,0.0,0.0,0.0,16.0,4.0,0.0,4.0,0.0,0
2771,17466,3.0,4,0,1,21,3,4,0.0,0.0,0.0,0.0,11.0,4.0,0.0,3.0,2.0,1
2772,9958,3.0,6,0,2,24,3,2,0.0,0.0,0.0,0.0,15.0,4.0,0.0,3.0,1.0,0
2773,7902,3.0,12,5,4,37,2,2,2.0,1.0,1.0,2.0,19.0,5.0,1.0,5.0,0.0,0
2774,9329,3.0,6,0,1,25,2,2,0.0,0.0,0.0,0.0,18.0,3.0,0.0,3.0,0.0,0
2775,6739,4.0,21,7,3,75,3,4,6.0,0.0,1.0,0.0,48.0,9.0,1.0,9.0,0.0,0
2776,15459,4.0,13,0,3,48,3,4,0.0,0.0,0.0,0.0,31.0,8.0,0.0,8.0,0.0,1
2777,11178,3.0,15,27,1,90,4,4,6.0,3.0,18.0,14.0,10.0,9.0,7.0,19.0,3.0,1
2778,4412,3.0,4,0,2,16,2,1,0.0,0.0,0.0,0.0,10.0,3.0,0.0,2.0,0.0,0
2779,2314,4.0,18,0,1,52,5,2,0.0,0.0,0.0,0.0,39.0,6.0,0.0,5.0,1.0,0
2780,2018,4.0,25,6,2,72,4,2,4.0,1.0,1.0,0.0,44.0,10.0,2.0,9.0,0.0,0
2781,7412,4.0,14,5,2,49,5,1,4.0,0.0,1.0,0.0,30.0,6.0,1.0,6.0,0.0,0
2782,19471,2.0,5,0,1,10,1,0,0.0,0.0,0.0,0.0,7.0,1.0,0.0,1.0,0.0,1
2783,19558,4.0,11,4,3,46,6,3,2.0,1.0,0.0,1.0,24.0,7.0,1.0,6.0,3.0,1
2784,10906,4.0,13,0,3,48,2,2,0.0,0.0,0.0,0.0,37.0,5.0,0.0,5.0,0.0,1
2785,11358,3.0,4,6,2,28,2,5,3.0,0.0,3.0,0.0,11.0,4.0,3.0,3.0,0.0,1
2786,19561,4.0,10,0,2,36,2,2,0.0,0.0,0.0,0.0,28.0,4.0,0.0,3.0,0.0,1
2787,12292,4.0,8,2,2,56,7,3,1.0,0.0,1.0,0.0,32.0,9.0,1.0,9.0,2.0,1
2788,3424,4.0,14,6,1,51,3,2,5.0,0.0,0.0,1.0,28.0,8.0,0.0,8.0,0.0,0
2789,11895,4.0,9,17,2,81,7,3,7.0,0.0,9.0,1.0,28.0,12.0,9.0,12.0,2.0,1
2790,9403,4.0,32,0,1,90,4,8,0.0,0.0,0.0,0.0,60.0,14.0,0.0,13.0,2.0,0
2791,10705,4.0,23,4,4,91,7,3,2.0,0.0,1.0,0.0,56.0,14.0,2.0,13.0,2.0,1
2792,9845,4.0,33,31,3,135,3,6,18.0,10.0,3.0,0.0,66.0,17.0,13.0,7.0,0.0,0
2793,19744,4.0,24,11,3,98,8,3,6.0,1.0,3.0,1.0,51.0,15.0,4.0,14.0,2.0,1
2794,4080,3.0,10,0,2,31,3,2,0.0,0.0,0.0,0.0,20.0,5.0,0.0,5.0,0.0,0
2795,4962,4.0,13,0,2,50,3,2,0.0,0.0,0.0,0.0,35.0,7.0,0.0,7.0,0.0,0
2796,13424,3.0,10,27,1,81,4,4,7.0,3.0,17.0,12.0,8.0,7.0,8.0,15.0,3.0,1
2797,16327,4.0,7,3,2,38,3,4,1.0,1.0,1.0,1.0,22.0,4.0,1.0,4.0,2.0,1
2798,8209,4.0,16,0,4,63,4,5,0.0,0.0,0.0,0.0,41.0,10.0,0.0,10.0,1.0,0
2799,797,4.0,18,20,1,87,3,5,14.0,0.0,5.0,0.0,46.0,8.0,6.0,7.0,0.0,0
2800,5467,4.0,12,0,2,34,2,2,0.0,0.0,0.0,0.0,25.0,4.0,0.0,4.0,0.0,0
2801,1883,3.0,5,1,1,31,3,3,0.0,1.0,0.0,1.0,18.0,5.0,0.0,5.0,0.0,0
2802,9827,4.0,19,0,2,71,3,1,0.0,0.0,0.0,0.0,56.0,7.0,0.0,7.0,0.0,0
2803,16340,4.0,9,17,2,55,4,4,10.0,5.0,2.0,5.0,20.0,4.0,2.0,4.0,2.0,1
2804,2372,3.0,11,0,3,40,2,2,0.0,0.0,0.0,0.0,29.0,5.0,0.0,5.0,0.0,0
2805,8011,3.0,6,0,2,20,2,1,0.0,0.0,0.0,0.0,13.0,3.0,0.0,3.0,0.0,0
2806,1198,3.0,4,0,1,14,2,1,0.0,0.0,0.0,0.0,10.0,2.0,0.0,1.0,0.0,0
2807,18049,4.0,11,1,2,46,4,4,0.0,1.0,0.0,1.0,27.0,7.0,0.0,7.0,2.0,1
2808,19175,4.0,14,4,3,67,7,3,2.0,0.0,1.0,1.0,39.0,10.0,1.0,10.0,2.0,1
2809,6167,4.0,5,16,1,36,2,3,14.0,0.0,1.0,0.0,13.0,3.0,2.0,2.0,0.0,0
2810,4094,4.0,30,8,2,100,3,6,5.0,0.0,3.0,0.0,61.0,14.0,3.0,13.0,0.0,0
2811,10945,3.0,5,4,2,27,2,2,3.0,0.0,0.0,1.0,14.0,4.0,0.0,4.0,0.0,1
2812,480,4.0,37,6,1,116,4,5,5.0,0.0,1.0,0.0,70.0,18.0,1.0,18.0,2.0,0
2813,7126,4.0,3,3,2,42,6,5,2.0,0.0,1.0,0.0,19.0,8.0,1.0,8.0,2.0,0
2814,16291,4.0,12,4,2,44,3,4,2.0,2.0,0.0,1.0,26.0,5.0,1.0,4.0,2.0,1
2815,15393,4.0,11,7,2,60,4,4,5.0,0.0,2.0,0.0,38.0,5.0,2.0,5.0,2.0,1
2816,8261,4.0,13,0,2,44,3,3,0.0,0.0,0.0,0.0,31.0,6.0,0.0,6.0,0.0,0
2817,6939,4.0,25,11,2,93,3,5,7.0,1.0,3.0,0.0,57.0,11.0,4.0,9.0,0.0,0
2818,16285,4.0,14,0,2,48,4,5,0.0,0.0,0.0,0.0,32.0,7.0,0.0,6.0,2.0,1
2819,1331,3.0,5,0,1,17,2,1,0.0,0.0,0.0,0.0,13.0,2.0,0.0,1.0,0.0,0
2820,16730,4.0,23,2,6,98,7,10,0.0,0.0,2.0,2.0,51.0,18.0,0.0,20.0,4.0,1
2821,3305,3.0,11,0,2,34,2,2,0.0,0.0,0.0,0.0,25.0,4.0,0.0,4.0,0.0,0
2822,4355,4.0,9,0,2,33,2,1,0.0,0.0,0.0,0.0,27.0,3.0,0.0,2.0,0.0,0
2823,3104,4.0,11,0,2,38,3,1,0.0,0.0,0.0,0.0,27.0,5.0,0.0,5.0,0.0,0
2824,14891,4.0,15,18,2,101,7,7,11.0,7.0,0.0,7.0,48.0,12.0,0.0,12.0,3.0,1
2825,9584,4.0,9,6,1,43,3,2,5.0,0.0,1.0,0.0,27.0,4.0,1.0,4.0,0.0,0
2826,9568,4.0,17,4,2,53,3,2,3.0,0.0,1.0,0.0,33.0,7.0,1.0,7.0,0.0,0
2827,1420,4.0,30,83,3,204,8,3,56.0,26.0,0.0,26.0,71.0,11.0,1.0,10.0,2.0,0
2828,5205,4.0,11,6,1,31,2,2,5.0,0.0,0.0,0.0,19.0,3.0,1.0,2.0,0.0,0
2829,10877,4.0,14,3,2,63,8,3,2.0,0.0,0.0,0.0,38.0,10.0,1.0,9.0,2.0,1
2830,18122,4.0,11,2,2,47,4,4,1.0,0.0,1.0,0.0,29.0,6.0,1.0,6.0,2.0,1
2831,11909,3.0,11,0,1,26,1,0,0.0,0.0,0.0,0.0,23.0,1.0,0.0,1.0,0.0,1
2832,1709,4.0,21,6,1,73,6,1,5.0,0.0,0.0,0.0,46.0,10.0,1.0,9.0,1.0,0
2833,9255,4.0,11,2,2,51,2,3,1.0,1.0,0.0,1.0,37.0,5.0,0.0,5.0,0.0,0
2834,430,4.0,7,2,1,26,3,1,1.0,0.0,0.0,0.0,16.0,4.0,1.0,3.0,0.0,0
2835,11853,4.0,25,3,3,85,7,3,1.0,0.0,1.0,0.0,53.0,13.0,2.0,12.0,2.0,1
2836,10501,4.0,10,8,3,54,3,3,6.0,0.0,1.0,2.0,31.0,6.0,0.0,7.0,0.0,1
2837,2328,4.0,14,0,2,39,3,2,0.0,0.0,0.0,0.0,28.0,5.0,0.0,5.0,0.0,0
2838,227,4.0,5,8,3,32,2,2,7.0,0.0,0.0,0.0,14.0,5.0,1.0,4.0,0.0,0
2839,9703,4.0,20,8,2,65,3,1,7.0,0.0,1.0,0.0,39.0,8.0,1.0,8.0,0.0,0
2840,577,4.0,24,13,1,77,3,3,5.0,8.0,0.0,8.0,46.0,5.0,0.0,4.0,0.0,0
2841,4233,3.0,3,0,1,13,2,1,0.0,0.0,0.0,0.0,9.0,2.0,0.0,1.0,0.0,0
2842,684,5.0,32,36,14,152,7,4,21.0,12.0,3.0,11.0,64.0,17.0,4.0,16.0,3.0,0
2843,6818,4.0,14,0,3,53,3,4,0.0,0.0,0.0,0.0,34.0,9.0,0.0,9.0,0.0,0
2844,7750,3.0,11,0,2,30,3,1,0.0,0.0,0.0,0.0,22.0,4.0,0.0,3.0,0.0,0
2845,5220,4.0,9,10,3,46,3,2,8.0,0.0,2.0,1.0,24.0,4.0,1.0,5.0,0.0,0
2846,3785,3.0,13,0,3,40,2,2,0.0,0.0,0.0,0.0,29.0,5.0,0.0,5.0,0.0,0
2847,10030,4.0,8,0,3,38,4,3,0.0,0.0,0.0,0.0,23.0,6.0,0.0,6.0,2.0,1
2848,5794,4.0,14,5,1,46,3,3,4.0,0.0,1.0,0.0,28.0,6.0,1.0,5.0,0.0,0
2849,8953,4.0,8,0,1,24,3,1,0.0,0.0,0.0,0.0,17.0,3.0,0.0,3.0,0.0,0
2850,8751,3.0,14,0,2,33,3,2,0.0,0.0,0.0,0.0,22.0,5.0,0.0,5.0,0.0,0
2851,8988,3.0,7,0,2,25,2,2,0.0,0.0,0.0,0.0,17.0,4.0,0.0,3.0,0.0,0
2852,16158,4.0,43,5,2,155,8,3,1.0,0.0,3.0,0.0,96.0,24.0,4.0,23.0,3.0,1
2853,12341,4.0,29,6,3,109,7,3,3.0,0.0,2.0,0.0,67.0,16.0,3.0,15.0,2.0,1
2854,6973,4.0,12,0,2,39,2,2,0.0,0.0,0.0,0.0,30.0,4.0,0.0,4.0,0.0,0
2855,15509,4.0,28,0,3,93,4,5,0.0,0.0,0.0,0.0,70.0,10.0,0.0,10.0,2.0,1
2856,8494,4.0,27,4,2,110,6,4,2.0,0.0,2.0,0.0,64.0,17.0,2.0,16.0,6.0,0
2857,6037,4.0,13,0,2,37,2,1,0.0,0.0,0.0,0.0,30.0,3.0,0.0,3.0,0.0,0
2858,6431,4.0,24,0,1,83,4,8,0.0,0.0,0.0,0.0,53.0,14.0,0.0,13.0,2.0,0
2859,12462,3.0,7,0,1,18,1,0,0.0,0.0,0.0,0.0,15.0,1.0,0.0,1.0,0.0,1
2860,12717,4.0,25,9,1,92,4,7,5.0,1.0,3.0,0.0,54.0,12.0,4.0,10.0,2.0,1
2861,2758,4.0,19,7,2,85,4,7,6.0,0.0,1.0,0.0,47.0,15.0,1.0,14.0,0.0,0
2862,17135,4.0,20,1,3,82,7,3,0.0,0.0,0.0,0.0,51.0,14.0,1.0,13.0,2.0,1
2863,1654,3.0,19,55,1,173,5,6,11.0,3.0,41.0,31.0,19.0,10.0,13.0,38.0,6.0,0
2864,1292,3.0,7,0,1,19,2,1,0.0,0.0,0.0,0.0,15.0,2.0,0.0,1.0,0.0,0
2865,7855,4.0,24,1,5,108,6,4,0.0,0.0,1.0,0.0,68.0,18.0,1.0,18.0,1.0,0
2866,18552,4.0,5,4,2,27,2,2,3.0,0.0,0.0,1.0,14.0,4.0,0.0,4.0,0.0,1
2867,591,4.0,15,0,2,42,3,2,0.0,0.0,0.0,0.0,29.0,6.0,0.0,6.0,0.0,0
2868,16572,3.0,6,0,1,18,1,0,0.0,0.0,0.0,0.0,15.0,1.0,0.0,1.0,0.0,1
2869,18147,5.0,35,42,5,187,8,7,18.0,17.0,7.0,14.0,77.0,22.0,10.0,19.0,2.0,1
2870,5137,4.0,23,55,2,134,3,13,47.0,6.0,2.0,5.0,45.0,13.0,3.0,11.0,1.0,0
2871,13854,3.0,7,0,2,24,1,0,0.0,0.0,0.0,0.0,19.0,2.0,0.0,2.0,0.0,1
2872,19911,4.0,23,5,2,87,8,3,3.0,0.0,1.0,0.0,53.0,13.0,2.0,12.0,2.0,1
2873,16570,4.0,5,0,3,37,5,3,0.0,0.0,0.0,0.0,20.0,7.0,0.0,7.0,2.0,1
2874,13090,4.0,6,2,1,33,3,4,1.0,1.0,0.0,0.0,20.0,4.0,1.0,3.0,2.0,1
2875,18012,4.0,17,0,3,58,4,3,0.0,0.0,0.0,0.0,43.0,6.0,0.0,6.0,2.0,1
2876,11898,3.0,5,0,1,13,1,0,0.0,0.0,0.0,0.0,10.0,1.0,0.0,1.0,0.0,1
2877,5697,4.0,5,3,1,21,2,2,2.0,0.0,0.0,0.0,12.0,3.0,1.0,2.0,0.0,0
2878,14219,4.0,26,10,3,110,7,3,6.0,0.0,3.0,0.0,65.0,15.0,4.0,14.0,2.0,1
2879,4979,4.0,17,0,4,57,2,4,0.0,0.0,0.0,0.0,40.0,8.0,0.0,8.0,0.0,0
2880,4888,3.0,17,0,1,48,3,4,0.0,0.0,0.0,0.0,32.0,8.0,0.0,7.0,0.0,0
2881,14417,3.0,6,0,2,17,1,0,0.0,0.0,0.0,0.0,12.0,2.0,0.0,2.0,0.0,1
2882,17210,4.0,15,10,6,54,1,0,9.0,0.0,1.0,0.0,32.0,5.0,1.0,5.0,0.0,1
2883,2847,4.0,30,0,2,91,4,6,0.0,0.0,0.0,0.0,64.0,12.0,0.0,12.0,2.0,0
2884,8370,4.0,22,0,1,69,3,2,0.0,0.0,0.0,0.0,50.0,9.0,0.0,9.0,0.0,0
2885,15377,4.0,5,0,1,33,3,4,0.0,0.0,0.0,0.0,22.0,4.0,0.0,4.0,2.0,1
2886,19976,4.0,27,4,3,95,7,3,2.0,0.0,1.0,0.0,60.0,14.0,2.0,13.0,2.0,1
2887,9863,3.0,16,4,1,44,3,1,3.0,1.0,0.0,0.0,29.0,5.0,0.0,5.0,0.0,0
2888,11924,4.0,11,13,1,49,2,2,12.0,1.0,0.0,0.0,29.0,3.0,1.0,2.0,0.0,1
2889,4635,4.0,12,1,1,41,2,4,0.0,0.0,0.0,0.0,30.0,5.0,1.0,4.0,0.0,0
2890,3540,4.0,28,7,1,91,3,4,6.0,0.0,1.0,0.0,59.0,12.0,1.0,11.0,0.0,0
2891,16305,3.0,5,0,3,33,3,1,0.0,0.0,0.0,0.0,22.0,5.0,0.0,5.0,0.0,1
2892,2383,4.0,15,7,2,56,4,1,6.0,0.0,1.0,0.0,33.0,7.0,1.0,7.0,0.0,0
2893,19162,4.0,30,5,3,114,8,3,2.0,0.0,2.0,0.0,69.0,18.0,3.0,17.0,2.0,1
2894,5977,4.0,13,31,2,93,7,3,22.0,8.0,1.0,8.0,30.0,10.0,1.0,10.0,2.0,0
2895,1160,4.0,21,6,1,102,4,6,4.0,0.0,2.0,0.0,66.0,13.0,2.0,12.0,2.0,0
2896,5955,4.0,15,8,3,65,5,2,5.0,0.0,3.0,1.0,39.0,7.0,2.0,7.0,0.0,0
2897,8967,4.0,15,2,2,43,4,2,0.0,1.0,1.0,2.0,25.0,6.0,0.0,7.0,0.0,0
2898,12377,4.0,14,0,2,44,3,2,0.0,0.0,0.0,0.0,33.0,5.0,0.0,5.0,0.0,1
2899,13427,4.0,5,4,2,27,2,2,3.0,0.0,0.0,1.0,14.0,4.0,0.0,4.0,0.0,1
2900,13513,4.0,9,0,3,40,3,4,0.0,0.0,0.0,0.0,25.0,6.0,0.0,6.0,2.0,1
2901,2768,4.0,7,2,1,31,5,1,1.0,1.0,0.0,1.0,17.0,5.0,0.0,5.0,0.0,0
2902,2634,4.0,22,9,1,88,4,6,8.0,0.0,1.0,0.0,52.0,12.0,1.0,11.0,2.0,0
2903,1573,4.0,11,0,2,32,2,2,0.0,0.0,0.0,0.0,23.0,4.0,0.0,4.0,0.0,0
2904,18628,4.0,9,0,3,31,2,1,0.0,0.0,0.0,0.0,22.0,4.0,0.0,4.0,0.0,1
2905,3951,4.0,3,15,2,39,2,5,11.0,0.0,4.0,0.0,13.0,3.0,4.0,3.0,0.0,0
2906,10888,4.0,13,1,2,53,3,7,0.0,0.0,0.0,0.0,34.0,8.0,1.0,7.0,2.0,1
2907,15302,4.0,10,2,3,53,4,5,1.0,0.0,1.0,0.0,33.0,7.0,1.0,7.0,2.0,1
2908,12821,4.0,3,11,4,32,3,3,6.0,0.0,4.0,1.0,10.0,2.0,4.0,2.0,2.0,1
2909,18289,4.0,26,6,3,107,8,3,4.0,0.0,2.0,0.0,64.0,16.0,2.0,16.0,2.0,1
2910,1329,4.0,7,6,1,32,3,2,5.0,0.0,0.0,0.0,16.0,5.0,1.0,4.0,0.0,0
2911,17203,3.0,9,0,2,43,3,5,0.0,0.0,0.0,0.0,28.0,6.0,0.0,6.0,2.0,1
2912,3916,4.0,23,7,2,78,3,1,5.0,0.0,2.0,2.0,48.0,9.0,0.0,11.0,0.0,0
2913,3772,4.0,11,7,2,54,3,1,6.0,0.0,1.0,1.0,28.0,8.0,0.0,9.0,0.0,0
2914,5484,4.0,17,0,2,60,3,3,0.0,0.0,0.0,0.0,41.0,9.0,0.0,9.0,0.0,0
2915,6081,4.0,31,42,10,147,3,2,23.0,18.0,1.0,17.0,59.0,14.0,2.0,12.0,0.0,0
2916,14144,4.0,16,0,3,62,3,8,0.0,0.0,0.0,0.0,40.0,10.0,0.0,9.0,2.0,1
2917,1050,4.0,11,0,1,31,2,2,0.0,0.0,0.0,0.0,25.0,3.0,0.0,2.0,0.0,0
2918,623,3.0,9,0,2,31,2,1,0.0,0.0,0.0,0.0,24.0,3.0,0.0,3.0,0.0,0
2919,8009,3.0,4,1,1,13,2,1,0.0,1.0,0.0,0.0,8.0,2.0,0.0,1.0,0.0,0
2920,18412,4.0,45,5,2,151,8,3,2.0,0.0,2.0,0.0,98.0,22.0,3.0,21.0,2.0,1
2921,19891,3.0,6,0,2,27,2,3,0.0,0.0,0.0,0.0,17.0,5.0,0.0,4.0,0.0,1
2922,9292,4.0,14,8,1,54,6,2,7.0,0.0,1.0,0.0,33.0,6.0,1.0,5.0,0.0,0
2923,10272,3.0,7,0,2,25,2,2,0.0,0.0,0.0,0.0,17.0,4.0,0.0,3.0,0.0,1
2924,3080,4.0,15,12,2,68,3,5,7.0,0.0,5.0,0.0,41.0,5.0,5.0,4.0,0.0,0
2925,1501,4.0,15,7,1,53,3,3,5.0,2.0,0.0,2.0,27.0,8.0,0.0,8.0,0.0,0
2926,4995,4.0,13,0,2,54,3,1,0.0,0.0,0.0,0.0,39.0,7.0,0.0,7.0,0.0,0
2927,11449,3.0,5,2,1,15,1,0,1.0,0.0,1.0,1.0,10.0,0.0,0.0,1.0,0.0,1
2928,14986,3.0,4,0,3,20,1,0,0.0,0.0,0.0,0.0,13.0,3.0,0.0,3.0,0.0,1
2929,11047,5.0,49,21,2,283,7,3,2.0,17.0,2.0,18.0,202.0,18.0,1.0,19.0,3.0,1
2930,17651,4.0,6,3,3,44,6,3,2.0,0.0,0.0,0.0,21.0,9.0,1.0,8.0,2.0,1
2931,16810,4.0,25,4,3,91,7,3,1.0,0.0,2.0,0.0,51.0,16.0,3.0,15.0,2.0,1
2932,7770,3.0,6,0,1,20,2,1,0.0,0.0,0.0,0.0,16.0,2.0,0.0,1.0,0.0,0
2933,2532,4.0,13,0,1,39,3,2,0.0,0.0,0.0,0.0,30.0,4.0,0.0,4.0,0.0,0
2934,12845,4.0,16,2,4,56,3,4,0.0,0.0,2.0,1.0,34.0,8.0,1.0,9.0,0.0,1
2935,18943,3.0,9,0,1,30,2,0,0.0,0.0,0.0,0.0,21.0,4.0,0.0,4.0,0.0,1
2936,1100,4.0,17,0,3,59,2,5,0.0,0.0,0.0,0.0,43.0,8.0,0.0,7.0,0.0,0
2937,14088,4.0,24,5,2,81,7,3,3.0,0.0,1.0,0.0,49.0,12.0,2.0,11.0,2.0,1
2938,15199,4.0,40,10,2,133,9,3,5.0,2.0,3.0,0.0,75.0,21.0,5.0,19.0,2.0,1
2939,13508,4.0,12,1,3,53,6,4,0.0,0.0,0.0,0.0,32.0,9.0,1.0,8.0,2.0,1
2940,13367,3.0,10,0,3,36,4,2,0.0,0.0,0.0,0.0,23.0,5.0,0.0,5.0,2.0,1
2941,13002,4.0,21,5,3,89,4,5,2.0,1.0,2.0,1.0,60.0,9.0,2.0,9.0,2.0,1
2942,4722,4.0,13,13,1,58,3,3,10.0,0.0,3.0,0.0,29.0,6.0,3.0,6.0,0.0,0
2943,6112,4.0,11,0,1,32,5,1,0.0,0.0,0.0,0.0,22.0,4.0,0.0,4.0,1.0,0
2944,4238,4.0,18,6,2,65,5,1,5.0,0.0,1.0,0.0,45.0,6.0,1.0,6.0,0.0,0
2945,7978,4.0,19,8,1,88,4,7,5.0,0.0,3.0,0.0,51.0,12.0,3.0,11.0,2.0,0
2946,6435,4.0,10,5,1,34,4,1,3.0,2.0,0.0,1.0,20.0,3.0,1.0,2.0,1.0,0
2947,12520,5.0,37,62,14,229,7,5,48.0,3.0,10.0,0.0,103.0,25.0,14.0,21.0,4.0,1
2948,16649,4.0,14,3,4,60,4,5,1.0,0.0,2.0,0.0,35.0,9.0,2.0,9.0,1.0,1
2949,7032,4.0,21,6,2,70,3,3,4.0,0.0,2.0,0.0,43.0,9.0,2.0,9.0,0.0,0
2950,12683,3.0,4,0,2,19,2,2,0.0,0.0,0.0,0.0,11.0,4.0,0.0,3.0,0.0,1
2951,10549,5.0,19,16,3,89,7,4,11.0,2.0,3.0,0.0,47.0,10.0,5.0,8.0,2.0,1
2952,1472,3.0,9,0,1,24,2,1,0.0,0.0,0.0,0.0,20.0,2.0,0.0,1.0,0.0,0
2953,17854,3.0,5,0,2,28,3,3,0.0,0.0,0.0,0.0,17.0,4.0,0.0,4.0,2.0,1
2954,11883,4.0,30,11,4,122,8,3,7.0,0.0,3.0,0.0,72.0,17.0,4.0,16.0,2.0,1
2955,14126,4.0,17,20,3,76,4,4,13.0,7.0,0.0,6.0,33.0,7.0,1.0,6.0,2.0,1
2956,14909,3.0,13,0,3,53,4,4,0.0,0.0,0.0,0.0,36.0,7.0,0.0,7.0,2.0,1
2957,849,4.0,11,0,1,38,3,1,0.0,0.0,0.0,0.0,25.0,6.0,0.0,6.0,0.0,0
2958,10999,4.0,13,4,3,48,3,6,3.0,0.0,1.0,0.0,27.0,7.0,1.0,6.0,2.0,1
2959,11990,4.0,15,10,4,76,4,7,6.0,0.0,4.0,0.0,39.0,10.0,4.0,10.0,2.0,1
2960,19267,4.0,26,4,3,91,8,3,2.0,0.0,1.0,0.0,56.0,14.0,2.0,13.0,2.0,1
2961,11840,3.0,10,0,1,25,2,0,0.0,0.0,0.0,0.0,18.0,3.0,0.0,3.0,0.0,1
2962,17419,4.0,19,2,2,61,4,4,1.0,0.0,1.0,0.0,41.0,7.0,1.0,7.0,2.0,1
2963,2210,3.0,4,1,3,24,2,2,0.0,1.0,0.0,1.0,12.0,5.0,0.0,4.0,0.0,0
2964,16857,4.0,27,4,3,96,7,3,2.0,0.0,1.0,0.0,59.0,15.0,2.0,14.0,2.0,1
2965,3202,4.0,10,0,2,40,6,2,0.0,0.0,0.0,0.0,22.0,8.0,0.0,8.0,1.0,0
2966,13888,4.0,15,1,1,73,7,3,0.0,0.0,1.0,0.0,45.0,12.0,1.0,11.0,2.0,1
2967,12798,4.0,4,13,4,38,3,4,8.0,0.0,4.0,1.0,12.0,3.0,4.0,3.0,2.0,1
2968,18979,4.0,9,24,1,72,4,4,7.0,2.0,15.0,10.0,8.0,6.0,7.0,13.0,3.0,1
2969,10033,4.0,28,6,1,95,4,6,4.0,0.0,2.0,0.0,64.0,10.0,2.0,10.0,2.0,1
2970,1284,5.0,31,43,3,197,3,1,17.0,26.0,0.0,26.0,117.0,5.0,0.0,5.0,0.0,0
2971,8606,4.0,15,6,2,77,2,4,2.0,4.0,0.0,3.0,55.0,6.0,1.0,5.0,0.0,0
2972,3593,4.0,11,3,4,53,4,3,1.0,2.0,0.0,0.0,29.0,10.0,2.0,8.0,0.0,0
2973,13416,4.0,19,13,1,85,4,7,8.0,1.0,4.0,0.0,42.0,12.0,5.0,10.0,2.0,1
2974,18720,3.0,4,0,1,11,1,0,0.0,0.0,0.0,0.0,8.0,1.0,0.0,1.0,0.0,1
2975,12347,3.0,5,4,2,27,2,2,3.0,0.0,0.0,1.0,14.0,4.0,0.0,4.0,0.0,1
2976,11409,4.0,5,4,2,27,2,2,3.0,0.0,0.0,1.0,14.0,4.0,0.0,4.0,0.0,1
2977,3271,4.0,26,13,1,104,8,7,6.0,4.0,3.0,1.0,53.0,15.0,6.0,12.0,3.0,0
2978,4717,4.0,14,0,2,48,3,3,0.0,0.0,0.0,0.0,35.0,6.0,0.0,6.0,0.0,0
2979,1004,3.0,9,0,2,38,2,1,0.0,0.0,0.0,0.0,32.0,3.0,0.0,2.0,0.0,0
2980,15583,4.0,13,0,5,51,2,3,0.0,0.0,0.0,0.0,34.0,8.0,0.0,8.0,0.0,1
2981,10477,4.0,17,1,4,66,7,3,0.0,0.0,0.0,0.0,40.0,11.0,1.0,10.0,3.0,1
2982,16387,4.0,16,1,3,77,4,8,0.0,0.0,1.0,1.0,51.0,10.0,0.0,11.0,2.0,1
2983,8457,4.0,20,26,6,117,7,4,14.0,11.0,1.0,11.0,53.0,11.0,1.0,11.0,3.0,0
2984,15963,4.0,18,24,1,75,3,7,13.0,8.0,3.0,10.0,28.0,4.0,1.0,5.0,2.0,1
2985,16403,3.0,12,0,2,50,4,4,0.0,0.0,0.0,0.0,33.0,7.0,0.0,7.0,2.0,1
2986,6212,3.0,17,0,1,40,2,4,0.0,0.0,0.0,0.0,30.0,5.0,0.0,4.0,0.0,0
2987,15542,4.0,7,16,2,58,4,5,9.0,0.0,7.0,0.0,21.0,6.0,7.0,5.0,2.0,1
2988,12729,4.0,13,0,2,46,5,4,0.0,0.0,0.0,0.0,30.0,6.0,0.0,6.0,3.0,1
2989,3542,4.0,23,6,1,76,3,6,3.0,0.0,3.0,1.0,48.0,9.0,2.0,9.0,0.0,0
2990,10074,3.0,8,2,2,31,2,2,1.0,0.0,1.0,1.0,21.0,3.0,0.0,3.0,0.0,1
2991,253,4.0,13,0,2,37,2,2,0.0,0.0,0.0,0.0,28.0,4.0,0.0,4.0,0.0,0
2992,14767,4.0,10,1,3,54,6,3,0.0,0.0,0.0,0.0,35.0,8.0,1.0,7.0,2.0,1
2993,19908,4.0,15,23,3,76,4,4,12.0,10.0,1.0,10.0,27.0,6.0,1.0,6.0,2.0,1
2994,9340,4.0,42,37,5,182,5,10,21.0,15.0,1.0,14.0,93.0,18.0,2.0,16.0,1.0,0
2995,2142,4.0,18,0,2,53,2,5,0.0,0.0,0.0,0.0,39.0,7.0,0.0,6.0,0.0,0
2996,6092,4.0,11,0,2,41,2,2,0.0,0.0,0.0,0.0,32.0,4.0,0.0,4.0,0.0,0
2997,6403,4.0,43,7,1,142,3,2,6.0,0.0,1.0,0.0,93.0,20.0,1.0,20.0,0.0,0
2998,7632,4.0,10,0,2,36,2,1,0.0,0.0,0.0,0.0,29.0,3.0,0.0,3.0,0.0,0
2999,1728,4.0,8,0,1,31,4,1,0.0,0.0,0.0,0.0,22.0,4.0,0.0,4.0,0.0,0
3000,9274,3.0,10,0,2,37,2,2,0.0,0.0,0.0,0.0,28.0,4.0,0.0,4.0,0.0,0
3001,1671,4.0,19,9,1,66,3,5,7.0,0.0,2.0,2.0,41.0,6.0,0.0,7.0,0.0,0
3002,13004,4.0,49,14,3,184,8,3,7.0,0.0,6.0,0.0,115.0,23.0,7.0,22.0,3.0,1
3003,15802,4.0,18,0,3,69,8,3,0.0,0.0,0.0,0.0,44.0,11.0,0.0,11.0,2.0,1
3004,19085,3.0,4,0,2,22,1,0,0.0,0.0,0.0,0.0,17.0,2.0,0.0,2.0,0.0,1
3005,1971,3.0,8,0,2,21,2,1,0.0,0.0,0.0,0.0,15.0,3.0,0.0,2.0,0.0,0
3006,17464,4.0,33,5,5,120,4,6,3.0,0.0,2.0,1.0,71.0,19.0,1.0,20.0,2.0,1
3007,12146,3.0,9,1,3,37,2,2,0.0,0.0,1.0,1.0,25.0,4.0,0.0,5.0,0.0,1
3008,10370,5.0,46,22,10,199,5,4,7.0,13.0,2.0,15.0,128.0,15.0,0.0,16.0,2.0,1
3009,7807,3.0,25,0,1,62,3,1,0.0,0.0,0.0,0.0,45.0,8.0,0.0,8.0,0.0,0
3010,694,3.0,7,4,1,29,2,1,3.0,0.0,1.0,1.0,21.0,1.0,0.0,1.0,0.0,0
3011,5729,4.0,7,0,1,25,3,2,0.0,0.0,0.0,0.0,16.0,4.0,0.0,4.0,0.0,0
3012,17406,4.0,10,2,5,49,1,0,0.0,2.0,0.0,2.0,34.0,5.0,0.0,5.0,0.0,1
3013,17861,4.0,7,3,3,43,5,3,2.0,0.0,0.0,0.0,24.0,7.0,1.0,6.0,2.0,1
3014,10796,3.0,2,16,4,34,3,3,11.0,0.0,5.0,0.0,6.0,2.0,5.0,2.0,2.0,1
3015,19369,4.0,8,6,2,43,3,7,5.0,0.0,1.0,1.0,19.0,7.0,0.0,7.0,2.0,1
3016,10714,4.0,3,14,3,35,3,1,11.0,0.0,3.0,0.0,11.0,3.0,3.0,3.0,0.0,1
3017,19574,3.0,8,0,2,25,2,2,0.0,0.0,0.0,0.0,17.0,4.0,0.0,3.0,0.0,1
3018,19904,3.0,5,0,1,13,1,0,0.0,0.0,0.0,0.0,10.0,1.0,0.0,1.0,0.0,1
3019,10194,4.0,29,5,3,115,7,3,2.0,0.0,2.0,0.0,69.0,18.0,3.0,17.0,3.0,1
3020,15293,3.0,7,0,1,15,1,0,0.0,0.0,0.0,0.0,12.0,1.0,0.0,1.0,0.0,1
3021,3094,4.0,14,1,3,46,2,3,0.0,1.0,0.0,0.0,32.0,6.0,1.0,5.0,0.0,0
3022,14128,4.0,13,0,4,54,4,4,0.0,0.0,0.0,0.0,35.0,8.0,0.0,8.0,2.0,1
3023,7364,4.0,18,0,2,50,3,1,0.0,0.0,0.0,0.0,39.0,5.0,0.0,5.0,0.0,0
3024,2114,4.0,25,0,1,88,3,2,0.0,0.0,0.0,0.0,55.0,16.0,0.0,16.0,0.0,0
3025,14783,3.0,8,0,2,27,2,2,0.0,0.0,0.0,0.0,18.0,4.0,0.0,4.0,0.0,1
3026,2273,3.0,4,0,1,16,2,1,0.0,0.0,0.0,0.0,12.0,2.0,0.0,1.0,0.0,0
3027,13314,4.0,10,0,4,47,4,4,0.0,0.0,0.0,0.0,28.0,8.0,0.0,8.0,2.0,1
3028,3244,4.0,10,0,1,35,3,2,0.0,0.0,0.0,0.0,24.0,5.0,0.0,5.0,0.0,0
3029,16362,3.0,8,0,4,30,2,2,0.0,0.0,0.0,0.0,18.0,6.0,0.0,5.0,0.0,1
3030,6182,4.0,8,1,1,31,5,1,0.0,0.0,0.0,1.0,19.0,5.0,0.0,5.0,0.0,0
3031,5041,4.0,25,17,1,94,3,6,11.0,5.0,1.0,0.0,53.0,11.0,6.0,6.0,0.0,0
3032,4817,4.0,14,6,2,46,3,3,5.0,0.0,1.0,0.0,28.0,5.0,1.0,5.0,0.0,0
3033,11524,4.0,21,4,3,86,8,3,2.0,0.0,1.0,0.0,51.0,14.0,2.0,13.0,2.0,1
3034,3563,3.0,8,2,1,36,3,3,0.0,1.0,1.0,2.0,20.0,5.0,0.0,6.0,0.0,0
3035,12269,4.0,8,2,3,46,2,3,1.0,1.0,0.0,0.0,31.0,6.0,1.0,5.0,0.0,1
3036,19583,3.0,9,0,1,23,1,0,0.0,0.0,0.0,0.0,20.0,1.0,0.0,1.0,0.0,1
3037,6176,4.0,22,0,1,73,3,2,0.0,0.0,0.0,0.0,54.0,9.0,0.0,9.0,0.0,0
3038,12244,4.0,17,0,2,58,4,3,0.0,0.0,0.0,0.0,43.0,6.0,0.0,6.0,2.0,1
3039,6312,4.0,22,9,1,86,4,4,6.0,0.0,3.0,1.0,50.0,10.0,2.0,11.0,2.0,0
3040,11147,5.0,23,17,3,191,6,5,0.0,17.0,0.0,17.0,131.0,12.0,0.0,11.0,2.0,1
3041,12420,4.0,20,4,3,81,8,3,2.0,0.0,1.0,0.0,46.0,14.0,2.0,13.0,2.0,1
3042,656,4.0,8,8,1,34,3,2,5.0,0.0,2.0,0.0,16.0,4.0,3.0,3.0,0.0,0
3043,6684,3.0,6,0,1,19,2,1,0.0,0.0,0.0,0.0,15.0,2.0,0.0,1.0,0.0,0
3044,9994,4.0,6,3,1,27,2,5,1.0,0.0,2.0,0.0,14.0,4.0,2.0,3.0,0.0,0
3045,17843,4.0,4,1,2,27,2,3,0.0,0.0,1.0,1.0,16.0,4.0,0.0,4.0,0.0,1
3046,17335,4.0,7,0,1,22,2,2,0.0,0.0,0.0,0.0,16.0,3.0,0.0,2.0,0.0,1
3047,18447,4.0,24,3,2,87,7,3,1.0,0.0,2.0,0.0,53.0,13.0,2.0,13.0,2.0,1
3048,10129,3.0,8,0,3,29,2,1,0.0,0.0,0.0,0.0,20.0,4.0,0.0,4.0,0.0,1
3049,3231,4.0,12,0,1,39,3,2,0.0,0.0,0.0,0.0,29.0,5.0,0.0,4.0,0.0,0
3050,17663,4.0,12,0,3,50,3,3,0.0,0.0,0.0,0.0,35.0,7.0,0.0,7.0,0.0,1
3051,2484,3.0,10,0,1,25,2,1,0.0,0.0,0.0,0.0,21.0,2.0,0.0,1.0,0.0,0
3052,7205,4.0,16,2,2,48,5,2,1.0,0.0,0.0,0.0,32.0,7.0,1.0,6.0,0.0,0
3053,5967,4.0,16,42,3,138,8,4,33.0,0.0,9.0,0.0,52.0,16.0,9.0,16.0,2.0,0
3054,17188,4.0,29,4,2,107,8,3,2.0,0.0,2.0,0.0,70.0,14.0,2.0,14.0,2.0,1
3055,952,3.0,5,0,1,15,2,1,0.0,0.0,0.0,0.0,11.0,2.0,0.0,1.0,0.0,0
3056,9361,4.0,18,8,2,55,3,1,7.0,0.0,1.0,0.0,33.0,6.0,1.0,6.0,0.0,0
3057,19018,3.0,9,0,1,32,2,3,0.0,0.0,0.0,0.0,24.0,4.0,0.0,3.0,0.0,1
3058,5664,3.0,9,0,1,32,2,1,0.0,0.0,0.0,0.0,28.0,2.0,0.0,1.0,0.0,0
3059,11522,4.0,10,3,4,48,5,3,2.0,0.0,0.0,0.0,27.0,8.0,1.0,7.0,2.0,1
3060,7028,4.0,15,0,1,50,3,2,0.0,0.0,0.0,0.0,37.0,6.0,0.0,6.0,0.0,0
3061,17038,4.0,2,15,4,33,3,3,10.0,0.0,5.0,0.0,6.0,2.0,5.0,2.0,2.0,1
3062,3409,4.0,13,4,3,48,2,3,3.0,0.0,1.0,0.0,32.0,5.0,1.0,5.0,0.0,0
3063,4775,4.0,18,0,5,51,3,2,0.0,0.0,0.0,0.0,34.0,8.0,0.0,8.0,0.0,0
3064,14096,3.0,6,0,3,24,2,1,0.0,0.0,0.0,0.0,15.0,4.0,0.0,4.0,0.0,1
3065,10798,3.0,2,9,3,27,3,3,5.0,0.0,4.0,0.0,9.0,1.0,4.0,1.0,2.0,1
3066,11200,4.0,12,0,2,49,4,3,0.0,0.0,0.0,0.0,34.0,6.0,0.0,6.0,2.0,1
3067,1461,3.0,7,0,1,23,2,1,0.0,0.0,0.0,0.0,19.0,2.0,0.0,1.0,0.0,0
3068,9024,4.0,14,0,2,38,3,2,0.0,0.0,0.0,0.0,27.0,5.0,0.0,5.0,0.0,0
3069,10337,4.0,8,1,3,30,1,0,0.0,1.0,0.0,1.0,21.0,3.0,0.0,3.0,0.0,1
3070,7953,4.0,6,3,1,28,3,2,2.0,1.0,0.0,0.0,16.0,4.0,0.0,4.0,0.0,0
3071,12311,3.0,8,0,2,35,3,5,0.0,0.0,0.0,0.0,21.0,6.0,0.0,5.0,2.0,1
3072,13290,4.0,13,0,2,42,4,2,0.0,0.0,0.0,0.0,29.0,6.0,0.0,6.0,0.0,1
3073,11345,4.0,12,0,4,58,4,4,0.0,0.0,0.0,0.0,37.0,9.0,0.0,9.0,2.0,1
3074,15014,5.0,32,5,2,129,8,7,1.0,3.0,1.0,3.0,88.0,14.0,1.0,13.0,4.0,1
3075,5152,4.0,8,1,2,33,2,2,0.0,0.0,1.0,1.0,24.0,3.0,0.0,3.0,0.0,0
3076,1146,4.0,16,0,2,53,3,4,0.0,0.0,0.0,0.0,37.0,8.0,0.0,7.0,0.0,0
3077,1937,4.0,27,4,2,80,3,3,3.0,0.0,1.0,0.0,54.0,10.0,1.0,10.0,0.0,0
3078,12346,4.0,11,5,3,59,6,3,3.0,0.0,1.0,0.0,35.0,8.0,2.0,7.0,2.0,1
3079,17959,5.0,35,41,4,271,8,3,5.0,36.0,0.0,35.0,163.0,15.0,1.0,13.0,2.0,1
3080,17509,4.0,9,0,3,44,4,3,0.0,0.0,0.0,0.0,27.0,7.0,0.0,7.0,2.0,1
3081,14893,3.0,5,0,4,36,3,4,0.0,0.0,0.0,0.0,19.0,7.0,0.0,7.0,2.0,1
3082,5914,4.0,8,2,1,31,4,1,0.0,2.0,0.0,2.0,18.0,4.0,0.0,4.0,0.0,0
3083,456,4.0,8,1,1,31,5,1,0.0,1.0,0.0,1.0,18.0,5.0,0.0,5.0,0.0,0
3084,15453,4.0,23,0,4,83,6,5,0.0,0.0,0.0,0.0,56.0,12.0,0.0,12.0,2.0,1
3085,5397,5.0,27,36,10,138,7,4,23.0,9.0,4.0,11.0,59.0,12.0,2.0,14.0,3.0,0
3086,16665,4.0,8,2,2,66,6,5,0.0,0.0,2.0,0.0,37.0,10.0,2.0,9.0,5.0,1
3087,3858,4.0,37,11,4,175,8,9,4.0,2.0,5.0,5.0,110.0,20.0,2.0,23.0,3.0,0
3088,96,4.0,12,0,1,37,3,3,0.0,0.0,0.0,0.0,27.0,5.0,0.0,4.0,0.0,0
3089,3130,3.0,6,0,2,28,2,1,0.0,0.0,0.0,0.0,22.0,3.0,0.0,2.0,0.0,0
3090,8015,3.0,7,0,2,20,2,1,0.0,0.0,0.0,0.0,14.0,3.0,0.0,2.0,0.0,0
3091,6780,4.0,16,6,3,71,3,3,4.0,0.0,2.0,0.0,44.0,9.0,2.0,9.0,0.0,0
3092,6618,4.0,14,12,4,65,3,4,9.0,0.0,3.0,3.0,35.0,5.0,0.0,8.0,1.0,0
3093,2627,4.0,6,0,2,30,3,1,0.0,0.0,0.0,0.0,21.0,4.0,0.0,4.0,0.0,0
3094,3773,3.0,7,0,1,26,2,2,0.0,0.0,0.0,0.0,20.0,3.0,0.0,2.0,0.0,0
3095,2239,3.0,7,0,1,22,2,1,0.0,0.0,0.0,0.0,18.0,2.0,0.0,1.0,0.0,0
3096,3663,4.0,31,0,1,106,4,5,0.0,0.0,0.0,0.0,70.0,17.0,0.0,16.0,2.0,0
3097,14712,4.0,24,2,4,86,7,3,0.0,0.0,1.0,0.0,53.0,14.0,2.0,13.0,2.0,1
3098,16957,3.0,10,0,1,40,4,4,0.0,0.0,0.0,0.0,28.0,5.0,0.0,4.0,2.0,1
3099,5138,4.0,18,0,1,54,3,3,0.0,0.0,0.0,0.0,44.0,5.0,0.0,4.0,0.0,0
3100,14101,4.0,40,8,1,129,4,9,4.0,1.0,3.0,1.0,84.0,15.0,3.0,15.0,2.0,1
3101,2389,4.0,13,0,2,43,3,4,0.0,0.0,0.0,0.0,28.0,7.0,0.0,7.0,0.0,0
3102,11184,4.0,14,0,1,41,3,4,0.0,0.0,0.0,0.0,30.0,4.0,0.0,4.0,2.0,1
3103,13271,4.0,22,1,2,77,7,3,0.0,0.0,0.0,0.0,48.0,13.0,1.0,12.0,2.0,1
3104,3082,4.0,13,4,2,45,4,2,3.0,0.0,0.0,0.0,29.0,6.0,1.0,5.0,0.0,0
3105,10747,3.0,11,0,3,37,2,1,0.0,0.0,0.0,0.0,28.0,4.0,0.0,4.0,0.0,1
3106,11229,4.0,21,4,3,86,7,3,2.0,0.0,1.0,0.0,53.0,13.0,2.0,12.0,2.0,1
3107,19392,4.0,12,0,4,53,4,4,0.0,0.0,0.0,0.0,34.0,8.0,0.0,8.0,2.0,1
3108,5591,3.0,5,0,2,24,3,1,0.0,0.0,0.0,0.0,16.0,4.0,0.0,3.0,0.0,0
3109,1663,4.0,24,8,2,100,4,4,6.0,0.0,2.0,0.0,55.0,16.0,2.0,16.0,2.0,0
3110,2901,3.0,14,0,3,48,2,3,0.0,0.0,0.0,0.0,35.0,6.0,0.0,6.0,0.0,0
3111,4099,4.0,27,8,1,108,4,8,6.0,0.0,2.0,0.0,62.0,17.0,2.0,16.0,2.0,0
3112,4268,4.0,20,3,2,74,4,7,2.0,0.0,1.0,0.0,47.0,10.0,1.0,10.0,2.0,0
3113,19212,4.0,8,2,3,41,5,3,1.0,0.0,0.0,0.0,23.0,7.0,1.0,6.0,2.0,1
3114,18560,4.0,9,0,3,46,3,3,0.0,0.0,0.0,0.0,33.0,5.0,0.0,5.0,2.0,1
3115,16759,4.0,8,0,2,31,3,3,0.0,0.0,0.0,0.0,21.0,4.0,0.0,3.0,2.0,1
3116,8127,4.0,12,0,1,33,3,2,0.0,0.0,0.0,0.0,24.0,4.0,0.0,4.0,0.0,0
3117,6883,4.0,19,12,1,88,4,7,8.0,0.0,4.0,0.0,48.0,11.0,4.0,10.0,2.0,0
3118,14814,4.0,31,3,3,108,4,4,2.0,0.0,1.0,0.0,69.0,16.0,1.0,16.0,2.0,1
3119,9935,3.0,7,0,1,22,2,1,0.0,0.0,0.0,0.0,18.0,2.0,0.0,1.0,0.0,0
3120,2397,4.0,14,4,2,44,4,1,3.0,0.0,0.0,0.0,30.0,5.0,1.0,4.0,0.0,0
3121,8899,3.0,7,0,1,20,2,2,0.0,0.0,0.0,0.0,14.0,3.0,0.0,2.0,0.0,0
3122,4184,4.0,8,8,1,43,3,5,5.0,0.0,3.0,0.0,22.0,5.0,3.0,4.0,0.0,0
3123,17027,4.0,16,6,2,61,3,4,2.0,0.0,4.0,1.0,37.0,6.0,3.0,7.0,0.0,1
3124,2576,4.0,27,0,1,89,4,5,0.0,0.0,0.0,0.0,63.0,12.0,0.0,11.0,2.0,0
3125,2373,4.0,15,16,1,71,4,3,12.0,0.0,3.0,1.0,36.0,7.0,3.0,7.0,1.0,0
3126,15700,4.0,19,2,3,74,7,3,0.0,0.0,1.0,1.0,46.0,11.0,1.0,11.0,2.0,1
3127,6633,4.0,5,6,1,32,4,3,5.0,0.0,0.0,0.0,15.0,5.0,1.0,4.0,1.0,0
3128,16412,4.0,17,20,3,92,6,6,12.0,7.0,0.0,8.0,38.0,12.0,0.0,12.0,2.0,1
3129,15144,4.0,22,6,3,84,7,3,4.0,0.0,1.0,0.0,49.0,13.0,2.0,12.0,2.0,1
3130,14569,4.0,35,10,2,135,8,3,8.0,0.0,2.0,0.0,86.0,17.0,2.0,17.0,2.0,1
3131,16571,4.0,35,0,5,108,3,6,0.0,0.0,0.0,0.0,85.0,10.0,0.0,10.0,2.0,1
3132,9473,4.0,15,15,1,52,3,3,14.0,0.0,0.0,0.0,27.0,5.0,1.0,4.0,0.0,0
3133,19185,4.0,4,3,3,46,4,5,2.0,0.0,1.0,0.0,25.0,7.0,1.0,7.0,2.0,1
3134,19792,4.0,21,0,2,70,7,3,0.0,0.0,0.0,0.0,49.0,9.0,0.0,9.0,2.0,1
3135,5640,4.0,11,0,3,32,2,1,0.0,0.0,0.0,0.0,23.0,4.0,0.0,4.0,0.0,0
3136,9001,3.0,4,0,1,16,2,1,0.0,0.0,0.0,0.0,12.0,2.0,0.0,1.0,0.0,0
3137,9287,4.0,43,0,2,114,4,6,0.0,0.0,0.0,0.0,83.0,14.0,0.0,14.0,2.0,0
3138,2515,3.0,11,0,2,31,2,2,0.0,0.0,0.0,0.0,23.0,4.0,0.0,3.0,0.0,0
3139,4262,4.0,12,4,1,48,3,3,2.0,1.0,0.0,2.0,28.0,7.0,0.0,7.0,0.0,0
3140,15080,4.0,3,14,3,35,3,1,11.0,0.0,3.0,0.0,11.0,3.0,3.0,3.0,0.0,1
3141,12324,4.0,23,9,3,98,8,3,4.0,0.0,4.0,1.0,54.0,14.0,4.0,14.0,2.0,1
3142,415,4.0,10,3,1,38,3,3,2.0,0.0,1.0,1.0,24.0,4.0,0.0,5.0,0.0,0
3143,10019,3.0,5,0,1,15,1,0,0.0,0.0,0.0,0.0,12.0,1.0,0.0,1.0,0.0,1
3144,5013,4.0,14,0,1,48,3,1,0.0,0.0,0.0,0.0,35.0,6.0,0.0,6.0,0.0,0
3145,12480,4.0,31,2,2,104,4,5,0.0,0.0,2.0,0.0,71.0,13.0,2.0,13.0,2.0,1
3146,5778,4.0,28,0,1,86,4,4,0.0,0.0,0.0,0.0,55.0,14.0,0.0,14.0,2.0,0
3147,7188,4.0,44,0,1,140,3,2,0.0,0.0,0.0,0.0,95.0,22.0,0.0,22.0,0.0,0
3148,12823,3.0,16,28,1,99,4,4,6.0,2.0,20.0,16.0,12.0,10.0,6.0,23.0,3.0,1
3149,3695,4.0,8,4,2,28,2,1,3.0,0.0,0.0,0.0,18.0,3.0,1.0,2.0,0.0,0
3150,710,4.0,18,6,3,69,3,5,4.0,0.0,2.0,0.0,40.0,10.0,2.0,10.0,0.0,0
3151,16359,3.0,8,0,2,30,2,2,0.0,0.0,0.0,0.0,22.0,4.0,0.0,3.0,0.0,1
3152,4503,4.0,10,9,3,45,4,2,8.0,0.0,0.0,0.0,22.0,7.0,1.0,6.0,0.0,0
3153,19960,4.0,10,1,3,48,4,4,0.0,1.0,0.0,1.0,30.0,6.0,0.0,6.0,3.0,1
3154,9441,4.0,13,0,1,43,3,3,0.0,0.0,0.0,0.0,32.0,5.0,0.0,5.0,0.0,0
3155,16997,4.0,13,7,2,44,2,0,4.0,2.0,1.0,3.0,28.0,2.0,0.0,3.0,0.0,1
3156,13470,4.0,3,11,3,32,3,4,6.0,0.0,4.0,1.0,10.0,2.0,4.0,2.0,2.0,1
3157,1495,3.0,10,0,2,34,2,1,0.0,0.0,0.0,0.0,27.0,3.0,0.0,3.0,0.0,0
3158,18550,4.0,17,20,3,76,4,4,13.0,7.0,0.0,6.0,33.0,7.0,1.0,6.0,2.0,1
3159,16558,4.0,18,4,2,70,5,6,2.0,0.0,1.0,0.0,45.0,9.0,2.0,8.0,2.0,1
3160,6249,4.0,33,29,10,171,3,3,13.0,14.0,2.0,16.0,94.0,15.0,0.0,16.0,0.0,0
3161,9433,4.0,17,1,3,56,3,4,0.0,0.0,1.0,0.0,37.0,8.0,1.0,8.0,0.0,0
3162,14929,4.0,10,3,2,41,3,4,2.0,1.0,0.0,0.0,25.0,5.0,1.0,4.0,2.0,1
3163,4091,3.0,15,0,3,49,2,3,0.0,0.0,0.0,0.0,36.0,6.0,0.0,6.0,0.0,0
3164,16039,4.0,14,1,3,57,4,4,0.0,0.0,1.0,1.0,37.0,7.0,0.0,8.0,2.0,1
3165,2888,3.0,13,2,3,46,2,4,1.0,1.0,0.0,0.0,29.0,7.0,1.0,6.0,0.0,0
3166,4928,4.0,13,0,2,35,3,1,0.0,0.0,0.0,0.0,26.0,4.0,0.0,4.0,0.0,0
3167,14090,4.0,14,0,4,59,4,6,0.0,0.0,0.0,0.0,36.0,10.0,0.0,10.0,2.0,1
3168,1523,3.0,6,0,2,17,3,1,0.0,0.0,0.0,0.0,9.0,4.0,0.0,3.0,0.0,0
3169,13995,4.0,26,0,3,92,4,10,0.0,0.0,0.0,0.0,63.0,13.0,0.0,13.0,2.0,1
3170,18098,4.0,10,0,3,40,4,3,0.0,0.0,0.0,0.0,25.0,6.0,0.0,6.0,2.0,1
3171,7249,4.0,17,0,1,57,3,3,0.0,0.0,0.0,0.0,39.0,9.0,0.0,8.0,0.0,0
3172,5206,4.0,15,2,2,51,2,3,1.0,0.0,1.0,1.0,38.0,4.0,0.0,5.0,0.0,0
3173,1241,3.0,7,0,1,20,2,1,0.0,0.0,0.0,0.0,16.0,2.0,0.0,1.0,0.0,0
3174,1406,4.0,20,0,3,65,5,2,0.0,0.0,0.0,0.0,46.0,9.0,0.0,9.0,0.0,0
3175,3319,3.0,7,0,1,20,2,2,0.0,0.0,0.0,0.0,14.0,3.0,0.0,2.0,0.0,0
3176,17305,4.0,3,11,3,32,3,4,6.0,0.0,4.0,1.0,10.0,2.0,4.0,2.0,2.0,1
3177,916,4.0,12,0,1,31,4,1,0.0,0.0,0.0,0.0,22.0,4.0,0.0,4.0,0.0,0
3178,527,3.0,5,0,1,16,2,1,0.0,0.0,0.0,0.0,12.0,2.0,0.0,1.0,0.0,0
3179,11742,3.0,2,14,4,32,3,3,9.0,0.0,5.0,0.0,6.0,2.0,5.0,2.0,2.0,1
3180,11354,4.0,2,16,4,34,3,3,11.0,0.0,5.0,0.0,6.0,2.0,5.0,2.0,2.0,1
3181,14444,4.0,13,4,1,64,6,5,2.0,0.0,1.0,0.0,37.0,10.0,2.0,9.0,2.0,1
3182,19667,4.0,12,0,3,46,3,3,0.0,0.0,0.0,0.0,33.0,5.0,0.0,5.0,2.0,1
3183,2819,4.0,14,0,1,47,3,1,0.0,0.0,0.0,0.0,38.0,4.0,0.0,4.0,0.0,0
3184,11839,4.0,22,4,4,87,7,3,2.0,0.0,1.0,0.0,52.0,14.0,2.0,13.0,2.0,1
3185,19501,4.0,20,2,3,73,7,3,1.0,0.0,0.0,0.0,49.0,10.0,1.0,9.0,2.0,1
3186,12876,4.0,10,0,4,38,2,2,0.0,0.0,0.0,0.0,25.0,6.0,0.0,6.0,0.0,1
3187,19017,3.0,4,0,3,22,3,2,0.0,0.0,0.0,0.0,11.0,5.0,0.0,4.0,1.0,1
3188,6264,4.0,15,15,1,51,3,3,14.0,0.0,0.0,0.0,26.0,5.0,1.0,4.0,0.0,0
3189,11392,3.0,2,17,4,35,3,3,12.0,0.0,5.0,0.0,6.0,2.0,5.0,2.0,2.0,1
3190,3012,4.0,21,10,3,97,4,4,8.0,0.0,2.0,0.0,50.0,16.0,2.0,16.0,2.0,0
3191,17288,4.0,7,0,3,40,3,3,0.0,0.0,0.0,0.0,27.0,5.0,0.0,5.0,2.0,1
3192,9891,4.0,15,0,2,53,3,3,0.0,0.0,0.0,0.0,40.0,6.0,0.0,6.0,0.0,0
3193,9678,4.0,28,1,7,110,6,5,0.0,0.0,1.0,0.0,60.0,23.0,1.0,23.0,1.0,0
3194,10726,3.0,5,0,3,26,2,1,0.0,0.0,0.0,0.0,17.0,4.0,0.0,4.0,0.0,1
3195,6107,4.0,21,0,5,67,3,4,0.0,0.0,0.0,0.0,46.0,10.0,0.0,10.0,0.0,0
3196,774,4.0,11,0,1,35,2,4,0.0,0.0,0.0,0.0,24.0,5.0,0.0,5.0,0.0,0
3197,15320,3.0,3,0,1,14,2,0,0.0,0.0,0.0,0.0,9.0,2.0,0.0,2.0,0.0,1
3198,1631,4.0,10,0,1,33,2,3,0.0,0.0,0.0,0.0,25.0,4.0,0.0,3.0,0.0,0
3199,19156,4.0,18,3,3,68,6,3,2.0,0.0,0.0,0.0,41.0,11.0,1.0,10.0,2.0,1
3200,13662,4.0,15,1,4,58,3,4,0.0,1.0,0.0,1.0,38.0,8.0,0.0,8.0,1.0,1
3201,9855,4.0,20,15,2,86,3,2,3.0,9.0,3.0,12.0,42.0,7.0,0.0,9.0,0.0,0
3202,8661,4.0,24,0,2,94,7,7,0.0,0.0,0.0,0.0,57.0,17.0,0.0,17.0,2.0,0
3203,2750,4.0,7,5,3,31,5,1,4.0,0.0,0.0,0.0,13.0,6.0,1.0,5.0,1.0,0
3204,11792,4.0,20,2,3,82,7,3,0.0,0.0,2.0,0.0,47.0,14.0,2.0,14.0,2.0,1
3205,16799,3.0,3,0,1,18,3,3,0.0,0.0,0.0,0.0,10.0,3.0,0.0,2.0,2.0,1
3206,18709,4.0,13,3,3,61,4,5,1.0,0.0,2.0,1.0,40.0,6.0,1.0,7.0,2.0,1
3207,18164,4.0,16,0,2,58,4,4,0.0,0.0,0.0,0.0,41.0,7.0,0.0,7.0,2.0,1
3208,10217,5.0,34,10,3,132,5,4,1.0,9.0,0.0,9.0,94.0,8.0,0.0,8.0,2.0,1
3209,18504,4.0,28,2,2,123,7,12,0.0,2.0,0.0,2.0,82.0,16.0,0.0,16.0,4.0,1
3210,9183,5.0,21,36,9,132,7,4,27.0,6.0,3.0,7.0,58.0,12.0,2.0,13.0,3.0,0
3211,598,3.0,18,0,1,57,3,2,0.0,0.0,0.0,0.0,37.0,10.0,0.0,9.0,0.0,0
3212,4562,4.0,21,8,3,83,3,6,6.0,0.0,2.0,1.0,51.0,10.0,1.0,11.0,0.0,0
3213,12393,3.0,1,2,2,21,2,3,0.0,0.0,2.0,2.0,9.0,3.0,0.0,4.0,0.0,1
3214,4001,4.0,9,1,3,38,3,1,0.0,0.0,1.0,1.0,26.0,4.0,0.0,5.0,0.0,0
3215,4659,4.0,10,8,1,34,3,2,7.0,0.0,0.0,0.0,18.0,4.0,1.0,3.0,0.0,0
3216,18429,4.0,56,7,3,197,8,3,3.0,0.0,3.0,0.0,126.0,29.0,4.0,28.0,3.0,1
3217,12784,3.0,5,0,2,25,2,2,0.0,0.0,0.0,0.0,17.0,4.0,0.0,3.0,0.0,1
3218,4684,4.0,19,9,2,80,3,4,7.0,0.0,2.0,0.0,46.0,11.0,2.0,11.0,0.0,0
3219,16574,4.0,32,18,3,135,8,3,13.0,0.0,4.0,0.0,77.0,17.0,5.0,16.0,2.0,1
3220,14872,4.0,45,6,4,150,8,3,3.0,0.0,2.0,0.0,92.0,24.0,3.0,23.0,2.0,1
3221,6217,4.0,37,8,2,115,3,1,6.0,0.0,1.0,0.0,74.0,16.0,2.0,15.0,0.0,0
3222,8663,4.0,16,2,4,57,4,3,1.0,0.0,1.0,0.0,38.0,7.0,1.0,7.0,1.0,0
3223,11734,5.0,43,16,10,198,5,4,2.0,12.0,2.0,14.0,134.0,15.0,0.0,16.0,2.0,1
3224,10820,4.0,8,1,3,40,4,3,0.0,0.0,0.0,0.0,25.0,6.0,1.0,5.0,2.0,1
3225,5080,4.0,9,0,1,29,2,2,0.0,0.0,0.0,0.0,22.0,3.0,0.0,3.0,0.0,0
3226,12800,4.0,27,4,4,96,8,3,2.0,0.0,1.0,0.0,57.0,16.0,2.0,15.0,2.0,1
3227,5790,4.0,17,0,2,42,5,2,0.0,0.0,0.0,0.0,29.0,6.0,0.0,5.0,1.0,0
3228,12850,4.0,14,3,2,64,4,5,1.0,1.0,1.0,1.0,40.0,8.0,1.0,8.0,2.0,1
3229,10334,4.0,25,0,3,71,4,4,0.0,0.0,0.0,0.0,54.0,7.0,0.0,7.0,2.0,1
3230,1446,4.0,22,8,1,93,4,7,5.0,0.0,3.0,0.0,54.0,13.0,3.0,12.0,2.0,0
3231,10443,4.0,19,3,2,59,3,4,2.0,0.0,1.0,0.0,44.0,4.0,1.0,4.0,2.0,1
3232,12849,3.0,8,21,1,63,4,4,6.0,1.0,14.0,10.0,7.0,4.0,5.0,12.0,3.0,1
3233,16554,4.0,15,3,3,63,7,3,2.0,0.0,0.0,0.0,38.0,10.0,1.0,9.0,2.0,1
3234,17156,3.0,3,0,2,19,2,2,0.0,0.0,0.0,0.0,11.0,4.0,0.0,3.0,0.0,1
3235,13967,3.0,10,0,2,34,2,2,0.0,0.0,0.0,0.0,26.0,4.0,0.0,3.0,0.0,1
3236,7309,3.0,10,0,1,28,2,1,0.0,0.0,0.0,0.0,23.0,2.0,0.0,2.0,0.0,0
3237,7034,3.0,2,0,1,9,2,1,0.0,0.0,0.0,0.0,5.0,2.0,0.0,1.0,0.0,0
3238,6000,4.0,23,5,2,57,5,1,4.0,0.0,0.0,0.0,38.0,7.0,1.0,6.0,0.0,0
3239,2837,4.0,20,0,2,62,3,3,0.0,0.0,0.0,0.0,45.0,8.0,0.0,8.0,0.0,0
3240,19614,4.0,17,2,2,57,6,1,1.0,0.0,0.0,0.0,37.0,9.0,1.0,8.0,0.0,1
3241,3757,4.0,12,9,1,41,3,3,8.0,0.0,0.0,0.0,22.0,5.0,1.0,4.0,0.0,0
3242,3218,4.0,17,0,2,52,3,4,0.0,0.0,0.0,0.0,38.0,7.0,0.0,6.0,0.0,0
3243,3520,4.0,5,3,1,25,4,1,2.0,0.0,0.0,0.0,15.0,3.0,1.0,2.0,1.0,0
3244,6594,3.0,10,0,1,29,2,1,0.0,0.0,0.0,0.0,25.0,2.0,0.0,1.0,0.0,0
3245,5947,4.0,11,5,1,49,4,3,4.0,0.0,1.0,0.0,32.0,5.0,1.0,5.0,0.0,0
3246,19590,4.0,16,0,2,58,3,5,0.0,0.0,0.0,0.0,43.0,6.0,0.0,6.0,2.0,1
3247,2588,4.0,11,8,3,54,5,1,6.0,0.0,1.0,0.0,23.0,11.0,2.0,10.0,0.0,0
3248,4695,3.0,10,0,1,28,2,2,0.0,0.0,0.0,0.0,21.0,3.0,0.0,3.0,0.0,0
3249,12927,4.0,23,3,6,105,6,8,0.0,0.0,2.0,0.0,70.0,14.0,3.0,13.0,2.0,1
3250,12781,3.0,9,0,3,30,2,1,0.0,0.0,0.0,0.0,21.0,4.0,0.0,4.0,0.0,1
3251,5241,4.0,23,0,6,84,6,4,0.0,0.0,0.0,0.0,53.0,15.0,0.0,15.0,0.0,0
3252,17039,2.0,2,0,2,11,1,0,0.0,0.0,0.0,0.0,6.0,2.0,0.0,2.0,0.0,1
3253,12128,4.0,52,8,3,192,8,3,4.0,0.0,3.0,0.0,126.0,26.0,4.0,25.0,3.0,1
3254,8643,3.0,7,0,1,19,2,2,0.0,0.0,0.0,0.0,13.0,3.0,0.0,2.0,0.0,0
3255,6806,4.0,19,4,1,75,3,3,3.0,0.0,1.0,0.0,48.0,11.0,1.0,10.0,0.0,0
3256,19516,4.0,12,1,3,49,3,1,0.0,0.0,1.0,0.0,34.0,6.0,1.0,6.0,0.0,1
3257,9044,4.0,12,9,2,59,6,1,8.0,0.0,1.0,0.0,35.0,6.0,1.0,6.0,1.0,0
3258,18128,3.0,3,14,3,35,3,1,11.0,0.0,3.0,0.0,11.0,3.0,3.0,3.0,0.0,1
3259,13836,3.0,9,3,2,34,2,0,2.0,1.0,0.0,0.0,24.0,3.0,1.0,2.0,0.0,1
3260,2464,4.0,13,0,2,37,3,2,0.0,0.0,0.0,0.0,26.0,5.0,0.0,5.0,0.0,0
3261,10175,4.0,8,1,2,38,4,3,0.0,0.0,1.0,1.0,23.0,5.0,0.0,5.0,2.0,1
3262,15730,4.0,35,29,1,158,8,11,16.0,12.0,0.0,13.0,79.0,16.0,0.0,16.0,5.0,1
3263,15052,4.0,8,0,2,40,4,3,0.0,0.0,0.0,0.0,27.0,5.0,0.0,5.0,2.0,1
3264,4483,4.0,13,0,2,37,3,2,0.0,0.0,0.0,0.0,26.0,5.0,0.0,5.0,0.0,0
3265,9180,4.0,27,18,2,95,2,9,10.0,8.0,0.0,7.0,48.0,11.0,1.0,9.0,0.0,0
3266,12375,4.0,46,6,2,166,8,3,3.0,0.0,2.0,0.0,100.0,28.0,3.0,27.0,2.0,1
3267,15903,4.0,10,8,3,58,4,8,5.0,0.0,3.0,0.0,30.0,7.0,3.0,6.0,3.0,1
3268,18036,4.0,11,0,3,50,5,3,0.0,0.0,0.0,0.0,33.0,7.0,0.0,7.0,2.0,1
3269,16151,4.0,15,3,3,71,7,3,1.0,0.0,1.0,1.0,42.0,11.0,1.0,11.0,2.0,1
3270,7234,4.0,17,1,5,71,5,1,0.0,0.0,1.0,0.0,46.0,11.0,1.0,11.0,0.0,0
3271,4608,4.0,3,9,1,22,3,1,8.0,0.0,0.0,0.0,7.0,3.0,1.0,2.0,0.0,0
3272,11696,4.0,18,5,4,80,3,8,3.0,0.0,1.0,1.0,51.0,10.0,1.0,10.0,2.0,1
3273,500,3.0,4,2,1,19,2,2,1.0,0.0,1.0,1.0,11.0,2.0,0.0,2.0,0.0,0
3274,10508,3.0,4,0,1,10,1,0,0.0,0.0,0.0,0.0,7.0,1.0,0.0,1.0,0.0,1
3275,14940,3.0,14,0,3,57,3,5,0.0,0.0,0.0,0.0,40.0,7.0,0.0,7.0,2.0,1
3276,1046,4.0,22,8,1,76,4,4,7.0,0.0,0.0,0.0,52.0,8.0,1.0,7.0,0.0,0
3277,15871,4.0,26,11,3,107,7,3,6.0,0.0,4.0,1.0,61.0,14.0,4.0,14.0,2.0,1
3278,9193,4.0,16,8,2,67,2,4,6.0,0.0,2.0,1.0,47.0,4.0,1.0,5.0,0.0,0
3279,18663,4.0,23,11,3,110,7,3,6.0,0.0,4.0,0.0,61.0,16.0,5.0,15.0,2.0,1
3280,12565,3.0,6,0,1,21,1,0,0.0,0.0,0.0,0.0,18.0,1.0,0.0,1.0,0.0,1
3281,11535,4.0,13,15,2,69,4,4,6.0,9.0,0.0,9.0,29.0,7.0,0.0,6.0,2.0,1
3282,12386,4.0,23,2,7,121,7,14,0.0,0.0,1.0,2.0,63.0,23.0,0.0,24.0,7.0,1
3283,3139,3.0,10,0,2,26,2,1,0.0,0.0,0.0,0.0,19.0,3.0,0.0,3.0,0.0,0
3284,17671,2.0,4,0,1,12,1,0,0.0,0.0,0.0,0.0,9.0,1.0,0.0,1.0,0.0,1
3285,17134,4.0,26,4,3,94,7,3,2.0,0.0,2.0,0.0,59.0,13.0,2.0,13.0,2.0,1
3286,16439,3.0,7,0,2,28,2,2,0.0,0.0,0.0,0.0,20.0,4.0,0.0,3.0,0.0,1
3287,777,4.0,16,43,2,110,3,5,24.0,18.0,1.0,18.0,33.0,6.0,1.0,5.0,3.0,0
3288,10043,4.0,5,1,1,33,3,4,0.0,0.0,0.0,1.0,21.0,4.0,0.0,4.0,2.0,1
3289,11662,4.0,14,7,3,52,3,5,5.0,0.0,2.0,0.0,29.0,7.0,2.0,6.0,0.0,1
3290,14364,4.0,15,0,1,45,3,3,0.0,0.0,0.0,0.0,31.0,7.0,0.0,6.0,0.0,1
3291,4019,3.0,3,0,1,13,2,1,0.0,0.0,0.0,0.0,9.0,2.0,0.0,1.0,0.0,0
3292,9386,4.0,29,11,1,100,4,6,9.0,0.0,2.0,1.0,58.0,13.0,1.0,13.0,2.0,0
3293,9553,4.0,12,5,2,54,5,2,3.0,0.0,1.0,0.0,34.0,7.0,2.0,6.0,0.0,0
3294,13693,4.0,2,12,5,35,4,3,7.0,0.0,5.0,0.0,8.0,3.0,5.0,3.0,3.0,1
3295,19996,4.0,31,9,3,136,8,3,5.0,0.0,3.0,1.0,81.0,20.0,3.0,20.0,2.0,1
3296,10080,3.0,5,0,1,18,1,0,0.0,0.0,0.0,0.0,15.0,1.0,0.0,1.0,0.0,1
3297,12968,3.0,5,0,2,23,2,1,0.0,0.0,0.0,0.0,16.0,3.0,0.0,3.0,0.0,1
3298,14915,4.0,20,3,4,79,7,3,1.0,0.0,1.0,0.0,45.0,14.0,2.0,13.0,2.0,1
3299,6083,3.0,6,0,2,27,3,1,0.0,0.0,0.0,0.0,18.0,4.0,0.0,4.0,0.0,0
3300,9305,4.0,13,0,2,38,3,1,0.0,0.0,0.0,0.0,27.0,5.0,0.0,5.0,0.0,0
3301,2982,4.0,18,10,1,65,3,3,9.0,0.0,0.0,0.0,39.0,8.0,1.0,7.0,0.0,0
3302,15366,3.0,6,0,3,30,2,1,0.0,0.0,0.0,0.0,21.0,4.0,0.0,4.0,0.0,1
3303,17743,3.0,7,0,2,26,2,2,0.0,0.0,0.0,0.0,18.0,4.0,0.0,3.0,0.0,1
3304,10901,4.0,7,0,3,33,2,2,0.0,0.0,0.0,0.0,22.0,5.0,0.0,5.0,0.0,1
3305,5890,3.0,5,0,2,26,2,1,0.0,0.0,0.0,0.0,19.0,3.0,0.0,3.0,0.0,0
3306,14021,4.0,9,0,1,31,2,0,0.0,0.0,0.0,0.0,22.0,4.0,0.0,4.0,0.0,1
3307,11977,3.0,16,29,1,99,4,4,7.0,1.0,21.0,16.0,12.0,9.0,6.0,23.0,3.0,1
3308,9187,4.0,20,4,3,69,3,7,3.0,0.0,1.0,1.0,42.0,10.0,0.0,11.0,0.0,0
3309,9156,4.0,9,6,2,53,4,2,5.0,0.0,1.0,1.0,30.0,6.0,0.0,7.0,2.0,0
3310,6005,4.0,34,4,1,128,9,6,0.0,4.0,0.0,0.0,75.0,22.0,4.0,18.0,4.0,0
3311,565,4.0,6,2,2,33,2,2,0.0,1.0,1.0,2.0,21.0,3.0,0.0,4.0,0.0,0
3312,4118,3.0,13,0,5,44,3,3,0.0,0.0,0.0,0.0,26.0,9.0,0.0,8.0,0.0,0
3313,5899,3.0,4,7,1,25,2,3,6.0,0.0,1.0,1.0,10.0,3.0,0.0,3.0,0.0,0
3314,840,4.0,14,10,2,45,2,3,9.0,0.0,0.0,0.0,25.0,5.0,1.0,4.0,0.0,0
3315,3888,3.0,17,0,2,44,3,2,0.0,0.0,0.0,0.0,33.0,5.0,0.0,5.0,0.0,0
3316,9834,4.0,14,9,1,52,3,3,8.0,0.0,1.0,0.0,33.0,4.0,1.0,4.0,0.0,0
3317,19865,4.0,8,0,3,34,3,3,0.0,0.0,0.0,0.0,21.0,5.0,0.0,5.0,2.0,1
3318,7641,4.0,11,21,1,56,2,4,18.0,0.0,2.0,1.0,26.0,3.0,2.0,3.0,0.0,0
3319,14713,4.0,11,4,3,47,4,4,2.0,1.0,1.0,1.0,26.0,6.0,1.0,6.0,2.0,1
3320,8655,4.0,13,0,2,36,3,2,0.0,0.0,0.0,0.0,26.0,5.0,0.0,4.0,0.0,0
3321,2666,4.0,16,15,2,58,4,2,13.0,2.0,0.0,1.0,29.0,6.0,1.0,5.0,0.0,0
3322,9341,4.0,19,0,2,48,5,2,0.0,0.0,0.0,0.0,33.0,7.0,0.0,6.0,1.0,0
3323,4092,4.0,10,0,2,30,2,1,0.0,0.0,0.0,0.0,23.0,3.0,0.0,3.0,0.0,0
3324,765,4.0,16,9,3,71,3,5,6.0,0.0,3.0,0.0,44.0,7.0,3.0,7.0,0.0,0
3325,1440,4.0,9,8,3,55,3,3,6.0,0.0,2.0,0.0,30.0,7.0,2.0,7.0,0.0,0
3326,13505,3.0,8,0,2,30,2,3,0.0,0.0,0.0,0.0,20.0,5.0,0.0,4.0,0.0,1
3327,17564,4.0,5,12,4,39,3,4,7.0,1.0,4.0,1.0,13.0,3.0,4.0,3.0,2.0,1
3328,3872,3.0,4,0,1,18,2,1,0.0,0.0,0.0,0.0,14.0,2.0,0.0,1.0,0.0,0
3329,14490,4.0,29,3,3,97,7,3,1.0,0.0,1.0,0.0,65.0,13.0,2.0,12.0,2.0,1
3330,18353,4.0,18,4,2,80,7,6,1.0,0.0,2.0,0.0,53.0,9.0,3.0,8.0,3.0,1
3331,15827,4.0,9,6,3,46,3,3,5.0,0.0,1.0,1.0,25.0,6.0,0.0,7.0,0.0,1
3332,4865,4.0,23,0,1,86,4,8,0.0,0.0,0.0,0.0,58.0,13.0,0.0,12.0,2.0,0
3333,15659,4.0,17,9,2,85,6,5,2.0,0.0,6.0,1.0,43.0,12.0,6.0,12.0,2.0,1
3334,2620,4.0,29,8,5,100,4,7,5.0,0.0,3.0,0.0,54.0,16.0,3.0,16.0,2.0,0
3335,18819,3.0,2,15,4,33,3,3,10.0,0.0,5.0,0.0,6.0,2.0,5.0,2.0,2.0,1
3336,14630,4.0,3,2,2,32,3,5,1.0,1.0,0.0,1.0,15.0,5.0,0.0,5.0,3.0,1
3337,18603,4.0,13,7,2,69,4,4,5.0,0.0,2.0,0.0,45.0,6.0,2.0,6.0,2.0,1
3338,6709,4.0,7,8,2,49,4,3,5.0,0.0,3.0,0.0,27.0,5.0,3.0,5.0,0.0,0
3339,3026,4.0,29,7,1,117,6,7,4.0,0.0,2.0,0.0,77.0,14.0,3.0,13.0,3.0,0
3340,14450,4.0,26,1,2,88,6,5,0.0,0.0,0.0,0.0,61.0,12.0,1.0,11.0,2.0,1
3341,4102,4.0,22,0,6,79,6,1,0.0,0.0,0.0,0.0,50.0,14.0,0.0,14.0,0.0,0
3342,1298,4.0,24,8,1,90,4,4,6.0,0.0,2.0,1.0,50.0,13.0,1.0,14.0,2.0,0
3343,18650,3.0,5,0,3,31,3,3,0.0,0.0,0.0,0.0,17.0,6.0,0.0,6.0,1.0,1
3344,6338,4.0,17,6,3,58,3,4,5.0,0.0,1.0,0.0,35.0,8.0,1.0,7.0,0.0,0
3345,2022,4.0,9,0,2,34,4,1,0.0,0.0,0.0,0.0,23.0,5.0,0.0,5.0,0.0,0
3346,15673,4.0,12,6,3,64,7,3,3.0,0.0,2.0,0.0,34.0,10.0,3.0,9.0,2.0,1
3347,7372,3.0,3,0,2,11,2,1,0.0,0.0,0.0,0.0,5.0,3.0,0.0,2.0,0.0,0
3348,9385,3.0,9,0,4,39,3,3,0.0,0.0,0.0,0.0,22.0,8.0,0.0,8.0,0.0,0
3349,2685,4.0,18,18,2,98,4,4,16.0,0.0,2.0,1.0,42.0,16.0,1.0,17.0,2.0,0
3350,17898,4.0,33,3,3,110,4,5,2.0,0.0,1.0,0.0,79.0,12.0,1.0,12.0,2.0,1
3351,15355,3.0,6,2,4,27,2,2,1.0,0.0,1.0,1.0,13.0,5.0,0.0,5.0,0.0,1
3352,7785,4.0,16,0,2,46,2,2,0.0,0.0,0.0,0.0,37.0,4.0,0.0,4.0,0.0,0
3353,1025,3.0,10,0,1,31,3,2,0.0,0.0,0.0,0.0,20.0,5.0,0.0,5.0,0.0,0
3354,14790,4.0,11,0,3,43,2,2,0.0,0.0,0.0,0.0,32.0,5.0,0.0,5.0,0.0,1
3355,9404,4.0,27,10,2,90,4,2,9.0,0.0,1.0,0.0,58.0,10.0,1.0,10.0,0.0,0
3356,8650,4.0,14,10,1,62,3,3,9.0,0.0,0.0,0.0,36.0,8.0,1.0,7.0,0.0,0
3357,13570,4.0,21,3,3,84,8,3,1.0,0.0,1.0,0.0,50.0,14.0,2.0,13.0,2.0,1
3358,12484,4.0,39,0,4,118,8,9,0.0,0.0,0.0,0.0,79.0,18.0,0.0,17.0,3.0,1
3359,18622,4.0,6,0,3,33,3,3,0.0,0.0,0.0,0.0,20.0,5.0,0.0,5.0,2.0,1
3360,15861,3.0,6,4,3,26,2,2,3.0,0.0,1.0,1.0,12.0,4.0,0.0,4.0,0.0,1
3361,9537,4.0,16,0,2,47,3,2,0.0,0.0,0.0,0.0,34.0,6.0,0.0,6.0,0.0,0
3362,9636,5.0,56,49,5,342,7,2,5.0,42.0,2.0,33.0,207.0,25.0,11.0,15.0,1.0,0
3363,3499,3.0,9,0,1,28,2,1,0.0,0.0,0.0,0.0,23.0,2.0,0.0,2.0,0.0,0
3364,2496,4.0,8,1,1,32,2,3,0.0,1.0,0.0,1.0,21.0,4.0,0.0,4.0,0.0,0
3365,11223,4.0,35,8,3,126,4,8,5.0,0.0,3.0,0.0,80.0,16.0,3.0,16.0,2.0,1
3366,11269,4.0,8,0,4,38,3,3,0.0,0.0,0.0,0.0,23.0,6.0,0.0,6.0,2.0,1
3367,2422,4.0,13,0,2,45,2,4,0.0,0.0,0.0,0.0,32.0,6.0,0.0,6.0,0.0,0
3368,17222,4.0,27,4,3,89,7,3,2.0,0.0,1.0,0.0,56.0,13.0,2.0,12.0,2.0,1
3369,10835,3.0,5,3,2,26,2,2,2.0,0.0,0.0,1.0,14.0,4.0,0.0,4.0,0.0,1
3370,2732,4.0,16,4,1,62,3,3,2.0,2.0,0.0,2.0,41.0,7.0,0.0,7.0,0.0,0
3371,80,3.0,7,5,1,26,4,1,4.0,0.0,0.0,0.0,14.0,3.0,1.0,2.0,1.0,0
3372,4217,4.0,23,0,2,69,3,1,0.0,0.0,0.0,0.0,48.0,10.0,0.0,10.0,0.0,0
3373,4242,4.0,18,9,2,65,3,4,8.0,0.0,0.0,1.0,33.0,11.0,0.0,11.0,0.0,0
3374,3811,4.0,9,0,1,33,3,3,0.0,0.0,0.0,0.0,23.0,5.0,0.0,4.0,0.0,0
3375,12620,4.0,14,0,2,53,4,5,0.0,0.0,0.0,0.0,36.0,7.0,0.0,7.0,2.0,1
3376,8148,4.0,15,3,2,49,5,1,1.0,2.0,0.0,0.0,31.0,7.0,2.0,5.0,0.0,0
3377,18243,4.0,14,0,3,48,2,3,0.0,0.0,0.0,0.0,35.0,6.0,0.0,6.0,0.0,1
3378,1359,3.0,8,0,1,21,2,1,0.0,0.0,0.0,0.0,17.0,2.0,0.0,1.0,0.0,0
3379,16744,3.0,5,0,1,15,1,0,0.0,0.0,0.0,0.0,12.0,1.0,0.0,1.0,0.0,1
3380,9840,4.0,9,3,1,31,4,1,0.0,3.0,0.0,3.0,16.0,4.0,0.0,4.0,0.0,0
3381,17152,4.0,14,2,3,63,4,5,1.0,0.0,1.0,0.0,41.0,8.0,1.0,8.0,2.0,1
3382,2162,3.0,9,0,4,36,2,1,0.0,0.0,0.0,0.0,25.0,5.0,0.0,5.0,0.0,0
3383,879,4.0,24,0,2,62,3,1,0.0,0.0,0.0,0.0,51.0,5.0,0.0,5.0,0.0,0
3384,1578,3.0,6,2,1,28,2,4,0.0,1.0,1.0,2.0,14.0,4.0,0.0,5.0,0.0,0
3385,7573,4.0,10,6,1,39,3,2,5.0,0.0,1.0,1.0,23.0,4.0,0.0,4.0,0.0,0
3386,1509,4.0,13,0,2,42,2,2,0.0,0.0,0.0,0.0,33.0,4.0,0.0,4.0,0.0,0
3387,18775,4.0,11,0,2,36,2,3,0.0,0.0,0.0,0.0,25.0,5.0,0.0,5.0,0.0,1
3388,15675,3.0,10,0,3,34,2,1,0.0,0.0,0.0,0.0,25.0,4.0,0.0,4.0,0.0,1
3389,4112,4.0,18,8,2,77,3,6,5.0,0.0,3.0,0.0,47.0,9.0,3.0,9.0,0.0,0
3390,15823,4.0,17,1,2,63,6,4,0.0,0.0,0.0,0.0,40.0,10.0,1.0,9.0,2.0,1
3391,1845,3.0,5,0,1,15,2,1,0.0,0.0,0.0,0.0,11.0,2.0,0.0,1.0,0.0,0
3392,7838,4.0,6,3,3,31,3,1,2.0,0.0,1.0,1.0,17.0,4.0,0.0,5.0,0.0,0
3393,4568,4.0,23,0,2,63,3,1,0.0,0.0,0.0,0.0,50.0,6.0,0.0,6.0,0.0,0
3394,6963,4.0,19,6,3,70,3,3,4.0,0.0,2.0,0.0,45.0,8.0,2.0,8.0,0.0,0
3395,18928,3.0,10,0,2,40,3,3,0.0,0.0,0.0,0.0,28.0,6.0,0.0,5.0,0.0,1
3396,19296,4.0,12,2,3,50,4,4,0.0,0.0,1.0,1.0,30.0,7.0,1.0,7.0,2.0,1
3397,12777,3.0,2,16,4,34,3,3,11.0,0.0,5.0,0.0,6.0,2.0,5.0,2.0,2.0,1
3398,5279,4.0,19,0,1,65,3,3,0.0,0.0,0.0,0.0,45.0,10.0,0.0,9.0,0.0,0
3399,11624,4.0,15,3,3,57,4,5,1.0,1.0,1.0,0.0,34.0,8.0,2.0,7.0,2.0,1
3400,9434,4.0,11,0,2,35,3,2,0.0,0.0,0.0,0.0,25.0,5.0,0.0,4.0,0.0,0
3401,3614,3.0,13,0,4,33,2,3,0.0,0.0,0.0,0.0,19.0,7.0,0.0,6.0,0.0,0
3402,2108,3.0,10,0,1,30,2,2,0.0,0.0,0.0,0.0,24.0,3.0,0.0,2.0,0.0,0
3403,7773,3.0,6,0,1,17,2,1,0.0,0.0,0.0,0.0,13.0,2.0,0.0,1.0,0.0,0
3404,13529,4.0,43,5,2,152,8,3,2.0,0.0,2.0,0.0,100.0,21.0,3.0,20.0,3.0,1
3405,6032,4.0,18,4,2,71,2,2,3.0,1.0,0.0,0.0,58.0,4.0,1.0,3.0,0.0,0
3406,5323,4.0,19,3,2,59,4,6,2.0,0.0,1.0,0.0,36.0,8.0,1.0,8.0,2.0,0
3407,17169,4.0,25,4,3,92,8,3,2.0,0.0,1.0,0.0,57.0,14.0,2.0,13.0,2.0,1
3408,13787,3.0,9,0,4,32,2,2,0.0,0.0,0.0,0.0,20.0,6.0,0.0,5.0,0.0,1
3409,4183,4.0,11,0,2,39,2,3,0.0,0.0,0.0,0.0,28.0,5.0,0.0,5.0,0.0,0
3410,13779,4.0,10,2,2,52,5,4,1.0,0.0,0.0,0.0,34.0,7.0,1.0,6.0,2.0,1
3411,18824,3.0,7,0,2,23,1,0,0.0,0.0,0.0,0.0,18.0,2.0,0.0,2.0,0.0,1
3412,13809,4.0,40,6,3,143,7,3,2.0,0.0,3.0,0.0,94.0,19.0,4.0,18.0,2.0,1
3413,636,4.0,9,2,1,31,4,1,0.0,2.0,0.0,2.0,18.0,4.0,0.0,4.0,0.0,0
3414,8983,4.0,13,19,2,59,2,3,17.0,0.0,2.0,0.0,32.0,3.0,2.0,2.0,0.0,0
3415,3219,3.0,8,0,1,22,2,2,0.0,0.0,0.0,0.0,15.0,3.0,0.0,3.0,0.0,0
3416,16010,4.0,9,13,1,44,2,2,12.0,1.0,0.0,0.0,24.0,3.0,1.0,2.0,0.0,1
3417,6282,3.0,8,0,2,25,2,1,0.0,0.0,0.0,0.0,19.0,3.0,0.0,2.0,0.0,0
3418,13552,4.0,23,2,7,117,7,14,0.0,0.0,1.0,2.0,59.0,23.0,0.0,24.0,7.0,1
3419,12398,3.0,6,0,2,41,2,3,0.0,0.0,0.0,0.0,30.0,5.0,0.0,5.0,0.0,1
3420,1193,4.0,13,5,2,46,2,4,4.0,0.0,0.0,0.0,29.0,6.0,1.0,5.0,0.0,0
3421,45,4.0,10,14,2,85,5,4,2.0,0.0,12.0,10.0,31.0,7.0,2.0,17.0,3.0,0
3422,14702,4.0,9,1,3,43,5,3,0.0,0.0,0.0,0.0,26.0,7.0,1.0,6.0,2.0,1
3423,976,4.0,16,14,1,69,3,5,10.0,0.0,4.0,0.0,38.0,6.0,4.0,6.0,0.0,0
3424,13155,3.0,7,0,1,21,1,0,0.0,0.0,0.0,0.0,18.0,1.0,0.0,1.0,0.0,1
3425,6786,3.0,12,0,1,29,2,1,0.0,0.0,0.0,0.0,24.0,2.0,0.0,2.0,0.0,0
3426,10037,4.0,41,0,14,122,1,0,0.0,0.0,0.0,0.0,93.0,14.0,0.0,14.0,0.0,1
3427,2963,4.0,18,26,3,118,7,5,15.0,7.0,4.0,2.0,54.0,12.0,9.0,7.0,7.0,0
3428,5563,4.0,18,6,3,83,3,3,4.0,0.0,2.0,0.0,58.0,8.0,2.0,8.0,0.0,0
3429,11480,3.0,16,0,2,48,3,4,0.0,0.0,0.0,0.0,35.0,5.0,0.0,5.0,2.0,1
3430,9776,4.0,6,9,2,38,4,2,7.0,0.0,1.0,1.0,17.0,5.0,1.0,5.0,0.0,0
3431,10166,4.0,18,3,2,77,7,3,1.0,0.0,1.0,0.0,47.0,12.0,2.0,11.0,2.0,1
3432,4515,4.0,14,2,2,49,3,3,1.0,1.0,0.0,0.0,34.0,6.0,1.0,5.0,0.0,0
3433,9581,4.0,15,7,2,52,3,3,4.0,1.0,1.0,2.0,32.0,5.0,1.0,5.0,0.0,0
3434,15881,4.0,9,0,3,39,3,2,0.0,0.0,0.0,0.0,27.0,5.0,0.0,5.0,1.0,1
3435,1975,4.0,19,0,1,65,4,1,0.0,0.0,0.0,0.0,44.0,9.0,0.0,9.0,2.0,0
3436,5121,4.0,25,10,1,93,5,4,9.0,0.0,1.0,0.0,52.0,13.0,1.0,13.0,3.0,0
3437,17991,4.0,13,0,4,53,4,4,0.0,0.0,0.0,0.0,32.0,9.0,0.0,9.0,2.0,1
3438,13542,3.0,13,0,3,41,3,1,0.0,0.0,0.0,0.0,30.0,5.0,0.0,5.0,0.0,1
3439,18582,3.0,16,0,2,51,2,0,0.0,0.0,0.0,0.0,34.0,8.0,0.0,8.0,0.0,1
3440,19953,4.0,5,4,2,27,2,2,3.0,0.0,0.0,1.0,14.0,4.0,0.0,4.0,0.0,1
3441,6889,4.0,16,0,3,63,4,5,0.0,0.0,0.0,0.0,42.0,10.0,0.0,10.0,0.0,0
3442,16307,4.0,21,0,4,75,7,3,0.0,0.0,0.0,0.0,50.0,11.0,0.0,11.0,2.0,1
3443,19150,4.0,18,0,2,49,4,2,0.0,0.0,0.0,0.0,36.0,6.0,0.0,6.0,0.0,1
3444,10059,4.0,23,0,2,84,4,4,0.0,0.0,0.0,0.0,55.0,13.0,0.0,13.0,2.0,1
3445,15428,4.0,20,1,3,77,6,3,0.0,1.0,0.0,0.0,50.0,11.0,1.0,10.0,3.0,1
3446,11730,4.0,14,0,3,49,3,3,0.0,0.0,0.0,0.0,34.0,7.0,0.0,7.0,0.0,1
3447,16707,4.0,14,0,4,52,4,5,0.0,0.0,0.0,0.0,31.0,9.0,0.0,9.0,2.0,1
3448,1751,4.0,12,3,1,41,5,1,2.0,0.0,0.0,0.0,29.0,4.0,1.0,3.0,1.0,0
3449,14487,3.0,9,0,2,25,2,2,0.0,0.0,0.0,0.0,17.0,4.0,0.0,3.0,0.0,1
3450,11285,4.0,43,3,3,150,8,3,0.0,0.0,2.0,0.0,100.0,21.0,3.0,20.0,3.0,1
3451,432,4.0,24,2,1,81,4,4,0.0,1.0,1.0,1.0,53.0,12.0,1.0,11.0,0.0,0
3452,19581,4.0,18,3,2,75,4,7,0.0,3.0,0.0,3.0,48.0,9.0,0.0,9.0,2.0,1
3453,7600,4.0,18,6,2,72,3,2,5.0,0.0,1.0,0.0,54.0,5.0,1.0,5.0,0.0,0
3454,1832,3.0,4,0,1,16,2,1,0.0,0.0,0.0,0.0,11.0,2.0,0.0,2.0,0.0,0
3455,9632,4.0,20,9,1,71,3,6,6.0,0.0,3.0,0.0,45.0,7.0,3.0,6.0,0.0,0
3456,12079,4.0,16,3,2,66,4,7,2.0,0.0,1.0,1.0,42.0,8.0,0.0,9.0,2.0,1
3457,37,4.0,16,6,1,61,3,3,5.0,0.0,0.0,0.0,41.0,7.0,1.0,6.0,0.0,0
3458,8768,4.0,25,0,1,78,3,2,0.0,0.0,0.0,0.0,51.0,13.0,0.0,13.0,0.0,0
3459,10323,4.0,35,5,3,109,8,4,3.0,0.0,1.0,0.0,71.0,15.0,2.0,14.0,2.0,1
3460,6203,4.0,8,0,2,31,2,2,0.0,0.0,0.0,0.0,22.0,4.0,0.0,4.0,0.0,0
3461,3988,4.0,27,10,1,96,4,7,8.0,0.0,2.0,0.0,56.0,13.0,2.0,12.0,2.0,0
3462,13497,3.0,3,1,2,19,3,2,0.0,0.0,1.0,0.0,9.0,4.0,1.0,3.0,0.0,1
3463,713,4.0,18,6,2,72,5,3,5.0,0.0,0.0,0.0,48.0,9.0,1.0,8.0,0.0,0
3464,559,4.0,25,10,1,127,6,4,7.0,0.0,3.0,0.0,73.0,19.0,3.0,19.0,2.0,0
3465,19268,4.0,11,0,3,44,2,3,0.0,0.0,0.0,0.0,31.0,6.0,0.0,6.0,0.0,1
3466,13520,4.0,2,15,4,33,3,3,10.0,0.0,5.0,0.0,6.0,2.0,5.0,2.0,2.0,1
3467,2335,3.0,6,0,2,18,2,1,0.0,0.0,0.0,0.0,12.0,3.0,0.0,2.0,0.0,0
3468,10240,4.0,15,1,2,58,4,7,0.0,1.0,0.0,1.0,36.0,9.0,0.0,8.0,2.0,1
3469,8831,3.0,9,0,4,28,2,2,0.0,0.0,0.0,0.0,16.0,6.0,0.0,5.0,0.0,0
3470,19682,3.0,4,0,2,15,1,0,0.0,0.0,0.0,0.0,10.0,2.0,0.0,2.0,0.0,1
3471,9073,4.0,24,6,2,82,3,3,5.0,0.0,1.0,0.0,56.0,9.0,1.0,9.0,0.0,0
3472,11235,4.0,27,1,4,91,6,7,0.0,0.0,1.0,0.0,60.0,13.0,1.0,13.0,2.0,1
3473,8759,3.0,13,0,2,32,3,2,0.0,0.0,0.0,0.0,21.0,5.0,0.0,5.0,0.0,0
3474,16061,3.0,9,0,2,31,2,2,0.0,0.0,0.0,0.0,23.0,4.0,0.0,3.0,0.0,1
3475,19321,3.0,4,0,1,17,1,0,0.0,0.0,0.0,0.0,14.0,1.0,0.0,1.0,0.0,1
3476,10329,4.0,17,4,1,71,4,5,3.0,0.0,1.0,0.0,47.0,8.0,1.0,8.0,2.0,1
3477,18322,4.0,10,2,3,50,5,3,1.0,0.0,0.0,0.0,32.0,7.0,1.0,6.0,2.0,1
3478,8330,3.0,5,4,1,22,2,1,3.0,1.0,0.0,1.0,13.0,2.0,0.0,1.0,0.0,0
3479,7432,3.0,6,1,1,20,2,1,0.0,0.0,0.0,1.0,14.0,2.0,0.0,2.0,0.0,0
3480,15665,4.0,37,2,3,127,7,4,0.0,0.0,2.0,0.0,84.0,18.0,2.0,17.0,3.0,1
3481,8431,4.0,10,2,2,37,2,1,1.0,1.0,0.0,0.0,28.0,3.0,1.0,2.0,0.0,0
3482,14368,4.0,17,1,3,79,7,4,0.0,0.0,1.0,0.0,51.0,12.0,1.0,11.0,2.0,1
3483,3747,3.0,8,0,3,24,2,1,0.0,0.0,0.0,0.0,16.0,4.0,0.0,3.0,0.0,0
3484,1597,4.0,7,0,2,31,2,2,0.0,0.0,0.0,0.0,22.0,4.0,0.0,4.0,0.0,0
3485,15103,3.0,7,3,2,24,1,0,2.0,1.0,0.0,0.0,16.0,2.0,1.0,1.0,0.0,1
3486,4490,4.0,34,6,1,114,4,2,5.0,0.0,0.0,0.0,76.0,16.0,1.0,15.0,0.0,0
3487,18148,3.0,7,0,1,17,1,0,0.0,0.0,0.0,0.0,14.0,1.0,0.0,1.0,0.0,1
3488,9372,4.0,14,3,2,45,2,4,2.0,0.0,1.0,0.0,30.0,5.0,1.0,5.0,0.0,0
3489,13246,4.0,7,5,2,33,4,1,4.0,0.0,0.0,0.0,19.0,4.0,1.0,3.0,1.0,1
3490,6007,4.0,7,5,1,37,4,3,4.0,0.0,1.0,0.0,21.0,5.0,1.0,4.0,0.0,0
3491,17155,4.0,15,2,3,69,4,5,1.0,1.0,0.0,1.0,39.0,12.0,0.0,12.0,2.0,1
3492,4302,4.0,13,10,1,56,3,3,9.0,0.0,0.0,0.0,30.0,8.0,1.0,7.0,0.0,0
3493,3006,4.0,20,0,2,51,3,2,0.0,0.0,0.0,0.0,38.0,6.0,0.0,6.0,0.0,0
3494,12658,3.0,6,0,1,14,1,0,0.0,0.0,0.0,0.0,11.0,1.0,0.0,1.0,0.0,1
3495,8282,3.0,6,0,1,18,2,1,0.0,0.0,0.0,0.0,13.0,2.0,0.0,2.0,0.0,0
3496,15651,4.0,5,4,2,27,2,2,3.0,0.0,0.0,1.0,14.0,4.0,0.0,4.0,0.0,1
3497,625,4.0,55,99,2,300,8,3,31.0,17.0,51.0,29.0,59.0,27.0,39.0,39.0,7.0,0
3498,7523,4.0,19,42,1,154,6,5,8.0,1.0,33.0,27.0,28.0,9.0,7.0,35.0,5.0,0
3499,5830,4.0,12,8,2,53,3,6,5.0,0.0,3.0,0.0,30.0,6.0,3.0,5.0,0.0,0
3500,1741,4.0,10,3,2,36,4,1,2.0,0.0,0.0,0.0,23.0,5.0,1.0,4.0,0.0,0
3501,15285,4.0,30,5,3,106,8,3,3.0,0.0,1.0,0.0,66.0,16.0,2.0,15.0,2.0,1
3502,10843,4.0,36,35,4,178,8,3,19.0,0.0,15.0,0.0,83.0,21.0,16.0,20.0,3.0,1
3503,13786,4.0,8,8,2,49,5,5,3.0,3.0,2.0,4.0,21.0,6.0,1.0,6.0,2.0,1
3504,2829,4.0,20,5,2,63,3,1,4.0,0.0,1.0,1.0,43.0,6.0,0.0,7.0,0.0,0
3505,13977,4.0,25,10,3,108,7,3,6.0,0.0,3.0,0.0,63.0,15.0,4.0,14.0,2.0,1
3506,14459,3.0,1,15,4,29,3,3,10.0,0.0,5.0,0.0,3.0,1.0,5.0,1.0,3.0,1
3507,10708,3.0,5,0,3,31,3,3,0.0,0.0,0.0,0.0,18.0,5.0,0.0,5.0,2.0,1
3508,10795,4.0,11,0,2,46,4,4,0.0,0.0,0.0,0.0,31.0,6.0,0.0,6.0,2.0,1
3509,18025,3.0,5,0,2,26,3,4,0.0,0.0,0.0,0.0,15.0,3.0,0.0,3.0,4.0,1
3510,13523,4.0,14,0,4,51,3,4,0.0,0.0,0.0,0.0,33.0,8.0,0.0,8.0,1.0,1
3511,13391,4.0,11,1,3,40,3,1,0.0,1.0,0.0,1.0,23.0,7.0,0.0,7.0,0.0,1
3512,7939,4.0,15,7,2,61,4,1,6.0,0.0,1.0,0.0,38.0,7.0,1.0,7.0,0.0,0
3513,8027,4.0,15,2,2,58,5,2,1.0,1.0,0.0,0.0,41.0,7.0,1.0,6.0,0.0,0
3514,3413,4.0,19,0,5,63,5,2,0.0,0.0,0.0,0.0,41.0,11.0,0.0,10.0,0.0,0
3515,13916,4.0,6,0,3,37,3,3,0.0,0.0,0.0,0.0,24.0,5.0,0.0,5.0,2.0,1
3516,10223,4.0,8,3,2,40,3,4,2.0,1.0,0.0,1.0,23.0,5.0,0.0,5.0,2.0,1
3517,19675,4.0,12,0,3,47,3,3,0.0,0.0,0.0,0.0,35.0,5.0,0.0,4.0,2.0,1
3518,906,4.0,24,0,2,76,3,2,0.0,0.0,0.0,0.0,57.0,9.0,0.0,9.0,0.0,0
3519,9228,3.0,4,7,1,24,2,3,6.0,0.0,1.0,1.0,9.0,3.0,0.0,3.0,0.0,0
3520,17996,3.0,7,0,1,27,3,4,0.0,0.0,0.0,0.0,17.0,4.0,0.0,3.0,2.0,1
3521,760,3.0,5,0,2,21,3,1,0.0,0.0,0.0,0.0,13.0,4.0,0.0,3.0,0.0,0
3522,3118,3.0,10,0,2,25,2,1,0.0,0.0,0.0,0.0,19.0,3.0,0.0,2.0,0.0,0
3523,986,4.0,9,5,1,35,3,2,4.0,0.0,0.0,1.0,21.0,4.0,0.0,4.0,0.0,0
3524,12938,4.0,14,28,2,81,7,3,16.0,10.0,1.0,10.0,24.0,8.0,2.0,7.0,2.0,1
3525,14152,4.0,9,0,2,40,3,5,0.0,0.0,0.0,0.0,25.0,6.0,0.0,6.0,2.0,1
3526,10909,4.0,15,29,3,125,6,5,15.0,0.0,14.0,0.0,34.0,22.0,14.0,22.0,3.0,1
3527,10392,2.0,5,0,1,13,1,0,0.0,0.0,0.0,0.0,10.0,1.0,0.0,1.0,0.0,1
3528,17105,4.0,11,2,2,49,4,4,1.0,0.0,1.0,0.0,27.0,8.0,1.0,8.0,2.0,1
3529,14132,4.0,19,0,1,61,3,5,0.0,0.0,0.0,0.0,48.0,5.0,0.0,5.0,2.0,1
3530,295,4.0,10,0,1,31,4,1,0.0,0.0,0.0,0.0,22.0,4.0,0.0,4.0,0.0,0
3531,15948,3.0,11,0,4,36,2,0,0.0,0.0,0.0,0.0,25.0,5.0,0.0,5.0,0.0,1
3532,1785,4.0,5,9,2,34,2,3,8.0,0.0,1.0,0.0,15.0,4.0,1.0,4.0,0.0,0
3533,4382,4.0,5,19,1,52,3,3,12.0,7.0,0.0,7.0,16.0,5.0,0.0,4.0,0.0,0
3534,16118,4.0,35,5,3,131,4,5,2.0,1.0,2.0,1.0,88.0,16.0,2.0,16.0,2.0,1
3535,5318,4.0,13,39,1,90,5,8,35.0,0.0,3.0,1.0,29.0,8.0,3.0,8.0,2.0,0
3536,5854,4.0,25,7,2,78,5,3,5.0,0.0,1.0,0.0,54.0,8.0,2.0,7.0,0.0,0
3537,14938,4.0,22,4,3,89,8,3,2.0,0.0,1.0,0.0,52.0,15.0,2.0,14.0,2.0,1
3538,9476,4.0,28,6,2,92,5,1,5.0,0.0,1.0,0.0,64.0,10.0,1.0,10.0,0.0,0
3539,12735,4.0,10,3,2,36,2,0,2.0,1.0,0.0,0.0,24.0,4.0,1.0,3.0,0.0,1
3540,13098,4.0,15,0,5,47,2,3,0.0,0.0,0.0,0.0,30.0,8.0,0.0,8.0,0.0,1
3541,13257,3.0,8,0,2,28,2,1,0.0,0.0,0.0,0.0,21.0,3.0,0.0,3.0,0.0,1
3542,9904,4.0,25,13,1,98,3,3,11.0,1.0,0.0,2.0,63.0,10.0,0.0,10.0,0.0,0
3543,5733,4.0,11,7,1,47,3,4,6.0,0.0,1.0,0.0,28.0,5.0,1.0,5.0,0.0,0
3544,5769,4.0,11,1,2,40,4,2,0.0,0.0,0.0,0.0,27.0,6.0,1.0,5.0,0.0,0
3545,8741,3.0,10,0,1,29,3,1,0.0,0.0,0.0,0.0,21.0,4.0,0.0,3.0,0.0,0
3546,13339,3.0,5,0,1,16,1,0,0.0,0.0,0.0,0.0,13.0,1.0,0.0,1.0,0.0,1
3547,14440,3.0,7,0,2,27,2,3,0.0,0.0,0.0,0.0,17.0,5.0,0.0,4.0,0.0,1
3548,7986,3.0,4,0,1,13,2,1,0.0,0.0,0.0,0.0,9.0,2.0,0.0,1.0,0.0,0
3549,18168,4.0,31,2,3,96,7,3,0.0,0.0,2.0,0.0,63.0,13.0,2.0,13.0,2.0,1
3550,3574,4.0,16,0,3,59,3,4,0.0,0.0,0.0,0.0,42.0,8.0,0.0,8.0,0.0,0
3551,11784,4.0,9,2,2,44,6,3,1.0,0.0,0.0,0.0,26.0,7.0,1.0,6.0,2.0,1
3552,7407,4.0,10,0,2,33,3,1,0.0,0.0,0.0,0.0,22.0,5.0,0.0,5.0,0.0,0
3553,18776,4.0,2,15,4,33,3,3,10.0,0.0,5.0,0.0,6.0,2.0,5.0,2.0,2.0,1
3554,18368,3.0,5,0,1,17,1,0,0.0,0.0,0.0,0.0,14.0,1.0,0.0,1.0,0.0,1
3555,7313,3.0,3,0,2,22,3,1,0.0,0.0,0.0,0.0,14.0,4.0,0.0,3.0,0.0,0
3556,2648,4.0,18,0,1,60,3,2,0.0,0.0,0.0,0.0,45.0,7.0,0.0,7.0,0.0,0
3557,2586,4.0,12,0,1,35,3,3,0.0,0.0,0.0,0.0,25.0,5.0,0.0,4.0,0.0,0
3558,8903,4.0,12,0,2,39,2,1,0.0,0.0,0.0,0.0,32.0,3.0,0.0,3.0,0.0,0
3559,6576,3.0,7,0,1,21,2,1,0.0,0.0,0.0,0.0,16.0,2.0,0.0,2.0,0.0,0
3560,3160,3.0,5,0,2,23,2,3,0.0,0.0,0.0,0.0,13.0,5.0,0.0,4.0,0.0,0
3561,3182,4.0,22,0,1,55,3,2,0.0,0.0,0.0,0.0,44.0,5.0,0.0,5.0,0.0,0
3562,13308,3.0,5,0,1,12,2,1,0.0,0.0,0.0,0.0,7.0,2.0,0.0,2.0,0.0,1
3563,2377,4.0,28,5,2,83,3,3,4.0,0.0,1.0,0.0,56.0,10.0,1.0,10.0,0.0,0
3564,4803,4.0,9,4,2,44,2,3,3.0,0.0,1.0,1.0,29.0,4.0,0.0,5.0,0.0,0
3565,14802,3.0,8,0,2,22,1,0,0.0,0.0,0.0,0.0,17.0,2.0,0.0,2.0,0.0,1
3566,5692,5.0,35,43,2,170,7,7,25.0,16.0,2.0,14.0,72.0,18.0,4.0,16.0,2.0,0
3567,12362,4.0,29,5,3,104,7,3,2.0,0.0,2.0,0.0,67.0,14.0,3.0,13.0,2.0,1
3568,19234,3.0,2,10,3,28,3,3,6.0,0.0,4.0,0.0,9.0,1.0,4.0,1.0,2.0,1
3569,5392,5.0,85,52,3,371,9,3,15.0,33.0,4.0,28.0,235.0,24.0,9.0,19.0,3.0,0
3570,15964,4.0,8,20,3,70,3,7,10.0,3.0,7.0,8.0,28.0,2.0,2.0,7.0,2.0,1
3571,9371,4.0,11,4,1,42,3,4,3.0,0.0,1.0,0.0,27.0,5.0,1.0,4.0,0.0,0
3572,19077,3.0,8,0,1,24,2,2,0.0,0.0,0.0,0.0,18.0,3.0,0.0,2.0,0.0,1
3573,19863,4.0,15,4,3,66,4,6,3.0,0.0,1.0,1.0,39.0,9.0,0.0,10.0,2.0,1
3574,17579,4.0,13,2,1,55,3,6,1.0,0.0,0.0,0.0,39.0,6.0,1.0,5.0,2.0,1
3575,13886,4.0,12,4,2,55,3,7,2.0,0.0,1.0,0.0,34.0,7.0,2.0,6.0,2.0,1
3576,12343,3.0,7,0,2,27,2,2,0.0,0.0,0.0,0.0,19.0,4.0,0.0,3.0,0.0,1
3577,8978,3.0,16,5,1,51,2,7,4.0,0.0,1.0,0.0,31.0,7.0,1.0,6.0,0.0,0
3578,18843,4.0,11,1,3,50,2,4,0.0,1.0,0.0,1.0,33.0,7.0,0.0,7.0,0.0,1
3579,9291,4.0,14,0,1,47,5,2,0.0,0.0,0.0,0.0,34.0,6.0,0.0,5.0,1.0,0
3580,16217,4.0,4,12,3,48,3,5,10.0,0.0,2.0,0.0,21.0,5.0,2.0,5.0,2.0,1
3581,5372,3.0,7,0,2,24,2,2,0.0,0.0,0.0,0.0,15.0,4.0,0.0,4.0,0.0,0
3582,15908,4.0,14,22,3,83,3,6,13.0,8.0,1.0,8.0,36.0,7.0,1.0,6.0,2.0,1
3583,1613,3.0,4,3,1,19,2,2,2.0,0.0,0.0,0.0,10.0,3.0,1.0,2.0,0.0,0
3584,5829,4.0,27,6,2,101,4,3,4.0,0.0,2.0,1.0,49.0,20.0,1.0,21.0,2.0,0
3585,19868,3.0,2,2,2,19,2,0,1.0,0.0,1.0,1.0,8.0,3.0,0.0,4.0,0.0,1
3586,19330,4.0,9,17,2,55,4,4,10.0,5.0,2.0,5.0,20.0,4.0,2.0,4.0,2.0,1
3587,11570,4.0,25,0,2,78,4,5,0.0,0.0,0.0,0.0,51.0,12.0,0.0,12.0,2.0,1
3588,2015,4.0,15,0,2,54,3,1,0.0,0.0,0.0,0.0,35.0,9.0,0.0,9.0,0.0,0
3589,18209,3.0,6,0,3,32,2,2,0.0,0.0,0.0,0.0,21.0,5.0,0.0,5.0,0.0,1
3590,19109,3.0,9,0,1,20,1,0,0.0,0.0,0.0,0.0,17.0,1.0,0.0,1.0,0.0,1
3591,5756,4.0,17,19,3,82,2,5,14.0,4.0,1.0,4.0,43.0,7.0,1.0,7.0,0.0,0
3592,603,4.0,53,132,10,333,7,4,79.0,51.0,2.0,51.0,108.0,19.0,2.0,19.0,1.0,0
3593,5329,4.0,7,7,1,39,2,2,6.0,0.0,1.0,0.0,26.0,2.0,1.0,2.0,0.0,0
3594,9753,4.0,15,0,1,40,2,3,0.0,0.0,0.0,0.0,32.0,4.0,0.0,3.0,0.0,0
3595,15969,4.0,12,6,3,64,7,3,3.0,0.0,2.0,0.0,34.0,10.0,3.0,9.0,2.0,1
3596,7012,4.0,15,2,1,42,4,3,1.0,1.0,0.0,0.0,27.0,6.0,1.0,5.0,0.0,0
3597,243,4.0,11,0,1,35,3,2,0.0,0.0,0.0,0.0,24.0,5.0,0.0,5.0,0.0,0
3598,12101,5.0,21,12,2,112,7,8,2.0,9.0,1.0,8.0,62.0,13.0,2.0,11.0,3.0,1
3599,10545,4.0,10,6,2,42,4,4,4.0,0.0,2.0,1.0,22.0,4.0,1.0,5.0,2.0,1
3600,8298,3.0,5,0,1,16,2,1,0.0,0.0,0.0,0.0,12.0,2.0,0.0,1.0,0.0,0
3601,6802,3.0,7,0,1,22,2,1,0.0,0.0,0.0,0.0,18.0,2.0,0.0,1.0,0.0,0
3602,17915,4.0,9,0,1,40,3,2,0.0,0.0,0.0,0.0,32.0,4.0,0.0,3.0,0.0,1
3603,18857,4.0,14,0,4,51,3,2,0.0,0.0,0.0,0.0,36.0,7.0,0.0,7.0,0.0,1
3604,19194,3.0,16,0,3,51,3,3,0.0,0.0,0.0,0.0,36.0,7.0,0.0,7.0,0.0,1
3605,4830,3.0,7,0,1,22,2,1,0.0,0.0,0.0,0.0,18.0,2.0,0.0,1.0,0.0,0
3606,12302,4.0,11,0,3,44,5,3,0.0,0.0,0.0,0.0,27.0,7.0,0.0,7.0,2.0,1
3607,5344,4.0,13,5,2,46,2,4,4.0,0.0,0.0,0.0,29.0,6.0,1.0,5.0,0.0,0
3608,5202,5.0,34,18,1,154,5,3,0.0,6.0,12.0,12.0,71.0,18.0,6.0,24.0,4.0,0
3609,19528,4.0,17,0,3,58,6,3,0.0,0.0,0.0,0.0,37.0,9.0,0.0,9.0,2.0,1
3610,18450,3.0,2,0,2,16,2,2,0.0,0.0,0.0,0.0,8.0,4.0,0.0,3.0,0.0,1
3611,16176,3.0,11,1,2,45,3,4,0.0,0.0,1.0,1.0,31.0,4.0,0.0,5.0,2.0,1
3612,13231,4.0,7,6,3,45,4,4,4.0,1.0,1.0,0.0,23.0,6.0,2.0,5.0,2.0,1
3613,15521,3.0,12,22,1,72,4,4,5.0,2.0,15.0,12.0,8.0,6.0,5.0,15.0,3.0,1
3614,3960,4.0,29,8,6,139,8,9,0.0,6.0,2.0,2.0,70.0,24.0,6.0,20.0,8.0,0
3615,3873,4.0,10,8,2,41,3,5,5.0,0.0,2.0,0.0,19.0,6.0,3.0,5.0,0.0,0
3616,179,4.0,17,4,1,46,3,3,2.0,2.0,0.0,2.0,27.0,6.0,0.0,6.0,0.0,0
3617,16680,4.0,24,34,4,134,8,3,19.0,0.0,14.0,0.0,54.0,15.0,15.0,14.0,2.0,1
3618,4793,3.0,6,1,3,26,2,1,0.0,0.0,1.0,1.0,16.0,3.0,0.0,4.0,0.0,0
3619,7436,4.0,15,6,2,60,3,3,5.0,0.0,1.0,0.0,38.0,7.0,1.0,7.0,0.0,0
3620,15045,3.0,4,0,3,24,2,1,0.0,0.0,0.0,0.0,15.0,4.0,0.0,4.0,0.0,1
3621,5958,4.0,12,0,1,37,3,2,0.0,0.0,0.0,0.0,27.0,5.0,0.0,4.0,0.0,0
3622,1800,4.0,16,8,2,55,3,1,7.0,0.0,1.0,0.0,31.0,7.0,1.0,7.0,0.0,0
3623,18579,3.0,6,0,2,29,2,2,0.0,0.0,0.0,0.0,20.0,4.0,0.0,4.0,0.0,1
3624,9449,3.0,9,0,2,26,2,1,0.0,0.0,0.0,0.0,19.0,3.0,0.0,3.0,0.0,0
3625,19242,4.0,11,1,2,55,5,5,0.0,0.0,1.0,1.0,35.0,7.0,0.0,8.0,2.0,1
3626,6038,3.0,10,0,1,30,2,1,0.0,0.0,0.0,0.0,26.0,2.0,0.0,1.0,0.0,0
3627,14622,4.0,11,9,4,89,10,7,6.0,2.0,1.0,2.0,41.0,13.0,1.0,12.0,10.0,1
3628,8221,4.0,20,0,1,63,3,2,0.0,0.0,0.0,0.0,38.0,12.0,0.0,12.0,0.0,0
3629,19294,4.0,13,0,3,43,2,3,0.0,0.0,0.0,0.0,30.0,6.0,0.0,6.0,0.0,1
3630,2801,4.0,12,0,3,36,3,2,0.0,0.0,0.0,0.0,22.0,6.0,0.0,6.0,1.0,0
3631,14339,4.0,5,4,2,27,2,2,3.0,0.0,0.0,1.0,14.0,4.0,0.0,4.0,0.0,1
3632,10974,4.0,17,1,3,78,7,4,0.0,0.0,1.0,0.0,50.0,12.0,1.0,11.0,2.0,1
3633,2922,5.0,65,59,3,345,9,3,10.0,43.0,6.0,44.0,190.0,21.0,5.0,22.0,3.0,0
3634,17753,4.0,21,2,2,75,7,3,0.0,0.0,1.0,0.0,46.0,12.0,2.0,11.0,2.0,1
3635,7741,4.0,36,5,2,106,4,5,4.0,0.0,1.0,0.0,71.0,14.0,1.0,14.0,0.0,0
3636,15392,4.0,22,1,1,67,4,4,0.0,0.0,0.0,0.0,48.0,8.0,1.0,7.0,2.0,1
3637,19127,4.0,15,0,3,74,6,7,0.0,0.0,0.0,0.0,49.0,11.0,0.0,10.0,3.0,1
3638,1245,4.0,12,9,2,50,3,4,8.0,0.0,0.0,1.0,26.0,7.0,0.0,7.0,0.0,0
3639,17051,4.0,33,7,5,137,8,3,4.0,0.0,2.0,0.0,84.0,21.0,3.0,20.0,2.0,1
3640,4537,3.0,3,0,1,11,2,1,0.0,0.0,0.0,0.0,7.0,2.0,0.0,1.0,0.0,0
3641,4053,4.0,11,1,1,31,4,1,0.0,1.0,0.0,1.0,20.0,4.0,0.0,4.0,0.0,0
3642,5931,3.0,9,0,1,26,3,1,0.0,0.0,0.0,0.0,19.0,3.0,0.0,3.0,0.0,0
3643,3239,3.0,4,0,1,14,2,1,0.0,0.0,0.0,0.0,10.0,2.0,0.0,1.0,0.0,0
3644,108,4.0,8,4,2,35,3,2,3.0,1.0,0.0,0.0,20.0,5.0,1.0,4.0,0.0,0
3645,13857,4.0,32,3,3,103,4,5,2.0,0.0,1.0,0.0,66.0,15.0,1.0,15.0,2.0,1
3646,12802,4.0,16,0,3,53,3,3,0.0,0.0,0.0,0.0,39.0,6.0,0.0,6.0,1.0,1
3647,18315,3.0,7,0,3,32,2,3,0.0,0.0,0.0,0.0,20.0,6.0,0.0,5.0,0.0,1
3648,15555,3.0,8,0,1,24,1,0,0.0,0.0,0.0,0.0,21.0,1.0,0.0,1.0,0.0,1
3649,16927,4.0,13,1,3,53,4,4,0.0,0.0,1.0,0.0,30.0,9.0,1.0,9.0,2.0,1
3650,5844,3.0,7,1,1,18,2,1,0.0,0.0,1.0,1.0,12.0,1.0,0.0,2.0,0.0,0
3651,15008,4.0,18,4,1,77,4,5,3.0,0.0,1.0,0.0,51.0,9.0,1.0,9.0,2.0,1
3652,4394,4.0,11,0,1,31,4,1,0.0,0.0,0.0,0.0,22.0,4.0,0.0,4.0,0.0,0
3653,5873,4.0,14,0,1,42,3,2,0.0,0.0,0.0,0.0,33.0,4.0,0.0,4.0,0.0,0
3654,18460,4.0,49,5,2,165,7,12,1.0,3.0,0.0,4.0,115.0,19.0,0.0,19.0,3.0,1
3655,14184,4.0,9,2,3,43,2,2,1.0,0.0,1.0,1.0,30.0,4.0,0.0,5.0,0.0,1
3656,12872,4.0,8,0,2,47,3,6,0.0,0.0,0.0,0.0,30.0,7.0,0.0,7.0,2.0,1
3657,16437,3.0,6,0,1,16,1,0,0.0,0.0,0.0,0.0,13.0,1.0,0.0,1.0,0.0,1
3658,4348,4.0,9,5,2,43,5,4,3.0,1.0,1.0,0.0,21.0,7.0,2.0,6.0,1.0,0
3659,14347,3.0,5,2,2,21,2,3,1.0,0.0,1.0,0.0,10.0,4.0,1.0,3.0,0.0,1
3660,13260,3.0,18,0,3,53,2,4,0.0,0.0,0.0,0.0,38.0,7.0,0.0,7.0,0.0,1
3661,13382,3.0,7,0,2,19,1,0,0.0,0.0,0.0,0.0,14.0,2.0,0.0,2.0,0.0,1
3662,10768,4.0,17,1,2,57,4,6,0.0,1.0,0.0,1.0,36.0,8.0,0.0,8.0,2.0,1
3663,12826,4.0,23,18,2,120,7,7,9.0,8.0,1.0,8.0,59.0,15.0,1.0,15.0,3.0,1
3664,17080,4.0,4,11,3,33,3,4,6.0,0.0,4.0,1.0,11.0,2.0,4.0,2.0,2.0,1
3665,5150,4.0,10,8,1,41,2,6,5.0,0.0,3.0,0.0,22.0,4.0,3.0,3.0,0.0,0
3666,14579,4.0,21,0,3,72,7,3,0.0,0.0,0.0,0.0,49.0,10.0,0.0,10.0,2.0,1
3667,10509,3.0,7,0,1,17,1,0,0.0,0.0,0.0,0.0,14.0,1.0,0.0,1.0,0.0,1
3668,12986,3.0,8,4,3,38,2,2,3.0,0.0,1.0,0.0,24.0,4.0,1.0,4.0,0.0,1
3669,11253,3.0,5,3,2,26,2,2,2.0,0.0,0.0,1.0,14.0,4.0,0.0,4.0,0.0,1
3670,13658,4.0,10,12,2,71,6,3,5.0,0.0,7.0,3.0,32.0,7.0,4.0,10.0,2.0,1
3671,973,4.0,13,0,4,48,3,5,0.0,0.0,0.0,0.0,29.0,8.0,0.0,7.0,3.0,0
3672,10507,3.0,5,0,2,20,2,2,0.0,0.0,0.0,0.0,12.0,4.0,0.0,3.0,0.0,1
3673,4299,4.0,24,6,1,91,4,3,5.0,0.0,0.0,0.0,59.0,12.0,1.0,11.0,2.0,0
3674,3653,4.0,14,21,2,69,3,3,14.0,6.0,1.0,7.0,29.0,5.0,0.0,6.0,0.0,0
3675,5872,3.0,13,0,2,38,2,2,0.0,0.0,0.0,0.0,29.0,4.0,0.0,4.0,0.0,0
3676,4838,3.0,10,0,3,27,2,1,0.0,0.0,0.0,0.0,18.0,4.0,0.0,4.0,0.0,0
3677,7598,4.0,20,4,2,77,3,6,3.0,0.0,1.0,0.0,53.0,9.0,1.0,9.0,0.0,0
3678,7377,5.0,28,10,1,120,3,3,2.0,8.0,0.0,6.0,82.0,11.0,2.0,8.0,0.0,0
3679,3036,3.0,8,0,2,21,3,1,0.0,0.0,0.0,0.0,13.0,4.0,0.0,3.0,0.0,0
3680,12675,4.0,30,5,3,108,7,3,3.0,0.0,2.0,0.0,66.0,16.0,2.0,16.0,2.0,1
3681,3088,4.0,20,12,1,89,4,6,10.0,0.0,2.0,0.0,51.0,11.0,2.0,10.0,2.0,0
3682,12250,4.0,9,0,1,31,3,3,0.0,0.0,0.0,0.0,23.0,3.0,0.0,2.0,2.0,1
3683,7195,4.0,14,0,2,49,3,2,0.0,0.0,0.0,0.0,36.0,6.0,0.0,6.0,0.0,0
3684,9267,4.0,9,0,2,38,4,1,0.0,0.0,0.0,0.0,25.0,5.0,0.0,5.0,2.0,0
3685,13049,4.0,14,22,2,91,4,6,6.0,2.0,14.0,8.0,23.0,11.0,8.0,16.0,2.0,1
3686,7464,5.0,32,48,3,198,8,3,13.0,31.0,3.0,34.0,82.0,14.0,1.0,16.0,3.0,0
3687,2825,4.0,16,0,3,56,2,4,0.0,0.0,0.0,0.0,41.0,7.0,0.0,7.0,0.0,0
3688,16805,4.0,14,10,3,72,3,9,6.0,0.0,3.0,0.0,41.0,8.0,4.0,7.0,2.0,1
3689,6330,4.0,10,0,2,36,2,2,0.0,0.0,0.0,0.0,27.0,4.0,0.0,4.0,0.0,0
3690,10,3.0,10,0,2,31,3,2,0.0,0.0,0.0,0.0,21.0,5.0,0.0,4.0,0.0,0
3691,5868,4.0,12,0,1,37,2,5,0.0,0.0,0.0,0.0,25.0,6.0,0.0,5.0,0.0,0
3692,8855,4.0,15,0,2,44,3,2,0.0,0.0,0.0,0.0,30.0,7.0,0.0,6.0,0.0,0
3693,1426,4.0,8,0,1,31,3,2,0.0,0.0,0.0,0.0,22.0,4.0,0.0,4.0,0.0,0
3694,18016,3.0,8,1,2,19,1,0,0.0,1.0,0.0,1.0,12.0,2.0,0.0,2.0,0.0,1
3695,17781,4.0,13,6,3,67,6,5,5.0,0.0,1.0,0.0,37.0,10.0,1.0,10.0,2.0,1
3696,17923,4.0,14,0,2,42,2,2,0.0,0.0,0.0,0.0,33.0,4.0,0.0,4.0,0.0,1
3697,4814,4.0,32,8,1,118,4,8,5.0,0.0,3.0,0.0,75.0,15.0,3.0,14.0,2.0,0
3698,15429,4.0,25,2,3,102,8,3,0.0,0.0,2.0,0.0,63.0,16.0,2.0,16.0,2.0,1
3699,15801,3.0,3,0,1,11,1,0,0.0,0.0,0.0,0.0,8.0,1.0,0.0,1.0,0.0,1
3700,13976,4.0,45,5,2,151,8,3,2.0,0.0,2.0,0.0,104.0,19.0,3.0,18.0,2.0,1
3701,2784,4.0,17,0,1,45,3,2,0.0,0.0,0.0,0.0,36.0,4.0,0.0,4.0,0.0,0
3702,17754,4.0,23,10,3,97,8,3,6.0,0.0,3.0,0.0,56.0,13.0,4.0,12.0,2.0,1
3703,12159,3.0,5,4,2,27,2,2,3.0,0.0,0.0,1.0,14.0,4.0,0.0,4.0,0.0,1
3704,8515,4.0,28,9,1,100,3,5,6.0,0.0,3.0,0.0,65.0,11.0,3.0,11.0,0.0,0
3705,1344,3.0,8,0,2,40,2,4,0.0,0.0,0.0,0.0,27.0,6.0,0.0,6.0,0.0,0
3706,18453,3.0,10,0,3,36,3,3,0.0,0.0,0.0,0.0,24.0,5.0,0.0,4.0,2.0,1
3707,372,4.0,20,7,2,74,5,3,5.0,1.0,0.0,0.0,49.0,9.0,2.0,7.0,0.0,0
3708,909,4.0,6,0,1,28,3,1,0.0,0.0,0.0,0.0,19.0,4.0,0.0,4.0,0.0,0
3709,3399,4.0,24,6,2,72,4,2,4.0,1.0,1.0,0.0,44.0,10.0,2.0,9.0,0.0,0
3710,496,3.0,4,0,1,13,2,1,0.0,0.0,0.0,0.0,9.0,2.0,0.0,1.0,0.0,0
3711,15289,4.0,23,1,3,82,6,3,0.0,1.0,0.0,0.0,53.0,12.0,1.0,11.0,3.0,1
3712,16631,4.0,9,1,2,38,3,3,0.0,0.0,1.0,1.0,27.0,3.0,0.0,3.0,2.0,1
3713,5302,3.0,6,0,2,18,2,1,0.0,0.0,0.0,0.0,12.0,3.0,0.0,2.0,0.0,0
3714,14303,4.0,12,24,3,86,5,7,16.0,5.0,3.0,4.0,34.0,9.0,4.0,8.0,2.0,1
3715,1244,4.0,24,9,1,99,4,6,8.0,0.0,1.0,0.0,57.0,15.0,1.0,14.0,2.0,0
3716,4365,4.0,18,0,2,52,2,3,0.0,0.0,0.0,0.0,41.0,5.0,0.0,5.0,0.0,0
3717,16683,4.0,21,4,3,85,7,3,1.0,0.0,2.0,1.0,52.0,12.0,2.0,12.0,2.0,1
3718,1195,4.0,9,15,2,42,4,1,14.0,0.0,0.0,0.0,17.0,5.0,1.0,4.0,0.0,0
3719,2990,4.0,12,27,2,100,5,7,10.0,1.0,16.0,10.0,30.0,6.0,7.0,15.0,4.0,0
3720,4953,4.0,22,7,1,84,4,4,6.0,0.0,1.0,0.0,49.0,12.0,1.0,12.0,2.0,0
3721,1423,5.0,17,7,3,92,6,2,1.0,5.0,1.0,6.0,57.0,10.0,0.0,10.0,1.0,0
3722,10995,4.0,9,1,2,35,2,3,0.0,0.0,1.0,1.0,23.0,4.0,0.0,5.0,0.0,1
3723,256,4.0,28,7,3,98,3,3,4.0,0.0,3.0,0.0,61.0,13.0,3.0,13.0,0.0,0
3724,8205,4.0,9,0,3,34,2,1,0.0,0.0,0.0,0.0,25.0,4.0,0.0,4.0,0.0,0
3725,14847,4.0,18,0,3,67,4,5,0.0,0.0,0.0,0.0,44.0,10.0,0.0,10.0,2.0,1
3726,8480,5.0,27,20,2,125,6,5,13.0,3.0,4.0,3.0,66.0,13.0,4.0,13.0,5.0,0
3727,6287,4.0,8,8,1,38,3,3,7.0,0.0,0.0,0.0,20.0,5.0,1.0,4.0,0.0,0
3728,17624,3.0,4,0,3,32,3,3,0.0,0.0,0.0,0.0,19.0,5.0,0.0,5.0,2.0,1
3729,11293,4.0,7,0,4,27,2,1,0.0,0.0,0.0,0.0,16.0,5.0,0.0,5.0,0.0,1
3730,14029,3.0,5,0,2,18,1,0,0.0,0.0,0.0,0.0,13.0,2.0,0.0,2.0,0.0,1
3731,15727,3.0,6,0,3,36,2,3,0.0,0.0,0.0,0.0,23.0,6.0,0.0,6.0,0.0,1
3732,19807,4.0,28,2,3,90,4,6,1.0,0.0,1.0,1.0,65.0,9.0,0.0,10.0,2.0,1
3733,18474,3.0,6,0,3,29,2,1,0.0,0.0,0.0,0.0,20.0,4.0,0.0,4.0,0.0,1
3734,18314,4.0,30,6,3,115,7,3,2.0,0.0,3.0,0.0,71.0,16.0,4.0,15.0,3.0,1
3735,1232,4.0,37,4,1,128,4,6,3.0,0.0,1.0,0.0,80.0,20.0,1.0,20.0,2.0,0
3736,12353,3.0,15,0,3,44,3,3,0.0,0.0,0.0,0.0,30.0,7.0,0.0,6.0,0.0,1
3737,11068,3.0,7,1,2,25,1,0,0.0,1.0,0.0,0.0,19.0,2.0,1.0,1.0,0.0,1
3738,17021,4.0,19,0,2,57,3,6,0.0,0.0,0.0,0.0,41.0,7.0,0.0,6.0,2.0,1
3739,9304,3.0,10,0,1,30,2,1,0.0,0.0,0.0,0.0,26.0,2.0,0.0,1.0,0.0,0
3740,12284,4.0,7,6,3,34,2,3,4.0,0.0,2.0,1.0,16.0,4.0,1.0,5.0,0.0,1
3741,13793,4.0,23,7,1,72,4,4,5.0,0.0,1.0,0.0,42.0,10.0,2.0,9.0,2.0,1
3742,7880,4.0,28,3,3,116,6,10,1.0,0.0,2.0,1.0,73.0,18.0,1.0,18.0,1.0,0
3743,17940,4.0,8,0,3,41,3,3,0.0,0.0,0.0,0.0,28.0,5.0,0.0,5.0,2.0,1
3744,5130,4.0,13,2,1,41,3,3,1.0,0.0,0.0,1.0,28.0,5.0,0.0,5.0,0.0,0
3745,5912,3.0,6,7,1,27,2,3,6.0,0.0,1.0,1.0,11.0,3.0,0.0,4.0,0.0,0
3746,8459,4.0,29,0,1,80,3,3,0.0,0.0,0.0,0.0,60.0,10.0,0.0,9.0,0.0,0
3747,3923,4.0,18,8,1,70,3,4,6.0,0.0,1.0,0.0,38.0,11.0,2.0,10.0,1.0,0
3748,6127,3.0,8,0,1,23,2,1,0.0,0.0,0.0,0.0,19.0,2.0,0.0,1.0,0.0,0
3749,12238,4.0,12,16,2,67,4,5,9.0,0.0,6.0,0.0,29.0,7.0,7.0,6.0,2.0,1
3750,14092,3.0,5,4,2,27,2,2,3.0,0.0,0.0,1.0,14.0,4.0,0.0,4.0,0.0,1
3751,17614,4.0,15,2,3,54,3,5,1.0,0.0,1.0,1.0,35.0,6.0,0.0,7.0,2.0,1
3752,7819,3.0,9,0,3,36,2,2,0.0,0.0,0.0,0.0,25.0,5.0,0.0,5.0,0.0,0
3753,6507,4.0,6,0,2,24,2,1,0.0,0.0,0.0,0.0,17.0,3.0,0.0,3.0,0.0,0
3754,19480,4.0,20,33,3,117,8,3,19.0,0.0,13.0,0.0,43.0,13.0,14.0,12.0,2.0,1
3755,11654,4.0,29,4,5,116,7,3,2.0,0.0,1.0,0.0,75.0,17.0,2.0,16.0,2.0,1
3756,13372,4.0,24,1,4,78,7,4,0.0,0.0,0.0,0.0,51.0,12.0,1.0,11.0,2.0,1
3757,1379,4.0,31,0,1,100,3,5,0.0,0.0,0.0,0.0,70.0,15.0,0.0,14.0,0.0,0
3758,7689,3.0,12,0,3,31,2,3,0.0,0.0,0.0,0.0,18.0,6.0,0.0,6.0,0.0,0
3759,3688,4.0,28,11,1,103,4,4,6.0,1.0,4.0,1.0,57.0,15.0,4.0,14.0,0.0,0
3760,14797,3.0,6,0,2,25,2,2,0.0,0.0,0.0,0.0,17.0,4.0,0.0,3.0,0.0,1
3761,4759,4.0,7,8,3,36,3,3,6.0,0.0,2.0,1.0,14.0,5.0,1.0,6.0,0.0,0
3762,16619,4.0,20,6,3,83,7,3,2.0,1.0,2.0,2.0,47.0,12.0,2.0,12.0,2.0,1
3763,12037,4.0,16,6,3,78,8,5,5.0,0.0,1.0,0.0,40.0,14.0,1.0,14.0,2.0,1
3764,3790,3.0,6,0,1,22,2,2,0.0,0.0,0.0,0.0,16.0,3.0,0.0,2.0,0.0,0
3765,8812,3.0,10,0,1,42,3,3,0.0,0.0,0.0,0.0,29.0,6.0,0.0,6.0,0.0,0
3766,5799,4.0,9,6,2,38,4,1,4.0,1.0,0.0,1.0,21.0,5.0,1.0,4.0,0.0,0
3767,652,3.0,4,1,2,37,3,3,0.0,0.0,1.0,1.0,18.0,8.0,0.0,8.0,0.0,0
3768,17950,4.0,9,2,3,32,2,2,1.0,0.0,1.0,1.0,20.0,4.0,0.0,4.0,0.0,1
3769,7872,4.0,24,4,3,73,3,2,3.0,0.0,1.0,0.0,51.0,8.0,1.0,8.0,0.0,0
3770,18188,4.0,41,6,6,157,7,3,3.0,0.0,2.0,0.0,103.0,22.0,3.0,21.0,2.0,1
3771,16915,3.0,9,0,3,38,3,3,0.0,0.0,0.0,0.0,25.0,5.0,0.0,5.0,2.0,1
3772,5328,4.0,9,0,1,31,4,1,0.0,0.0,0.0,0.0,22.0,4.0,0.0,4.0,0.0,0
3773,7219,4.0,10,0,2,39,3,4,0.0,0.0,0.0,0.0,24.0,7.0,0.0,7.0,0.0,0
3774,17760,3.0,9,0,1,31,2,3,0.0,0.0,0.0,0.0,23.0,4.0,0.0,3.0,0.0,1
3775,16494,4.0,21,6,3,110,7,4,2.0,0.0,4.0,0.0,63.0,17.0,4.0,16.0,3.0,1
3776,11761,4.0,14,5,3,52,4,4,4.0,1.0,0.0,0.0,30.0,7.0,1.0,6.0,2.0,1
3777,6152,4.0,36,7,3,122,3,6,6.0,0.0,1.0,0.0,79.0,17.0,1.0,17.0,0.0,0
3778,12741,4.0,8,0,3,45,2,3,0.0,0.0,0.0,0.0,32.0,6.0,0.0,6.0,0.0,1
3779,17103,5.0,39,29,3,244,7,3,4.0,25.0,0.0,25.0,157.0,14.0,0.0,14.0,4.0,1
3780,12483,4.0,25,8,3,99,7,3,5.0,0.0,2.0,0.0,61.0,13.0,3.0,12.0,2.0,1
3781,13476,3.0,6,0,2,36,3,3,0.0,0.0,0.0,0.0,26.0,4.0,0.0,3.0,2.0,1
3782,15301,4.0,20,4,3,86,7,3,2.0,0.0,2.0,0.0,49.0,14.0,2.0,14.0,2.0,1
3783,19066,3.0,1,13,3,25,3,3,8.0,0.0,4.0,1.0,3.0,1.0,4.0,1.0,2.0,1
3784,11807,4.0,8,4,2,46,2,5,3.0,0.0,1.0,1.0,27.0,6.0,0.0,7.0,0.0,1
3785,2916,4.0,19,0,1,61,4,4,0.0,0.0,0.0,0.0,42.0,9.0,0.0,9.0,0.0,0
3786,14676,3.0,6,0,1,16,1,0,0.0,0.0,0.0,0.0,13.0,1.0,0.0,1.0,0.0,1
3787,1506,3.0,9,0,2,30,2,1,0.0,0.0,0.0,0.0,23.0,3.0,0.0,3.0,0.0,0
3788,12827,4.0,19,1,3,79,7,5,0.0,0.0,1.0,0.0,49.0,13.0,1.0,12.0,2.0,1
3789,2130,4.0,11,4,1,41,3,3,3.0,0.0,0.0,0.0,27.0,5.0,1.0,4.0,0.0,0
3790,11876,4.0,21,3,5,98,6,6,0.0,0.0,2.0,0.0,65.0,13.0,3.0,12.0,2.0,1
3791,1648,5.0,23,22,2,110,3,4,14.0,6.0,1.0,7.0,56.0,12.0,1.0,12.0,0.0,0
3792,4890,4.0,17,1,3,68,4,5,0.0,0.0,1.0,1.0,45.0,9.0,0.0,10.0,1.0,0
3793,730,4.0,21,5,2,79,3,5,4.0,0.0,1.0,0.0,58.0,7.0,1.0,7.0,0.0,0
3794,6766,4.0,25,8,3,101,3,4,7.0,0.0,1.0,0.0,65.0,13.0,1.0,13.0,0.0,0
3795,18267,4.0,14,0,3,50,3,5,0.0,0.0,0.0,0.0,33.0,7.0,0.0,7.0,2.0,1
3796,12829,4.0,29,5,3,112,6,5,2.0,0.0,2.0,0.0,73.0,15.0,3.0,14.0,2.0,1
3797,8201,4.0,17,0,2,58,2,2,0.0,0.0,0.0,0.0,49.0,4.0,0.0,4.0,0.0,0
3798,18952,3.0,17,29,1,90,4,4,7.0,3.0,19.0,14.0,9.0,8.0,8.0,18.0,3.0,1
3799,11608,4.0,14,0,2,48,3,4,0.0,0.0,0.0,0.0,35.0,5.0,0.0,5.0,2.0,1
3800,9937,4.0,40,0,1,123,3,2,0.0,0.0,0.0,0.0,86.0,18.0,0.0,18.0,0.0,0
3801,5221,4.0,12,20,2,77,3,1,12.0,0.0,8.0,5.0,31.0,6.0,3.0,11.0,0.0,0
3802,17577,4.0,21,2,6,103,7,12,0.0,0.0,2.0,2.0,52.0,19.0,0.0,21.0,6.0,1
3803,2709,4.0,19,8,2,67,5,1,6.0,1.0,0.0,2.0,43.0,7.0,0.0,7.0,0.0,0
3804,5902,3.0,14,0,1,39,3,2,0.0,0.0,0.0,0.0,26.0,6.0,0.0,6.0,0.0,0
3805,17929,3.0,10,0,3,43,2,3,0.0,0.0,0.0,0.0,30.0,6.0,0.0,6.0,0.0,1
3806,18687,4.0,3,13,4,37,3,4,8.0,0.0,4.0,1.0,11.0,3.0,4.0,3.0,2.0,1
3807,14053,3.0,7,0,1,18,1,0,0.0,0.0,0.0,0.0,15.0,1.0,0.0,1.0,0.0,1
3808,1543,4.0,11,0,1,28,3,1,0.0,0.0,0.0,0.0,21.0,3.0,0.0,3.0,0.0,0
3809,16576,3.0,10,30,1,81,4,4,9.0,1.0,20.0,13.0,7.0,4.0,8.0,15.0,3.0,1
3810,3126,4.0,18,0,3,57,5,1,0.0,0.0,0.0,0.0,42.0,7.0,0.0,7.0,0.0,0
3811,1156,4.0,8,0,1,31,4,1,0.0,0.0,0.0,0.0,22.0,4.0,0.0,4.0,0.0,0
3812,16079,3.0,10,0,1,34,2,4,0.0,0.0,0.0,0.0,24.0,5.0,0.0,4.0,0.0,1
3813,5985,4.0,11,5,2,46,4,1,4.0,0.0,1.0,0.0,27.0,6.0,1.0,6.0,0.0,0
3814,32,4.0,54,57,13,243,4,8,33.0,21.0,3.0,22.0,114.0,23.0,2.0,24.0,0.0,0
3815,7187,4.0,15,0,2,36,3,2,0.0,0.0,0.0,0.0,25.0,5.0,0.0,5.0,0.0,0
3816,18175,4.0,7,4,2,34,3,2,3.0,0.0,1.0,1.0,21.0,2.0,0.0,3.0,2.0,1
3817,17539,4.0,10,1,4,51,3,5,0.0,0.0,0.0,0.0,32.0,8.0,1.0,7.0,2.0,1
3818,9779,4.0,14,0,2,48,5,2,0.0,0.0,0.0,0.0,31.0,8.0,0.0,7.0,1.0,0
3819,9176,4.0,20,1,2,58,3,2,0.0,1.0,0.0,1.0,37.0,9.0,0.0,9.0,0.0,0
3820,15647,3.0,11,27,1,72,4,4,9.0,0.0,18.0,11.0,7.0,3.0,7.0,13.0,3.0,1
3821,6300,4.0,10,3,3,46,3,2,2.0,0.0,1.0,0.0,29.0,6.0,1.0,6.0,0.0,0
3822,1610,3.0,8,0,2,26,2,1,0.0,0.0,0.0,0.0,20.0,3.0,0.0,2.0,0.0,0
3823,939,4.0,11,0,2,41,2,1,0.0,0.0,0.0,0.0,34.0,3.0,0.0,3.0,0.0,0
3824,14134,3.0,12,29,1,84,4,4,10.0,2.0,17.0,9.0,11.0,8.0,10.0,14.0,2.0,1
3825,4023,3.0,14,0,2,53,4,7,0.0,0.0,0.0,0.0,32.0,9.0,0.0,9.0,2.0,0
3826,19327,3.0,9,0,1,21,2,0,0.0,0.0,0.0,0.0,16.0,2.0,0.0,2.0,0.0,1
3827,8749,4.0,18,0,3,56,3,3,0.0,0.0,0.0,0.0,39.0,8.0,0.0,8.0,0.0,0
3828,745,4.0,8,4,2,45,4,3,3.0,0.0,0.0,0.0,27.0,7.0,1.0,6.0,0.0,0
3829,4083,4.0,12,0,4,36,2,1,0.0,0.0,0.0,0.0,25.0,5.0,0.0,5.0,0.0,0
3830,18570,3.0,8,0,1,23,1,0,0.0,0.0,0.0,0.0,20.0,1.0,0.0,1.0,0.0,1
3831,5582,4.0,25,4,1,98,3,3,2.0,0.0,2.0,0.0,61.0,15.0,2.0,15.0,0.0,0
3832,2877,4.0,20,0,1,69,3,2,0.0,0.0,0.0,0.0,49.0,10.0,0.0,9.0,0.0,0
3833,4701,4.0,12,0,2,37,2,2,0.0,0.0,0.0,0.0,28.0,4.0,0.0,4.0,0.0,0
3834,9933,3.0,8,0,1,35,3,2,0.0,0.0,0.0,0.0,25.0,5.0,0.0,4.0,0.0,0
3835,16236,4.0,12,3,1,46,3,7,2.0,1.0,0.0,1.0,26.0,7.0,0.0,6.0,2.0,1
3836,2651,3.0,9,0,2,29,2,1,0.0,0.0,0.0,0.0,22.0,3.0,0.0,3.0,0.0,0
3837,15763,4.0,8,0,3,48,4,5,0.0,0.0,0.0,0.0,29.0,8.0,0.0,8.0,2.0,1
3838,10608,3.0,5,0,1,14,1,0,0.0,0.0,0.0,0.0,11.0,1.0,0.0,1.0,0.0,1
3839,5646,3.0,6,0,1,18,2,1,0.0,0.0,0.0,0.0,14.0,2.0,0.0,1.0,0.0,0
3840,1821,4.0,11,8,2,50,2,4,4.0,3.0,1.0,4.0,27.0,5.0,0.0,5.0,0.0,0
3841,14229,4.0,15,1,1,60,6,3,0.0,0.0,1.0,0.0,40.0,8.0,1.0,7.0,2.0,1
3842,7413,4.0,15,23,2,69,3,4,14.0,8.0,1.0,7.0,26.0,6.0,2.0,4.0,0.0,0
3843,9522,4.0,8,4,1,38,4,3,3.0,0.0,1.0,0.0,23.0,5.0,1.0,4.0,0.0,0
3844,18081,4.0,21,0,2,57,4,4,0.0,0.0,0.0,0.0,42.0,6.0,0.0,6.0,2.0,1
3845,7146,4.0,21,8,2,81,3,5,5.0,0.0,3.0,0.0,51.0,9.0,3.0,9.0,0.0,0
3846,957,4.0,26,0,2,78,3,1,0.0,0.0,0.0,0.0,65.0,6.0,0.0,6.0,0.0,0
3847,2110,4.0,15,1,1,46,3,5,0.0,0.0,1.0,0.0,31.0,6.0,1.0,6.0,0.0,0
3848,11097,3.0,7,0,1,20,1,0,0.0,0.0,0.0,0.0,17.0,1.0,0.0,1.0,0.0,1
3849,5108,3.0,12,1,1,43,3,3,0.0,0.0,0.0,0.0,28.0,7.0,1.0,6.0,0.0,0
3850,12140,4.0,9,0,3,40,4,3,0.0,0.0,0.0,0.0,25.0,6.0,0.0,6.0,2.0,1
3851,7631,4.0,13,16,3,60,2,3,13.0,2.0,1.0,2.0,30.0,5.0,1.0,5.0,0.0,0
3852,19572,4.0,26,5,3,95,6,6,2.0,0.0,3.0,1.0,59.0,12.0,2.0,13.0,2.0,1
3853,18195,4.0,35,8,4,118,7,3,2.0,3.0,2.0,4.0,76.0,13.0,2.0,13.0,2.0,1
3854,19261,4.0,21,1,2,78,6,3,0.0,0.0,1.0,0.0,56.0,9.0,1.0,8.0,2.0,1
3855,7923,4.0,34,11,2,122,4,1,9.0,0.0,2.0,2.0,78.0,14.0,0.0,16.0,0.0,0
3856,10633,3.0,0,11,3,23,3,3,6.0,0.0,4.0,1.0,3.0,1.0,4.0,1.0,2.0,1
3857,8847,4.0,22,3,2,66,3,2,2.0,1.0,0.0,1.0,52.0,4.0,0.0,4.0,1.0,0
3858,18120,3.0,15,34,1,99,4,4,9.0,3.0,22.0,15.0,9.0,8.0,10.0,19.0,3.0,1
3859,16040,4.0,10,3,2,41,3,4,2.0,1.0,0.0,0.0,25.0,5.0,1.0,4.0,2.0,1
3860,14375,3.0,2,16,4,34,3,3,11.0,0.0,5.0,0.0,6.0,2.0,5.0,2.0,2.0,1
3861,10391,3.0,6,0,3,33,2,1,0.0,0.0,0.0,0.0,24.0,4.0,0.0,4.0,0.0,1
3862,2960,4.0,14,0,2,39,5,1,0.0,0.0,0.0,0.0,26.0,6.0,0.0,6.0,0.0,0
3863,4640,4.0,12,11,1,44,3,3,10.0,0.0,0.0,0.0,23.0,5.0,1.0,4.0,0.0,0
3864,2399,3.0,9,0,1,27,2,2,0.0,0.0,0.0,0.0,20.0,3.0,0.0,3.0,0.0,0
3865,7310,4.0,20,6,1,69,3,4,4.0,0.0,2.0,0.0,47.0,7.0,2.0,6.0,0.0,0
3866,7251,4.0,20,1,1,62,3,5,0.0,0.0,1.0,0.0,41.0,9.0,1.0,9.0,0.0,0
3867,5487,4.0,18,9,2,67,3,7,6.0,0.0,2.0,0.0,40.0,8.0,3.0,7.0,0.0,0
3868,18708,4.0,34,4,3,127,4,10,0.0,4.0,0.0,4.0,90.0,13.0,0.0,13.0,2.0,1
3869,17423,3.0,7,0,2,24,2,2,0.0,0.0,0.0,0.0,16.0,4.0,0.0,3.0,0.0,1
3870,15584,4.0,6,0,2,31,3,3,0.0,0.0,0.0,0.0,20.0,4.0,0.0,4.0,2.0,1
3871,13867,3.0,7,0,2,24,2,2,0.0,0.0,0.0,0.0,16.0,4.0,0.0,3.0,0.0,1
3872,9597,3.0,9,0,1,29,2,1,0.0,0.0,0.0,0.0,24.0,2.0,0.0,2.0,0.0,0
3873,16630,4.0,15,5,2,63,5,5,4.0,1.0,0.0,1.0,37.0,8.0,0.0,8.0,3.0,1
3874,2625,4.0,13,10,2,58,5,1,9.0,0.0,0.0,0.0,34.0,7.0,1.0,6.0,0.0,0
3875,15784,3.0,6,0,3,25,2,2,0.0,0.0,0.0,0.0,15.0,5.0,0.0,4.0,0.0,1
3876,9657,4.0,15,6,1,55,3,3,5.0,0.0,0.0,0.0,37.0,6.0,1.0,5.0,0.0,0
3877,3148,3.0,15,0,2,45,3,2,0.0,0.0,0.0,0.0,34.0,5.0,0.0,5.0,0.0,0
3878,7024,3.0,6,4,1,24,4,1,3.0,0.0,0.0,0.0,13.0,3.0,1.0,2.0,1.0,0
3879,14641,5.0,22,16,4,103,8,3,11.0,1.0,3.0,2.0,52.0,14.0,3.0,14.0,2.0,1
3880,2873,4.0,19,1,2,50,3,1,0.0,0.0,1.0,1.0,40.0,3.0,0.0,4.0,0.0,0
3881,15951,4.0,12,2,4,51,3,2,1.0,0.0,1.0,0.0,35.0,6.0,1.0,6.0,0.0,1
3882,8297,4.0,11,5,2,40,4,1,2.0,0.0,3.0,0.0,23.0,4.0,3.0,4.0,0.0,0
3883,14914,4.0,21,4,3,84,8,3,2.0,0.0,1.0,0.0,49.0,14.0,2.0,13.0,2.0,1
3884,12988,5.0,39,19,11,202,5,4,3.0,14.0,2.0,16.0,131.0,16.0,0.0,17.0,2.0,1
3885,19727,4.0,30,10,4,119,7,3,6.0,0.0,3.0,0.0,70.0,17.0,4.0,16.0,2.0,1
3886,76,4.0,18,0,2,50,3,2,0.0,0.0,0.0,0.0,35.0,7.0,0.0,7.0,0.0,0
3887,17381,3.0,8,0,4,41,3,3,0.0,0.0,0.0,0.0,25.0,7.0,0.0,7.0,1.0,1
3888,14693,4.0,20,2,2,67,7,3,1.0,0.0,0.0,0.0,41.0,11.0,1.0,10.0,2.0,1
3889,15295,4.0,13,0,1,48,4,4,0.0,0.0,0.0,0.0,27.0,9.0,0.0,9.0,2.0,1
3890,18472,3.0,4,4,2,25,2,2,3.0,0.0,1.0,1.0,13.0,3.0,0.0,3.0,0.0,1
3891,17931,3.0,3,10,5,33,3,3,6.0,0.0,4.0,0.0,11.0,2.0,4.0,2.0,3.0,1
3892,6651,4.0,14,4,2,54,3,4,3.0,0.0,1.0,0.0,36.0,6.0,1.0,6.0,0.0,0
3893,4947,3.0,4,0,2,19,2,1,0.0,0.0,0.0,0.0,12.0,3.0,0.0,3.0,0.0,0
3894,13676,4.0,33,52,1,194,8,11,31.0,19.0,1.0,21.0,81.0,17.0,0.0,18.0,5.0,1
3895,10452,4.0,10,8,4,64,4,8,5.0,0.0,3.0,0.0,34.0,7.0,3.0,7.0,4.0,1
3896,9967,4.0,26,9,2,83,6,3,8.0,0.0,0.0,0.0,54.0,10.0,1.0,9.0,0.0,0
3897,19759,5.0,25,16,2,158,6,5,5.0,11.0,0.0,11.0,106.0,11.0,0.0,10.0,3.0,1
3898,93,3.0,14,0,1,31,2,2,0.0,0.0,0.0,0.0,24.0,3.0,0.0,3.0,0.0,0
3899,5166,4.0,8,0,1,25,3,1,0.0,0.0,0.0,0.0,18.0,3.0,0.0,3.0,0.0,0
3900,16562,4.0,6,4,3,46,3,5,3.0,0.0,1.0,0.0,26.0,6.0,1.0,6.0,2.0,1
3901,2731,3.0,10,0,3,30,5,1,0.0,0.0,0.0,0.0,15.0,7.0,0.0,7.0,0.0,0
3902,7171,4.0,19,6,2,81,3,5,4.0,0.0,2.0,0.0,52.0,10.0,2.0,10.0,0.0,0
3903,6791,4.0,10,1,1,33,2,3,0.0,1.0,0.0,1.0,22.0,4.0,0.0,4.0,0.0,0
3904,12350,3.0,8,0,3,33,2,1,0.0,0.0,0.0,0.0,24.0,4.0,0.0,4.0,0.0,1
3905,4810,4.0,24,11,1,84,3,8,8.0,2.0,1.0,2.0,52.0,9.0,1.0,8.0,0.0,0
3906,11323,4.0,20,4,3,82,7,4,2.0,0.0,1.0,0.0,47.0,14.0,2.0,13.0,2.0,1
3907,19929,3.0,16,0,7,60,3,5,0.0,0.0,0.0,0.0,35.0,11.0,0.0,11.0,2.0,1
3908,2338,4.0,18,0,3,59,2,3,0.0,0.0,0.0,0.0,46.0,6.0,0.0,6.0,0.0,0
3909,11306,4.0,2,12,4,34,3,3,8.0,0.0,4.0,0.0,11.0,2.0,4.0,2.0,2.0,1
3910,16253,4.0,13,4,3,65,7,3,1.0,0.0,2.0,1.0,36.0,10.0,2.0,10.0,2.0,1
3911,7844,3.0,2,0,1,12,2,1,0.0,0.0,0.0,0.0,8.0,2.0,0.0,1.0,0.0,0
3912,12870,4.0,15,3,3,57,4,4,2.0,0.0,1.0,0.0,36.0,7.0,1.0,7.0,2.0,1
3913,1885,4.0,15,0,2,49,4,2,0.0,0.0,0.0,0.0,34.0,7.0,0.0,7.0,0.0,0
3914,18511,5.0,65,65,3,284,9,7,37.0,23.0,5.0,13.0,142.0,27.0,15.0,17.0,4.0,1
3915,5773,4.0,19,0,3,58,3,3,0.0,0.0,0.0,0.0,41.0,8.0,0.0,8.0,0.0,0
3916,4323,4.0,15,9,1,59,3,5,5.0,0.0,4.0,1.0,31.0,7.0,3.0,7.0,0.0,0
3917,8190,4.0,17,0,2,50,3,1,0.0,0.0,0.0,0.0,37.0,6.0,0.0,6.0,0.0,0
3918,11368,4.0,9,0,4,44,3,3,0.0,0.0,0.0,0.0,29.0,6.0,0.0,6.0,2.0,1
3919,19610,4.0,13,3,3,63,4,6,0.0,2.0,1.0,3.0,37.0,8.0,0.0,9.0,2.0,1
3920,16379,4.0,9,1,3,42,6,3,0.0,0.0,0.0,0.0,23.0,8.0,1.0,7.0,2.0,1
3921,12209,3.0,8,0,3,31,2,1,0.0,0.0,0.0,0.0,22.0,4.0,0.0,4.0,0.0,1
3922,16344,4.0,26,1,2,88,6,5,0.0,0.0,0.0,0.0,61.0,12.0,1.0,11.0,2.0,1
3923,2759,3.0,11,33,1,130,7,6,6.0,2.0,24.0,19.0,19.0,15.0,8.0,31.0,5.0,0
3924,12858,3.0,16,0,3,44,2,3,0.0,0.0,0.0,0.0,31.0,6.0,0.0,6.0,0.0,1
3925,10882,4.0,10,1,1,49,3,6,0.0,0.0,0.0,0.0,34.0,6.0,1.0,5.0,2.0,1
3926,9629,3.0,12,0,2,35,3,2,0.0,0.0,0.0,0.0,25.0,5.0,0.0,4.0,0.0,0
3927,9425,3.0,16,0,1,43,3,2,0.0,0.0,0.0,0.0,35.0,4.0,0.0,3.0,0.0,0
3928,7849,3.0,7,0,1,25,3,3,0.0,0.0,0.0,0.0,15.0,5.0,0.0,4.0,0.0,0
3929,3175,4.0,18,0,2,61,3,5,0.0,0.0,0.0,0.0,45.0,8.0,0.0,7.0,0.0,0
3930,10041,5.0,51,22,5,223,7,4,9.0,11.0,2.0,11.0,161.0,12.0,2.0,12.0,2.0,1
3931,2465,3.0,12,0,2,29,2,2,0.0,0.0,0.0,0.0,20.0,4.0,0.0,4.0,0.0,0
3932,1293,4.0,20,7,3,85,4,4,6.0,0.0,1.0,0.0,42.0,16.0,1.0,16.0,2.0,0
3933,5393,3.0,19,0,2,44,2,2,0.0,0.0,0.0,0.0,35.0,4.0,0.0,4.0,0.0,0
3934,5404,4.0,27,42,4,133,3,3,31.0,10.0,0.0,10.0,61.0,10.0,1.0,9.0,0.0,0
3935,12164,4.0,6,0,2,40,3,4,0.0,0.0,0.0,0.0,27.0,5.0,0.0,5.0,2.0,1
3936,12241,4.0,27,3,3,100,7,3,1.0,0.0,1.0,0.0,64.0,15.0,2.0,14.0,2.0,1
3937,8641,4.0,12,7,1,42,3,5,4.0,0.0,2.0,1.0,22.0,5.0,2.0,5.0,0.0,0
3938,7842,4.0,6,9,2,34,3,1,7.0,0.0,2.0,1.0,15.0,3.0,1.0,4.0,0.0,0
3939,10760,3.0,2,17,4,35,3,3,12.0,0.0,5.0,0.0,6.0,2.0,5.0,2.0,2.0,1
3940,17611,4.0,14,2,3,71,3,7,1.0,0.0,0.0,0.0,49.0,9.0,1.0,8.0,2.0,1
3941,3621,4.0,35,0,2,104,4,6,0.0,0.0,0.0,0.0,75.0,14.0,0.0,14.0,0.0,0
3942,2317,3.0,6,0,2,21,2,1,0.0,0.0,0.0,0.0,14.0,3.0,0.0,3.0,0.0,0
3943,16059,3.0,10,0,3,35,2,1,0.0,0.0,0.0,0.0,26.0,4.0,0.0,4.0,0.0,1
3944,2185,4.0,23,8,2,90,4,1,6.0,0.0,2.0,0.0,57.0,11.0,2.0,11.0,0.0,0
3945,4477,4.0,14,0,1,39,3,2,0.0,0.0,0.0,0.0,30.0,4.0,0.0,4.0,0.0,0
3946,10082,4.0,20,6,3,86,8,3,4.0,0.0,1.0,0.0,49.0,14.0,2.0,13.0,2.0,1
3947,1155,3.0,7,0,1,22,2,1,0.0,0.0,0.0,0.0,18.0,2.0,0.0,1.0,0.0,0
3948,18420,3.0,12,0,3,37,2,4,0.0,0.0,0.0,0.0,23.0,7.0,0.0,6.0,0.0,1
3949,329,3.0,11,0,3,36,3,1,0.0,0.0,0.0,0.0,26.0,5.0,0.0,4.0,0.0,0
3950,11852,4.0,54,6,3,184,8,3,2.0,0.0,3.0,0.0,122.0,25.0,4.0,24.0,3.0,1
3951,9920,3.0,7,0,1,21,2,1,0.0,0.0,0.0,0.0,17.0,2.0,0.0,1.0,0.0,0
3952,13590,4.0,44,12,3,151,8,3,7.0,0.0,4.0,0.0,89.0,22.0,5.0,21.0,2.0,1
3953,19259,4.0,25,4,3,96,7,3,2.0,0.0,1.0,0.0,59.0,15.0,2.0,14.0,2.0,1
3954,3227,4.0,22,0,1,84,4,4,0.0,0.0,0.0,0.0,55.0,13.0,0.0,13.0,2.0,0
3955,6521,4.0,8,1,1,31,5,1,0.0,1.0,0.0,1.0,18.0,5.0,0.0,5.0,0.0,0
3956,2997,3.0,4,3,1,15,2,1,2.0,0.0,1.0,1.0,8.0,1.0,0.0,1.0,0.0,0
3957,17713,4.0,5,10,4,40,3,4,6.0,0.0,4.0,0.0,17.0,3.0,4.0,3.0,2.0,1
3958,13906,4.0,17,0,4,73,3,7,0.0,0.0,0.0,0.0,48.0,12.0,0.0,12.0,0.0,1
3959,4392,4.0,44,15,2,150,4,7,11.0,0.0,4.0,0.0,87.0,21.0,4.0,20.0,2.0,0
3960,18421,4.0,10,0,4,33,2,2,0.0,0.0,0.0,0.0,20.0,6.0,0.0,6.0,0.0,1
3961,16942,3.0,6,0,2,18,1,0,0.0,0.0,0.0,0.0,13.0,2.0,0.0,2.0,0.0,1
3962,2463,4.0,16,6,3,66,3,3,4.0,0.0,2.0,0.0,39.0,9.0,2.0,9.0,0.0,0
3963,11231,4.0,7,4,3,47,6,3,3.0,0.0,0.0,0.0,23.0,9.0,1.0,8.0,2.0,1
3964,2846,3.0,5,0,1,15,2,1,0.0,0.0,0.0,0.0,11.0,2.0,0.0,1.0,0.0,0
3965,13939,3.0,11,0,2,26,2,0,0.0,0.0,0.0,0.0,19.0,3.0,0.0,3.0,0.0,1
3966,14779,4.0,26,3,4,96,7,3,1.0,0.0,1.0,0.0,58.0,16.0,2.0,15.0,2.0,1
3967,7586,4.0,15,0,2,40,3,2,0.0,0.0,0.0,0.0,30.0,5.0,0.0,4.0,0.0,0
3968,9804,4.0,16,0,3,57,4,4,0.0,0.0,0.0,0.0,36.0,10.0,0.0,10.0,0.0,0
3969,17067,4.0,15,2,3,70,4,6,1.0,0.0,1.0,1.0,45.0,9.0,0.0,10.0,2.0,1
3970,2191,3.0,6,0,1,18,2,1,0.0,0.0,0.0,0.0,14.0,2.0,0.0,1.0,0.0,0
3971,9921,4.0,16,0,2,48,3,2,0.0,0.0,0.0,0.0,35.0,6.0,0.0,6.0,0.0,0
3972,18972,3.0,2,0,3,26,3,3,0.0,0.0,0.0,0.0,13.0,5.0,0.0,5.0,2.0,1
3973,6668,4.0,13,6,3,56,3,3,4.0,0.0,2.0,0.0,35.0,6.0,2.0,6.0,0.0,0
3974,2070,4.0,17,10,2,71,4,4,9.0,0.0,0.0,0.0,45.0,8.0,1.0,7.0,0.0,0
3975,8163,4.0,16,10,1,60,3,3,9.0,0.0,0.0,0.0,34.0,8.0,1.0,7.0,0.0,0
3976,16735,3.0,8,0,2,26,2,2,0.0,0.0,0.0,0.0,18.0,4.0,0.0,3.0,0.0,1
3977,7593,4.0,14,0,2,47,4,1,0.0,0.0,0.0,0.0,37.0,4.0,0.0,4.0,1.0,0
3978,6302,4.0,20,0,2,58,3,1,0.0,0.0,0.0,0.0,41.0,8.0,0.0,8.0,0.0,0
3979,15759,3.0,6,0,1,19,2,2,0.0,0.0,0.0,0.0,13.0,3.0,0.0,2.0,0.0,1
3980,5909,3.0,8,0,1,28,3,3,0.0,0.0,0.0,0.0,18.0,5.0,0.0,4.0,0.0,0
3981,10715,4.0,10,0,3,41,4,3,0.0,0.0,0.0,0.0,24.0,7.0,0.0,7.0,2.0,1
3982,19804,4.0,16,10,10,77,3,7,6.0,0.0,4.0,0.0,40.0,8.0,4.0,8.0,6.0,1
3983,17992,4.0,9,0,3,42,2,3,0.0,0.0,0.0,0.0,29.0,6.0,0.0,6.0,0.0,1
3984,12214,3.0,6,0,1,25,3,4,0.0,0.0,0.0,0.0,15.0,4.0,0.0,3.0,2.0,1
3985,15594,3.0,9,0,3,26,1,0,0.0,0.0,0.0,0.0,19.0,3.0,0.0,3.0,0.0,1
3986,7581,4.0,9,0,1,37,3,3,0.0,0.0,0.0,0.0,26.0,5.0,0.0,5.0,0.0,0
3987,4047,4.0,13,6,1,47,3,2,5.0,0.0,0.0,1.0,24.0,8.0,0.0,8.0,0.0,0
3988,13071,3.0,5,0,1,18,1,0,0.0,0.0,0.0,0.0,15.0,1.0,0.0,1.0,0.0,1
3989,13211,4.0,39,7,3,133,8,3,4.0,0.0,2.0,0.0,84.0,19.0,3.0,18.0,2.0,1
3990,13586,3.0,5,4,2,27,2,2,3.0,0.0,0.0,1.0,14.0,4.0,0.0,4.0,0.0,1
3991,5298,4.0,21,0,7,85,7,3,0.0,0.0,0.0,0.0,56.0,13.0,0.0,13.0,2.0,0
3992,2322,4.0,13,6,1,54,3,3,4.0,2.0,0.0,2.0,29.0,8.0,0.0,8.0,0.0,0
3993,4240,4.0,11,13,2,52,3,2,10.0,2.0,1.0,2.0,27.0,4.0,1.0,4.0,0.0,0
3994,11063,4.0,10,0,3,41,2,2,0.0,0.0,0.0,0.0,30.0,5.0,0.0,5.0,0.0,1
3995,19889,4.0,36,12,3,141,8,3,6.0,1.0,4.0,2.0,83.0,19.0,4.0,19.0,2.0,1
3996,6745,4.0,13,0,2,42,2,2,0.0,0.0,0.0,0.0,34.0,4.0,0.0,3.0,0.0,0
3997,2492,4.0,16,0,2,44,2,2,0.0,0.0,0.0,0.0,35.0,4.0,0.0,4.0,0.0,0
3998,7612,4.0,16,0,2,52,6,1,0.0,0.0,0.0,0.0,35.0,8.0,0.0,8.0,0.0,0
3999,6902,3.0,12,0,2,38,3,2,0.0,0.0,0.0,0.0,25.0,6.0,0.0,6.0,0.0,0
4000,9769,4.0,12,5,2,46,2,3,4.0,0.0,1.0,1.0,30.0,4.0,0.0,5.0,0.0,0
4001,5234,4.0,6,0,1,22,3,1,0.0,0.0,0.0,0.0,13.0,4.0,0.0,4.0,0.0,0
4002,9069,4.0,12,11,1,47,3,3,10.0,0.0,0.0,0.0,26.0,5.0,1.0,4.0,0.0,0
4003,3272,4.0,13,0,2,36,3,2,0.0,0.0,0.0,0.0,26.0,5.0,0.0,4.0,0.0,0
4004,10141,4.0,9,14,8,69,6,5,8.0,0.0,5.0,1.0,25.0,11.0,5.0,11.0,2.0,1
4005,5273,4.0,8,7,2,34,2,1,6.0,0.0,1.0,0.0,21.0,2.0,1.0,2.0,0.0,0
4006,17906,4.0,19,0,3,69,4,4,0.0,0.0,0.0,0.0,44.0,11.0,0.0,11.0,2.0,1
4007,2889,4.0,8,0,3,32,3,3,0.0,0.0,0.0,0.0,20.0,5.0,0.0,5.0,1.0,0
4008,19839,4.0,15,23,3,76,4,4,12.0,10.0,1.0,10.0,27.0,6.0,1.0,6.0,2.0,1
4009,788,4.0,18,10,2,73,5,2,7.0,0.0,2.0,0.0,45.0,8.0,3.0,7.0,0.0,0
4010,15122,4.0,20,0,2,65,3,7,0.0,0.0,0.0,0.0,47.0,8.0,0.0,7.0,2.0,1
4011,3347,4.0,36,22,4,165,6,10,12.0,6.0,4.0,5.0,89.0,20.0,5.0,19.0,4.0,0
4012,17455,4.0,24,2,3,86,7,3,0.0,0.0,1.0,0.0,55.0,13.0,2.0,12.0,2.0,1
4013,14146,4.0,38,9,2,141,7,3,5.0,0.0,4.0,1.0,85.0,20.0,3.0,20.0,2.0,1
4014,11564,3.0,8,0,3,39,4,3,0.0,0.0,0.0,0.0,24.0,6.0,0.0,6.0,2.0,1
4015,12551,3.0,10,0,3,34,2,1,0.0,0.0,0.0,0.0,25.0,4.0,0.0,4.0,0.0,1
4016,17659,4.0,12,3,3,58,7,4,1.0,0.0,1.0,0.0,32.0,10.0,2.0,9.0,2.0,1
4017,12374,3.0,10,0,3,36,2,2,0.0,0.0,0.0,0.0,25.0,5.0,0.0,5.0,0.0,1
4018,19468,4.0,17,0,3,66,4,4,0.0,0.0,0.0,0.0,47.0,8.0,0.0,8.0,2.0,1
4019,17960,3.0,7,0,2,19,1,0,0.0,0.0,0.0,0.0,14.0,2.0,0.0,2.0,0.0,1
4020,6196,4.0,34,0,1,104,4,4,0.0,0.0,0.0,0.0,75.0,13.0,0.0,13.0,2.0,0
4021,7694,4.0,15,17,1,106,8,5,1.0,2.0,13.0,12.0,32.0,14.0,4.0,23.0,4.0,0
4022,6028,4.0,11,4,2,43,3,3,3.0,0.0,1.0,0.0,27.0,5.0,1.0,5.0,0.0,0
4023,3377,4.0,11,5,2,41,3,2,4.0,0.0,1.0,0.0,26.0,4.0,1.0,4.0,0.0,0
4024,583,4.0,18,21,3,88,3,5,12.0,7.0,2.0,4.0,40.0,10.0,5.0,7.0,0.0,0
4025,9972,4.0,11,0,2,38,3,1,0.0,0.0,0.0,0.0,29.0,4.0,0.0,4.0,0.0,0
4026,10880,4.0,10,2,3,48,4,6,0.0,1.0,0.0,1.0,25.0,9.0,1.0,8.0,2.0,1
4027,15774,4.0,11,4,3,50,4,7,1.0,0.0,3.0,0.0,26.0,7.0,3.0,7.0,2.0,1
4028,349,4.0,24,0,1,73,3,2,0.0,0.0,0.0,0.0,56.0,8.0,0.0,8.0,0.0,0
4029,10782,4.0,13,5,3,51,4,4,3.0,2.0,0.0,1.0,28.0,7.0,1.0,6.0,2.0,1
4030,11942,3.0,9,0,1,31,2,3,0.0,0.0,0.0,0.0,23.0,4.0,0.0,3.0,0.0,1
4031,8005,4.0,23,8,2,106,3,5,5.0,0.0,3.0,0.0,67.0,14.0,3.0,13.0,0.0,0
4032,3349,4.0,30,8,3,99,2,9,7.0,0.0,1.0,0.0,67.0,11.0,1.0,11.0,0.0,0
4033,19433,4.0,14,5,3,52,4,4,4.0,1.0,0.0,0.0,30.0,7.0,1.0,6.0,2.0,1
4034,801,4.0,9,3,1,29,3,2,2.0,1.0,0.0,0.0,17.0,4.0,0.0,4.0,0.0,0
4035,3531,3.0,9,2,1,30,2,3,1.0,0.0,0.0,0.0,20.0,4.0,1.0,3.0,0.0,0
4036,17641,4.0,19,3,3,75,7,3,1.0,0.0,1.0,1.0,46.0,11.0,1.0,11.0,2.0,1
4037,9173,4.0,15,2,1,45,2,2,1.0,1.0,0.0,1.0,35.0,3.0,0.0,3.0,0.0,0
4038,18065,4.0,20,3,1,72,4,7,2.0,0.0,1.0,1.0,50.0,7.0,0.0,8.0,2.0,1
4039,19036,4.0,10,8,3,45,3,5,5.0,0.0,3.0,0.0,22.0,6.0,3.0,5.0,0.0,1
4040,5173,4.0,11,10,1,47,3,4,9.0,0.0,1.0,0.0,26.0,5.0,1.0,4.0,0.0,0
4041,10772,3.0,6,2,3,29,2,3,1.0,0.0,1.0,1.0,15.0,5.0,0.0,5.0,0.0,1
4042,15099,4.0,9,2,2,48,7,3,0.0,0.0,1.0,1.0,26.0,8.0,1.0,8.0,2.0,1
4043,13989,4.0,11,5,3,48,4,4,3.0,1.0,1.0,1.0,26.0,6.0,1.0,6.0,2.0,1
4044,18672,4.0,7,2,1,33,3,4,0.0,2.0,0.0,2.0,18.0,4.0,0.0,4.0,2.0,1
4045,3091,3.0,4,7,1,24,2,3,6.0,0.0,1.0,1.0,9.0,3.0,0.0,3.0,0.0,0
4046,13254,3.0,5,4,2,27,2,2,3.0,0.0,0.0,1.0,14.0,4.0,0.0,4.0,0.0,1
4047,7709,4.0,9,2,1,35,2,3,0.0,2.0,0.0,2.0,22.0,4.0,0.0,4.0,0.0,0
4048,6853,4.0,24,9,2,83,6,3,8.0,0.0,0.0,0.0,52.0,11.0,1.0,10.0,0.0,0
4049,2756,3.0,6,0,1,19,2,1,0.0,0.0,0.0,0.0,15.0,2.0,0.0,1.0,0.0,0
4050,6458,4.0,27,14,2,103,3,1,11.0,0.0,3.0,0.0,60.0,13.0,3.0,12.0,0.0,0
4051,18274,4.0,10,2,3,45,4,4,1.0,0.0,0.0,0.0,27.0,7.0,1.0,6.0,2.0,1
4052,1616,3.0,13,0,1,36,2,3,0.0,0.0,0.0,0.0,28.0,4.0,0.0,3.0,0.0,0
4053,6942,3.0,10,0,1,36,2,2,0.0,0.0,0.0,0.0,30.0,3.0,0.0,2.0,0.0,0
4054,11886,4.0,3,10,3,32,3,4,6.0,0.0,4.0,0.0,11.0,2.0,4.0,2.0,2.0,1
4055,14378,4.0,9,2,2,36,2,3,1.0,0.0,1.0,1.0,24.0,4.0,0.0,4.0,0.0,1
4056,16350,4.0,7,4,2,39,3,4,2.0,1.0,1.0,1.0,22.0,4.0,1.0,4.0,2.0,1
4057,16423,4.0,8,0,5,42,3,3,0.0,0.0,0.0,0.0,23.0,9.0,0.0,9.0,0.0,1
4058,5087,4.0,15,0,3,43,3,2,0.0,0.0,0.0,0.0,30.0,6.0,0.0,6.0,0.0,0
4059,10025,4.0,13,0,3,52,3,2,0.0,0.0,0.0,0.0,37.0,7.0,0.0,7.0,0.0,1
4060,15197,4.0,5,4,2,27,2,2,3.0,0.0,0.0,1.0,14.0,4.0,0.0,4.0,0.0,1
4061,8077,4.0,12,0,1,35,3,2,0.0,0.0,0.0,0.0,27.0,4.0,0.0,3.0,0.0,0
4062,11031,4.0,23,35,3,132,8,3,19.0,1.0,14.0,1.0,52.0,14.0,15.0,13.0,2.0,1
4063,14543,4.0,10,0,1,45,4,6,0.0,0.0,0.0,0.0,27.0,8.0,0.0,7.0,2.0,1
4064,19420,4.0,6,1,3,42,3,3,0.0,1.0,0.0,1.0,26.0,6.0,0.0,6.0,1.0,1
4065,8974,3.0,4,7,1,24,2,3,6.0,0.0,1.0,1.0,9.0,3.0,0.0,3.0,0.0,0
4066,10067,4.0,9,0,3,44,3,3,0.0,0.0,0.0,0.0,31.0,5.0,0.0,5.0,2.0,1
4067,9481,4.0,13,0,1,37,3,2,0.0,0.0,0.0,0.0,27.0,5.0,0.0,4.0,0.0,0
4068,10556,3.0,7,0,1,15,1,0,0.0,0.0,0.0,0.0,12.0,1.0,0.0,1.0,0.0,1
4069,2401,4.0,18,0,5,60,3,2,0.0,0.0,0.0,0.0,41.0,9.0,0.0,9.0,0.0,0
4070,8736,3.0,16,0,2,43,3,1,0.0,0.0,0.0,0.0,32.0,5.0,0.0,5.0,0.0,0
4071,14494,4.0,10,0,5,54,3,4,0.0,0.0,0.0,0.0,33.0,10.0,0.0,10.0,0.0,1
4072,11424,5.0,82,60,6,486,8,9,18.0,34.0,7.0,34.0,303.0,37.0,8.0,36.0,8.0,1
4073,19390,3.0,6,0,1,14,1,0,0.0,0.0,0.0,0.0,11.0,1.0,0.0,1.0,0.0,1
4074,11427,3.0,8,0,1,18,2,0,0.0,0.0,0.0,0.0,13.0,2.0,0.0,2.0,0.0,1
4075,14681,4.0,25,4,3,94,7,3,2.0,0.0,1.0,0.0,61.0,13.0,2.0,12.0,2.0,1
4076,9998,3.0,8,0,2,18,2,1,0.0,0.0,0.0,0.0,12.0,3.0,0.0,2.0,0.0,0
4077,7232,4.0,71,167,20,417,6,3,104.0,60.0,2.0,59.0,138.0,25.0,4.0,23.0,1.0,0
4078,3878,3.0,13,0,1,34,2,2,0.0,0.0,0.0,0.0,27.0,3.0,0.0,3.0,0.0,0
4079,6912,4.0,15,0,1,58,3,4,0.0,0.0,0.0,0.0,42.0,8.0,0.0,7.0,0.0,0
4080,18806,4.0,6,0,2,32,3,3,0.0,0.0,0.0,0.0,21.0,4.0,0.0,4.0,2.0,1
4081,1702,4.0,14,8,1,54,6,2,7.0,0.0,1.0,0.0,33.0,6.0,1.0,5.0,0.0,0
4082,12035,4.0,12,1,3,46,3,4,0.0,0.0,0.0,0.0,31.0,6.0,1.0,5.0,2.0,1
4083,5641,4.0,9,0,2,31,2,2,0.0,0.0,0.0,0.0,22.0,4.0,0.0,4.0,0.0,0
4084,13725,3.0,5,0,3,23,3,1,0.0,0.0,0.0,0.0,13.0,4.0,0.0,4.0,1.0,1
4085,1124,4.0,24,7,2,91,4,5,6.0,0.0,1.0,0.0,56.0,12.0,1.0,12.0,2.0,0
4086,4521,4.0,37,17,1,121,4,4,8.0,1.0,8.0,3.0,61.0,16.0,6.0,17.0,0.0,0
4087,16333,4.0,25,5,3,96,7,3,2.0,1.0,1.0,1.0,57.0,15.0,2.0,14.0,2.0,1
4088,3541,3.0,11,3,1,32,3,2,2.0,1.0,0.0,0.0,20.0,4.0,0.0,4.0,0.0,0
4089,11921,4.0,6,1,3,34,3,2,0.0,1.0,0.0,1.0,20.0,5.0,0.0,5.0,1.0,1
4090,7764,5.0,19,18,2,95,5,5,12.0,5.0,1.0,2.0,47.0,11.0,4.0,8.0,4.0,0
4091,11760,3.0,5,0,1,20,3,2,0.0,0.0,0.0,0.0,12.0,4.0,0.0,3.0,0.0,1
4092,9763,3.0,4,4,2,21,2,1,3.0,0.0,1.0,1.0,10.0,2.0,0.0,3.0,0.0,0
4093,14319,5.0,34,28,3,273,7,3,5.0,23.0,0.0,23.0,193.0,13.0,0.0,12.0,3.0,1
4094,11132,4.0,33,7,4,126,8,3,4.0,0.0,2.0,0.0,77.0,19.0,3.0,18.0,2.0,1
4095,19766,4.0,29,2,2,94,7,3,0.0,0.0,1.0,0.0,63.0,13.0,2.0,12.0,2.0,1
4096,2211,3.0,10,0,2,26,2,1,0.0,0.0,0.0,0.0,20.0,3.0,0.0,2.0,0.0,0
4097,12723,4.0,49,4,3,164,8,3,0.0,0.0,3.0,0.0,108.0,23.0,4.0,22.0,3.0,1
4098,13496,4.0,27,4,3,98,7,3,2.0,0.0,1.0,0.0,61.0,15.0,2.0,14.0,2.0,1
4099,3133,4.0,19,0,2,54,3,1,0.0,0.0,0.0,0.0,41.0,6.0,0.0,6.0,0.0,0
4100,13941,3.0,2,16,4,34,3,3,11.0,0.0,5.0,0.0,6.0,2.0,5.0,2.0,2.0,1
4101,15942,3.0,5,0,3,26,2,1,0.0,0.0,0.0,0.0,17.0,4.0,0.0,4.0,0.0,1
4102,14471,3.0,7,0,1,19,1,0,0.0,0.0,0.0,0.0,16.0,1.0,0.0,1.0,0.0,1
4103,19975,4.0,24,2,4,85,7,3,0.0,0.0,1.0,0.0,52.0,14.0,2.0,13.0,2.0,1
4104,5938,4.0,14,2,2,51,5,2,1.0,0.0,0.0,1.0,34.0,7.0,0.0,7.0,0.0,0
4105,4320,3.0,7,2,2,24,2,1,1.0,0.0,1.0,1.0,16.0,2.0,0.0,2.0,0.0,0
4106,10032,4.0,27,2,3,94,4,7,1.0,0.0,1.0,0.0,64.0,12.0,1.0,12.0,2.0,1
4107,19789,4.0,11,0,3,42,3,5,0.0,0.0,0.0,0.0,25.0,7.0,0.0,7.0,2.0,1
4108,2107,4.0,10,3,1,31,4,1,0.0,3.0,0.0,3.0,16.0,4.0,0.0,4.0,0.0,0
4109,15798,4.0,13,18,2,66,4,4,10.0,7.0,1.0,7.0,27.0,5.0,1.0,5.0,2.0,1
4110,9377,4.0,10,1,1,33,5,1,0.0,0.0,0.0,0.0,23.0,4.0,1.0,3.0,1.0,0
4111,3034,4.0,19,4,1,67,3,7,3.0,0.0,1.0,0.0,44.0,9.0,1.0,8.0,0.0,0
4112,15915,4.0,15,10,6,54,1,0,9.0,0.0,1.0,0.0,32.0,5.0,1.0,5.0,0.0,1
4113,15937,4.0,10,3,2,34,2,2,2.0,0.0,1.0,1.0,23.0,3.0,0.0,3.0,0.0,1
4114,7062,3.0,12,0,2,46,3,3,0.0,0.0,0.0,0.0,33.0,6.0,0.0,6.0,0.0,0
4115,4663,3.0,9,0,2,32,2,1,0.0,0.0,0.0,0.0,25.0,3.0,0.0,3.0,0.0,0
4116,16166,4.0,8,8,2,38,3,3,5.0,2.0,1.0,2.0,18.0,3.0,1.0,3.0,2.0,1
4117,16815,3.0,8,0,1,29,3,5,0.0,0.0,0.0,0.0,17.0,5.0,0.0,4.0,2.0,1
4118,2367,4.0,32,0,3,87,3,2,0.0,0.0,0.0,0.0,66.0,10.0,0.0,10.0,0.0,0
4119,9721,3.0,6,0,1,15,2,1,0.0,0.0,0.0,0.0,11.0,2.0,0.0,1.0,0.0,0
4120,12216,4.0,12,6,2,60,5,5,4.0,1.0,1.0,1.0,34.0,7.0,1.0,7.0,3.0,1
4121,440,4.0,28,6,2,76,5,2,5.0,0.0,0.0,1.0,49.0,10.0,0.0,10.0,0.0,0
4122,18411,4.0,9,3,4,45,5,3,2.0,0.0,0.0,0.0,24.0,8.0,1.0,7.0,2.0,1
4123,17984,4.0,19,1,3,69,7,3,0.0,0.0,0.0,0.0,42.0,12.0,1.0,11.0,2.0,1
4124,14415,4.0,28,0,1,97,6,4,0.0,0.0,0.0,0.0,76.0,9.0,0.0,9.0,2.0,1
4125,832,4.0,8,4,1,31,4,1,1.0,3.0,0.0,3.0,15.0,4.0,0.0,4.0,0.0,0
4126,17479,4.0,13,6,3,67,6,5,5.0,0.0,1.0,0.0,37.0,10.0,1.0,10.0,2.0,1
4127,3064,3.0,13,0,1,35,3,3,0.0,0.0,0.0,0.0,25.0,5.0,0.0,4.0,0.0,0
4128,7714,4.0,18,0,3,65,3,2,0.0,0.0,0.0,0.0,45.0,9.0,0.0,9.0,1.0,0
4129,16111,3.0,14,0,1,47,3,5,0.0,0.0,0.0,0.0,35.0,5.0,0.0,4.0,2.0,1
4130,1224,3.0,7,0,2,18,3,1,0.0,0.0,0.0,0.0,10.0,4.0,0.0,3.0,0.0,0
4131,15029,4.0,39,0,2,118,6,9,0.0,0.0,0.0,0.0,90.0,12.0,0.0,12.0,3.0,1
4132,2592,4.0,22,0,2,69,5,1,0.0,0.0,0.0,0.0,52.0,8.0,0.0,8.0,0.0,0
4133,3247,4.0,10,0,2,39,3,1,0.0,0.0,0.0,0.0,30.0,4.0,0.0,4.0,0.0,0
4134,6849,4.0,16,0,1,56,3,2,0.0,0.0,0.0,0.0,37.0,9.0,0.0,9.0,0.0,0
4135,8023,4.0,20,7,5,89,7,3,4.0,2.0,0.0,2.0,48.0,15.0,1.0,14.0,2.0,0
4136,12672,4.0,23,2,2,84,7,4,1.0,0.0,1.0,0.0,56.0,11.0,1.0,11.0,2.0,1
4137,13310,4.0,11,0,1,37,3,4,0.0,0.0,0.0,0.0,26.0,4.0,0.0,4.0,2.0,1
4138,19957,4.0,12,4,2,44,3,4,2.0,2.0,0.0,1.0,26.0,5.0,1.0,4.0,2.0,1
4139,2691,4.0,23,10,1,72,4,1,8.0,0.0,2.0,0.0,45.0,7.0,2.0,7.0,0.0,0
4140,13677,4.0,4,0,2,27,3,3,0.0,0.0,0.0,0.0,16.0,4.0,0.0,4.0,2.0,1
4141,11567,4.0,11,39,2,92,5,5,22.0,15.0,2.0,15.0,24.0,4.0,2.0,3.0,4.0,1
4142,10441,3.0,9,0,3,41,3,3,0.0,0.0,0.0,0.0,26.0,7.0,0.0,7.0,0.0,1
4143,11478,4.0,6,1,3,39,2,2,0.0,1.0,0.0,1.0,26.0,5.0,0.0,5.0,0.0,1
4144,17534,4.0,6,8,2,44,4,4,5.0,0.0,2.0,1.0,21.0,5.0,2.0,5.0,2.0,1
4145,10856,2.0,6,0,1,13,1,0,0.0,0.0,0.0,0.0,10.0,1.0,0.0,1.0,0.0,1
4146,16443,4.0,8,0,3,32,2,2,0.0,0.0,0.0,0.0,22.0,5.0,0.0,4.0,0.0,1
4147,14604,4.0,11,6,3,46,3,4,4.0,0.0,2.0,1.0,26.0,4.0,1.0,5.0,2.0,1
4148,9148,4.0,21,7,1,78,3,3,5.0,0.0,2.0,0.0,51.0,9.0,2.0,8.0,0.0,0
4149,16840,3.0,15,0,3,52,4,3,0.0,0.0,0.0,0.0,37.0,6.0,0.0,6.0,2.0,1
4150,15445,4.0,27,18,2,114,8,3,10.0,0.0,8.0,0.0,59.0,13.0,8.0,13.0,2.0,1
4151,9552,3.0,8,0,2,21,2,1,0.0,0.0,0.0,0.0,15.0,3.0,0.0,2.0,0.0,0
4152,3196,4.0,30,8,1,108,3,6,5.0,0.0,3.0,0.0,69.0,14.0,3.0,13.0,0.0,0
4153,19512,3.0,11,0,2,32,2,2,0.0,0.0,0.0,0.0,24.0,4.0,0.0,3.0,0.0,1
4154,14645,4.0,10,8,2,39,4,2,6.0,1.0,0.0,0.0,19.0,6.0,2.0,4.0,0.0,1
4155,486,4.0,14,2,2,49,3,3,1.0,1.0,0.0,0.0,34.0,6.0,1.0,5.0,0.0,0
4156,16273,3.0,3,12,4,35,3,4,7.0,0.0,4.0,1.0,10.0,3.0,4.0,3.0,2.0,1
4157,13934,4.0,8,1,2,45,4,4,0.0,0.0,0.0,0.0,30.0,6.0,1.0,5.0,2.0,1
4158,783,4.0,8,2,1,31,4,1,0.0,2.0,0.0,1.0,19.0,4.0,1.0,3.0,0.0,0
4159,6596,4.0,9,10,1,40,2,4,9.0,0.0,1.0,0.0,21.0,4.0,1.0,3.0,0.0,0
4160,13381,4.0,26,7,5,107,7,6,4.0,0.0,2.0,0.0,63.0,16.0,3.0,15.0,3.0,1
4161,16006,4.0,37,5,3,111,7,3,2.0,0.0,2.0,0.0,70.0,16.0,3.0,15.0,2.0,1
4162,19761,4.0,19,3,3,70,7,3,2.0,0.0,0.0,0.0,45.0,10.0,1.0,9.0,2.0,1
4163,3238,4.0,21,10,1,84,4,3,9.0,0.0,0.0,0.0,44.0,14.0,1.0,13.0,2.0,0
4164,14662,4.0,26,3,2,104,8,4,2.0,0.0,1.0,0.0,69.0,14.0,1.0,14.0,2.0,1
4165,873,4.0,22,4,1,70,3,2,3.0,0.0,1.0,0.0,49.0,8.0,1.0,7.0,0.0,0
4166,13702,4.0,11,0,3,50,3,3,0.0,0.0,0.0,0.0,37.0,5.0,0.0,5.0,2.0,1
4167,2047,4.0,15,21,1,87,3,12,11.0,6.0,3.0,6.0,37.0,9.0,4.0,8.0,2.0,0
4168,104,4.0,8,10,1,40,2,4,9.0,0.0,1.0,0.0,21.0,4.0,1.0,3.0,0.0,0
4169,12896,3.0,8,0,2,31,3,3,0.0,0.0,0.0,0.0,19.0,6.0,0.0,5.0,0.0,1
4170,13441,4.0,8,23,2,63,4,5,15.0,3.0,5.0,4.0,21.0,4.0,4.0,4.0,2.0,1
4171,1915,4.0,11,0,3,41,2,2,0.0,0.0,0.0,0.0,30.0,5.0,0.0,5.0,0.0,0
4172,6499,4.0,39,33,14,169,3,1,21.0,12.0,0.0,11.0,90.0,17.0,1.0,16.0,0.0,0
4173,5684,4.0,19,0,1,53,3,3,0.0,0.0,0.0,0.0,42.0,5.0,0.0,5.0,0.0,0
4174,6728,4.0,6,2,1,27,3,2,1.0,0.0,1.0,1.0,15.0,4.0,0.0,4.0,0.0,0
4175,3632,3.0,4,0,1,21,3,1,0.0,0.0,0.0,0.0,15.0,3.0,0.0,2.0,0.0,0
4176,109,4.0,9,2,1,31,4,1,0.0,2.0,0.0,2.0,18.0,4.0,0.0,4.0,0.0,0
4177,2138,4.0,9,9,1,43,3,3,8.0,1.0,0.0,0.0,19.0,7.0,1.0,6.0,0.0,0
4178,18693,4.0,25,1,1,86,4,6,0.0,0.0,1.0,0.0,67.0,7.0,1.0,7.0,2.0,1
4179,11726,3.0,6,0,1,18,1,0,0.0,0.0,0.0,0.0,15.0,1.0,0.0,1.0,0.0,1
4180,8934,4.0,8,6,3,48,2,2,4.0,0.0,2.0,1.0,32.0,3.0,1.0,4.0,0.0,0
4181,669,4.0,16,8,2,68,3,5,5.0,0.0,3.0,0.0,36.0,10.0,3.0,10.0,0.0,0
4182,16334,3.0,3,0,2,21,2,2,0.0,0.0,0.0,0.0,13.0,4.0,0.0,3.0,0.0,1
4183,17703,4.0,33,8,3,125,8,3,4.0,0.0,4.0,0.0,74.0,18.0,4.0,18.0,2.0,1
4184,18964,3.0,12,0,1,33,2,0,0.0,0.0,0.0,0.0,26.0,3.0,0.0,3.0,0.0,1
4185,3324,4.0,15,0,2,47,3,3,0.0,0.0,0.0,0.0,32.0,7.0,0.0,7.0,0.0,0
4186,19274,4.0,24,4,3,86,8,3,2.0,0.0,1.0,0.0,51.0,14.0,2.0,13.0,2.0,1
4187,4480,4.0,29,7,1,116,4,5,5.0,0.0,2.0,1.0,67.0,18.0,1.0,19.0,2.0,0
4188,15336,5.0,37,26,3,254,8,3,4.0,22.0,0.0,22.0,177.0,13.0,0.0,13.0,2.0,1
4189,1439,4.0,11,0,1,47,3,3,0.0,0.0,0.0,0.0,32.0,7.0,0.0,7.0,0.0,0
4190,12441,4.0,11,0,3,46,3,5,0.0,0.0,0.0,0.0,29.0,7.0,0.0,7.0,2.0,1
4191,12280,3.0,14,0,1,45,3,4,0.0,0.0,0.0,0.0,34.0,4.0,0.0,4.0,2.0,1
4192,6574,4.0,8,10,2,40,3,1,8.0,0.0,2.0,1.0,20.0,3.0,1.0,4.0,0.0,0
4193,4811,4.0,5,0,3,33,2,3,0.0,0.0,0.0,0.0,20.0,6.0,0.0,6.0,0.0,0
4194,11040,4.0,22,12,2,82,3,3,2.0,10.0,0.0,10.0,50.0,4.0,0.0,3.0,2.0,1
4195,14118,4.0,20,0,4,79,6,3,0.0,0.0,0.0,0.0,56.0,10.0,0.0,10.0,2.0,1
4196,9353,4.0,12,0,1,46,5,1,0.0,0.0,0.0,0.0,32.0,6.0,0.0,6.0,1.0,0
4197,6131,5.0,46,7,2,175,3,4,6.0,0.0,1.0,1.0,114.0,25.0,0.0,26.0,1.0,0
4198,12367,5.0,19,17,1,84,3,3,6.0,10.0,0.0,11.0,48.0,3.0,0.0,3.0,2.0,1
4199,13199,4.0,17,1,2,63,6,4,0.0,0.0,0.0,0.0,40.0,10.0,1.0,9.0,2.0,1
4200,16778,4.0,23,34,2,124,8,3,19.0,0.0,14.0,0.0,48.0,13.0,15.0,12.0,2.0,1
4201,12705,4.0,24,33,4,138,8,3,18.0,0.0,14.0,0.0,57.0,16.0,15.0,15.0,2.0,1
4202,18994,4.0,22,6,3,100,7,4,3.0,0.0,3.0,0.0,63.0,13.0,3.0,12.0,2.0,1
4203,7332,4.0,11,2,1,48,3,3,0.0,1.0,1.0,2.0,31.0,6.0,0.0,6.0,0.0,0
4204,12290,4.0,14,0,2,65,4,4,0.0,0.0,0.0,0.0,42.0,10.0,0.0,10.0,2.0,1
4205,1834,4.0,10,3,1,37,4,4,2.0,0.0,1.0,0.0,20.0,6.0,1.0,6.0,0.0,0
4206,9378,3.0,10,0,1,30,2,2,0.0,0.0,0.0,0.0,24.0,3.0,0.0,2.0,0.0,0
4207,17009,4.0,17,0,3,64,4,5,0.0,0.0,0.0,0.0,43.0,9.0,0.0,9.0,2.0,1
4208,11685,3.0,0,10,3,25,3,3,6.0,0.0,4.0,0.0,6.0,1.0,4.0,1.0,2.0,1
4209,14429,3.0,8,0,2,36,4,3,0.0,0.0,0.0,0.0,23.0,5.0,0.0,5.0,2.0,1
4210,19844,5.0,85,25,4,335,10,18,9.0,8.0,7.0,10.0,221.0,33.0,6.0,34.0,6.0,1
4211,18193,4.0,5,4,3,37,5,3,3.0,0.0,0.0,0.0,17.0,7.0,1.0,6.0,2.0,1
4212,11251,3.0,13,0,3,41,2,3,0.0,0.0,0.0,0.0,29.0,6.0,0.0,5.0,0.0,1
4213,12442,4.0,16,1,1,62,6,5,0.0,0.0,1.0,1.0,43.0,6.0,0.0,7.0,3.0,1
4214,11187,4.0,5,3,3,38,3,5,1.0,0.0,2.0,2.0,18.0,5.0,0.0,7.0,2.0,1
4215,18781,4.0,41,6,3,149,8,3,3.0,0.0,2.0,0.0,97.0,21.0,3.0,20.0,2.0,1
4216,3003,4.0,30,8,2,90,3,4,7.0,0.0,1.0,0.0,62.0,9.0,1.0,9.0,0.0,0
4217,8215,4.0,12,6,2,51,6,1,5.0,0.0,1.0,0.0,27.0,8.0,1.0,8.0,0.0,0
4218,17349,3.0,6,0,1,19,1,0,0.0,0.0,0.0,0.0,16.0,1.0,0.0,1.0,0.0,1
4219,5389,4.0,11,0,2,41,4,1,0.0,0.0,0.0,0.0,28.0,6.0,0.0,6.0,0.0,0
4220,14763,5.0,32,14,4,231,6,6,0.0,14.0,0.0,14.0,172.0,14.0,0.0,13.0,3.0,1
4221,1309,4.0,17,10,1,53,2,4,9.0,0.0,1.0,1.0,33.0,4.0,0.0,4.0,0.0,0
4222,14091,3.0,8,0,1,20,1,0,0.0,0.0,0.0,0.0,17.0,1.0,0.0,1.0,0.0,1
4223,3475,4.0,9,3,2,38,3,1,2.0,1.0,0.0,0.0,24.0,5.0,0.0,5.0,0.0,0
4224,789,4.0,10,4,2,49,3,4,3.0,0.0,1.0,0.0,24.0,10.0,1.0,9.0,0.0,0
4225,17896,3.0,16,0,2,45,3,3,0.0,0.0,0.0,0.0,32.0,6.0,0.0,6.0,0.0,1
4226,12430,4.0,8,0,3,29,3,2,0.0,0.0,0.0,0.0,17.0,5.0,0.0,5.0,1.0,1
4227,7740,3.0,4,7,1,25,2,3,6.0,0.0,1.0,1.0,10.0,3.0,0.0,3.0,0.0,0
4228,3284,4.0,22,8,5,111,8,5,0.0,6.0,2.0,2.0,50.0,20.0,6.0,16.0,8.0,0
4229,15024,4.0,10,0,2,37,4,3,0.0,0.0,0.0,0.0,24.0,5.0,0.0,5.0,2.0,1
4230,2514,4.0,15,13,2,62,3,4,12.0,0.0,0.0,0.0,33.0,8.0,1.0,7.0,0.0,0
4231,11635,4.0,11,0,3,48,4,4,0.0,0.0,0.0,0.0,29.0,8.0,0.0,8.0,2.0,1
4232,16624,4.0,12,0,3,47,6,3,0.0,0.0,0.0,0.0,28.0,8.0,0.0,8.0,2.0,1
4233,15415,4.0,12,2,3,59,6,5,1.0,0.0,0.0,0.0,35.0,10.0,1.0,9.0,2.0,1
4234,13736,4.0,35,7,3,126,8,3,4.0,0.0,2.0,0.0,77.0,19.0,3.0,18.0,2.0,1
4235,14618,3.0,1,12,4,26,3,3,7.0,0.0,5.0,0.0,3.0,1.0,5.0,1.0,3.0,1
4236,9258,4.0,13,8,2,60,3,7,5.0,0.0,3.0,0.0,34.0,7.0,3.0,7.0,0.0,0
4237,6227,3.0,9,0,1,32,3,2,0.0,0.0,0.0,0.0,23.0,4.0,0.0,4.0,0.0,0
4238,16394,3.0,7,0,2,35,3,4,0.0,0.0,0.0,0.0,22.0,5.0,0.0,5.0,2.0,1
4239,10961,3.0,7,0,2,22,1,0,0.0,0.0,0.0,0.0,17.0,2.0,0.0,2.0,0.0,1
4240,8791,4.0,39,60,13,190,3,1,36.0,21.0,3.0,20.0,73.0,17.0,4.0,15.0,0.0,0
4241,19105,3.0,16,0,3,56,3,4,0.0,0.0,0.0,0.0,41.0,6.0,0.0,6.0,2.0,1
4242,11102,3.0,9,0,2,41,2,4,0.0,0.0,0.0,0.0,28.0,6.0,0.0,6.0,0.0,1
4243,5006,3.0,8,0,1,25,2,1,0.0,0.0,0.0,0.0,21.0,2.0,0.0,1.0,0.0,0
4244,6214,4.0,11,0,1,38,3,3,0.0,0.0,0.0,0.0,28.0,5.0,0.0,4.0,0.0,0
4245,9777,4.0,24,14,1,92,3,5,10.0,0.0,4.0,0.0,49.0,12.0,4.0,12.0,0.0,0
4246,15335,4.0,19,1,3,82,7,3,0.0,0.0,1.0,1.0,54.0,11.0,0.0,12.0,2.0,1
4247,5257,4.0,18,1,2,61,3,3,0.0,0.0,1.0,1.0,47.0,5.0,0.0,6.0,0.0,0
4248,11144,4.0,21,4,3,87,7,3,2.0,0.0,2.0,0.0,50.0,14.0,2.0,14.0,2.0,1
4249,12408,4.0,8,0,3,27,2,1,0.0,0.0,0.0,0.0,18.0,4.0,0.0,4.0,0.0,1
4250,16736,4.0,35,5,5,135,7,3,2.0,0.0,2.0,0.0,84.0,21.0,3.0,20.0,2.0,1
4251,11247,4.0,14,0,3,43,3,3,0.0,0.0,0.0,0.0,29.0,7.0,0.0,6.0,0.0,1
4252,9986,4.0,7,4,2,29,4,1,3.0,0.0,0.0,0.0,15.0,5.0,1.0,4.0,0.0,0
4253,19973,4.0,13,0,1,45,4,6,0.0,0.0,0.0,0.0,30.0,6.0,0.0,5.0,3.0,1
4254,3301,4.0,13,10,1,44,3,3,9.0,0.0,0.0,0.0,24.0,5.0,1.0,4.0,0.0,0
4255,19503,4.0,22,0,3,84,5,8,0.0,0.0,0.0,0.0,55.0,13.0,0.0,13.0,2.0,1
4256,6843,4.0,20,4,1,66,5,5,2.0,1.0,1.0,0.0,38.0,10.0,2.0,9.0,2.0,0
4257,13198,4.0,11,5,3,48,4,4,3.0,1.0,1.0,1.0,26.0,6.0,1.0,6.0,2.0,1
4258,7990,3.0,5,7,1,31,3,3,5.0,0.0,2.0,1.0,15.0,3.0,1.0,3.0,0.0,0
4259,5406,4.0,19,6,2,75,3,4,4.0,0.0,2.0,0.0,52.0,7.0,2.0,7.0,0.0,0
4260,15498,4.0,3,17,4,40,5,3,12.0,0.0,5.0,0.0,6.0,4.0,5.0,3.0,4.0,1
4261,712,4.0,14,0,1,38,3,2,0.0,0.0,0.0,0.0,29.0,4.0,0.0,4.0,0.0,0
4262,5783,4.0,11,2,3,41,4,2,1.0,0.0,0.0,0.0,25.0,7.0,1.0,6.0,0.0,0
4263,4409,3.0,3,9,1,21,2,1,8.0,0.0,0.0,0.0,8.0,2.0,1.0,1.0,0.0,0
4264,5260,3.0,8,0,2,28,2,3,0.0,0.0,0.0,0.0,17.0,5.0,0.0,5.0,0.0,0
4265,5920,4.0,12,0,1,33,3,2,0.0,0.0,0.0,0.0,24.0,4.0,0.0,4.0,0.0,0
4266,16765,4.0,12,1,3,60,4,3,0.0,1.0,0.0,1.0,39.0,8.0,0.0,8.0,2.0,1
4267,15397,4.0,12,6,3,64,7,3,3.0,0.0,2.0,0.0,34.0,10.0,3.0,9.0,2.0,1
4268,5411,4.0,22,37,4,127,6,3,19.0,16.0,1.0,18.0,52.0,9.0,0.0,10.0,1.0,0
4269,17026,4.0,3,10,3,32,3,4,6.0,0.0,4.0,0.0,11.0,2.0,4.0,2.0,2.0,1
4270,550,3.0,7,0,1,25,3,1,0.0,0.0,0.0,0.0,16.0,4.0,0.0,4.0,0.0,0
4271,12868,4.0,15,0,3,53,4,4,0.0,0.0,0.0,0.0,32.0,9.0,0.0,9.0,2.0,1
4272,3241,4.0,7,4,2,36,6,2,2.0,1.0,1.0,1.0,16.0,6.0,1.0,6.0,1.0,0
4273,15556,4.0,25,8,3,99,7,3,3.0,0.0,4.0,1.0,52.0,16.0,4.0,16.0,2.0,1
4274,16395,4.0,35,4,9,140,6,7,0.0,3.0,1.0,0.0,77.0,27.0,4.0,24.0,3.0,1
4275,14982,4.0,14,0,3,59,4,5,0.0,0.0,0.0,0.0,40.0,8.0,0.0,8.0,2.0,1
4276,13936,3.0,11,0,3,34,2,2,0.0,0.0,0.0,0.0,24.0,5.0,0.0,4.0,0.0,1
4277,8493,4.0,10,0,1,26,2,1,0.0,0.0,0.0,0.0,21.0,2.0,0.0,2.0,0.0,0
4278,18083,4.0,18,0,2,66,5,5,0.0,0.0,0.0,0.0,48.0,7.0,0.0,7.0,3.0,1
4279,3264,4.0,15,5,1,49,2,4,4.0,0.0,0.0,0.0,34.0,5.0,1.0,4.0,0.0,0
4280,9321,3.0,7,1,2,34,4,2,0.0,0.0,1.0,0.0,21.0,5.0,1.0,5.0,0.0,0
4281,5061,4.0,18,2,2,59,6,2,1.0,0.0,1.0,0.0,34.0,10.0,1.0,9.0,2.0,0
4282,8444,4.0,8,1,2,30,3,2,0.0,0.0,1.0,1.0,20.0,3.0,0.0,3.0,1.0,0
4283,2098,4.0,10,2,1,37,3,3,0.0,2.0,0.0,2.0,18.0,7.0,0.0,7.0,0.0,0
4284,7001,2.0,7,0,2,11,2,1,0.0,0.0,0.0,0.0,5.0,3.0,0.0,2.0,0.0,0
4285,7292,4.0,58,12,5,237,7,6,6.0,0.0,6.0,2.0,135.0,40.0,4.0,42.0,1.0,0
4286,3671,4.0,8,3,1,31,4,1,0.0,3.0,0.0,2.0,17.0,4.0,1.0,3.0,0.0,0
4287,4968,4.0,15,6,1,61,3,4,3.0,0.0,3.0,0.0,34.0,9.0,3.0,8.0,0.0,0
4288,16135,4.0,20,2,4,78,7,3,0.0,0.0,1.0,0.0,45.0,14.0,2.0,13.0,2.0,1
4289,12949,4.0,11,1,3,46,4,3,0.0,0.0,1.0,1.0,28.0,6.0,0.0,7.0,2.0,1
4290,10629,4.0,7,11,4,45,4,4,6.0,1.0,4.0,1.0,18.0,4.0,4.0,4.0,2.0,1
4291,4416,4.0,23,8,1,81,3,2,5.0,1.0,2.0,0.0,51.0,10.0,2.0,9.0,0.0,0
4292,18075,4.0,12,12,3,63,3,7,9.0,0.0,3.0,1.0,30.0,8.0,2.0,9.0,0.0,1
4293,12255,3.0,5,0,2,14,1,0,0.0,0.0,0.0,0.0,9.0,2.0,0.0,2.0,0.0,1
4294,8940,4.0,12,1,3,41,2,2,0.0,0.0,1.0,1.0,29.0,4.0,0.0,5.0,0.0,0
4295,19286,3.0,5,4,2,27,2,2,3.0,0.0,0.0,1.0,14.0,4.0,0.0,4.0,0.0,1
4296,11892,3.0,5,0,2,21,2,2,0.0,0.0,0.0,0.0,13.0,4.0,0.0,3.0,0.0,1
4297,12340,4.0,16,10,5,92,4,5,4.0,0.0,6.0,0.0,49.0,11.0,6.0,11.0,4.0,1
4298,22,3.0,8,0,1,22,2,1,0.0,0.0,0.0,0.0,18.0,2.0,0.0,1.0,0.0,0
4299,2934,5.0,31,29,5,142,11,1,19.0,5.0,4.0,5.0,60.0,20.0,5.0,19.0,4.0,0
4300,13748,4.0,14,0,3,59,6,3,0.0,0.0,0.0,0.0,39.0,9.0,0.0,8.0,2.0,1
4301,19049,4.0,26,2,3,88,8,3,1.0,0.0,0.0,0.0,58.0,13.0,1.0,12.0,2.0,1
4302,6597,4.0,9,16,1,86,5,6,1.0,0.0,15.0,14.0,16.0,11.0,1.0,24.0,3.0,0
4303,12904,4.0,25,0,3,102,4,9,0.0,0.0,0.0,0.0,69.0,15.0,0.0,15.0,2.0,1
4304,14874,4.0,11,10,4,56,3,4,7.0,0.0,3.0,2.0,28.0,6.0,1.0,8.0,0.0,1
4305,12034,4.0,8,0,3,38,3,1,0.0,0.0,0.0,0.0,27.0,5.0,0.0,5.0,0.0,1
4306,4833,4.0,19,0,2,60,3,3,0.0,0.0,0.0,0.0,43.0,8.0,0.0,8.0,0.0,0
4307,18196,4.0,11,0,3,42,2,2,0.0,0.0,0.0,0.0,31.0,5.0,0.0,5.0,0.0,1
4308,14815,4.0,12,0,3,45,2,1,0.0,0.0,0.0,0.0,36.0,4.0,0.0,4.0,0.0,1
4309,15447,3.0,9,0,1,27,2,0,0.0,0.0,0.0,0.0,20.0,3.0,0.0,3.0,0.0,1
4310,19773,4.0,14,0,3,42,2,2,0.0,0.0,0.0,0.0,31.0,5.0,0.0,5.0,0.0,1
4311,12481,4.0,39,6,5,148,7,3,2.0,0.0,3.0,1.0,94.0,21.0,3.0,21.0,2.0,1
4312,14351,4.0,24,0,2,80,4,6,0.0,0.0,0.0,0.0,59.0,9.0,0.0,9.0,2.0,1
4313,56,4.0,14,2,3,49,3,3,1.0,0.0,1.0,1.0,32.0,6.0,0.0,7.0,0.0,0
4314,3412,4.0,21,0,2,53,5,2,0.0,0.0,0.0,0.0,36.0,8.0,0.0,7.0,1.0,0
4315,10416,4.0,2,16,4,34,3,3,11.0,0.0,5.0,0.0,6.0,2.0,5.0,2.0,2.0,1
4316,2855,4.0,19,2,2,65,2,3,1.0,1.0,0.0,0.0,52.0,5.0,1.0,4.0,0.0,0
4317,400,4.0,8,1,3,36,3,1,0.0,0.0,1.0,0.0,25.0,4.0,1.0,4.0,0.0,0
4318,2986,4.0,17,2,2,56,5,1,1.0,1.0,0.0,0.0,41.0,6.0,1.0,5.0,0.0,0
4319,10251,4.0,18,18,2,93,4,8,13.0,4.0,1.0,5.0,49.0,9.0,0.0,9.0,2.0,1
4320,6605,4.0,40,8,1,126,3,5,5.0,0.0,3.0,0.0,81.0,17.0,3.0,16.0,0.0,0
4321,17982,4.0,28,7,2,111,8,3,3.0,0.0,3.0,1.0,68.0,15.0,3.0,15.0,2.0,1
4322,11947,4.0,13,6,2,68,7,4,5.0,0.0,1.0,0.0,39.0,9.0,1.0,9.0,3.0,1
4323,19993,4.0,5,2,3,41,6,3,1.0,0.0,0.0,0.0,21.0,8.0,1.0,7.0,2.0,1
4324,19764,4.0,18,0,3,66,7,3,0.0,0.0,0.0,0.0,43.0,10.0,0.0,10.0,2.0,1
4325,15530,3.0,6,3,2,27,1,0,2.0,1.0,0.0,0.0,19.0,2.0,1.0,1.0,0.0,1
4326,13672,4.0,14,0,5,61,4,4,0.0,0.0,0.0,0.0,40.0,9.0,0.0,9.0,2.0,1
4327,6554,4.0,13,0,1,46,3,3,0.0,0.0,0.0,0.0,35.0,5.0,0.0,5.0,0.0,0
4328,8780,4.0,24,0,3,75,3,5,0.0,0.0,0.0,0.0,56.0,9.0,0.0,9.0,0.0,0
4329,17058,4.0,22,2,2,80,7,3,0.0,0.0,1.0,0.0,51.0,12.0,2.0,11.0,2.0,1
4330,7258,4.0,15,0,4,45,5,2,0.0,0.0,0.0,0.0,27.0,8.0,0.0,7.0,2.0,0
4331,14934,3.0,20,0,5,52,2,0,0.0,0.0,0.0,0.0,39.0,6.0,0.0,6.0,0.0,1
4332,14810,4.0,19,9,1,74,4,7,5.0,1.0,3.0,0.0,42.0,9.0,4.0,7.0,2.0,1
4333,5781,4.0,4,1,2,28,2,2,0.0,1.0,0.0,1.0,17.0,4.0,0.0,4.0,0.0,0
4334,16764,4.0,23,2,3,85,8,3,1.0,0.0,1.0,0.0,53.0,13.0,1.0,13.0,2.0,1
4335,17581,5.0,36,38,3,251,6,8,19.0,16.0,3.0,16.0,165.0,13.0,3.0,13.0,2.0,1
4336,16962,3.0,11,0,2,34,3,3,0.0,0.0,0.0,0.0,23.0,4.0,0.0,4.0,2.0,1
4337,7233,3.0,14,0,2,40,3,2,0.0,0.0,0.0,0.0,29.0,5.0,0.0,5.0,0.0,0
4338,12760,4.0,4,13,4,37,3,3,8.0,0.0,4.0,1.0,13.0,2.0,4.0,2.0,2.0,1
4339,11498,4.0,30,5,2,105,8,3,2.0,0.0,2.0,0.0,60.0,18.0,3.0,17.0,2.0,1
4340,519,4.0,36,8,1,123,4,5,6.0,0.0,2.0,0.0,76.0,17.0,2.0,17.0,2.0,0
4341,1755,4.0,20,8,2,64,3,1,7.0,0.0,1.0,0.0,40.0,7.0,1.0,7.0,0.0,0
4342,4508,4.0,10,0,1,27,3,1,0.0,0.0,0.0,0.0,20.0,3.0,0.0,3.0,0.0,0
4343,16733,4.0,13,4,2,47,4,4,3.0,1.0,0.0,0.0,24.0,8.0,1.0,7.0,2.0,1
4344,16695,4.0,22,3,3,83,7,3,1.0,0.0,1.0,0.0,51.0,13.0,2.0,12.0,2.0,1
4345,5263,4.0,18,4,2,79,5,3,2.0,0.0,2.0,0.0,52.0,10.0,2.0,9.0,1.0,0
4346,1069,4.0,15,6,3,57,4,2,5.0,0.0,0.0,1.0,36.0,7.0,0.0,7.0,0.0,0
4347,8340,5.0,40,7,3,171,8,9,2.0,2.0,3.0,4.0,112.0,20.0,1.0,22.0,4.0,0
4348,8419,4.0,38,0,4,115,4,5,0.0,0.0,0.0,0.0,73.0,21.0,0.0,20.0,0.0,0
4349,14298,4.0,18,5,3,76,7,3,3.0,0.0,1.0,0.0,42.0,13.0,2.0,12.0,2.0,1
4350,13741,4.0,12,2,2,61,4,8,1.0,0.0,1.0,1.0,37.0,8.0,0.0,9.0,3.0,1
4351,6611,4.0,10,0,1,35,6,1,0.0,0.0,0.0,0.0,21.0,6.0,0.0,6.0,1.0,0
4352,16667,4.0,25,4,3,91,7,3,2.0,0.0,1.0,0.0,58.0,13.0,2.0,12.0,2.0,1
4353,665,3.0,19,2,1,56,3,4,0.0,1.0,1.0,2.0,34.0,8.0,0.0,9.0,0.0,0
4354,18912,3.0,4,0,1,13,1,0,0.0,0.0,0.0,0.0,10.0,1.0,0.0,1.0,0.0,1
4355,716,3.0,12,0,1,31,2,2,0.0,0.0,0.0,0.0,25.0,3.0,0.0,2.0,0.0,0
4356,16105,4.0,47,81,4,242,7,7,47.0,28.0,5.0,28.0,98.0,14.0,6.0,13.0,2.0,1
4357,15204,4.0,10,0,3,43,4,3,0.0,0.0,0.0,0.0,26.0,7.0,0.0,7.0,2.0,1
4358,1699,3.0,5,0,1,25,3,2,0.0,0.0,0.0,0.0,15.0,5.0,0.0,4.0,0.0,0
4359,1877,3.0,6,0,1,14,2,1,0.0,0.0,0.0,0.0,10.0,2.0,0.0,1.0,0.0,0
4360,19288,4.0,10,0,3,35,3,3,0.0,0.0,0.0,0.0,22.0,6.0,0.0,5.0,1.0,1
4361,18929,4.0,26,7,2,116,7,5,2.0,0.0,5.0,1.0,73.0,14.0,4.0,14.0,2.0,1
4362,7320,4.0,20,8,3,79,4,3,5.0,0.0,3.0,0.0,51.0,8.0,3.0,8.0,0.0,0
4363,9724,4.0,21,12,9,111,4,5,4.0,4.0,4.0,6.0,64.0,12.0,2.0,14.0,0.0,0
4364,17691,3.0,2,4,1,12,1,0,2.0,1.0,1.0,1.0,5.0,0.0,0.0,1.0,0.0,1
4365,6800,3.0,11,0,1,28,3,1,0.0,0.0,0.0,0.0,21.0,3.0,0.0,3.0,0.0,0
4366,4916,4.0,22,5,2,81,3,2,4.0,0.0,1.0,0.0,52.0,11.0,1.0,11.0,0.0,0
4367,7065,3.0,9,0,1,27,2,1,0.0,0.0,0.0,0.0,23.0,2.0,0.0,1.0,0.0,0
4368,7140,4.0,24,10,3,82,5,2,8.0,0.0,1.0,0.0,55.0,8.0,2.0,7.0,0.0,0
4369,15738,4.0,17,0,4,71,4,4,0.0,0.0,0.0,0.0,46.0,11.0,0.0,11.0,2.0,1
4370,15902,3.0,2,10,3,29,3,4,6.0,0.0,4.0,0.0,8.0,2.0,4.0,2.0,2.0,1
4371,8990,4.0,21,0,1,59,3,4,0.0,0.0,0.0,0.0,43.0,8.0,0.0,7.0,0.0,0
4372,6861,4.0,25,11,1,97,4,5,8.0,0.0,3.0,0.0,54.0,13.0,3.0,13.0,2.0,0
4373,8168,3.0,10,0,2,26,2,1,0.0,0.0,0.0,0.0,19.0,3.0,0.0,3.0,0.0,0
4374,11464,4.0,14,5,3,52,4,4,4.0,1.0,0.0,0.0,30.0,7.0,1.0,6.0,2.0,1
4375,18264,4.0,29,4,3,101,7,3,2.0,0.0,1.0,0.0,64.0,15.0,2.0,14.0,2.0,1
4376,8128,4.0,46,17,11,172,4,3,8.0,9.0,0.0,8.0,96.0,25.0,1.0,23.0,1.0,0
4377,6592,4.0,14,2,2,42,4,2,0.0,1.0,1.0,2.0,24.0,6.0,0.0,7.0,0.0,0
4378,8672,4.0,13,0,2,35,3,2,0.0,0.0,0.0,0.0,24.0,5.0,0.0,5.0,0.0,0
4379,17874,4.0,16,0,3,49,3,3,0.0,0.0,0.0,0.0,35.0,7.0,0.0,6.0,0.0,1
4380,91,4.0,18,16,1,75,3,3,13.0,0.0,2.0,0.0,39.0,9.0,3.0,8.0,0.0,0
4381,2577,4.0,11,2,2,42,3,3,1.0,0.0,1.0,0.0,28.0,5.0,1.0,5.0,0.0,0
4382,11309,3.0,5,3,2,26,2,2,2.0,0.0,0.0,1.0,14.0,4.0,0.0,4.0,0.0,1
4383,10866,4.0,39,7,3,144,7,3,3.0,0.0,3.0,0.0,87.0,22.0,4.0,21.0,3.0,1
4384,8384,4.0,9,0,1,23,2,1,0.0,0.0,0.0,0.0,18.0,2.0,0.0,2.0,0.0,0
4385,15489,4.0,31,5,2,108,6,4,0.0,4.0,0.0,5.0,76.0,10.0,0.0,10.0,2.0,1
4386,17366,4.0,11,4,2,42,4,4,3.0,0.0,1.0,0.0,24.0,5.0,1.0,5.0,2.0,1
4387,19226,4.0,5,0,3,35,4,3,0.0,0.0,0.0,0.0,20.0,6.0,0.0,6.0,2.0,1
4388,19337,4.0,6,0,3,40,3,4,0.0,0.0,0.0,0.0,25.0,6.0,0.0,6.0,2.0,1
4389,9819,4.0,19,0,2,58,4,7,0.0,0.0,0.0,0.0,37.0,9.0,0.0,9.0,2.0,0
4390,16130,4.0,13,0,2,46,2,2,0.0,0.0,0.0,0.0,37.0,4.0,0.0,4.0,0.0,1
4391,4260,4.0,11,4,2,42,4,2,3.0,0.0,1.0,0.0,26.0,5.0,1.0,5.0,0.0,0
4392,3896,3.0,14,0,2,43,2,2,0.0,0.0,0.0,0.0,34.0,4.0,0.0,4.0,0.0,0
4393,16848,3.0,4,1,2,28,4,4,0.0,1.0,0.0,0.0,13.0,5.0,1.0,4.0,3.0,1
4394,1349,3.0,12,0,1,38,3,2,0.0,0.0,0.0,0.0,25.0,6.0,0.0,6.0,0.0,0
4395,17636,4.0,25,4,2,100,8,3,2.0,0.0,2.0,0.0,59.0,16.0,2.0,16.0,2.0,1
4396,12572,4.0,48,5,4,156,8,3,2.0,0.0,2.0,0.0,105.0,21.0,3.0,20.0,2.0,1
4397,11820,4.0,3,14,3,35,3,1,11.0,0.0,3.0,0.0,11.0,3.0,3.0,3.0,0.0,1
4398,3777,4.0,21,0,2,59,3,4,0.0,0.0,0.0,0.0,40.0,9.0,0.0,9.0,0.0,0
4399,17239,4.0,18,0,4,75,6,3,0.0,0.0,0.0,0.0,52.0,10.0,0.0,10.0,2.0,1
4400,3740,4.0,10,0,2,31,3,1,0.0,0.0,0.0,0.0,22.0,4.0,0.0,4.0,0.0,0
4401,14746,4.0,31,3,3,112,7,3,0.0,0.0,2.0,0.0,70.0,17.0,3.0,16.0,3.0,1
4402,4050,4.0,20,4,1,69,3,3,3.0,1.0,0.0,1.0,48.0,8.0,0.0,7.0,0.0,0
4403,18799,4.0,2,13,4,31,3,3,8.0,0.0,5.0,0.0,6.0,2.0,5.0,2.0,2.0,1
4404,7705,4.0,22,6,1,69,4,2,5.0,0.0,1.0,0.0,41.0,9.0,1.0,9.0,2.0,0
4405,12963,4.0,39,1,4,110,4,8,0.0,0.0,1.0,0.0,75.0,15.0,1.0,15.0,2.0,1
4406,2762,3.0,3,4,1,19,2,2,3.0,0.0,0.0,0.0,9.0,3.0,1.0,2.0,0.0,0
4407,3581,3.0,6,2,2,28,2,3,0.0,0.0,2.0,0.0,17.0,3.0,2.0,3.0,0.0,0
4408,7105,4.0,14,4,1,60,3,3,2.0,1.0,0.0,2.0,38.0,8.0,0.0,8.0,0.0,0
4409,6372,4.0,9,1,1,33,2,3,0.0,1.0,0.0,1.0,22.0,4.0,0.0,4.0,0.0,0
4410,14661,4.0,20,21,6,128,8,7,11.0,1.0,9.0,1.0,52.0,20.0,9.0,20.0,4.0,1
4411,16922,4.0,22,0,1,70,5,2,0.0,0.0,0.0,0.0,51.0,9.0,0.0,9.0,0.0,1
4412,5062,3.0,6,0,1,20,3,1,0.0,0.0,0.0,0.0,14.0,3.0,0.0,2.0,0.0,0
4413,3602,4.0,7,1,2,32,3,2,0.0,0.0,1.0,0.0,21.0,4.0,1.0,4.0,0.0,0
4414,12888,4.0,22,4,3,89,8,3,2.0,0.0,1.0,0.0,54.0,14.0,2.0,13.0,2.0,1
4415,6948,3.0,10,0,3,30,2,2,0.0,0.0,0.0,0.0,20.0,5.0,0.0,4.0,0.0,0
4416,7756,4.0,12,0,5,57,3,4,0.0,0.0,0.0,0.0,36.0,10.0,0.0,10.0,0.0,0
4417,9638,4.0,26,0,1,78,3,4,0.0,0.0,0.0,0.0,54.0,12.0,0.0,11.0,0.0,0
4418,11656,4.0,6,11,4,39,3,3,6.0,1.0,4.0,1.0,16.0,2.0,4.0,2.0,2.0,1
4419,9212,4.0,16,1,3,52,3,5,0.0,0.0,1.0,1.0,33.0,8.0,0.0,8.0,0.0,0
4420,8897,5.0,24,19,2,103,11,1,14.0,3.0,1.0,1.0,53.0,14.0,4.0,11.0,1.0,0
4421,11856,4.0,4,8,7,39,3,3,4.0,0.0,4.0,0.0,14.0,5.0,4.0,5.0,2.0,1
4422,17357,3.0,4,0,2,21,1,0,0.0,0.0,0.0,0.0,16.0,2.0,0.0,2.0,0.0,1
4423,10435,4.0,20,1,5,68,4,4,0.0,0.0,1.0,1.0,47.0,8.0,0.0,8.0,2.0,1
4424,12007,4.0,13,0,4,64,4,3,0.0,0.0,0.0,0.0,47.0,7.0,0.0,7.0,2.0,1
4425,9761,4.0,19,0,2,60,3,3,0.0,0.0,0.0,0.0,46.0,7.0,0.0,6.0,0.0,0
4426,17751,4.0,8,3,3,45,5,3,2.0,0.0,0.0,0.0,26.0,7.0,1.0,6.0,2.0,1
4427,10766,4.0,9,8,3,52,2,7,5.0,0.0,3.0,0.0,26.0,7.0,3.0,7.0,0.0,1
4428,9574,4.0,37,40,4,163,6,4,22.0,18.0,0.0,17.0,76.0,14.0,1.0,13.0,1.0,0
4429,6017,4.0,10,17,3,58,7,1,12.0,0.0,5.0,0.0,21.0,7.0,5.0,6.0,1.0,0
4430,11621,4.0,3,16,3,38,4,1,12.0,0.0,4.0,0.0,11.0,3.0,4.0,3.0,0.0,1
4431,2956,4.0,8,0,1,24,2,2,0.0,0.0,0.0,0.0,17.0,3.0,0.0,3.0,0.0,0
4432,19441,4.0,15,0,4,72,3,7,0.0,0.0,0.0,0.0,49.0,10.0,0.0,10.0,2.0,1
4433,9670,4.0,6,1,1,31,4,1,0.0,1.0,0.0,1.0,20.0,4.0,0.0,4.0,0.0,0
4434,5409,4.0,47,5,2,152,7,6,3.0,0.0,2.0,0.0,94.0,24.0,2.0,24.0,2.0,0
4435,9611,4.0,16,5,1,59,3,3,3.0,2.0,0.0,2.0,35.0,8.0,0.0,8.0,0.0,0
4436,7520,3.0,9,0,1,30,3,2,0.0,0.0,0.0,0.0,21.0,4.0,0.0,4.0,0.0,0
4437,1103,4.0,10,4,2,29,2,2,3.0,0.0,1.0,1.0,17.0,3.0,0.0,3.0,0.0,0
4438,11668,4.0,5,4,2,27,2,2,3.0,0.0,0.0,1.0,14.0,4.0,0.0,4.0,0.0,1
4439,13142,3.0,2,0,2,10,1,0,0.0,0.0,0.0,0.0,5.0,2.0,0.0,2.0,0.0,1
4440,16504,4.0,26,3,3,96,7,6,2.0,0.0,1.0,0.0,65.0,12.0,1.0,12.0,2.0,1
4441,4690,4.0,20,8,1,83,4,7,5.0,0.0,3.0,0.0,44.0,13.0,3.0,12.0,2.0,0
4442,1558,4.0,23,4,2,82,4,7,3.0,0.0,1.0,0.0,52.0,11.0,1.0,11.0,2.0,0
4443,11904,4.0,29,4,4,104,7,3,2.0,0.0,1.0,0.0,67.0,15.0,2.0,14.0,2.0,1
4444,2488,4.0,25,38,2,135,7,3,26.0,9.0,2.0,0.0,59.0,18.0,12.0,8.0,0.0,0
4445,18304,4.0,13,2,3,59,4,5,1.0,0.0,1.0,0.0,37.0,8.0,1.0,8.0,2.0,1
4446,18674,4.0,11,5,3,59,6,3,3.0,0.0,1.0,0.0,35.0,8.0,2.0,7.0,2.0,1
4447,3523,4.0,16,0,2,46,4,1,0.0,0.0,0.0,0.0,35.0,5.0,0.0,5.0,0.0,0
4448,4542,3.0,11,0,2,29,3,2,0.0,0.0,0.0,0.0,18.0,5.0,0.0,5.0,0.0,0
4449,14371,4.0,27,7,3,97,7,3,5.0,0.0,1.0,0.0,59.0,14.0,2.0,13.0,2.0,1
4450,3400,3.0,9,0,2,26,2,1,0.0,0.0,0.0,0.0,19.0,3.0,0.0,3.0,0.0,0
4451,15386,4.0,38,25,11,188,8,7,13.0,8.0,4.0,1.0,104.0,21.0,11.0,14.0,11.0,1
4452,19696,4.0,35,6,4,107,4,6,4.0,1.0,1.0,1.0,72.0,12.0,1.0,12.0,2.0,1
4453,11117,4.0,18,8,6,81,3,4,2.0,6.0,0.0,6.0,46.0,9.0,0.0,9.0,2.0,1
4454,11118,4.0,18,5,3,59,4,3,3.0,0.0,1.0,1.0,38.0,7.0,1.0,7.0,0.0,1
4455,2272,4.0,16,5,1,59,3,4,4.0,0.0,1.0,0.0,37.0,8.0,1.0,7.0,0.0,0
4456,2374,4.0,8,5,3,42,4,1,4.0,0.0,0.0,0.0,25.0,6.0,1.0,5.0,0.0,0
4457,10844,3.0,4,0,1,14,1,0,0.0,0.0,0.0,0.0,11.0,1.0,0.0,1.0,0.0,1
4458,14786,4.0,12,5,3,46,4,3,3.0,0.0,2.0,1.0,25.0,5.0,1.0,6.0,2.0,1
4459,17179,4.0,21,5,3,76,4,6,2.0,0.0,3.0,0.0,43.0,11.0,3.0,11.0,2.0,1
4460,15543,4.0,19,0,2,62,4,5,0.0,0.0,0.0,0.0,45.0,7.0,0.0,7.0,2.0,1
4461,9843,4.0,33,0,8,112,5,7,0.0,0.0,0.0,0.0,72.0,19.0,0.0,19.0,1.0,0
4462,292,4.0,12,0,3,54,2,5,0.0,0.0,0.0,0.0,37.0,8.0,0.0,8.0,0.0,0
4463,11028,4.0,7,0,4,34,3,2,0.0,0.0,0.0,0.0,21.0,6.0,0.0,5.0,1.0,1
4464,2870,4.0,11,8,2,46,5,1,6.0,0.0,2.0,1.0,24.0,5.0,1.0,6.0,0.0,0
4465,13005,4.0,27,4,3,99,8,3,2.0,0.0,1.0,0.0,64.0,14.0,2.0,13.0,2.0,1
4466,9964,4.0,17,8,2,58,3,1,6.0,0.0,1.0,2.0,33.0,7.0,0.0,8.0,0.0,0
4467,14791,4.0,30,5,2,102,7,3,2.0,0.0,2.0,0.0,67.0,13.0,3.0,12.0,2.0,1
4468,17722,4.0,27,55,9,165,3,7,38.0,17.0,0.0,14.0,64.0,15.0,3.0,11.0,2.0,1
4469,18910,4.0,16,0,2,57,3,5,0.0,0.0,0.0,0.0,42.0,6.0,0.0,6.0,2.0,1
4470,19125,4.0,36,5,3,130,7,4,3.0,0.0,2.0,0.0,87.0,17.0,2.0,16.0,2.0,1
4471,16202,3.0,13,0,2,45,4,4,0.0,0.0,0.0,0.0,30.0,6.0,0.0,6.0,2.0,1
4472,14370,3.0,5,0,1,16,2,2,0.0,0.0,0.0,0.0,10.0,3.0,0.0,2.0,0.0,1
4473,18822,4.0,8,0,3,40,3,3,0.0,0.0,0.0,0.0,27.0,5.0,0.0,5.0,2.0,1
4474,4879,4.0,8,1,1,30,3,2,0.0,0.0,1.0,1.0,18.0,4.0,0.0,5.0,0.0,0
4475,16734,4.0,18,6,2,76,7,3,4.0,0.0,1.0,0.0,43.0,12.0,2.0,11.0,2.0,1
4476,10542,4.0,21,1,2,79,7,5,0.0,0.0,1.0,0.0,51.0,12.0,1.0,11.0,2.0,1
4477,19138,4.0,13,3,3,54,3,6,2.0,0.0,1.0,0.0,33.0,7.0,1.0,7.0,2.0,1
4478,17193,4.0,9,0,2,37,3,3,0.0,0.0,0.0,0.0,25.0,6.0,0.0,5.0,0.0,1
4479,10420,4.0,6,0,2,33,3,3,0.0,0.0,0.0,0.0,22.0,4.0,0.0,4.0,2.0,1
4480,13533,4.0,12,1,3,58,5,9,0.0,0.0,1.0,1.0,29.0,10.0,0.0,11.0,5.0,1
4481,4418,3.0,8,0,1,20,2,1,0.0,0.0,0.0,0.0,16.0,2.0,0.0,1.0,0.0,0
4482,10002,4.0,12,0,2,43,4,2,0.0,0.0,0.0,0.0,30.0,6.0,0.0,6.0,0.0,1
4483,15391,4.0,17,10,2,86,6,5,3.0,0.0,6.0,1.0,43.0,12.0,6.0,12.0,2.0,1
4484,16152,3.0,14,29,1,90,4,4,8.0,2.0,19.0,13.0,10.0,8.0,8.0,18.0,3.0,1
4485,12650,4.0,12,3,2,43,3,4,1.0,2.0,0.0,1.0,26.0,5.0,1.0,4.0,2.0,1
4486,356,4.0,11,2,1,31,4,1,0.0,2.0,0.0,2.0,18.0,4.0,0.0,4.0,0.0,0
4487,686,4.0,7,8,4,43,2,4,6.0,0.0,2.0,1.0,19.0,6.0,1.0,7.0,0.0,0
4488,4584,4.0,23,17,2,95,4,3,12.0,0.0,5.0,0.0,52.0,10.0,5.0,10.0,0.0,0
4489,837,3.0,7,0,1,23,2,1,0.0,0.0,0.0,0.0,19.0,2.0,0.0,1.0,0.0,0
4490,7013,4.0,21,5,2,72,3,4,4.0,0.0,0.0,0.0,49.0,9.0,1.0,8.0,0.0,0
4491,8458,3.0,11,0,1,24,2,1,0.0,0.0,0.0,0.0,20.0,2.0,0.0,1.0,0.0,0
4492,11297,4.0,9,0,4,40,3,3,0.0,0.0,0.0,0.0,25.0,6.0,0.0,6.0,2.0,1
4493,11848,4.0,20,0,3,69,7,3,0.0,0.0,0.0,0.0,42.0,12.0,0.0,12.0,2.0,1
4494,10198,4.0,9,0,3,37,3,4,0.0,0.0,0.0,0.0,22.0,6.0,0.0,6.0,2.0,1
4495,1726,4.0,7,2,1,31,4,1,0.0,2.0,0.0,2.0,18.0,4.0,0.0,4.0,0.0,0
4496,19084,3.0,8,21,1,63,4,4,6.0,2.0,13.0,9.0,7.0,5.0,6.0,11.0,3.0,1
4497,17057,4.0,7,0,3,38,3,3,0.0,0.0,0.0,0.0,25.0,5.0,0.0,5.0,2.0,1
4498,2362,4.0,17,0,2,49,4,2,0.0,0.0,0.0,0.0,37.0,5.0,0.0,5.0,1.0,0
4499,15437,3.0,3,0,2,22,1,0,0.0,0.0,0.0,0.0,17.0,2.0,0.0,2.0,0.0,1
4500,3179,4.0,11,0,2,33,2,1,0.0,0.0,0.0,0.0,27.0,3.0,0.0,2.0,0.0,0
4501,10284,3.0,6,0,4,41,3,4,0.0,0.0,0.0,0.0,24.0,7.0,0.0,7.0,2.0,1
4502,16847,4.0,13,3,5,57,1,0,0.0,3.0,0.0,2.0,41.0,5.0,1.0,4.0,0.0,1
4503,11525,4.0,18,15,2,86,4,7,8.0,6.0,1.0,7.0,44.0,8.0,0.0,9.0,2.0,1
4504,15766,4.0,16,0,4,73,3,7,0.0,0.0,0.0,0.0,50.0,10.0,0.0,10.0,2.0,1
4505,4223,4.0,8,1,1,31,4,1,0.0,1.0,0.0,1.0,20.0,4.0,0.0,4.0,0.0,0
4506,18882,4.0,19,0,3,67,4,4,0.0,0.0,0.0,0.0,46.0,9.0,0.0,9.0,2.0,1
4507,11316,4.0,32,3,3,102,7,3,1.0,0.0,1.0,0.0,66.0,15.0,2.0,14.0,2.0,1
4508,9633,4.0,14,15,1,56,5,3,14.0,0.0,1.0,0.0,25.0,7.0,1.0,7.0,0.0,0
4509,7379,4.0,12,2,2,52,6,1,0.0,1.0,1.0,2.0,26.0,10.0,0.0,11.0,0.0,0
4510,8101,3.0,15,0,2,47,3,1,0.0,0.0,0.0,0.0,38.0,4.0,0.0,4.0,0.0,0
4511,9858,4.0,7,7,2,39,5,1,6.0,0.0,0.0,0.0,20.0,6.0,1.0,5.0,0.0,0
4512,10940,4.0,13,2,5,63,3,6,1.0,0.0,1.0,0.0,39.0,9.0,1.0,9.0,2.0,1
4513,6967,3.0,7,1,2,22,2,1,0.0,0.0,1.0,1.0,15.0,2.0,0.0,2.0,0.0,0
4514,6166,5.0,28,4,5,118,2,10,0.0,4.0,0.0,4.0,79.0,15.0,0.0,15.0,0.0,0
4515,6461,3.0,4,0,1,14,2,1,0.0,0.0,0.0,0.0,10.0,2.0,0.0,1.0,0.0,0
4516,3061,4.0,9,0,2,38,3,1,0.0,0.0,0.0,0.0,27.0,5.0,0.0,5.0,0.0,0
4517,889,5.0,15,11,2,64,6,1,9.0,0.0,1.0,0.0,36.0,8.0,2.0,7.0,0.0,0
4518,966,4.0,13,15,1,50,3,3,14.0,0.0,0.0,0.0,23.0,6.0,1.0,5.0,0.0,0
4519,10481,3.0,6,0,3,30,2,1,0.0,0.0,0.0,0.0,21.0,4.0,0.0,4.0,0.0,1
4520,13850,4.0,73,6,3,228,8,3,3.0,0.0,3.0,0.0,149.0,33.0,3.0,33.0,3.0,1
4521,1963,3.0,4,0,1,11,2,1,0.0,0.0,0.0,0.0,7.0,2.0,0.0,1.0,0.0,0
4522,9850,4.0,18,1,2,52,3,1,0.0,0.0,1.0,1.0,42.0,3.0,0.0,4.0,0.0,0
4523,9319,4.0,40,106,10,258,7,4,68.0,34.0,3.0,36.0,77.0,17.0,2.0,18.0,2.0,0
4524,15010,3.0,14,1,3,41,4,2,0.0,0.0,1.0,1.0,27.0,5.0,0.0,5.0,1.0,1
4525,8353,4.0,31,79,2,194,7,2,52.0,26.0,0.0,26.0,68.0,10.0,1.0,9.0,1.0,0
4526,19578,4.0,3,10,4,34,3,3,6.0,0.0,4.0,0.0,13.0,2.0,4.0,2.0,2.0,1
4527,9508,4.0,16,0,6,73,5,4,0.0,0.0,0.0,0.0,41.0,14.0,0.0,14.0,3.0,0
4528,16678,3.0,7,0,2,18,2,2,0.0,0.0,0.0,0.0,10.0,4.0,0.0,3.0,0.0,1
4529,19785,4.0,15,2,2,56,4,6,1.0,0.0,1.0,0.0,36.0,7.0,1.0,7.0,2.0,1
4530,12838,4.0,17,0,3,61,3,3,0.0,0.0,0.0,0.0,47.0,7.0,0.0,6.0,0.0,1
4531,2835,4.0,16,0,2,49,2,3,0.0,0.0,0.0,0.0,38.0,5.0,0.0,5.0,0.0,0
4532,9735,3.0,12,0,2,28,2,2,0.0,0.0,0.0,0.0,19.0,4.0,0.0,4.0,0.0,0
4533,10005,3.0,8,0,2,28,2,2,0.0,0.0,0.0,0.0,20.0,4.0,0.0,3.0,0.0,1
4534,7213,3.0,6,0,1,15,2,1,0.0,0.0,0.0,0.0,11.0,2.0,0.0,1.0,0.0,0
4535,16026,4.0,12,7,3,54,4,4,1.0,5.0,1.0,5.0,26.0,6.0,1.0,6.0,2.0,1
4536,16003,4.0,35,4,3,134,8,3,1.0,0.0,2.0,0.0,83.0,21.0,3.0,20.0,3.0,1
4537,2268,3.0,8,0,1,25,2,1,0.0,0.0,0.0,0.0,21.0,2.0,0.0,1.0,0.0,0
4538,3770,3.0,8,0,1,24,2,1,0.0,0.0,0.0,0.0,19.0,2.0,0.0,2.0,0.0,0
4539,12440,3.0,8,0,1,23,1,0,0.0,0.0,0.0,0.0,20.0,1.0,0.0,1.0,0.0,1
4540,15435,4.0,25,0,1,89,4,5,0.0,0.0,0.0,0.0,58.0,14.0,0.0,14.0,2.0,1
4541,132,3.0,5,0,1,15,2,1,0.0,0.0,0.0,0.0,11.0,2.0,0.0,1.0,0.0,0
4542,10131,3.0,13,0,1,42,3,3,0.0,0.0,0.0,0.0,33.0,3.0,0.0,3.0,2.0,1
4543,581,4.0,23,7,1,96,3,3,5.0,0.0,2.0,0.0,59.0,14.0,2.0,13.0,0.0,0
4544,19045,3.0,14,0,3,44,2,4,0.0,0.0,0.0,0.0,30.0,7.0,0.0,6.0,0.0,1
4545,9716,4.0,10,0,1,30,3,3,0.0,0.0,0.0,0.0,20.0,5.0,0.0,4.0,0.0,0
4546,14447,3.0,10,0,4,33,2,1,0.0,0.0,0.0,0.0,22.0,5.0,0.0,5.0,0.0,1
4547,6839,3.0,4,12,1,30,2,4,10.0,0.0,2.0,0.0,10.0,3.0,2.0,2.0,0.0,0
4548,393,3.0,4,0,1,19,2,1,0.0,0.0,0.0,0.0,15.0,2.0,0.0,1.0,0.0,0
4549,10218,3.0,9,0,3,28,1,0,0.0,0.0,0.0,0.0,21.0,3.0,0.0,3.0,0.0,1
4550,6558,3.0,6,0,2,15,2,1,0.0,0.0,0.0,0.0,9.0,3.0,0.0,2.0,0.0,0
4551,9301,4.0,19,6,2,61,5,1,5.0,0.0,1.0,1.0,42.0,5.0,0.0,6.0,0.0,0
4552,13012,3.0,4,0,2,19,2,1,0.0,0.0,0.0,0.0,12.0,3.0,0.0,3.0,0.0,1
4553,3928,4.0,16,0,2,55,3,3,0.0,0.0,0.0,0.0,38.0,8.0,0.0,8.0,0.0,0
4554,13613,3.0,13,33,1,99,4,4,9.0,2.0,22.0,15.0,10.0,8.0,9.0,20.0,3.0,1
4555,8401,3.0,8,0,2,28,2,1,0.0,0.0,0.0,0.0,22.0,3.0,0.0,2.0,0.0,0
4556,4036,4.0,30,6,1,101,6,5,5.0,0.0,1.0,0.0,63.0,14.0,1.0,14.0,2.0,0
4557,18831,4.0,7,6,3,40,2,4,4.0,1.0,1.0,0.0,20.0,6.0,2.0,5.0,0.0,1
4558,12978,3.0,11,0,2,39,4,3,0.0,0.0,0.0,0.0,22.0,7.0,0.0,7.0,2.0,1
4559,8183,4.0,8,7,2,49,4,3,6.0,0.0,0.0,0.0,28.0,7.0,1.0,6.0,0.0,0
4560,10469,4.0,15,3,4,71,4,7,2.0,0.0,1.0,1.0,43.0,10.0,0.0,11.0,2.0,1
4561,225,4.0,67,74,1,409,7,5,0.0,60.0,14.0,12.0,169.0,68.0,62.0,20.0,3.0,0
4562,4211,4.0,21,1,5,96,5,4,0.0,0.0,1.0,0.0,62.0,15.0,1.0,15.0,1.0,0
4563,19354,3.0,7,0,2,24,2,1,0.0,0.0,0.0,0.0,17.0,3.0,0.0,3.0,0.0,1
4564,6777,4.0,9,0,2,27,3,1,0.0,0.0,0.0,0.0,18.0,4.0,0.0,4.0,0.0,0
4565,4613,3.0,8,2,2,53,4,4,1.0,0.0,1.0,1.0,34.0,7.0,0.0,8.0,0.0,0
4566,12425,3.0,11,0,2,45,3,4,0.0,0.0,0.0,0.0,32.0,5.0,0.0,5.0,2.0,1
4567,15480,5.0,58,59,3,290,9,7,26.0,27.0,6.0,21.0,151.0,24.0,12.0,18.0,4.0,1
4568,8593,4.0,14,6,1,52,3,5,4.0,0.0,2.0,0.0,28.0,8.0,2.0,7.0,0.0,0
4569,11517,4.0,4,2,2,34,5,3,1.0,0.0,0.0,0.0,18.0,6.0,1.0,5.0,2.0,1
4570,12460,4.0,15,4,4,54,5,2,2.0,2.0,0.0,0.0,28.0,9.0,2.0,7.0,3.0,1
4571,16869,4.0,49,9,3,173,8,3,5.0,0.0,3.0,0.0,110.0,24.0,4.0,23.0,3.0,1
4572,19462,4.0,7,32,4,66,4,5,29.0,0.0,3.0,0.0,16.0,6.0,3.0,6.0,2.0,1
4573,14045,4.0,25,2,3,102,8,3,0.0,0.0,2.0,0.0,63.0,16.0,2.0,16.0,2.0,1
4574,5008,4.0,8,2,1,31,4,1,0.0,1.0,0.0,2.0,19.0,4.0,0.0,4.0,0.0,0
4575,12621,4.0,24,10,3,105,7,3,6.0,0.0,3.0,0.0,60.0,15.0,4.0,14.0,2.0,1
4576,3403,4.0,13,4,2,51,3,3,2.0,2.0,0.0,2.0,26.0,9.0,0.0,9.0,0.0,0
4577,3515,3.0,7,0,1,25,2,2,0.0,0.0,0.0,0.0,18.0,3.0,0.0,3.0,0.0,0
4578,3883,3.0,4,0,1,13,2,1,0.0,0.0,0.0,0.0,9.0,2.0,0.0,1.0,0.0,0
4579,19559,4.0,22,0,1,72,4,4,0.0,0.0,0.0,0.0,47.0,11.0,0.0,11.0,2.0,1
4580,6755,4.0,15,0,2,45,3,2,0.0,0.0,0.0,0.0,30.0,7.0,0.0,7.0,0.0,0
4581,14034,4.0,22,4,3,92,8,3,2.0,0.0,2.0,0.0,53.0,15.0,2.0,15.0,2.0,1
4582,2908,4.0,24,7,2,96,4,5,6.0,0.0,1.0,0.0,59.0,13.0,1.0,13.0,2.0,0
4583,16604,4.0,10,0,3,41,4,3,0.0,0.0,0.0,0.0,26.0,6.0,0.0,6.0,2.0,1
4584,4261,4.0,8,0,1,31,3,2,0.0,0.0,0.0,0.0,22.0,4.0,0.0,4.0,0.0,0
4585,8071,4.0,16,5,1,54,3,3,2.0,2.0,0.0,3.0,32.0,7.0,0.0,7.0,0.0,0
4586,2423,4.0,9,8,1,45,2,4,6.0,0.0,1.0,1.0,27.0,4.0,1.0,4.0,0.0,0
4587,14328,4.0,10,0,2,37,3,2,0.0,0.0,0.0,0.0,28.0,3.0,0.0,3.0,2.0,1
4588,5264,4.0,19,0,2,54,3,2,0.0,0.0,0.0,0.0,39.0,7.0,0.0,7.0,0.0,0
4589,14898,4.0,4,11,4,36,3,4,7.0,0.0,4.0,0.0,12.0,3.0,4.0,3.0,2.0,1
4590,6163,4.0,17,0,2,49,3,3,0.0,0.0,0.0,0.0,36.0,6.0,0.0,6.0,0.0,0
4591,3548,4.0,14,1,4,59,4,5,0.0,0.0,1.0,1.0,35.0,10.0,0.0,11.0,0.0,0
4592,13075,3.0,11,0,2,45,4,4,0.0,0.0,0.0,0.0,30.0,6.0,0.0,6.0,2.0,1
4593,18699,3.0,9,0,2,26,2,2,0.0,0.0,0.0,0.0,18.0,4.0,0.0,3.0,0.0,1
4594,15117,4.0,26,6,3,97,7,3,4.0,0.0,2.0,0.0,58.0,14.0,2.0,14.0,2.0,1
4595,19367,3.0,2,17,4,35,3,3,12.0,0.0,5.0,0.0,6.0,2.0,5.0,2.0,2.0,1
4596,7548,4.0,12,8,2,50,3,2,7.0,0.0,1.0,0.0,30.0,5.0,1.0,5.0,0.0,0
4597,13062,3.0,5,0,2,33,3,4,0.0,0.0,0.0,0.0,20.0,5.0,0.0,5.0,2.0,1
4598,19256,4.0,5,3,3,32,3,3,2.0,0.0,1.0,1.0,16.0,4.0,0.0,5.0,2.0,1
4599,19879,3.0,8,0,3,33,3,3,0.0,0.0,0.0,0.0,20.0,6.0,0.0,5.0,1.0,1
4600,1159,4.0,14,0,2,41,3,1,0.0,0.0,0.0,0.0,32.0,4.0,0.0,4.0,0.0,0
4601,6895,4.0,10,1,1,31,5,1,0.0,1.0,0.0,1.0,18.0,5.0,0.0,5.0,0.0,0
4602,5501,3.0,8,0,2,31,2,1,0.0,0.0,0.0,0.0,24.0,3.0,0.0,3.0,0.0,0
4603,8047,3.0,15,0,2,47,3,3,0.0,0.0,0.0,0.0,34.0,6.0,0.0,6.0,0.0,0
4604,809,3.0,8,0,1,25,3,1,0.0,0.0,0.0,0.0,16.0,4.0,0.0,4.0,0.0,0
4605,17180,3.0,12,0,3,55,4,5,0.0,0.0,0.0,0.0,36.0,8.0,0.0,8.0,2.0,1
4606,2650,4.0,29,1,2,101,3,3,0.0,1.0,0.0,0.0,75.0,12.0,1.0,11.0,0.0,0
4607,12074,4.0,16,0,2,54,4,3,0.0,0.0,0.0,0.0,39.0,6.0,0.0,6.0,2.0,1
4608,19913,3.0,11,0,4,37,2,2,0.0,0.0,0.0,0.0,24.0,6.0,0.0,6.0,0.0,1
4609,8789,3.0,11,0,2,36,3,2,0.0,0.0,0.0,0.0,25.0,5.0,0.0,5.0,0.0,0
4610,3190,3.0,5,5,2,22,2,2,4.0,0.0,1.0,0.0,9.0,3.0,1.0,3.0,0.0,0
4611,3620,3.0,14,0,2,33,3,2,0.0,0.0,0.0,0.0,22.0,5.0,0.0,5.0,0.0,0
4612,9894,3.0,13,0,1,41,3,4,0.0,0.0,0.0,0.0,29.0,6.0,0.0,5.0,0.0,0
4613,17390,4.0,19,12,3,89,8,3,6.0,1.0,4.0,2.0,45.0,12.0,4.0,12.0,2.0,1
4614,3650,4.0,15,0,5,60,2,3,0.0,0.0,0.0,0.0,43.0,8.0,0.0,8.0,0.0,0
4615,11508,4.0,29,0,3,98,7,5,0.0,0.0,0.0,0.0,64.0,15.0,0.0,15.0,3.0,1
4616,16834,4.0,25,4,3,100,4,8,1.0,0.0,3.0,1.0,71.0,9.0,2.0,10.0,2.0,1
4617,16067,3.0,1,10,3,25,3,3,6.0,0.0,4.0,0.0,6.0,1.0,4.0,1.0,2.0,1
4618,4070,4.0,22,12,1,85,4,5,9.0,0.0,2.0,0.0,47.0,11.0,3.0,10.0,2.0,0
4619,8290,4.0,11,18,1,63,3,3,15.0,0.0,2.0,0.0,29.0,7.0,3.0,6.0,0.0,0
4620,1394,4.0,14,12,3,61,5,2,10.0,0.0,1.0,0.0,32.0,8.0,2.0,7.0,0.0,0
4621,5976,4.0,29,2,6,116,6,12,0.0,0.0,1.0,2.0,65.0,22.0,0.0,23.0,2.0,0
4622,3370,4.0,17,0,3,56,2,4,0.0,0.0,0.0,0.0,41.0,7.0,0.0,7.0,0.0,0
4623,19426,4.0,36,7,3,127,7,3,4.0,0.0,2.0,0.0,84.0,16.0,3.0,15.0,2.0,1
4624,11782,4.0,2,15,4,35,4,3,9.0,0.0,5.0,1.0,8.0,2.0,5.0,2.0,2.0,1
4625,18039,4.0,12,0,3,55,4,4,0.0,0.0,0.0,0.0,38.0,7.0,0.0,7.0,2.0,1
4626,16551,3.0,4,0,1,23,3,3,0.0,0.0,0.0,0.0,14.0,3.0,0.0,3.0,2.0,1
4627,15210,3.0,6,0,1,20,1,0,0.0,0.0,0.0,0.0,17.0,1.0,0.0,1.0,0.0,1
4628,15207,4.0,12,3,3,71,4,5,1.0,0.0,2.0,0.0,41.0,11.0,2.0,11.0,2.0,1
4629,1054,4.0,24,6,3,98,4,4,5.0,0.0,1.0,0.0,52.0,18.0,1.0,18.0,2.0,0
4630,13561,3.0,5,0,2,14,1,0,0.0,0.0,0.0,0.0,9.0,2.0,0.0,2.0,0.0,1
4631,14195,3.0,3,12,3,29,3,3,8.0,0.0,4.0,0.0,8.0,1.0,4.0,1.0,2.0,1
4632,16561,4.0,11,0,2,53,4,6,0.0,0.0,0.0,0.0,35.0,8.0,0.0,7.0,2.0,1
4633,16050,4.0,57,32,1,246,8,5,21.0,3.0,8.0,2.0,133.0,33.0,9.0,32.0,4.0,1
4634,8856,4.0,24,1,8,96,6,5,0.0,0.0,1.0,0.0,52.0,20.0,1.0,20.0,1.0,0
4635,16175,3.0,8,0,1,18,1,0,0.0,0.0,0.0,0.0,15.0,1.0,0.0,1.0,0.0,1
4636,7903,4.0,14,2,3,42,3,2,1.0,0.0,0.0,0.0,27.0,6.0,1.0,5.0,1.0,0
4637,1736,4.0,16,11,2,59,5,4,9.0,0.0,1.0,1.0,26.0,10.0,1.0,10.0,0.0,0
4638,1568,3.0,11,0,3,41,2,2,0.0,0.0,0.0,0.0,30.0,5.0,0.0,5.0,0.0,0
4639,462,4.0,14,4,4,51,2,3,3.0,0.0,1.0,1.0,32.0,6.0,0.0,7.0,0.0,0
4640,743,4.0,10,1,1,31,6,1,0.0,1.0,0.0,1.0,17.0,5.0,0.0,5.0,1.0,0
4641,8414,4.0,12,5,3,45,3,1,2.0,2.0,1.0,3.0,27.0,4.0,0.0,5.0,0.0,0
4642,16064,3.0,24,0,12,80,1,0,0.0,0.0,0.0,0.0,55.0,12.0,0.0,12.0,0.0,1
4643,3994,4.0,15,0,1,40,3,4,0.0,0.0,0.0,0.0,28.0,6.0,0.0,5.0,0.0,0
4644,15297,3.0,16,24,1,81,4,4,7.0,0.0,17.0,12.0,11.0,7.0,5.0,18.0,3.0,1
4645,8817,4.0,6,3,1,31,4,1,1.0,2.0,0.0,2.0,17.0,4.0,0.0,4.0,0.0,0
4646,9308,4.0,10,7,2,46,5,1,6.0,0.0,0.0,0.0,25.0,7.0,1.0,6.0,0.0,0
4647,10654,4.0,4,1,3,25,2,1,0.0,0.0,1.0,1.0,15.0,3.0,0.0,4.0,0.0,1
4648,6284,3.0,7,0,1,23,3,1,0.0,0.0,0.0,0.0,16.0,3.0,0.0,3.0,0.0,0
4649,13326,5.0,23,21,3,164,7,3,3.0,17.0,1.0,18.0,98.0,12.0,0.0,12.0,2.0,1
4650,18342,3.0,12,0,2,50,4,4,0.0,0.0,0.0,0.0,33.0,7.0,0.0,7.0,2.0,1
4651,19539,3.0,10,0,1,23,1,0,0.0,0.0,0.0,0.0,20.0,1.0,0.0,1.0,0.0,1
4652,17767,4.0,15,1,4,56,4,4,0.0,0.0,0.0,0.0,37.0,8.0,1.0,7.0,2.0,1
4653,5494,4.0,31,0,2,88,3,3,0.0,0.0,0.0,0.0,67.0,10.0,0.0,10.0,0.0,0
4654,13599,3.0,7,0,3,45,3,4,0.0,0.0,0.0,0.0,30.0,6.0,0.0,6.0,2.0,1
4655,17292,4.0,8,3,3,52,6,3,2.0,0.0,0.0,0.0,29.0,9.0,1.0,8.0,2.0,1
4656,8648,4.0,31,14,1,102,3,6,10.0,0.0,4.0,0.0,59.0,12.0,4.0,12.0,0.0,0
4657,10471,3.0,6,0,3,26,2,1,0.0,0.0,0.0,0.0,17.0,4.0,0.0,4.0,0.0,1
4658,16036,3.0,2,14,4,32,3,3,9.0,0.0,5.0,0.0,6.0,2.0,5.0,2.0,2.0,1
4659,4335,4.0,12,0,2,34,3,2,0.0,0.0,0.0,0.0,23.0,5.0,0.0,5.0,0.0,0
4660,16372,3.0,8,0,2,27,2,1,0.0,0.0,0.0,0.0,20.0,3.0,0.0,3.0,0.0,1
4661,14848,4.0,15,23,3,76,4,4,12.0,10.0,1.0,10.0,27.0,6.0,1.0,6.0,2.0,1
4662,12536,3.0,5,3,1,22,2,0,2.0,0.0,1.0,1.0,14.0,1.0,0.0,2.0,0.0,1
4663,19090,3.0,5,3,2,26,2,2,2.0,0.0,0.0,1.0,14.0,4.0,0.0,4.0,0.0,1
4664,5114,3.0,11,0,1,33,2,1,0.0,0.0,0.0,0.0,29.0,2.0,0.0,1.0,0.0,0
4665,7174,4.0,28,93,9,234,3,2,78.0,10.0,5.0,11.0,90.0,17.0,4.0,18.0,0.0,0
4666,8587,3.0,11,0,3,44,2,2,0.0,0.0,0.0,0.0,33.0,5.0,0.0,5.0,0.0,0
4667,19801,4.0,16,0,3,49,2,3,0.0,0.0,0.0,0.0,36.0,6.0,0.0,6.0,0.0,1
4668,5212,3.0,5,0,1,18,2,2,0.0,0.0,0.0,0.0,12.0,3.0,0.0,2.0,0.0,0
4669,3641,4.0,24,8,1,92,5,6,7.0,0.0,0.0,0.0,58.0,12.0,1.0,11.0,2.0,0
4670,9952,4.0,19,4,2,70,6,1,3.0,0.0,0.0,0.0,46.0,10.0,1.0,9.0,0.0,0
4671,9034,4.0,11,1,2,40,3,2,0.0,1.0,0.0,1.0,27.0,5.0,0.0,5.0,0.0,0
4672,18804,4.0,27,6,4,98,7,3,3.0,0.0,2.0,1.0,57.0,15.0,2.0,15.0,2.0,1
4673,21,4.0,31,0,8,117,7,5,0.0,0.0,0.0,0.0,74.0,21.0,0.0,20.0,1.0,0
4674,3718,4.0,8,6,2,37,3,2,5.0,0.0,1.0,0.0,21.0,4.0,1.0,4.0,0.0,0
4675,2902,3.0,13,0,1,39,3,4,0.0,0.0,0.0,0.0,27.0,6.0,0.0,5.0,0.0,0
4676,16360,3.0,12,0,2,41,2,2,0.0,0.0,0.0,0.0,33.0,4.0,0.0,3.0,0.0,1
4677,14979,3.0,8,0,1,20,2,0,0.0,0.0,0.0,0.0,15.0,2.0,0.0,2.0,0.0,1
4678,5534,4.0,17,14,2,58,4,2,13.0,1.0,0.0,0.0,31.0,6.0,1.0,5.0,0.0,0
4679,12235,4.0,24,22,3,117,7,3,12.0,10.0,0.0,9.0,59.0,12.0,1.0,11.0,2.0,1
4680,11042,4.0,17,9,2,83,7,6,6.0,0.0,3.0,1.0,49.0,9.0,2.0,10.0,2.0,1
4681,779,4.0,20,0,2,75,3,3,0.0,0.0,0.0,0.0,56.0,9.0,0.0,9.0,0.0,0
4682,11941,4.0,35,7,4,135,7,3,3.0,0.0,3.0,1.0,84.0,19.0,3.0,19.0,2.0,1
4683,7420,4.0,21,9,4,80,3,1,8.0,0.0,1.0,0.0,49.0,10.0,1.0,10.0,0.0,0
4684,14603,4.0,11,0,1,53,4,6,0.0,0.0,0.0,0.0,36.0,7.0,0.0,7.0,2.0,1
4685,13509,4.0,26,11,3,107,7,3,6.0,0.0,4.0,1.0,61.0,14.0,4.0,14.0,2.0,1
4686,6528,4.0,13,1,2,51,5,1,0.0,0.0,0.0,0.0,36.0,7.0,1.0,6.0,0.0,0
4687,3431,4.0,10,7,2,46,2,3,4.0,0.0,2.0,2.0,29.0,3.0,1.0,4.0,0.0,0
4688,19454,4.0,28,29,6,126,7,5,22.0,0.0,7.0,1.0,63.0,11.0,6.0,12.0,3.0,1
4689,19058,4.0,11,0,4,46,3,3,0.0,0.0,0.0,0.0,31.0,6.0,0.0,6.0,2.0,1
4690,11438,5.0,21,5,2,95,5,4,0.0,5.0,0.0,5.0,68.0,7.0,0.0,7.0,2.0,1
4691,14498,4.0,9,0,2,32,2,2,0.0,0.0,0.0,0.0,24.0,4.0,0.0,3.0,0.0,1
4692,4259,3.0,5,3,3,25,2,1,2.0,0.0,1.0,1.0,13.0,3.0,0.0,4.0,0.0,0
4693,4725,4.0,11,8,2,39,4,1,7.0,0.0,0.0,0.0,21.0,5.0,1.0,4.0,0.0,0
4694,1469,3.0,11,0,1,30,2,1,0.0,0.0,0.0,0.0,25.0,2.0,0.0,2.0,0.0,0
4695,12368,4.0,25,26,3,114,8,3,19.0,7.0,0.0,6.0,53.0,13.0,1.0,12.0,2.0,1
4696,19481,4.0,7,2,3,42,6,3,1.0,0.0,0.0,0.0,22.0,8.0,1.0,7.0,2.0,1
4697,18617,4.0,9,0,2,39,4,3,0.0,0.0,0.0,0.0,26.0,5.0,0.0,5.0,2.0,1
4698,13855,4.0,13,6,3,67,6,5,5.0,0.0,1.0,0.0,37.0,10.0,1.0,10.0,2.0,1
4699,17652,4.0,12,0,2,39,2,3,0.0,0.0,0.0,0.0,29.0,5.0,0.0,4.0,0.0,1
4700,16454,4.0,29,6,4,109,8,3,3.0,0.0,2.0,0.0,65.0,17.0,3.0,16.0,2.0,1
4701,8424,3.0,9,0,2,28,2,1,0.0,0.0,0.0,0.0,21.0,3.0,0.0,3.0,0.0,0
4702,368,3.0,9,3,1,32,2,5,2.0,0.0,1.0,0.0,18.0,5.0,0.0,5.0,0.0,0
4703,18365,4.0,8,3,3,44,6,3,2.0,0.0,0.0,0.0,23.0,8.0,1.0,7.0,2.0,1
4704,9607,4.0,11,6,2,41,3,5,1.0,2.0,2.0,2.0,19.0,6.0,3.0,5.0,0.0,0
4705,14997,4.0,19,5,2,75,7,3,3.0,0.0,1.0,0.0,43.0,12.0,2.0,11.0,2.0,1
4706,9491,4.0,15,2,3,55,3,3,0.0,1.0,1.0,1.0,39.0,5.0,1.0,5.0,1.0,0
4707,64,4.0,14,6,2,64,4,1,4.0,0.0,2.0,0.0,43.0,6.0,2.0,6.0,0.0,0
4708,4210,4.0,20,0,1,52,5,1,0.0,0.0,0.0,0.0,41.0,5.0,0.0,5.0,0.0,0
4709,15595,4.0,5,12,4,40,3,4,8.0,0.0,4.0,0.0,15.0,3.0,4.0,3.0,2.0,1
4710,13263,4.0,20,0,3,66,4,5,0.0,0.0,0.0,0.0,43.0,10.0,0.0,10.0,2.0,1
4711,15557,4.0,10,0,3,34,3,1,0.0,0.0,0.0,0.0,23.0,5.0,0.0,5.0,0.0,1
4712,1721,4.0,19,1,5,71,4,7,0.0,0.0,1.0,1.0,40.0,13.0,0.0,14.0,1.0,0
4713,16657,3.0,11,0,2,34,2,3,0.0,0.0,0.0,0.0,24.0,5.0,0.0,4.0,0.0,1
4714,5324,4.0,7,1,1,22,2,2,0.0,1.0,0.0,1.0,14.0,3.0,0.0,2.0,0.0,0
4715,4060,4.0,16,0,1,54,5,1,0.0,0.0,0.0,0.0,38.0,7.0,0.0,7.0,1.0,0
4716,7280,4.0,12,0,1,38,3,2,0.0,0.0,0.0,0.0,29.0,4.0,0.0,4.0,0.0,0
4717,10683,4.0,6,6,3,30,2,0,3.0,2.0,1.0,2.0,14.0,3.0,1.0,3.0,0.0,1
4718,1824,4.0,16,0,3,41,2,1,0.0,0.0,0.0,0.0,32.0,4.0,0.0,4.0,0.0,0
4719,15234,4.0,10,3,5,50,1,0,1.0,2.0,0.0,2.0,34.0,5.0,0.0,5.0,0.0,1
4720,14399,3.0,11,27,1,75,4,4,9.0,1.0,17.0,10.0,8.0,5.0,8.0,13.0,3.0,1
4721,2355,4.0,15,10,1,57,3,3,9.0,0.0,0.0,0.0,31.0,8.0,1.0,7.0,0.0,0
4722,17803,3.0,11,0,2,35,3,3,0.0,0.0,0.0,0.0,25.0,4.0,0.0,3.0,2.0,1
4723,17472,5.0,76,75,3,316,10,8,40.0,26.0,8.0,25.0,144.0,29.0,10.0,27.0,6.0,1
4724,3232,4.0,22,4,1,83,4,6,3.0,0.0,1.0,0.0,51.0,12.0,1.0,12.0,2.0,0
4725,16806,4.0,13,3,3,66,6,5,2.0,0.0,1.0,1.0,38.0,10.0,0.0,11.0,2.0,1
4726,1918,3.0,8,0,1,32,2,4,0.0,0.0,0.0,0.0,22.0,5.0,0.0,4.0,0.0,0
4727,14261,3.0,12,1,2,39,3,4,0.0,0.0,1.0,1.0,26.0,4.0,0.0,4.0,2.0,1
4728,1569,4.0,34,129,2,231,3,4,91.0,37.0,1.0,37.0,51.0,6.0,1.0,6.0,0.0,0
4729,1831,4.0,6,5,1,23,2,1,4.0,1.0,0.0,1.0,13.0,2.0,0.0,1.0,0.0,0
4730,8539,4.0,13,0,3,50,2,3,0.0,0.0,0.0,0.0,37.0,6.0,0.0,6.0,0.0,0
4731,1242,3.0,8,0,1,28,2,4,0.0,0.0,0.0,0.0,17.0,5.0,0.0,5.0,0.0,0
4732,19755,4.0,15,2,3,62,4,5,1.0,0.0,1.0,0.0,38.0,9.0,1.0,9.0,2.0,1
4733,9351,4.0,11,0,1,30,3,3,0.0,0.0,0.0,0.0,20.0,5.0,0.0,4.0,0.0,0
4734,11776,3.0,4,0,2,23,2,2,0.0,0.0,0.0,0.0,15.0,4.0,0.0,3.0,0.0,1
4735,11342,4.0,13,0,3,45,4,4,0.0,0.0,0.0,0.0,26.0,8.0,0.0,8.0,2.0,1
4736,4656,4.0,59,127,14,341,7,2,69.0,56.0,1.0,54.0,110.0,24.0,4.0,21.0,1.0,0
4737,12049,4.0,20,1,4,75,4,5,0.0,0.0,0.0,0.0,54.0,9.0,1.0,8.0,2.0,1
4738,8998,4.0,21,20,2,103,4,4,17.0,0.0,3.0,2.0,39.0,18.0,1.0,20.0,2.0,0
4739,13213,3.0,5,0,4,29,2,1,0.0,0.0,0.0,0.0,18.0,5.0,0.0,5.0,0.0,1
4740,11936,4.0,28,2,3,103,4,7,1.0,0.0,1.0,0.0,73.0,12.0,1.0,12.0,2.0,1
4741,11911,4.0,18,6,1,76,5,7,2.0,2.0,2.0,0.0,36.0,14.0,4.0,12.0,3.0,1
4742,1325,4.0,18,4,1,61,3,2,3.0,0.0,0.0,0.0,41.0,8.0,1.0,7.0,0.0,0
4743,8343,4.0,11,0,2,35,2,1,0.0,0.0,0.0,0.0,29.0,3.0,0.0,2.0,0.0,0
4744,18263,4.0,20,0,2,55,3,3,0.0,0.0,0.0,0.0,44.0,4.0,0.0,4.0,2.0,1
4745,16250,3.0,9,0,1,24,1,0,0.0,0.0,0.0,0.0,21.0,1.0,0.0,1.0,0.0,1
4746,8893,4.0,13,2,2,46,3,3,1.0,0.0,1.0,0.0,32.0,5.0,1.0,5.0,0.0,0
4747,4859,3.0,8,0,1,24,2,1,0.0,0.0,0.0,0.0,20.0,2.0,0.0,1.0,0.0,0
4748,7490,4.0,10,7,2,46,5,1,6.0,0.0,0.0,0.0,25.0,7.0,1.0,6.0,0.0,0
4749,17871,4.0,8,2,3,35,2,2,1.0,0.0,1.0,1.0,22.0,4.0,0.0,5.0,0.0,1
4750,19370,4.0,9,0,3,36,3,3,0.0,0.0,0.0,0.0,23.0,5.0,0.0,5.0,2.0,1
4751,12643,4.0,15,8,3,85,7,4,4.0,3.0,1.0,0.0,50.0,11.0,4.0,8.0,3.0,1
4752,1222,4.0,17,0,2,51,2,5,0.0,0.0,0.0,0.0,36.0,7.0,0.0,7.0,0.0,0
4753,1777,4.0,8,5,1,39,4,3,4.0,0.0,1.0,0.0,23.0,5.0,1.0,4.0,0.0,0
4754,18475,5.0,15,4,2,80,6,3,0.0,4.0,0.0,3.0,54.0,8.0,1.0,7.0,2.0,1
4755,19645,4.0,15,3,3,58,4,2,2.0,0.0,0.0,0.0,41.0,7.0,1.0,6.0,0.0,1
4756,14659,4.0,44,8,3,136,8,3,5.0,0.0,2.0,0.0,86.0,19.0,3.0,18.0,2.0,1
4757,17227,4.0,7,4,2,33,4,1,3.0,0.0,0.0,0.0,19.0,5.0,1.0,4.0,0.0,1
4758,11133,4.0,3,15,4,33,3,3,10.0,0.0,4.0,1.0,7.0,2.0,4.0,2.0,2.0,1
4759,13771,4.0,32,3,3,118,8,4,1.0,0.0,1.0,0.0,76.0,18.0,2.0,17.0,2.0,1
4760,12194,4.0,14,2,4,55,7,4,0.0,0.0,1.0,0.0,28.0,11.0,2.0,10.0,2.0,1
4761,8701,3.0,5,0,1,22,2,3,0.0,0.0,0.0,0.0,13.0,4.0,0.0,4.0,0.0,0
4762,17814,3.0,2,10,3,29,3,4,6.0,0.0,4.0,0.0,8.0,2.0,4.0,2.0,2.0,1
4763,6400,4.0,12,9,3,68,5,2,6.0,1.0,1.0,1.0,41.0,8.0,2.0,7.0,0.0,0
4764,16758,4.0,11,2,2,43,4,4,0.0,1.0,1.0,0.0,23.0,8.0,2.0,7.0,0.0,1
4765,748,3.0,11,0,2,31,2,1,0.0,0.0,0.0,0.0,25.0,3.0,0.0,2.0,0.0,0
4766,7271,3.0,9,0,1,24,2,2,0.0,0.0,0.0,0.0,18.0,3.0,0.0,2.0,0.0,0
4767,5246,3.0,6,1,3,23,2,1,0.0,1.0,0.0,0.0,13.0,4.0,0.0,4.0,0.0,0
4768,1259,4.0,11,0,2,42,2,4,0.0,0.0,0.0,0.0,29.0,6.0,0.0,6.0,0.0,0
4769,7173,3.0,4,0,3,27,2,1,0.0,0.0,0.0,0.0,18.0,4.0,0.0,4.0,0.0,0
4770,1888,4.0,9,2,3,50,3,5,1.0,0.0,1.0,1.0,30.0,8.0,0.0,8.0,0.0,0
4771,11386,3.0,12,21,1,72,4,4,6.0,1.0,14.0,10.0,10.0,7.0,5.0,15.0,3.0,1
4772,711,4.0,14,12,1,78,3,6,8.0,0.0,4.0,0.0,36.0,13.0,4.0,12.0,0.0,0
4773,19148,4.0,37,12,3,156,7,3,7.0,0.0,5.0,0.0,89.0,24.0,5.0,23.0,2.0,1
4774,16775,4.0,13,0,2,46,2,2,0.0,0.0,0.0,0.0,37.0,4.0,0.0,4.0,0.0,1
4775,15168,4.0,14,3,1,57,4,4,2.0,0.0,1.0,0.0,36.0,7.0,1.0,7.0,2.0,1
4776,7937,3.0,13,0,2,34,2,3,0.0,0.0,0.0,0.0,24.0,5.0,0.0,4.0,0.0,0
4777,4808,3.0,6,0,2,25,2,1,0.0,0.0,0.0,0.0,18.0,3.0,0.0,3.0,0.0,0
4778,3329,4.0,24,8,7,122,8,5,0.0,6.0,2.0,2.0,55.0,23.0,6.0,19.0,8.0,0
4779,3293,4.0,9,0,2,36,4,1,0.0,0.0,0.0,0.0,25.0,5.0,0.0,5.0,0.0,0
4780,17207,4.0,36,7,3,113,8,3,4.0,0.0,2.0,0.0,66.0,18.0,3.0,17.0,2.0,1
4781,12247,4.0,32,19,3,120,7,3,8.0,10.0,0.0,11.0,64.0,12.0,0.0,12.0,2.0,1
4782,3845,3.0,4,7,1,24,2,3,6.0,0.0,1.0,1.0,9.0,3.0,0.0,3.0,0.0,0
4783,5551,4.0,27,0,2,92,4,4,0.0,0.0,0.0,0.0,61.0,14.0,0.0,14.0,2.0,0
4784,15128,4.0,45,80,2,241,8,7,46.0,32.0,1.0,32.0,92.0,17.0,2.0,16.0,2.0,1
4785,8296,4.0,29,5,1,120,4,5,4.0,0.0,1.0,0.0,72.0,20.0,1.0,19.0,2.0,0
4786,12203,4.0,12,0,4,41,3,2,0.0,0.0,0.0,0.0,26.0,7.0,0.0,7.0,0.0,1
4787,1794,4.0,20,0,1,50,3,3,0.0,0.0,0.0,0.0,35.0,7.0,0.0,7.0,0.0,0
4788,16770,4.0,11,0,2,50,4,5,0.0,0.0,0.0,0.0,33.0,7.0,0.0,7.0,2.0,1
4789,5917,4.0,14,6,1,59,3,5,4.0,0.0,2.0,0.0,39.0,6.0,2.0,5.0,0.0,0
4790,16704,3.0,6,0,3,32,3,3,0.0,0.0,0.0,0.0,19.0,5.0,0.0,5.0,2.0,1
4791,11902,3.0,13,0,3,46,4,3,0.0,0.0,0.0,0.0,31.0,6.0,0.0,6.0,2.0,1
4792,5024,4.0,10,0,2,29,3,1,0.0,0.0,0.0,0.0,21.0,4.0,0.0,3.0,0.0,0
4793,1658,4.0,13,10,2,75,3,3,9.0,0.0,1.0,1.0,42.0,10.0,0.0,11.0,0.0,0
4794,212,4.0,9,4,2,39,2,2,3.0,0.0,1.0,0.0,27.0,3.0,1.0,3.0,0.0,0
4795,16613,4.0,8,0,3,36,2,3,0.0,0.0,0.0,0.0,23.0,6.0,0.0,6.0,0.0,1
4796,13196,4.0,39,8,7,155,7,3,4.0,0.0,3.0,1.0,97.0,22.0,3.0,22.0,2.0,1
4797,4419,4.0,44,20,3,176,8,3,10.0,8.0,1.0,2.0,104.0,23.0,8.0,16.0,3.0,0
4798,19461,4.0,7,66,2,212,6,5,39.0,9.0,18.0,0.0,84.0,19.0,27.0,10.0,5.0,1
4799,5193,4.0,9,5,1,36,2,3,4.0,0.0,1.0,1.0,22.0,3.0,0.0,4.0,0.0,0
4800,9551,4.0,13,0,2,33,3,2,0.0,0.0,0.0,0.0,22.0,5.0,0.0,5.0,0.0,0
4801,8526,3.0,8,0,1,20,3,1,0.0,0.0,0.0,0.0,14.0,3.0,0.0,2.0,0.0,0
4802,2166,4.0,9,0,1,29,3,2,0.0,0.0,0.0,0.0,21.0,4.0,0.0,3.0,0.0,0
4803,3110,4.0,28,0,1,78,3,2,0.0,0.0,0.0,0.0,53.0,12.0,0.0,12.0,0.0,0
4804,792,4.0,17,14,7,97,7,5,10.0,0.0,3.0,2.0,46.0,15.0,2.0,16.0,2.0,0
4805,233,3.0,11,0,1,36,3,3,0.0,0.0,0.0,0.0,26.0,5.0,0.0,4.0,0.0,0
4806,13940,3.0,15,0,4,46,2,3,0.0,0.0,0.0,0.0,31.0,7.0,0.0,7.0,0.0,1
4807,12648,4.0,21,9,3,89,8,3,4.0,0.0,4.0,1.0,45.0,14.0,4.0,14.0,2.0,1
4808,16839,4.0,23,5,2,77,7,3,3.0,0.0,1.0,0.0,45.0,12.0,2.0,11.0,2.0,1
4809,209,3.0,11,6,1,49,3,3,5.0,0.0,0.0,0.0,31.0,6.0,1.0,5.0,0.0,0
4810,9330,4.0,13,4,1,46,3,6,3.0,0.0,1.0,0.0,27.0,7.0,1.0,6.0,0.0,0
4811,13687,4.0,21,4,3,83,7,4,2.0,0.0,1.0,0.0,48.0,14.0,2.0,13.0,2.0,1
4812,17949,4.0,14,5,3,52,4,4,4.0,1.0,0.0,0.0,30.0,7.0,1.0,6.0,2.0,1
4813,4498,4.0,8,5,3,38,2,2,4.0,0.0,1.0,1.0,22.0,4.0,0.0,5.0,0.0,0
4814,11597,3.0,19,35,1,99,4,4,10.0,5.0,20.0,12.0,9.0,10.0,13.0,16.0,3.0,1
4815,9505,4.0,16,8,2,63,3,5,5.0,0.0,3.0,0.0,34.0,9.0,3.0,8.0,0.0,0
4816,2413,4.0,21,9,2,75,3,2,7.0,0.0,2.0,0.0,47.0,8.0,2.0,8.0,0.0,0
4817,6598,3.0,11,0,2,32,2,2,0.0,0.0,0.0,0.0,24.0,4.0,0.0,3.0,0.0,0
4818,15713,4.0,23,4,2,86,7,3,2.0,0.0,1.0,0.0,51.0,14.0,2.0,13.0,2.0,1
4819,12926,3.0,7,0,1,17,1,0,0.0,0.0,0.0,0.0,14.0,1.0,0.0,1.0,0.0,1
4820,11014,4.0,5,10,3,33,3,4,6.0,0.0,4.0,0.0,12.0,2.0,4.0,2.0,2.0,1
4821,834,3.0,7,2,1,35,3,3,0.0,1.0,1.0,2.0,19.0,5.0,0.0,6.0,0.0,0
4822,9063,4.0,18,6,3,76,3,3,4.0,0.0,2.0,0.0,49.0,9.0,2.0,9.0,0.0,0
4823,8074,3.0,11,0,1,38,2,4,0.0,0.0,0.0,0.0,28.0,5.0,0.0,4.0,0.0,0
4824,12633,4.0,13,0,3,49,4,3,0.0,0.0,0.0,0.0,34.0,6.0,0.0,6.0,2.0,1
4825,9455,4.0,27,8,1,102,4,8,5.0,0.0,3.0,0.0,57.0,16.0,3.0,15.0,2.0,0
4826,9810,4.0,21,4,1,60,3,4,3.0,0.0,1.0,0.0,42.0,6.0,1.0,6.0,0.0,0
4827,6035,4.0,11,0,1,29,2,1,0.0,0.0,0.0,0.0,24.0,2.0,0.0,2.0,0.0,0
4828,10606,4.0,15,0,2,55,4,4,0.0,0.0,0.0,0.0,40.0,6.0,0.0,6.0,2.0,1
4829,1220,4.0,36,6,1,118,3,4,4.0,0.0,2.0,0.0,76.0,17.0,2.0,16.0,0.0,0
4830,9957,4.0,27,0,2,78,3,2,0.0,0.0,0.0,0.0,56.0,10.0,0.0,10.0,1.0,0
4831,11659,4.0,8,3,2,32,2,3,1.0,0.0,2.0,2.0,19.0,3.0,0.0,4.0,0.0,1
4832,6552,4.0,20,3,2,75,7,2,2.0,0.0,1.0,0.0,50.0,10.0,1.0,10.0,0.0,0
4833,11375,4.0,23,0,4,79,4,4,0.0,0.0,0.0,0.0,56.0,10.0,0.0,10.0,2.0,1
4834,1387,4.0,16,16,2,58,4,2,13.0,2.0,0.0,2.0,28.0,6.0,1.0,5.0,0.0,0
4835,2001,4.0,21,5,2,70,3,3,4.0,0.0,1.0,0.0,47.0,8.0,1.0,8.0,0.0,0
4836,5609,4.0,11,0,3,33,3,1,0.0,0.0,0.0,0.0,22.0,5.0,0.0,5.0,0.0,0
4837,4581,4.0,51,26,1,201,3,7,18.0,1.0,7.0,1.0,121.0,23.0,7.0,22.0,0.0,0
4838,17393,4.0,35,5,5,136,7,3,2.0,0.0,2.0,0.0,85.0,21.0,3.0,20.0,2.0,1
4839,15321,3.0,9,0,2,32,3,2,0.0,0.0,0.0,0.0,20.0,6.0,0.0,5.0,0.0,1
4840,2523,3.0,5,0,1,20,2,1,0.0,0.0,0.0,0.0,16.0,2.0,0.0,1.0,0.0,0
4841,15511,4.0,40,4,3,138,8,3,1.0,0.0,2.0,0.0,88.0,20.0,3.0,19.0,4.0,1
4842,7259,4.0,14,3,1,51,3,4,1.0,2.0,0.0,0.0,33.0,7.0,2.0,5.0,0.0,0
4843,18794,4.0,7,0,3,31,4,1,0.0,0.0,0.0,0.0,18.0,6.0,0.0,6.0,0.0,1
4844,14817,4.0,57,90,4,276,7,8,53.0,34.0,2.0,35.0,111.0,18.0,2.0,18.0,2.0,1
4845,3078,3.0,14,0,1,34,3,2,0.0,0.0,0.0,0.0,24.0,5.0,0.0,4.0,0.0,0
4846,7460,4.0,8,4,1,26,2,1,3.0,1.0,0.0,1.0,16.0,2.0,0.0,2.0,0.0,0
4847,19710,4.0,10,0,2,44,4,3,0.0,0.0,0.0,0.0,31.0,5.0,0.0,5.0,2.0,1
4848,15533,3.0,6,0,2,19,1,0,0.0,0.0,0.0,0.0,14.0,2.0,0.0,2.0,0.0,1
4849,4782,3.0,7,0,2,24,3,1,0.0,0.0,0.0,0.0,16.0,4.0,0.0,3.0,0.0,0
4850,13524,4.0,14,0,3,47,3,4,0.0,0.0,0.0,0.0,31.0,8.0,0.0,7.0,0.0,1
4851,4381,4.0,13,0,2,41,3,1,0.0,0.0,0.0,0.0,32.0,4.0,0.0,4.0,0.0,0
4852,17246,4.0,19,3,2,71,3,7,2.0,1.0,0.0,0.0,49.0,8.0,1.0,7.0,2.0,1
4853,11712,4.0,13,6,2,67,4,5,3.0,0.0,3.0,1.0,44.0,5.0,2.0,6.0,2.0,1
4854,13485,4.0,31,2,3,98,4,3,0.0,1.0,1.0,2.0,58.0,16.0,0.0,17.0,2.0,1
4855,6404,4.0,32,0,1,115,4,4,0.0,0.0,0.0,0.0,76.0,18.0,0.0,18.0,2.0,0
4856,7642,3.0,15,0,1,52,3,3,0.0,0.0,0.0,0.0,42.0,5.0,0.0,4.0,0.0,0
4857,8067,4.0,7,7,1,36,2,3,6.0,0.0,1.0,1.0,20.0,3.0,0.0,4.0,0.0,0
4858,6452,4.0,9,3,1,31,4,1,1.0,1.0,0.0,2.0,18.0,4.0,0.0,4.0,0.0,0
4859,15657,4.0,10,3,3,49,3,6,2.0,0.0,0.0,0.0,28.0,8.0,1.0,7.0,2.0,1
4860,2165,3.0,9,0,1,31,3,2,0.0,0.0,0.0,0.0,22.0,4.0,0.0,4.0,0.0,0
4861,8809,3.0,9,0,2,44,2,4,0.0,0.0,0.0,0.0,31.0,6.0,0.0,6.0,0.0,0
4862,19824,4.0,7,18,4,43,2,3,10.0,2.0,6.0,2.0,12.0,2.0,5.0,3.0,0.0,1
4863,3803,4.0,20,4,1,86,3,2,2.0,1.0,1.0,2.0,53.0,13.0,0.0,13.0,0.0,0
4864,11687,4.0,26,4,2,89,8,3,1.0,0.0,2.0,0.0,53.0,14.0,3.0,13.0,2.0,1
4865,18069,4.0,5,10,4,36,3,4,6.0,0.0,4.0,0.0,13.0,3.0,4.0,3.0,2.0,1
4866,14514,4.0,3,10,3,31,3,4,5.0,0.0,4.0,1.0,10.0,2.0,4.0,2.0,2.0,1
4867,10618,3.0,4,0,2,13,1,0,0.0,0.0,0.0,0.0,8.0,2.0,0.0,2.0,0.0,1
4868,14894,5.0,24,20,3,187,6,5,2.0,18.0,0.0,18.0,123.0,12.0,0.0,11.0,2.0,1
4869,14601,3.0,10,0,3,40,2,1,0.0,0.0,0.0,0.0,31.0,4.0,0.0,4.0,0.0,1
4870,18927,4.0,41,7,3,143,8,4,4.0,0.0,2.0,0.0,92.0,20.0,3.0,19.0,2.0,1
4871,7637,5.0,19,20,2,156,6,2,4.0,14.0,2.0,16.0,100.0,8.0,0.0,9.0,2.0,0
4872,10122,3.0,10,21,1,66,4,4,7.0,1.0,13.0,8.0,9.0,6.0,6.0,12.0,3.0,1
4873,10196,4.0,17,3,1,58,4,4,2.0,0.0,1.0,0.0,37.0,7.0,1.0,7.0,2.0,1
4874,14919,4.0,29,3,3,100,7,3,1.0,0.0,1.0,0.0,64.0,15.0,2.0,14.0,2.0,1
4875,10619,4.0,13,5,2,66,6,4,3.0,1.0,0.0,1.0,37.0,10.0,1.0,9.0,3.0,1
4876,11239,3.0,0,14,3,26,3,3,9.0,0.0,4.0,1.0,3.0,1.0,4.0,1.0,2.0,1
4877,13086,4.0,20,0,1,60,4,4,0.0,0.0,0.0,0.0,47.0,5.0,0.0,5.0,2.0,1
4878,1386,3.0,19,0,1,49,3,4,0.0,0.0,0.0,0.0,37.0,6.0,0.0,5.0,0.0,0
4879,17699,5.0,35,32,4,255,8,3,4.0,28.0,0.0,27.0,163.0,15.0,1.0,13.0,3.0,1
4880,15420,4.0,9,0,3,36,3,1,0.0,0.0,0.0,0.0,25.0,5.0,0.0,5.0,0.0,1
4881,11823,4.0,37,46,2,178,8,3,27.0,15.0,3.0,13.0,72.0,21.0,6.0,18.0,2.0,1
4882,13445,4.0,42,6,3,144,8,3,3.0,0.0,2.0,0.0,88.0,23.0,3.0,22.0,2.0,1
4883,14977,4.0,5,12,4,41,3,3,8.0,0.0,4.0,0.0,18.0,2.0,4.0,2.0,2.0,1
4884,3095,4.0,8,28,1,52,2,1,18.0,10.0,0.0,10.0,9.0,2.0,0.0,2.0,0.0,0
4885,16200,4.0,5,3,1,33,3,4,2.0,1.0,0.0,1.0,18.0,4.0,0.0,4.0,2.0,1
4886,3285,4.0,28,0,2,86,4,5,0.0,0.0,0.0,0.0,63.0,10.0,0.0,10.0,2.0,0
4887,9930,5.0,20,6,1,78,3,1,4.0,1.0,1.0,1.0,47.0,11.0,1.0,11.0,0.0,0
4888,16240,4.0,12,0,2,47,3,6,0.0,0.0,0.0,0.0,31.0,7.0,0.0,6.0,2.0,1
4889,12691,3.0,6,0,1,13,1,0,0.0,0.0,0.0,0.0,10.0,1.0,0.0,1.0,0.0,1
4890,7847,3.0,8,0,6,31,2,1,0.0,0.0,0.0,0.0,17.0,7.0,0.0,6.0,0.0,0
4891,1313,4.0,40,71,3,227,7,7,34.0,37.0,0.0,36.0,86.0,16.0,1.0,15.0,1.0,0
4892,10085,4.0,14,2,3,63,4,5,1.0,0.0,1.0,0.0,41.0,8.0,1.0,8.0,2.0,1
4893,12519,4.0,2,10,4,32,3,3,6.0,0.0,4.0,0.0,11.0,2.0,4.0,2.0,2.0,1
4894,8420,4.0,12,4,1,41,3,2,3.0,0.0,0.0,0.0,27.0,5.0,1.0,4.0,0.0,0
4895,11095,4.0,15,4,3,65,4,7,2.0,0.0,2.0,0.0,36.0,10.0,2.0,10.0,2.0,1
4896,18700,4.0,7,2,2,34,3,3,1.0,1.0,0.0,0.0,21.0,4.0,1.0,3.0,2.0,1
4897,13745,3.0,3,0,1,13,1,0,0.0,0.0,0.0,0.0,10.0,1.0,0.0,1.0,0.0,1
4898,17409,4.0,19,11,7,96,5,8,6.0,0.0,5.0,0.0,52.0,12.0,5.0,12.0,3.0,1
4899,11245,4.0,26,5,3,95,7,3,3.0,0.0,2.0,0.0,57.0,14.0,2.0,14.0,2.0,1
4900,9631,4.0,6,2,1,20,2,1,1.0,0.0,0.0,1.0,13.0,2.0,0.0,2.0,0.0,0
4901,5072,4.0,21,8,2,94,4,8,5.0,0.0,3.0,0.0,58.0,11.0,3.0,11.0,2.0,0
4902,9373,3.0,14,0,2,46,2,4,0.0,0.0,0.0,0.0,34.0,6.0,0.0,5.0,0.0,0
4903,18529,4.0,6,6,3,36,2,2,4.0,0.0,2.0,2.0,20.0,3.0,0.0,4.0,0.0,1
4904,16055,4.0,24,2,3,89,8,3,0.0,0.0,1.0,0.0,56.0,14.0,2.0,13.0,2.0,1
4905,14508,4.0,9,17,2,55,4,4,10.0,5.0,2.0,5.0,20.0,4.0,2.0,4.0,2.0,1
4906,2269,4.0,31,8,1,110,8,4,5.0,0.0,3.0,0.0,68.0,14.0,3.0,13.0,3.0,0
4907,13291,4.0,24,3,3,87,7,3,1.0,0.0,1.0,0.0,55.0,13.0,2.0,12.0,2.0,1
4908,13412,4.0,13,0,2,49,4,4,0.0,0.0,0.0,0.0,34.0,6.0,0.0,6.0,2.0,1
4909,12555,3.0,2,16,4,34,3,3,11.0,0.0,5.0,0.0,6.0,2.0,5.0,2.0,2.0,1
4910,16318,4.0,18,0,3,60,2,4,0.0,0.0,0.0,0.0,45.0,7.0,0.0,7.0,0.0,1
4911,8598,4.0,20,2,6,85,6,8,0.0,0.0,2.0,2.0,42.0,17.0,0.0,19.0,2.0,0
4912,1422,4.0,17,4,2,53,3,2,3.0,0.0,1.0,0.0,33.0,7.0,1.0,7.0,0.0,0
4913,18165,4.0,32,6,3,111,7,4,1.0,0.0,4.0,1.0,68.0,15.0,4.0,15.0,2.0,1
4914,19192,4.0,22,4,3,89,8,3,2.0,0.0,1.0,0.0,52.0,15.0,2.0,14.0,2.0,1
4915,13039,4.0,14,0,3,62,4,4,0.0,0.0,0.0,0.0,43.0,8.0,0.0,8.0,2.0,1
4916,13235,4.0,12,4,3,42,1,0,0.0,3.0,1.0,3.0,29.0,2.0,0.0,3.0,0.0,1
4917,19651,4.0,45,81,2,229,8,7,40.0,38.0,2.0,40.0,72.0,16.0,1.0,17.0,2.0,1
4918,10306,4.0,9,1,3,46,5,4,0.0,0.0,1.0,1.0,26.0,7.0,0.0,8.0,2.0,1
4919,18859,4.0,7,2,2,48,3,4,1.0,0.0,1.0,1.0,33.0,4.0,0.0,5.0,2.0,1
4920,1541,4.0,9,4,1,34,2,3,3.0,0.0,0.0,0.0,22.0,4.0,1.0,3.0,0.0,0
4921,11631,4.0,36,8,3,136,8,3,5.0,0.0,3.0,0.0,82.0,20.0,3.0,20.0,2.0,1
4922,7262,3.0,5,0,1,12,2,1,0.0,0.0,0.0,0.0,8.0,2.0,0.0,1.0,0.0,0
4923,10794,3.0,8,0,3,33,2,2,0.0,0.0,0.0,0.0,22.0,5.0,0.0,5.0,0.0,1
4924,15190,3.0,14,22,1,84,4,4,6.0,3.0,13.0,9.0,13.0,12.0,7.0,17.0,3.0,1
4925,4607,4.0,13,2,3,50,3,2,1.0,0.0,1.0,0.0,30.0,8.0,0.0,9.0,0.0,0
4926,16750,4.0,10,1,3,41,2,3,0.0,0.0,1.0,1.0,27.0,5.0,0.0,6.0,0.0,1
4927,8434,3.0,7,0,1,22,2,1,0.0,0.0,0.0,0.0,18.0,2.0,0.0,1.0,0.0,0
4928,7111,3.0,4,7,1,25,2,3,6.0,0.0,1.0,1.0,10.0,3.0,0.0,3.0,0.0,0
4929,5538,4.0,29,32,11,146,7,4,19.0,10.0,2.0,10.0,69.0,15.0,3.0,14.0,3.0,0
4930,4466,4.0,25,0,1,77,3,2,0.0,0.0,0.0,0.0,52.0,12.0,0.0,12.0,0.0,0
4931,16760,4.0,17,0,4,61,3,4,0.0,0.0,0.0,0.0,44.0,7.0,0.0,7.0,2.0,1
4932,17644,4.0,13,6,3,67,6,5,5.0,0.0,1.0,0.0,37.0,10.0,1.0,10.0,2.0,1
4933,9037,3.0,11,0,2,36,2,2,0.0,0.0,0.0,0.0,27.0,4.0,0.0,4.0,0.0,0
4934,10203,3.0,11,0,2,48,3,3,0.0,0.0,0.0,0.0,37.0,4.0,0.0,4.0,2.0,1
4935,9475,4.0,12,0,2,36,2,1,0.0,0.0,0.0,0.0,29.0,3.0,0.0,3.0,0.0,0
4936,9284,4.0,22,10,4,95,5,2,6.0,3.0,1.0,4.0,54.0,12.0,0.0,13.0,1.0,0
4937,12051,4.0,17,20,3,76,4,4,13.0,7.0,0.0,6.0,33.0,7.0,1.0,6.0,2.0,1
4938,15676,4.0,12,0,2,41,3,3,0.0,0.0,0.0,0.0,28.0,6.0,0.0,6.0,0.0,1
4939,17095,5.0,41,17,5,161,8,4,8.0,7.0,2.0,1.0,92.0,23.0,8.0,17.0,2.0,1
4940,6123,4.0,9,6,2,38,2,3,4.0,0.0,2.0,0.0,23.0,3.0,2.0,3.0,0.0,0
4941,8563,4.0,19,4,2,57,5,1,3.0,0.0,1.0,0.0,35.0,8.0,1.0,8.0,0.0,0
4942,3771,4.0,13,0,1,38,3,3,0.0,0.0,0.0,0.0,28.0,5.0,0.0,4.0,0.0,0
4943,1109,3.0,8,0,2,20,2,1,0.0,0.0,0.0,0.0,14.0,3.0,0.0,2.0,0.0,0
4944,4655,4.0,15,0,2,39,5,2,0.0,0.0,0.0,0.0,26.0,6.0,0.0,5.0,1.0,0
4945,16329,4.0,2,14,4,32,3,3,9.0,0.0,5.0,0.0,6.0,2.0,5.0,2.0,2.0,1
4946,9230,4.0,12,8,1,50,3,4,6.0,0.0,2.0,0.0,26.0,7.0,2.0,6.0,0.0,0
4947,17414,3.0,8,0,2,23,1,0,0.0,0.0,0.0,0.0,18.0,2.0,0.0,2.0,0.0,1
4948,8212,3.0,11,0,1,36,2,4,0.0,0.0,0.0,0.0,25.0,5.0,0.0,5.0,0.0,0
4949,17881,3.0,7,0,3,24,3,2,0.0,0.0,0.0,0.0,13.0,5.0,0.0,4.0,1.0,1
4950,8266,3.0,7,0,1,24,3,1,0.0,0.0,0.0,0.0,17.0,3.0,0.0,3.0,0.0,0
4951,7095,3.0,6,2,1,21,2,1,1.0,1.0,0.0,1.0,14.0,2.0,0.0,1.0,0.0,0
4952,9126,4.0,9,8,2,47,6,1,5.0,0.0,2.0,0.0,22.0,7.0,3.0,6.0,1.0,0
4953,16022,4.0,33,4,4,119,7,3,1.0,0.0,2.0,0.0,77.0,17.0,3.0,16.0,2.0,1
4954,9918,4.0,11,0,2,30,3,1,0.0,0.0,0.0,0.0,22.0,4.0,0.0,3.0,0.0,0
4955,16636,3.0,7,0,2,26,2,3,0.0,0.0,0.0,0.0,16.0,5.0,0.0,4.0,0.0,1
4956,9096,3.0,11,0,2,29,2,1,0.0,0.0,0.0,0.0,22.0,3.0,0.0,3.0,0.0,0
4957,1737,4.0,18,6,3,75,3,3,4.0,0.0,2.0,0.0,48.0,9.0,2.0,9.0,0.0,0
4958,16672,4.0,10,4,2,42,4,4,2.0,0.0,1.0,1.0,22.0,6.0,1.0,6.0,2.0,1
4959,11912,4.0,10,0,4,43,3,3,0.0,0.0,0.0,0.0,28.0,6.0,0.0,6.0,2.0,1
4960,561,3.0,8,0,1,30,2,3,0.0,0.0,0.0,0.0,22.0,4.0,0.0,3.0,0.0,0
4961,12543,4.0,5,4,2,27,2,2,3.0,0.0,0.0,1.0,14.0,4.0,0.0,4.0,0.0,1
4962,3345,3.0,15,0,2,41,2,2,0.0,0.0,0.0,0.0,32.0,4.0,0.0,4.0,0.0,0
4963,11492,4.0,8,0,2,29,3,3,0.0,0.0,0.0,0.0,18.0,4.0,0.0,4.0,2.0,1
4964,9354,4.0,19,0,3,63,3,4,0.0,0.0,0.0,0.0,46.0,8.0,0.0,8.0,0.0,0
4965,9628,3.0,5,2,1,19,2,1,1.0,1.0,0.0,0.0,13.0,2.0,0.0,1.0,0.0,0
4966,8314,4.0,48,5,2,182,9,3,0.0,5.0,0.0,0.0,112.0,31.0,5.0,26.0,2.0,0
4967,9719,3.0,13,0,2,34,3,2,0.0,0.0,0.0,0.0,23.0,5.0,0.0,5.0,0.0,0
4968,18748,4.0,34,14,3,136,8,3,9.0,0.0,4.0,0.0,80.0,18.0,5.0,17.0,2.0,1
4969,17104,3.0,5,0,3,29,2,1,0.0,0.0,0.0,0.0,20.0,4.0,0.0,4.0,0.0,1
4970,18809,3.0,7,0,2,25,2,1,0.0,0.0,0.0,0.0,18.0,3.0,0.0,3.0,0.0,1
4971,58,4.0,24,8,1,91,4,4,6.0,0.0,2.0,1.0,51.0,13.0,1.0,14.0,2.0,0
4972,14590,4.0,19,0,3,61,4,4,0.0,0.0,0.0,0.0,44.0,7.0,0.0,7.0,2.0,1
4973,13477,4.0,21,9,3,89,8,3,4.0,0.0,4.0,1.0,45.0,14.0,4.0,14.0,2.0,1
4974,8405,3.0,6,0,2,25,3,2,0.0,0.0,0.0,0.0,15.0,5.0,0.0,4.0,0.0,0
4975,10483,4.0,28,4,2,106,8,3,2.0,0.0,2.0,0.0,67.0,15.0,2.0,15.0,2.0,1
4976,4179,4.0,21,7,1,72,3,2,6.0,0.0,1.0,0.0,45.0,9.0,1.0,9.0,0.0,0
4977,13468,4.0,35,4,3,122,8,3,2.0,0.0,2.0,0.0,76.0,19.0,2.0,18.0,2.0,1
4978,15681,4.0,13,9,1,63,4,7,5.0,1.0,3.0,0.0,31.0,9.0,4.0,7.0,2.0,1
4979,3690,4.0,19,2,1,61,4,6,1.0,0.0,1.0,0.0,36.0,10.0,1.0,9.0,2.0,0
4980,1649,4.0,16,0,1,50,3,2,0.0,0.0,0.0,0.0,37.0,6.0,0.0,6.0,0.0,0
4981,4636,3.0,11,0,2,31,2,1,0.0,0.0,0.0,0.0,25.0,3.0,0.0,2.0,0.0,0
4982,2510,4.0,10,3,1,31,3,3,2.0,0.0,1.0,0.0,19.0,4.0,1.0,3.0,0.0,0
4983,19376,3.0,6,0,3,33,3,1,0.0,0.0,0.0,0.0,22.0,5.0,0.0,5.0,0.0,1
4984,15390,4.0,13,0,3,68,4,4,0.0,0.0,0.0,0.0,41.0,12.0,0.0,12.0,2.0,1
4985,938,4.0,18,0,1,64,6,3,0.0,0.0,0.0,0.0,45.0,8.0,0.0,8.0,2.0,0
4986,395,4.0,15,0,2,35,3,2,0.0,0.0,0.0,0.0,24.0,5.0,0.0,5.0,0.0,0
4987,19809,5.0,27,25,2,106,7,3,9.0,13.0,3.0,15.0,44.0,8.0,1.0,10.0,2.0,1
4988,16911,4.0,9,0,2,43,4,3,0.0,0.0,0.0,0.0,30.0,5.0,0.0,5.0,2.0,1
4989,10339,4.0,3,0,1,23,4,2,0.0,0.0,0.0,0.0,14.0,3.0,0.0,3.0,2.0,1
4990,14254,4.0,23,2,4,81,7,3,1.0,0.0,1.0,0.0,49.0,13.0,1.0,13.0,2.0,1
4991,3870,4.0,11,8,2,54,5,2,6.0,0.0,1.0,1.0,30.0,7.0,1.0,7.0,0.0,0
4992,10174,4.0,33,4,4,105,5,10,3.0,0.0,1.0,0.0,69.0,14.0,1.0,14.0,2.0,1
4993,19529,4.0,13,0,3,44,2,2,0.0,0.0,0.0,0.0,33.0,5.0,0.0,5.0,0.0,1
4994,2907,3.0,9,0,1,30,2,1,0.0,0.0,0.0,0.0,26.0,2.0,0.0,1.0,0.0,0
4995,10292,4.0,23,4,3,89,7,3,2.0,0.0,1.0,0.0,56.0,13.0,2.0,12.0,2.0,1
4996,17535,3.0,9,0,2,28,2,1,0.0,0.0,0.0,0.0,21.0,3.0,0.0,3.0,0.0,1
4997,5993,4.0,16,6,2,64,3,3,5.0,0.0,1.0,0.0,40.0,8.0,1.0,8.0,0.0,0
4998,14987,4.0,5,10,3,38,2,3,7.0,1.0,2.0,1.0,16.0,4.0,2.0,4.0,0.0,1
4999,19047,3.0,6,1,1,20,1,0,0.0,1.0,0.0,0.0,16.0,1.0,0.0,1.0,0.0,1
5000,4415,4.0,22,55,1,134,3,13,47.0,6.0,2.0,5.0,47.0,12.0,3.0,10.0,1.0,0
5001,17540,4.0,37,2,5,132,4,6,1.0,0.0,1.0,0.0,88.0,19.0,1.0,19.0,2.0,1
5002,17118,4.0,9,7,2,43,3,3,5.0,1.0,1.0,1.0,26.0,3.0,1.0,2.0,2.0,1
5003,18896,4.0,6,7,4,39,2,5,5.0,0.0,2.0,0.0,15.0,7.0,2.0,7.0,0.0,1
5004,10009,4.0,14,3,2,68,4,6,1.0,0.0,2.0,0.0,42.0,9.0,2.0,9.0,2.0,1
5005,11300,4.0,25,2,4,88,7,3,0.0,0.0,1.0,0.0,55.0,14.0,2.0,13.0,2.0,1
5006,16196,4.0,3,1,1,26,3,3,0.0,1.0,0.0,1.0,15.0,3.0,0.0,3.0,2.0,1
5007,3949,3.0,6,0,1,23,2,2,0.0,0.0,0.0,0.0,17.0,3.0,0.0,2.0,0.0,0
5008,19931,4.0,6,1,1,35,6,3,0.0,0.0,0.0,0.0,20.0,6.0,1.0,5.0,2.0,1
5009,12944,3.0,10,0,2,32,2,3,0.0,0.0,0.0,0.0,22.0,5.0,0.0,4.0,0.0,1
5010,2072,4.0,11,6,2,52,5,2,5.0,0.0,0.0,0.0,30.0,8.0,1.0,7.0,0.0,0
5011,5822,4.0,15,0,1,47,3,4,0.0,0.0,0.0,0.0,34.0,6.0,0.0,6.0,0.0,0
5012,18898,4.0,19,2,2,68,4,5,1.0,0.0,1.0,0.0,46.0,8.0,1.0,8.0,2.0,1
5013,13444,4.0,10,0,2,39,3,3,0.0,0.0,0.0,0.0,28.0,4.0,0.0,4.0,2.0,1
5014,3513,3.0,7,0,2,22,2,1,0.0,0.0,0.0,0.0,15.0,3.0,0.0,3.0,0.0,0
5015,11007,4.0,10,0,4,40,3,3,0.0,0.0,0.0,0.0,25.0,6.0,0.0,6.0,2.0,1
5016,13526,4.0,19,1,4,79,3,6,0.0,1.0,0.0,1.0,56.0,9.0,0.0,9.0,2.0,1
5017,13003,4.0,29,6,3,100,7,3,4.0,0.0,1.0,0.0,65.0,13.0,2.0,12.0,2.0,1
5018,7964,3.0,15,0,1,48,3,2,0.0,0.0,0.0,0.0,32.0,8.0,0.0,7.0,0.0,0
5019,5086,4.0,9,0,1,30,3,2,0.0,0.0,0.0,0.0,21.0,4.0,0.0,4.0,0.0,0
5020,7482,4.0,12,3,1,47,3,3,2.0,0.0,1.0,0.0,31.0,6.0,1.0,5.0,0.0,0
5021,17742,4.0,8,0,3,44,3,4,0.0,0.0,0.0,0.0,29.0,6.0,0.0,6.0,2.0,1
5022,13792,3.0,2,14,4,32,3,3,9.0,0.0,5.0,0.0,6.0,2.0,5.0,2.0,2.0,1
5023,766,4.0,5,10,1,34,2,3,9.0,0.0,0.0,0.0,16.0,4.0,1.0,3.0,0.0,0
5024,13600,3.0,10,0,2,33,2,2,0.0,0.0,0.0,0.0,25.0,4.0,0.0,3.0,0.0,1
5025,3782,4.0,16,1,2,51,4,1,0.0,0.0,0.0,1.0,39.0,5.0,0.0,5.0,0.0,0
5026,17665,4.0,30,9,4,120,8,3,5.0,0.0,3.0,0.0,66.0,20.0,4.0,19.0,2.0,1
5027,9336,4.0,15,0,1,47,4,4,0.0,0.0,0.0,0.0,31.0,8.0,0.0,7.0,0.0,0
5028,18903,4.0,6,12,4,41,3,4,7.0,0.0,4.0,1.0,16.0,3.0,4.0,3.0,2.0,1
5029,10702,4.0,9,0,2,39,3,4,0.0,0.0,0.0,0.0,26.0,5.0,0.0,5.0,2.0,1
5030,12749,5.0,49,24,3,208,8,8,12.0,11.0,1.0,11.0,128.0,20.0,1.0,19.0,4.0,1
5031,10465,4.0,7,12,4,46,3,4,8.0,0.0,4.0,0.0,21.0,3.0,4.0,3.0,2.0,1
5032,2860,4.0,12,0,3,44,2,2,0.0,0.0,0.0,0.0,33.0,5.0,0.0,5.0,0.0,0
5033,1221,5.0,38,44,10,183,9,1,27.0,15.0,2.0,14.0,82.0,19.0,3.0,18.0,2.0,0
5034,14465,4.0,20,0,3,74,5,6,0.0,0.0,0.0,0.0,51.0,10.0,0.0,10.0,2.0,1
5035,4864,3.0,17,0,2,59,2,6,0.0,0.0,0.0,0.0,42.0,8.0,0.0,8.0,0.0,0
5036,12023,4.0,26,1,4,90,7,3,0.0,0.0,0.0,0.0,61.0,13.0,1.0,12.0,2.0,1
5037,14028,3.0,8,0,2,31,2,2,0.0,0.0,0.0,0.0,23.0,4.0,0.0,3.0,0.0,1
5038,12133,4.0,6,0,1,29,3,3,0.0,0.0,0.0,0.0,20.0,3.0,0.0,3.0,2.0,1
5039,4924,4.0,21,5,3,72,3,6,3.0,0.0,2.0,1.0,43.0,10.0,1.0,11.0,0.0,0
5040,4532,3.0,5,0,1,16,3,2,0.0,0.0,0.0,0.0,8.0,4.0,0.0,3.0,0.0,0
5041,1672,4.0,10,8,1,39,3,3,6.0,0.0,2.0,1.0,18.0,5.0,1.0,5.0,0.0,0
5042,16803,4.0,5,0,3,31,3,1,0.0,0.0,0.0,0.0,20.0,5.0,0.0,5.0,0.0,1
5043,14651,4.0,38,5,3,142,8,3,2.0,0.0,2.0,0.0,97.0,18.0,3.0,17.0,2.0,1
5044,19396,4.0,6,4,3,36,3,2,3.0,0.0,1.0,0.0,21.0,4.0,1.0,4.0,1.0,1
5045,4055,4.0,15,7,2,49,3,4,5.0,0.0,2.0,0.0,29.0,5.0,2.0,5.0,0.0,0
5046,6952,4.0,23,5,2,87,5,2,3.0,0.0,2.0,0.0,59.0,10.0,2.0,10.0,0.0,0
5047,14881,4.0,23,1,3,87,5,5,0.0,1.0,0.0,0.0,63.0,10.0,1.0,9.0,2.0,1
5048,10000,4.0,11,6,2,51,4,4,4.0,0.0,1.0,0.0,30.0,6.0,2.0,5.0,2.0,1
5049,18869,4.0,12,0,3,47,3,4,0.0,0.0,0.0,0.0,32.0,6.0,0.0,6.0,2.0,1
5050,10467,4.0,25,25,4,119,8,3,14.0,0.0,10.0,1.0,52.0,14.0,10.0,14.0,3.0,1
5051,14615,4.0,25,6,3,96,7,4,3.0,0.0,2.0,0.0,56.0,15.0,3.0,14.0,2.0,1
5052,12406,4.0,2,10,4,32,3,3,6.0,0.0,4.0,0.0,11.0,2.0,4.0,2.0,2.0,1
5053,16155,4.0,19,4,3,66,4,5,3.0,0.0,1.0,0.0,38.0,10.0,1.0,10.0,2.0,1
5054,10237,4.0,21,0,2,59,4,4,0.0,0.0,0.0,0.0,44.0,6.0,0.0,6.0,2.0,1
5055,15211,5.0,57,56,3,283,9,7,25.0,24.0,7.0,20.0,147.0,24.0,11.0,20.0,4.0,1
5056,12456,5.0,26,23,2,195,8,3,5.0,18.0,0.0,17.0,126.0,13.0,1.0,11.0,3.0,1
5057,18710,4.0,23,10,3,97,8,3,6.0,0.0,3.0,0.0,56.0,13.0,4.0,12.0,2.0,1
5058,9487,3.0,3,0,1,15,2,1,0.0,0.0,0.0,0.0,11.0,2.0,0.0,1.0,0.0,0
5059,13938,4.0,13,7,3,77,6,7,4.0,2.0,1.0,0.0,42.0,12.0,3.0,10.0,2.0,1
5060,12030,3.0,6,0,2,25,2,2,0.0,0.0,0.0,0.0,17.0,4.0,0.0,3.0,0.0,1
5061,4317,4.0,13,0,1,38,3,3,0.0,0.0,0.0,0.0,28.0,5.0,0.0,4.0,0.0,0
5062,9980,4.0,11,0,2,33,2,1,0.0,0.0,0.0,0.0,27.0,3.0,0.0,2.0,0.0,0
5063,18212,4.0,12,9,3,56,4,4,3.0,5.0,1.0,5.0,26.0,6.0,1.0,6.0,2.0,1
5064,7385,4.0,24,5,1,88,5,3,4.0,0.0,0.0,1.0,52.0,14.0,0.0,14.0,2.0,0
5065,5519,4.0,18,15,6,78,3,5,13.0,0.0,2.0,0.0,40.0,10.0,2.0,10.0,0.0,0
5066,858,4.0,12,1,1,35,2,3,0.0,1.0,0.0,1.0,24.0,4.0,0.0,4.0,0.0,0
5067,15327,4.0,15,24,3,85,3,8,15.0,7.0,2.0,9.0,31.0,8.0,0.0,10.0,2.0,1
5068,4439,4.0,10,0,3,39,2,3,0.0,0.0,0.0,0.0,26.0,6.0,0.0,6.0,0.0,0
5069,9033,4.0,19,6,2,73,3,5,4.0,0.0,2.0,0.0,46.0,9.0,2.0,9.0,0.0,0
5070,7875,3.0,10,0,1,25,2,1,0.0,0.0,0.0,0.0,21.0,2.0,0.0,1.0,0.0,0
5071,595,3.0,10,1,1,38,3,3,0.0,1.0,0.0,1.0,25.0,5.0,0.0,5.0,0.0,0
5072,17618,4.0,12,1,1,43,4,3,0.0,0.0,0.0,0.0,28.0,6.0,1.0,5.0,2.0,1
5073,8804,4.0,25,11,4,95,3,4,7.0,2.0,2.0,4.0,60.0,9.0,0.0,10.0,0.0,0
5074,7799,3.0,5,0,1,15,3,1,0.0,0.0,0.0,0.0,9.0,3.0,0.0,2.0,0.0,0
5075,9186,4.0,19,6,3,79,6,1,5.0,0.0,1.0,0.0,46.0,12.0,1.0,12.0,1.0,0
5076,10970,4.0,17,20,3,76,4,4,13.0,7.0,0.0,6.0,33.0,7.0,1.0,6.0,2.0,1
5077,9746,4.0,17,4,2,52,3,4,3.0,0.0,1.0,0.0,31.0,8.0,1.0,7.0,0.0,0
5078,15739,3.0,2,14,4,32,3,3,9.0,0.0,5.0,0.0,6.0,2.0,5.0,2.0,2.0,1
5079,1951,4.0,19,9,2,64,3,1,7.0,0.0,1.0,2.0,35.0,8.0,0.0,9.0,1.0,0
5080,9120,4.0,19,6,1,72,3,2,3.0,0.0,3.0,0.0,42.0,10.0,3.0,10.0,0.0,0
5081,16457,3.0,5,4,2,27,2,2,3.0,0.0,0.0,1.0,14.0,4.0,0.0,4.0,0.0,1
5082,14332,3.0,5,0,1,13,1,0,0.0,0.0,0.0,0.0,10.0,1.0,0.0,1.0,0.0,1
5083,15001,4.0,23,4,4,88,7,3,2.0,0.0,1.0,0.0,53.0,14.0,2.0,13.0,2.0,1
5084,6944,3.0,4,0,1,21,3,1,0.0,0.0,0.0,0.0,15.0,3.0,0.0,2.0,0.0,0
5085,9965,4.0,15,1,4,53,4,5,0.0,0.0,1.0,1.0,30.0,9.0,0.0,10.0,1.0,0
5086,7830,3.0,9,0,1,21,2,1,0.0,0.0,0.0,0.0,16.0,2.0,0.0,2.0,0.0,0
5087,2513,4.0,15,0,2,53,3,3,0.0,0.0,0.0,0.0,40.0,6.0,0.0,6.0,0.0,0
5088,6732,3.0,6,0,1,20,2,1,0.0,0.0,0.0,0.0,16.0,2.0,0.0,1.0,0.0,0
5089,5559,4.0,17,0,2,51,3,2,0.0,0.0,0.0,0.0,40.0,5.0,0.0,5.0,0.0,0
5090,19854,4.0,9,17,2,55,4,4,10.0,5.0,2.0,5.0,20.0,4.0,2.0,4.0,2.0,1
5091,7860,4.0,18,0,1,42,2,4,0.0,0.0,0.0,0.0,32.0,5.0,0.0,4.0,0.0,0
5092,17300,3.0,2,6,2,15,1,0,5.0,0.0,1.0,1.0,4.0,1.0,0.0,2.0,0.0,1
5093,11027,3.0,8,0,3,39,4,4,0.0,0.0,0.0,0.0,22.0,7.0,0.0,7.0,2.0,1
5094,4700,4.0,24,0,2,81,3,4,0.0,0.0,0.0,0.0,57.0,12.0,0.0,11.0,0.0,0
5095,17839,4.0,14,0,4,43,3,3,0.0,0.0,0.0,0.0,28.0,6.0,0.0,6.0,2.0,1
5096,2233,4.0,22,6,1,96,4,7,4.0,0.0,2.0,0.0,56.0,15.0,2.0,14.0,2.0,0
5097,11242,4.0,36,6,3,121,7,3,3.0,0.0,2.0,0.0,79.0,16.0,3.0,15.0,2.0,1
5098,10296,4.0,34,4,3,127,8,3,2.0,0.0,2.0,0.0,80.0,19.0,2.0,19.0,2.0,1
5099,18816,3.0,10,0,3,39,2,3,0.0,0.0,0.0,0.0,27.0,6.0,0.0,5.0,0.0,1
5100,7956,3.0,4,0,2,24,2,1,0.0,0.0,0.0,0.0,17.0,3.0,0.0,3.0,0.0,0
5101,1176,3.0,10,0,1,26,2,1,0.0,0.0,0.0,0.0,22.0,2.0,0.0,1.0,0.0,0
5102,12923,4.0,2,15,4,33,3,3,10.0,0.0,5.0,0.0,6.0,2.0,5.0,2.0,2.0,1
5103,16129,4.0,23,8,3,97,8,3,3.0,0.0,4.0,1.0,54.0,14.0,4.0,14.0,2.0,1
5104,12902,4.0,15,23,3,76,4,4,12.0,10.0,1.0,10.0,27.0,6.0,1.0,6.0,2.0,1
5105,9215,4.0,13,6,1,42,3,4,4.0,0.0,2.0,0.0,22.0,6.0,2.0,5.0,0.0,0
5106,11490,3.0,9,0,1,26,2,2,0.0,0.0,0.0,0.0,20.0,3.0,0.0,2.0,0.0,1
5107,11961,3.0,5,4,2,27,2,2,3.0,0.0,0.0,1.0,14.0,4.0,0.0,4.0,0.0,1
5108,15031,3.0,5,4,2,27,2,2,3.0,0.0,0.0,1.0,14.0,4.0,0.0,4.0,0.0,1
5109,14854,4.0,13,0,2,58,4,6,0.0,0.0,0.0,0.0,40.0,8.0,0.0,7.0,2.0,1
5110,16684,4.0,9,0,3,40,3,3,0.0,0.0,0.0,0.0,27.0,5.0,0.0,5.0,2.0,1
5111,4241,4.0,27,7,2,95,3,4,6.0,0.0,1.0,0.0,66.0,10.0,1.0,10.0,0.0,0
5112,5424,4.0,5,3,2,25,2,1,2.0,0.0,1.0,0.0,16.0,2.0,1.0,2.0,0.0,0
5113,7447,4.0,16,1,2,51,2,3,0.0,0.0,1.0,1.0,39.0,4.0,0.0,5.0,0.0,0
5114,3401,4.0,14,3,2,43,2,4,2.0,0.0,0.0,0.0,28.0,6.0,1.0,5.0,0.0,0
5115,7492,3.0,7,0,2,26,2,1,0.0,0.0,0.0,0.0,19.0,3.0,0.0,3.0,0.0,0
5116,16308,4.0,17,6,3,69,7,3,3.0,0.0,2.0,1.0,38.0,10.0,2.0,10.0,2.0,1
5117,1550,4.0,5,2,2,33,2,2,1.0,1.0,0.0,1.0,21.0,4.0,0.0,4.0,0.0,0
5118,1009,4.0,16,11,1,57,3,4,8.0,0.0,3.0,1.0,33.0,4.0,2.0,5.0,0.0,0
5119,14925,3.0,6,0,1,16,1,0,0.0,0.0,0.0,0.0,13.0,1.0,0.0,1.0,0.0,1
5120,15578,4.0,15,0,2,65,4,5,0.0,0.0,0.0,0.0,40.0,11.0,0.0,11.0,2.0,1
5121,10929,4.0,41,4,2,132,8,4,1.0,0.0,2.0,0.0,90.0,17.0,3.0,16.0,2.0,1
5122,16797,4.0,18,30,3,112,6,5,20.0,9.0,0.0,9.0,49.0,11.0,1.0,10.0,2.0,1
5123,5095,3.0,13,0,1,39,2,3,0.0,0.0,0.0,0.0,31.0,4.0,0.0,3.0,0.0,0
5124,648,4.0,10,7,2,42,3,5,4.0,0.0,2.0,0.0,21.0,6.0,3.0,5.0,0.0,0
5125,14416,4.0,7,0,3,31,2,1,0.0,0.0,0.0,0.0,22.0,4.0,0.0,4.0,0.0,1
5126,11054,4.0,10,1,3,65,6,4,0.0,0.0,1.0,0.0,39.0,11.0,1.0,10.0,2.0,1
5127,4975,3.0,13,0,1,30,2,2,0.0,0.0,0.0,0.0,24.0,3.0,0.0,2.0,0.0,0
5128,727,4.0,16,0,2,43,3,2,0.0,0.0,0.0,0.0,28.0,7.0,0.0,7.0,0.0,0
5129,16007,3.0,11,0,2,37,2,4,0.0,0.0,0.0,0.0,25.0,6.0,0.0,5.0,0.0,1
5130,13118,4.0,9,8,4,63,4,8,5.0,0.0,3.0,0.0,33.0,7.0,3.0,7.0,4.0,1
5131,8742,4.0,15,0,2,56,3,4,0.0,0.0,0.0,0.0,38.0,9.0,0.0,8.0,0.0,0
5132,8169,3.0,8,0,1,24,2,2,0.0,0.0,0.0,0.0,17.0,3.0,0.0,3.0,0.0,0
5133,14352,4.0,9,0,3,42,4,3,0.0,0.0,0.0,0.0,27.0,6.0,0.0,6.0,2.0,1
5134,6860,4.0,24,0,3,79,5,1,0.0,0.0,0.0,0.0,58.0,10.0,0.0,10.0,0.0,0
5135,331,3.0,10,0,1,32,3,2,0.0,0.0,0.0,0.0,23.0,4.0,0.0,4.0,0.0,0
5136,7027,5.0,18,12,2,67,6,1,10.0,0.0,1.0,0.0,38.0,8.0,2.0,7.0,0.0,0
5137,13077,3.0,6,0,1,18,1,0,0.0,0.0,0.0,0.0,15.0,1.0,0.0,1.0,0.0,1
5138,8699,3.0,9,0,1,26,2,1,0.0,0.0,0.0,0.0,21.0,2.0,0.0,2.0,0.0,0
5139,211,3.0,11,0,2,34,2,2,0.0,0.0,0.0,0.0,25.0,4.0,0.0,4.0,0.0,0
5140,19147,3.0,5,3,2,26,2,2,2.0,0.0,0.0,1.0,14.0,4.0,0.0,4.0,0.0,1
5141,17487,4.0,11,0,3,45,4,3,0.0,0.0,0.0,0.0,29.0,7.0,0.0,6.0,2.0,1
5142,6343,3.0,8,0,1,25,2,1,0.0,0.0,0.0,0.0,21.0,2.0,0.0,1.0,0.0,0
5143,1781,3.0,9,0,1,25,3,2,0.0,0.0,0.0,0.0,17.0,4.0,0.0,3.0,0.0,0
5144,14798,4.0,10,26,3,82,4,5,19.0,6.0,1.0,7.0,29.0,8.0,0.0,9.0,2.0,1
5145,3543,4.0,28,0,1,79,3,2,0.0,0.0,0.0,0.0,62.0,8.0,0.0,8.0,0.0,0
5146,1438,4.0,10,0,1,26,3,1,0.0,0.0,0.0,0.0,19.0,3.0,0.0,3.0,0.0,0
5147,10707,3.0,5,0,1,13,1,0,0.0,0.0,0.0,0.0,10.0,1.0,0.0,1.0,0.0,1
5148,2868,4.0,11,5,1,43,2,3,4.0,0.0,0.0,1.0,29.0,4.0,0.0,4.0,0.0,0
5149,2434,4.0,22,13,1,88,4,5,10.0,0.0,3.0,1.0,45.0,12.0,2.0,12.0,2.0,0
5150,6830,4.0,13,4,2,49,3,1,2.0,2.0,0.0,0.0,34.0,5.0,2.0,3.0,0.0,0
5151,4792,4.0,23,17,1,95,5,6,0.0,0.0,17.0,17.0,22.0,9.0,0.0,26.0,3.0,0
5152,9420,4.0,10,3,1,32,3,2,2.0,1.0,0.0,0.0,20.0,4.0,0.0,4.0,0.0,0
5153,19617,3.0,5,0,1,13,1,0,0.0,0.0,0.0,0.0,10.0,1.0,0.0,1.0,0.0,1
5154,19774,3.0,7,0,2,26,2,2,0.0,0.0,0.0,0.0,18.0,4.0,0.0,3.0,0.0,1
5155,6475,3.0,7,0,1,20,3,1,0.0,0.0,0.0,0.0,13.0,3.0,0.0,3.0,0.0,0
5156,9506,4.0,12,0,2,42,3,1,0.0,0.0,0.0,0.0,31.0,5.0,0.0,5.0,0.0,0
5157,15247,3.0,6,0,3,29,2,1,0.0,0.0,0.0,0.0,20.0,4.0,0.0,4.0,0.0,1
5158,13443,5.0,41,4,3,162,7,8,0.0,2.0,1.0,4.0,117.0,17.0,0.0,18.0,2.0,1
5159,14581,3.0,3,0,1,11,1,0,0.0,0.0,0.0,0.0,8.0,1.0,0.0,1.0,0.0,1
5160,13297,4.0,18,0,2,66,4,5,0.0,0.0,0.0,0.0,49.0,7.0,0.0,7.0,2.0,1
5161,12,4.0,9,0,1,33,2,3,0.0,0.0,0.0,0.0,24.0,4.0,0.0,4.0,0.0,0
5162,11981,4.0,22,3,2,77,8,3,1.0,0.0,1.0,0.0,45.0,13.0,2.0,12.0,2.0,1
5163,818,4.0,19,7,2,61,3,3,6.0,0.0,1.0,0.0,40.0,6.0,1.0,6.0,0.0,0
5164,10976,4.0,37,4,3,111,7,3,1.0,0.0,2.0,0.0,73.0,15.0,3.0,14.0,2.0,1
5165,19699,4.0,9,1,2,42,3,2,0.0,0.0,1.0,1.0,28.0,5.0,0.0,6.0,0.0,1
5166,8184,5.0,20,13,2,134,6,1,3.0,8.0,2.0,10.0,72.0,15.0,0.0,17.0,6.0,0
5167,9896,3.0,12,0,2,33,3,2,0.0,0.0,0.0,0.0,22.0,5.0,0.0,5.0,0.0,0
5168,453,4.0,23,0,2,73,3,2,0.0,0.0,0.0,0.0,52.0,10.0,0.0,10.0,0.0,0
5169,14664,5.0,32,8,2,156,7,6,0.0,8.0,0.0,8.0,99.0,17.0,0.0,16.0,7.0,1
5170,19704,4.0,6,3,2,40,3,4,1.0,1.0,1.0,2.0,23.0,4.0,0.0,5.0,2.0,1
5171,9848,3.0,6,7,1,27,2,3,6.0,0.0,1.0,1.0,11.0,3.0,0.0,4.0,0.0,0
5172,3457,4.0,58,87,8,288,3,13,42.0,42.0,3.0,42.0,110.0,23.0,3.0,22.0,0.0,0
5173,17593,4.0,16,0,4,62,4,3,0.0,0.0,0.0,0.0,39.0,10.0,0.0,10.0,2.0,1
5174,18332,4.0,17,1,2,63,6,4,0.0,0.0,0.0,0.0,40.0,10.0,1.0,9.0,2.0,1
5175,659,3.0,12,0,1,32,2,1,0.0,0.0,0.0,0.0,28.0,2.0,0.0,1.0,0.0,0
5176,18690,4.0,4,11,3,34,3,4,7.0,0.0,4.0,0.0,12.0,2.0,4.0,2.0,2.0,1
5177,19006,4.0,12,9,3,56,4,4,3.0,5.0,1.0,5.0,26.0,6.0,1.0,6.0,2.0,1
5178,11100,4.0,24,5,4,89,7,3,3.0,0.0,1.0,0.0,53.0,14.0,2.0,13.0,2.0,1
5179,17244,4.0,12,4,1,45,3,6,2.0,1.0,0.0,1.0,26.0,6.0,1.0,5.0,2.0,1
5180,940,3.0,7,0,1,20,2,1,0.0,0.0,0.0,0.0,16.0,2.0,0.0,1.0,0.0,0
5181,2739,3.0,4,0,1,14,2,1,0.0,0.0,0.0,0.0,10.0,2.0,0.0,1.0,0.0,0
5182,9604,4.0,29,17,4,127,6,5,9.0,2.0,6.0,0.0,73.0,13.0,8.0,11.0,4.0,0
5183,12965,4.0,17,1,3,64,7,3,0.0,0.0,0.0,0.0,41.0,10.0,1.0,9.0,2.0,1
5184,15704,5.0,6,25,4,71,5,4,20.0,2.0,3.0,3.0,25.0,5.0,2.0,6.0,4.0,1
5185,18428,3.0,9,0,1,25,1,0,0.0,0.0,0.0,0.0,22.0,1.0,0.0,1.0,0.0,1
5186,15666,4.0,28,3,3,104,4,7,1.0,0.0,2.0,0.0,72.0,12.0,2.0,12.0,2.0,1
5187,19556,3.0,6,0,5,38,3,3,0.0,0.0,0.0,0.0,22.0,7.0,0.0,6.0,2.0,1
5188,4071,3.0,10,0,1,33,3,2,0.0,0.0,0.0,0.0,25.0,4.0,0.0,3.0,0.0,0
5189,1400,3.0,10,0,1,27,2,2,0.0,0.0,0.0,0.0,21.0,3.0,0.0,2.0,0.0,0
5190,7690,4.0,12,0,2,40,2,3,0.0,0.0,0.0,0.0,29.0,5.0,0.0,5.0,0.0,0
5191,8222,4.0,18,4,2,54,5,2,2.0,2.0,0.0,0.0,35.0,7.0,1.0,6.0,0.0,0
5192,8123,4.0,21,6,1,63,5,3,5.0,0.0,1.0,1.0,38.0,8.0,0.0,9.0,0.0,0
5193,6363,4.0,6,10,2,41,2,5,6.0,1.0,3.0,0.0,19.0,4.0,4.0,3.0,0.0,0
5194,5796,4.0,51,9,1,181,7,1,3.0,0.0,6.0,4.0,110.0,25.0,2.0,29.0,1.0,0
5195,3677,4.0,8,2,1,31,4,1,0.0,2.0,0.0,2.0,18.0,4.0,0.0,4.0,0.0,0
5196,6566,4.0,24,6,3,86,3,3,2.0,4.0,0.0,2.0,53.0,12.0,2.0,10.0,0.0,0
5197,17825,4.0,8,4,3,43,5,4,3.0,0.0,0.0,0.0,21.0,8.0,1.0,7.0,2.0,1
5198,13810,4.0,22,4,3,80,7,3,2.0,0.0,1.0,0.0,47.0,13.0,2.0,12.0,2.0,1
5199,10967,4.0,10,12,2,40,1,0,10.0,2.0,0.0,0.0,23.0,2.0,1.0,1.0,0.0,1
5200,11812,4.0,15,0,3,58,3,7,0.0,0.0,0.0,0.0,37.0,9.0,0.0,9.0,2.0,1
5201,13664,3.0,8,0,1,24,1,0,0.0,0.0,0.0,0.0,21.0,1.0,0.0,1.0,0.0,1
5202,5188,4.0,2,18,2,39,4,1,13.0,0.0,5.0,0.0,11.0,2.0,5.0,2.0,0.0,0
5203,14623,4.0,13,4,1,64,6,5,2.0,0.0,1.0,0.0,37.0,10.0,2.0,9.0,2.0,1
5204,1108,3.0,10,0,3,35,3,1,0.0,0.0,0.0,0.0,24.0,5.0,0.0,5.0,0.0,0
5205,17533,5.0,29,19,2,189,7,4,3.0,16.0,0.0,16.0,126.0,13.0,0.0,12.0,2.0,1
5206,10308,3.0,7,0,2,37,3,4,0.0,0.0,0.0,0.0,23.0,7.0,0.0,6.0,0.0,1
5207,3229,3.0,8,0,1,25,3,2,0.0,0.0,0.0,0.0,16.0,4.0,0.0,4.0,0.0,0
5208,12920,4.0,8,2,2,40,3,4,1.0,1.0,0.0,1.0,24.0,5.0,0.0,5.0,2.0,1
5209,15460,4.0,17,20,3,92,6,6,12.0,7.0,0.0,8.0,38.0,12.0,0.0,12.0,2.0,1
5210,13714,4.0,5,14,4,44,3,4,9.0,1.0,4.0,1.0,16.0,3.0,4.0,3.0,2.0,1
5211,11511,3.0,7,0,1,14,1,0,0.0,0.0,0.0,0.0,11.0,1.0,0.0,1.0,0.0,1
5212,16408,4.0,13,0,1,41,4,4,0.0,0.0,0.0,0.0,28.0,5.0,0.0,5.0,2.0,1
5213,5835,4.0,13,2,2,58,3,3,0.0,2.0,0.0,1.0,38.0,8.0,1.0,7.0,0.0,0
5214,4326,4.0,16,0,2,49,4,1,0.0,0.0,0.0,0.0,38.0,5.0,0.0,5.0,0.0,0
5215,15092,4.0,30,4,4,108,8,3,1.0,0.0,2.0,0.0,68.0,16.0,3.0,15.0,2.0,1
5216,1779,4.0,24,18,2,101,5,2,14.0,0.0,3.0,0.0,62.0,9.0,4.0,8.0,0.0,0
5217,2553,4.0,28,10,1,103,3,3,8.0,1.0,1.0,1.0,64.0,13.0,1.0,13.0,0.0,0
5218,2686,3.0,8,0,1,24,2,2,0.0,0.0,0.0,0.0,18.0,3.0,0.0,2.0,0.0,0
5219,1040,3.0,7,3,1,26,2,1,2.0,0.0,0.0,1.0,18.0,2.0,0.0,2.0,0.0,0
5220,18757,4.0,12,1,2,42,2,2,0.0,0.0,0.0,1.0,32.0,4.0,0.0,4.0,0.0,1
5221,1563,4.0,8,0,2,33,2,2,0.0,0.0,0.0,0.0,24.0,4.0,0.0,4.0,0.0,0
5222,17012,4.0,21,0,2,70,6,6,0.0,0.0,0.0,0.0,47.0,10.0,0.0,10.0,2.0,1
5223,555,3.0,9,0,2,24,2,1,0.0,0.0,0.0,0.0,17.0,3.0,0.0,3.0,0.0,0
5224,3071,3.0,9,0,1,25,2,1,0.0,0.0,0.0,0.0,20.0,2.0,0.0,2.0,0.0,0
5225,16686,5.0,50,17,11,201,5,4,1.0,14.0,2.0,16.0,132.0,16.0,0.0,17.0,2.0,1
5226,4474,3.0,4,1,1,14,2,1,0.0,1.0,0.0,0.0,9.0,2.0,0.0,1.0,0.0,0
5227,7529,4.0,13,1,2,46,4,1,0.0,0.0,1.0,1.0,26.0,8.0,0.0,9.0,0.0,0
5228,15279,3.0,2,16,4,34,3,3,11.0,0.0,5.0,0.0,6.0,2.0,5.0,2.0,2.0,1
5229,17859,3.0,10,28,1,81,4,4,7.0,1.0,20.0,15.0,7.0,4.0,6.0,17.0,3.0,1
5230,14787,3.0,5,0,2,27,2,2,0.0,0.0,0.0,0.0,19.0,4.0,0.0,3.0,0.0,1
5231,14644,4.0,13,3,2,58,4,4,2.0,0.0,1.0,0.0,39.0,6.0,1.0,6.0,2.0,1
5232,1416,4.0,13,2,1,48,4,4,0.0,1.0,1.0,2.0,28.0,7.0,0.0,8.0,0.0,0
5233,14238,3.0,16,0,2,48,3,4,0.0,0.0,0.0,0.0,35.0,5.0,0.0,5.0,2.0,1
5234,17495,3.0,1,4,1,25,3,3,2.0,1.0,0.0,2.0,11.0,3.0,0.0,3.0,2.0,1
5235,13366,3.0,5,0,2,22,2,2,0.0,0.0,0.0,0.0,14.0,4.0,0.0,3.0,0.0,1
5236,4601,3.0,7,4,2,23,2,2,3.0,0.0,1.0,1.0,11.0,3.0,0.0,3.0,0.0,0
5237,9410,4.0,7,3,1,31,4,1,2.0,1.0,0.0,1.0,18.0,4.0,0.0,4.0,0.0,0
5238,14445,3.0,10,0,2,30,2,1,0.0,0.0,0.0,0.0,23.0,3.0,0.0,3.0,0.0,1
5239,7961,4.0,8,6,2,41,4,1,5.0,0.0,0.0,0.0,25.0,5.0,1.0,4.0,0.0,0
5240,7399,4.0,12,1,2,35,3,2,0.0,0.0,1.0,1.0,23.0,4.0,0.0,5.0,0.0,0
5241,19252,3.0,4,0,1,18,2,2,0.0,0.0,0.0,0.0,12.0,3.0,0.0,2.0,0.0,1
5242,10405,4.0,13,0,1,38,3,3,0.0,0.0,0.0,0.0,28.0,5.0,0.0,4.0,0.0,1
5243,1238,4.0,15,6,1,53,3,2,3.0,3.0,0.0,0.0,34.0,6.0,3.0,3.0,0.0,0
5244,3735,4.0,8,0,1,23,3,1,0.0,0.0,0.0,0.0,16.0,3.0,0.0,3.0,0.0,0
5245,8961,3.0,15,0,3,46,3,1,0.0,0.0,0.0,0.0,33.0,6.0,0.0,6.0,0.0,0
5246,12131,3.0,9,0,2,32,3,2,0.0,0.0,0.0,0.0,22.0,5.0,0.0,4.0,0.0,1
5247,10303,4.0,8,4,2,46,2,5,3.0,0.0,1.0,1.0,27.0,6.0,0.0,7.0,0.0,1
5248,19600,4.0,12,0,3,46,4,3,0.0,0.0,0.0,0.0,27.0,8.0,0.0,8.0,2.0,1
5249,10057,4.0,33,22,5,129,7,7,10.0,8.0,3.0,8.0,60.0,17.0,4.0,16.0,2.0,1
5250,17827,4.0,20,39,3,101,6,5,29.0,7.0,2.0,8.0,34.0,8.0,2.0,8.0,2.0,1
5251,17782,4.0,17,2,4,70,7,3,1.0,0.0,0.0,0.0,44.0,11.0,1.0,10.0,2.0,1
5252,12554,4.0,14,3,2,71,6,5,1.0,0.0,2.0,1.0,46.0,8.0,1.0,9.0,2.0,1
5253,9019,4.0,13,8,2,60,3,5,5.0,0.0,3.0,0.0,37.0,6.0,3.0,5.0,0.0,0
5254,10894,3.0,12,33,1,99,4,4,10.0,2.0,21.0,13.0,11.0,9.0,10.0,19.0,3.0,1
5255,17832,3.0,3,0,1,14,2,0,0.0,0.0,0.0,0.0,9.0,2.0,0.0,2.0,0.0,1
5256,28,4.0,21,0,3,55,2,3,0.0,0.0,0.0,0.0,42.0,6.0,0.0,6.0,0.0,0
5257,15855,3.0,12,26,1,75,4,4,8.0,2.0,16.0,10.0,8.0,6.0,8.0,13.0,3.0,1
5258,355,4.0,20,8,1,73,3,5,5.0,0.0,3.0,0.0,44.0,9.0,3.0,8.0,0.0,0
5259,9621,4.0,28,0,2,102,6,2,0.0,0.0,0.0,0.0,70.0,15.0,0.0,15.0,1.0,0
5260,3170,4.0,20,21,2,101,4,4,18.0,0.0,3.0,1.0,37.0,18.0,2.0,19.0,2.0,0
5261,19635,4.0,14,0,3,51,4,5,0.0,0.0,0.0,0.0,30.0,9.0,0.0,9.0,2.0,1
5262,17035,4.0,12,2,3,76,6,5,0.0,0.0,2.0,0.0,45.0,11.0,2.0,10.0,5.0,1
5263,18129,4.0,14,4,3,66,4,5,2.0,0.0,1.0,0.0,35.0,12.0,2.0,11.0,2.0,1
5264,19658,5.0,69,48,3,282,10,8,25.0,17.0,6.0,17.0,152.0,26.0,6.0,26.0,6.0,1
5265,8524,3.0,7,0,1,24,3,1,0.0,0.0,0.0,0.0,17.0,3.0,0.0,3.0,0.0,0
5266,5643,4.0,17,14,2,58,4,2,13.0,1.0,0.0,0.0,31.0,6.0,1.0,5.0,0.0,0
5267,6865,4.0,21,7,2,81,3,6,5.0,0.0,2.0,0.0,51.0,10.0,2.0,10.0,0.0,0
5268,14707,4.0,9,3,4,45,5,3,2.0,0.0,0.0,0.0,24.0,8.0,1.0,7.0,2.0,1
5269,13359,4.0,12,6,3,64,7,3,3.0,0.0,2.0,0.0,34.0,10.0,3.0,9.0,2.0,1
5270,3675,4.0,10,1,1,40,3,3,0.0,0.0,1.0,0.0,27.0,5.0,1.0,5.0,0.0,0
5271,4224,3.0,12,0,2,35,2,2,0.0,0.0,0.0,0.0,26.0,4.0,0.0,4.0,0.0,0
5272,964,4.0,24,0,1,70,3,5,0.0,0.0,0.0,0.0,50.0,10.0,0.0,9.0,0.0,0
5273,6749,4.0,16,15,2,58,4,2,13.0,2.0,0.0,1.0,29.0,6.0,1.0,5.0,0.0,0
5274,120,3.0,9,0,2,30,2,1,0.0,0.0,0.0,0.0,23.0,3.0,0.0,3.0,0.0,0
5275,6794,3.0,7,0,2,28,2,2,0.0,0.0,0.0,0.0,20.0,4.0,0.0,3.0,0.0,0
5276,4228,4.0,6,3,4,42,2,5,1.0,2.0,0.0,2.0,18.0,9.0,0.0,9.0,0.0,0
5277,5579,4.0,18,3,5,72,5,1,2.0,0.0,1.0,0.0,45.0,11.0,1.0,11.0,0.0,0
5278,328,4.0,23,6,3,79,5,2,5.0,0.0,0.0,0.0,55.0,9.0,1.0,8.0,0.0,0
5279,4710,3.0,5,0,1,19,2,2,0.0,0.0,0.0,0.0,13.0,3.0,0.0,2.0,0.0,0
5280,3281,4.0,17,4,2,64,4,5,3.0,0.0,0.0,0.0,42.0,9.0,1.0,8.0,0.0,0
5281,2370,4.0,11,5,2,42,4,2,4.0,0.0,0.0,0.0,25.0,6.0,1.0,5.0,0.0,0
5282,5522,3.0,15,0,1,37,3,1,0.0,0.0,0.0,0.0,28.0,4.0,0.0,4.0,0.0,0
5283,2544,4.0,25,0,1,79,3,3,0.0,0.0,0.0,0.0,56.0,11.0,0.0,11.0,0.0,0
5284,13559,4.0,25,3,4,94,8,3,1.0,0.0,1.0,0.0,58.0,15.0,2.0,14.0,2.0,1
5285,18958,4.0,23,78,2,200,5,6,44.0,18.0,16.0,24.0,45.0,17.0,10.0,23.0,2.0,1
5286,11077,4.0,18,4,2,70,5,6,2.0,0.0,1.0,0.0,45.0,9.0,2.0,8.0,2.0,1
5287,16569,5.0,82,60,6,486,8,9,18.0,34.0,7.0,34.0,303.0,37.0,8.0,36.0,8.0,1
5288,10871,3.0,6,0,3,22,2,2,0.0,0.0,0.0,0.0,12.0,5.0,0.0,4.0,0.0,1
5289,2178,4.0,8,2,1,31,4,1,0.0,2.0,0.0,2.0,18.0,4.0,0.0,4.0,0.0,0
5290,4898,3.0,6,0,1,18,2,1,0.0,0.0,0.0,0.0,14.0,2.0,0.0,1.0,0.0,0
5291,5153,3.0,9,0,2,37,2,2,0.0,0.0,0.0,0.0,28.0,4.0,0.0,4.0,0.0,0
5292,1209,4.0,7,0,1,23,3,1,0.0,0.0,0.0,0.0,16.0,3.0,0.0,3.0,0.0,0
5293,12955,3.0,4,0,1,10,1,0,0.0,0.0,0.0,0.0,7.0,1.0,0.0,1.0,0.0,1
5294,17333,4.0,13,8,2,57,3,5,5.0,0.0,3.0,0.0,31.0,7.0,3.0,7.0,0.0,1
5295,12919,3.0,8,0,1,22,1,0,0.0,0.0,0.0,0.0,19.0,1.0,0.0,1.0,0.0,1
5296,3123,4.0,16,5,2,57,3,2,4.0,0.0,1.0,0.0,38.0,6.0,1.0,6.0,0.0,0
5297,78,4.0,5,7,2,26,2,1,6.0,0.0,1.0,1.0,12.0,2.0,0.0,3.0,0.0,0
5298,9736,4.0,7,3,1,26,5,1,2.0,0.0,0.0,0.0,14.0,4.0,1.0,3.0,1.0,0
5299,14158,4.0,29,2,3,99,8,3,0.0,0.0,1.0,0.0,66.0,14.0,2.0,13.0,2.0,1
5300,3766,4.0,18,0,1,53,3,4,0.0,0.0,0.0,0.0,40.0,6.0,0.0,6.0,0.0,0
5301,18853,3.0,7,0,3,27,3,1,0.0,0.0,0.0,0.0,17.0,4.0,0.0,4.0,1.0,1
5302,16709,4.0,9,16,2,62,4,5,9.0,0.0,7.0,0.0,24.0,6.0,7.0,6.0,2.0,1
5303,19293,4.0,15,2,3,69,4,4,1.0,0.0,1.0,0.0,45.0,9.0,1.0,9.0,2.0,1
5304,10892,3.0,5,0,1,14,2,0,0.0,0.0,0.0,0.0,9.0,2.0,0.0,2.0,0.0,1
5305,600,3.0,9,1,1,28,2,3,0.0,0.0,0.0,0.0,19.0,4.0,1.0,3.0,0.0,0
5306,9137,4.0,28,14,1,113,3,2,11.0,0.0,3.0,0.0,67.0,14.0,3.0,14.0,0.0,0
5307,4550,3.0,9,0,1,29,2,1,0.0,0.0,0.0,0.0,24.0,2.0,0.0,2.0,0.0,0
5308,943,4.0,18,0,2,54,3,2,0.0,0.0,0.0,0.0,41.0,6.0,0.0,6.0,0.0,0
5309,18095,4.0,10,1,2,43,3,4,0.0,1.0,0.0,1.0,28.0,5.0,0.0,5.0,2.0,1
5310,13753,3.0,11,0,3,47,3,5,0.0,0.0,0.0,0.0,30.0,7.0,0.0,7.0,2.0,1
5311,17257,4.0,5,0,1,33,3,4,0.0,0.0,0.0,0.0,22.0,4.0,0.0,4.0,2.0,1
5312,14830,4.0,7,0,2,31,3,3,0.0,0.0,0.0,0.0,21.0,4.0,0.0,3.0,2.0,1
5313,9314,4.0,23,0,1,75,3,2,0.0,0.0,0.0,0.0,53.0,11.0,0.0,10.0,0.0,0
5314,16185,3.0,2,15,4,33,3,3,10.0,0.0,5.0,0.0,6.0,2.0,5.0,2.0,2.0,1
5315,15419,4.0,9,17,2,55,4,4,10.0,5.0,2.0,5.0,20.0,4.0,2.0,4.0,2.0,1
5316,1561,3.0,5,6,2,32,2,3,4.0,0.0,2.0,1.0,16.0,3.0,1.0,4.0,0.0,0
5317,4869,3.0,5,3,2,25,2,1,2.0,0.0,1.0,1.0,15.0,2.0,0.0,3.0,0.0,0
5318,10189,3.0,8,0,2,28,1,0,0.0,0.0,0.0,0.0,23.0,2.0,0.0,2.0,0.0,1
5319,6213,4.0,37,6,1,129,3,4,5.0,0.0,1.0,0.0,83.0,19.0,1.0,19.0,0.0,0
5320,13123,4.0,22,4,4,85,7,3,2.0,0.0,1.0,0.0,50.0,14.0,2.0,13.0,2.0,1
5321,4541,4.0,18,0,2,50,3,1,0.0,0.0,0.0,0.0,37.0,6.0,0.0,6.0,0.0,0
5322,1782,4.0,21,0,1,87,5,9,0.0,0.0,0.0,0.0,60.0,12.0,0.0,12.0,2.0,0
5323,12270,3.0,8,0,2,34,3,5,0.0,0.0,0.0,0.0,19.0,6.0,0.0,6.0,2.0,1
5324,1095,4.0,16,16,1,64,2,6,11.0,3.0,2.0,4.0,31.0,5.0,1.0,6.0,0.0,0
5325,5544,5.0,29,28,2,145,9,3,20.0,6.0,2.0,1.0,71.0,20.0,7.0,15.0,2.0,0
5326,1946,3.0,9,0,2,29,2,1,0.0,0.0,0.0,0.0,22.0,3.0,0.0,3.0,0.0,0
5327,15400,4.0,9,0,3,44,4,3,0.0,0.0,0.0,0.0,27.0,7.0,0.0,7.0,2.0,1
5328,19269,5.0,33,28,3,206,8,3,5.0,23.0,0.0,22.0,127.0,13.0,1.0,12.0,2.0,1
5329,18503,4.0,31,6,3,112,7,3,3.0,0.0,2.0,0.0,70.0,16.0,3.0,15.0,2.0,1
5330,677,4.0,20,0,1,69,3,3,0.0,0.0,0.0,0.0,47.0,11.0,0.0,10.0,0.0,0
5331,10797,3.0,3,10,4,32,3,4,5.0,0.0,4.0,1.0,9.0,3.0,4.0,3.0,2.0,1
5332,6789,4.0,21,6,2,91,4,4,5.0,0.0,1.0,0.0,51.0,15.0,1.0,15.0,2.0,0
5333,1392,4.0,22,11,2,75,7,1,7.0,1.0,2.0,1.0,42.0,9.0,3.0,8.0,1.0,0
5334,10661,4.0,8,2,3,50,4,4,1.0,0.0,1.0,0.0,30.0,7.0,1.0,7.0,2.0,1
5335,752,4.0,10,1,1,39,3,3,0.0,0.0,1.0,0.0,24.0,6.0,1.0,6.0,0.0,0
5336,15508,3.0,8,0,1,33,3,3,0.0,0.0,0.0,0.0,24.0,3.0,0.0,3.0,2.0,1
5337,3737,4.0,17,5,3,61,4,5,4.0,0.0,1.0,0.0,34.0,9.0,1.0,9.0,2.0,0
5338,2976,3.0,13,0,2,41,2,3,0.0,0.0,0.0,0.0,30.0,5.0,0.0,5.0,0.0,0
5339,6694,3.0,7,0,2,15,2,1,0.0,0.0,0.0,0.0,9.0,3.0,0.0,2.0,0.0,0
5340,3215,4.0,31,99,2,227,7,3,57.0,41.0,1.0,40.0,65.0,10.0,2.0,9.0,1.0,0
5341,14574,4.0,10,21,2,70,4,4,15.0,6.0,0.0,6.0,28.0,6.0,0.0,6.0,2.0,1
5342,9969,4.0,15,9,3,56,2,3,8.0,0.0,1.0,0.0,35.0,5.0,1.0,5.0,0.0,0
5343,1770,4.0,19,22,2,91,5,4,10.0,9.0,2.0,8.0,39.0,10.0,4.0,8.0,0.0,0
5344,19120,4.0,33,10,5,134,7,3,7.0,0.0,2.0,0.0,80.0,20.0,3.0,19.0,2.0,1
5345,16547,5.0,66,56,3,277,10,10,29.0,21.0,6.0,20.0,134.0,26.0,7.0,25.0,8.0,1
5346,10912,4.0,9,0,2,34,2,2,0.0,0.0,0.0,0.0,25.0,4.0,0.0,4.0,0.0,1
5347,11675,4.0,43,9,3,154,8,3,4.0,0.0,4.0,0.0,97.0,21.0,5.0,20.0,2.0,1
5348,3022,4.0,29,20,13,125,3,2,14.0,5.0,1.0,4.0,68.0,16.0,2.0,14.0,0.0,0
5349,5401,4.0,9,6,1,41,3,3,5.0,0.0,1.0,0.0,26.0,4.0,1.0,3.0,0.0,0
5350,7856,4.0,11,18,2,67,3,4,14.0,2.0,2.0,2.0,34.0,5.0,2.0,5.0,0.0,0
5351,11204,4.0,19,2,3,80,7,3,1.0,0.0,0.0,0.0,52.0,12.0,1.0,11.0,2.0,1
5352,10100,3.0,10,0,2,33,2,2,0.0,0.0,0.0,0.0,24.0,4.0,0.0,4.0,0.0,1
5353,6875,3.0,8,0,1,29,2,1,0.0,0.0,0.0,0.0,25.0,2.0,0.0,1.0,0.0,0
5354,13739,3.0,8,0,1,23,1,0,0.0,0.0,0.0,0.0,20.0,1.0,0.0,1.0,0.0,1
5355,5191,3.0,14,0,3,42,3,2,0.0,0.0,0.0,0.0,30.0,5.0,0.0,5.0,1.0,0
5356,4619,5.0,37,31,11,156,7,4,20.0,9.0,2.0,10.0,79.0,15.0,1.0,16.0,3.0,0
5357,17178,5.0,22,10,3,130,6,5,0.0,10.0,0.0,10.0,85.0,11.0,0.0,11.0,2.0,1
5358,15040,4.0,29,9,3,110,7,3,5.0,0.0,3.0,0.0,66.0,15.0,4.0,14.0,2.0,1
5359,14014,3.0,6,0,3,40,3,4,0.0,0.0,0.0,0.0,25.0,6.0,0.0,6.0,2.0,1
5360,16271,4.0,3,14,3,35,3,1,11.0,0.0,3.0,0.0,11.0,3.0,3.0,3.0,0.0,1
5361,8719,4.0,23,6,3,78,3,3,4.0,0.0,2.0,0.0,53.0,8.0,2.0,8.0,0.0,0
5362,14272,4.0,27,3,2,91,7,3,1.0,0.0,1.0,0.0,57.0,14.0,2.0,13.0,2.0,1
5363,13553,4.0,13,2,3,58,6,3,1.0,0.0,0.0,0.0,38.0,8.0,1.0,7.0,2.0,1
5364,8146,4.0,28,64,1,142,3,6,40.0,21.0,3.0,22.0,43.0,5.0,2.0,5.0,0.0,0
5365,7968,4.0,26,4,2,105,6,4,2.0,0.0,2.0,0.0,59.0,17.0,2.0,16.0,6.0,0
5366,4264,4.0,12,6,1,51,3,1,4.0,0.0,1.0,0.0,32.0,6.0,2.0,5.0,0.0,0
5367,13735,4.0,28,4,3,101,7,3,2.0,0.0,1.0,0.0,64.0,15.0,2.0,14.0,2.0,1
5368,10652,4.0,8,0,3,33,3,1,0.0,0.0,0.0,0.0,22.0,5.0,0.0,5.0,0.0,1
5369,6825,4.0,25,5,1,111,4,6,4.0,0.0,1.0,0.0,65.0,19.0,1.0,18.0,2.0,0
5370,8113,4.0,20,6,1,88,4,6,5.0,0.0,1.0,0.0,51.0,14.0,1.0,13.0,2.0,0
5371,10111,3.0,2,14,4,32,3,3,9.0,0.0,5.0,0.0,6.0,2.0,5.0,2.0,2.0,1
5372,701,4.0,8,8,2,35,4,1,7.0,0.0,0.0,0.0,18.0,4.0,1.0,3.0,1.0,0
5373,6170,4.0,7,0,2,31,3,1,0.0,0.0,0.0,0.0,22.0,4.0,0.0,4.0,0.0,0
5374,12019,3.0,7,4,3,33,3,3,3.0,0.0,0.0,1.0,16.0,5.0,0.0,5.0,2.0,1
5375,8159,4.0,34,7,2,116,3,7,4.0,0.0,2.0,0.0,79.0,14.0,3.0,13.0,0.0,0
5376,6870,4.0,21,5,1,70,3,4,4.0,0.0,1.0,0.0,46.0,9.0,1.0,8.0,0.0,0
5377,18623,4.0,19,3,2,79,8,3,0.0,0.0,2.0,0.0,46.0,13.0,3.0,12.0,2.0,1
5378,4423,3.0,7,0,1,17,2,1,0.0,0.0,0.0,0.0,13.0,2.0,0.0,1.0,0.0,0
5379,6862,3.0,8,0,1,24,2,1,0.0,0.0,0.0,0.0,19.0,2.0,0.0,2.0,0.0,0
5380,6986,4.0,16,0,2,52,2,1,0.0,0.0,0.0,0.0,45.0,3.0,0.0,3.0,0.0,0
5381,4868,4.0,11,0,1,31,3,1,0.0,0.0,0.0,0.0,22.0,4.0,0.0,4.0,0.0,0
5382,9490,3.0,4,12,1,30,2,4,10.0,0.0,2.0,0.0,10.0,3.0,2.0,2.0,0.0,0
5383,4376,4.0,18,0,2,62,3,2,0.0,0.0,0.0,0.0,43.0,9.0,0.0,9.0,0.0,0
5384,15611,4.0,7,7,3,42,2,4,5.0,0.0,2.0,0.0,22.0,5.0,2.0,5.0,0.0,1
5385,9544,5.0,75,51,3,345,9,3,14.0,34.0,3.0,32.0,212.0,22.0,5.0,20.0,2.0,0
5386,2926,4.0,11,10,1,44,3,3,9.0,0.0,0.0,0.0,20.0,7.0,1.0,6.0,0.0,0
5387,15488,4.0,11,2,3,46,4,2,1.0,0.0,1.0,1.0,29.0,5.0,0.0,6.0,2.0,1
5388,9825,3.0,19,0,1,56,3,3,0.0,0.0,0.0,0.0,41.0,7.0,0.0,7.0,0.0,0
5389,9479,4.0,7,0,2,36,3,2,0.0,0.0,0.0,0.0,25.0,5.0,0.0,5.0,0.0,0
5390,8733,4.0,13,0,2,33,3,2,0.0,0.0,0.0,0.0,22.0,5.0,0.0,5.0,0.0,0
5391,17417,4.0,13,0,3,48,4,3,0.0,0.0,0.0,0.0,31.0,7.0,0.0,7.0,2.0,1
5392,18133,4.0,35,8,5,145,7,3,5.0,0.0,3.0,0.0,87.0,22.0,3.0,22.0,2.0,1
5393,4350,4.0,13,0,1,36,3,2,0.0,0.0,0.0,0.0,27.0,4.0,0.0,4.0,0.0,0
5394,14182,4.0,14,5,2,65,4,5,3.0,1.0,1.0,0.0,38.0,9.0,2.0,8.0,2.0,1
5395,3697,2.0,4,0,1,11,2,1,0.0,0.0,0.0,0.0,7.0,2.0,0.0,1.0,0.0,0
5396,2013,3.0,6,0,2,18,2,1,0.0,0.0,0.0,0.0,12.0,3.0,0.0,2.0,0.0,0
5397,19623,4.0,39,5,4,148,7,3,2.0,0.0,2.0,0.0,95.0,22.0,3.0,21.0,2.0,1
5398,15518,4.0,9,17,2,55,4,4,10.0,5.0,2.0,5.0,20.0,4.0,2.0,4.0,2.0,1
5399,17254,4.0,22,2,2,76,7,3,0.0,0.0,1.0,0.0,47.0,12.0,2.0,11.0,2.0,1
5400,5677,4.0,10,3,1,30,3,2,2.0,1.0,0.0,0.0,16.0,5.0,0.0,5.0,0.0,0
5401,12268,3.0,10,0,3,30,2,1,0.0,0.0,0.0,0.0,21.0,4.0,0.0,4.0,0.0,1
5402,13889,4.0,33,7,2,107,4,5,5.0,0.0,2.0,0.0,77.0,9.0,2.0,9.0,2.0,1
5403,2147,3.0,16,5,1,51,2,7,4.0,0.0,1.0,0.0,31.0,7.0,1.0,6.0,0.0,0
5404,8788,4.0,22,5,2,82,7,1,4.0,0.0,1.0,0.0,49.0,13.0,1.0,13.0,0.0,0
5405,2705,4.0,27,7,1,105,4,7,6.0,0.0,1.0,0.0,63.0,16.0,1.0,15.0,2.0,0
5406,18172,3.0,5,0,1,16,1,0,0.0,0.0,0.0,0.0,13.0,1.0,0.0,1.0,0.0,1
5407,10086,4.0,23,4,3,92,7,3,2.0,0.0,1.0,0.0,59.0,13.0,2.0,12.0,2.0,1
5408,14593,4.0,27,5,3,95,8,3,3.0,0.0,1.0,0.0,59.0,14.0,2.0,13.0,2.0,1
5409,9699,3.0,8,0,1,23,2,1,0.0,0.0,0.0,0.0,19.0,2.0,0.0,1.0,0.0,0
5410,15817,4.0,13,3,1,57,4,8,2.0,0.0,1.0,1.0,34.0,8.0,0.0,8.0,2.0,1
5411,10955,4.0,7,0,4,34,3,3,0.0,0.0,0.0,0.0,19.0,6.0,0.0,6.0,2.0,1
5412,12635,4.0,12,4,2,65,3,8,2.0,0.0,2.0,1.0,41.0,7.0,1.0,8.0,2.0,1
5413,6841,4.0,62,8,1,197,3,4,7.0,0.0,0.0,0.0,139.0,25.0,1.0,24.0,0.0,0
5414,10427,5.0,31,26,3,219,8,3,5.0,20.0,0.0,20.0,145.0,13.0,1.0,12.0,2.0,1
5415,810,4.0,11,1,2,33,3,2,0.0,1.0,0.0,0.0,23.0,4.0,1.0,2.0,1.0,0
5416,5317,4.0,28,9,1,104,3,3,8.0,0.0,0.0,0.0,65.0,15.0,1.0,14.0,0.0,0
5417,13517,3.0,5,0,2,33,3,3,0.0,0.0,0.0,0.0,21.0,6.0,0.0,5.0,0.0,1
5418,312,4.0,7,2,1,31,4,1,0.0,2.0,0.0,1.0,19.0,4.0,1.0,3.0,0.0,0
5419,2073,3.0,18,0,1,52,3,2,0.0,0.0,0.0,0.0,41.0,5.0,0.0,5.0,0.0,0
5420,9730,3.0,3,2,2,18,2,1,1.0,0.0,1.0,1.0,10.0,2.0,0.0,2.0,0.0,0
5421,17399,4.0,30,5,2,102,8,4,2.0,0.0,2.0,1.0,66.0,13.0,2.0,13.0,2.0,1
5422,17168,4.0,13,0,3,56,3,4,0.0,0.0,0.0,0.0,41.0,6.0,0.0,6.0,2.0,1
5423,7734,3.0,10,0,2,33,2,2,0.0,0.0,0.0,0.0,24.0,4.0,0.0,4.0,0.0,0
5424,885,4.0,12,15,1,51,3,3,14.0,0.0,0.0,0.0,24.0,6.0,1.0,5.0,0.0,0
5425,9669,4.0,14,0,2,39,3,2,0.0,0.0,0.0,0.0,28.0,5.0,0.0,5.0,0.0,0
5426,1790,3.0,9,0,2,28,2,1,0.0,0.0,0.0,0.0,22.0,3.0,0.0,2.0,0.0,0
5427,13371,4.0,32,3,3,110,4,5,2.0,0.0,1.0,0.0,73.0,15.0,1.0,15.0,2.0,1
5428,13601,4.0,29,2,2,102,4,7,1.0,1.0,0.0,0.0,69.0,14.0,1.0,13.0,2.0,1
5429,10200,4.0,8,2,3,41,5,3,1.0,0.0,0.0,0.0,23.0,7.0,1.0,6.0,2.0,1
5430,3454,4.0,23,10,1,91,4,7,7.0,0.0,2.0,0.0,51.0,13.0,3.0,12.0,2.0,0
5431,8874,4.0,28,1,1,92,3,3,0.0,0.0,1.0,0.0,58.0,16.0,1.0,15.0,0.0,0
5432,3895,4.0,22,2,2,64,4,2,1.0,0.0,1.0,0.0,48.0,6.0,1.0,6.0,0.0,0
5433,18006,3.0,4,0,4,23,2,2,0.0,0.0,0.0,0.0,11.0,6.0,0.0,5.0,0.0,1
5434,16903,3.0,8,0,1,20,1,0,0.0,0.0,0.0,0.0,17.0,1.0,0.0,1.0,0.0,1
5435,18340,4.0,22,0,2,68,4,3,0.0,0.0,0.0,0.0,45.0,10.0,0.0,10.0,2.0,1
5436,8249,4.0,18,13,1,77,3,3,11.0,1.0,0.0,0.0,41.0,11.0,2.0,9.0,1.0,0
5437,19033,4.0,13,0,3,46,4,4,0.0,0.0,0.0,0.0,29.0,7.0,0.0,7.0,2.0,1
5438,8012,4.0,13,0,1,37,3,1,0.0,0.0,0.0,0.0,28.0,4.0,0.0,4.0,0.0,0
5439,12213,3.0,8,0,2,28,2,1,0.0,0.0,0.0,0.0,21.0,3.0,0.0,3.0,0.0,1
5440,10591,3.0,10,0,2,35,3,3,0.0,0.0,0.0,0.0,24.0,4.0,0.0,4.0,2.0,1
5441,14558,3.0,5,0,1,15,1,0,0.0,0.0,0.0,0.0,12.0,1.0,0.0,1.0,0.0,1
5442,18840,4.0,28,5,3,94,8,3,3.0,0.0,1.0,0.0,58.0,14.0,2.0,13.0,2.0,1
5443,15189,3.0,2,17,4,35,3,3,12.0,0.0,5.0,0.0,6.0,2.0,5.0,2.0,2.0,1
5444,7925,3.0,8,0,1,21,2,1,0.0,0.0,0.0,0.0,16.0,2.0,0.0,2.0,0.0,0
5445,1468,3.0,10,0,1,23,2,1,0.0,0.0,0.0,0.0,18.0,2.0,0.0,2.0,0.0,0
5446,9608,4.0,10,5,1,37,3,4,4.0,0.0,1.0,0.0,19.0,6.0,1.0,5.0,0.0,0
5447,470,4.0,24,9,1,84,4,4,7.0,0.0,2.0,0.0,51.0,10.0,2.0,9.0,2.0,0
5448,10550,5.0,33,28,3,206,8,3,5.0,23.0,0.0,22.0,127.0,13.0,1.0,12.0,2.0,1
5449,2722,3.0,9,0,1,26,2,1,0.0,0.0,0.0,0.0,22.0,2.0,0.0,1.0,0.0,0
5450,5419,4.0,13,0,1,44,3,5,0.0,0.0,0.0,0.0,30.0,7.0,0.0,6.0,0.0,0
5451,12560,4.0,7,14,4,59,4,4,8.0,0.0,6.0,0.0,24.0,6.0,6.0,6.0,2.0,1
5452,19221,4.0,23,5,3,91,7,3,3.0,0.0,2.0,0.0,53.0,14.0,2.0,14.0,2.0,1
5453,18473,4.0,28,4,3,95,8,3,2.0,0.0,1.0,0.0,60.0,14.0,2.0,13.0,2.0,1
5454,14426,4.0,15,9,7,55,4,2,4.0,0.0,4.0,0.0,28.0,7.0,5.0,6.0,0.0,1
5455,6041,3.0,11,0,1,38,3,1,0.0,0.0,0.0,0.0,24.0,7.0,0.0,6.0,0.0,0
5456,2744,4.0,17,0,2,57,3,2,0.0,0.0,0.0,0.0,38.0,9.0,0.0,9.0,0.0,0
5457,4569,3.0,8,0,1,21,2,1,0.0,0.0,0.0,0.0,17.0,2.0,0.0,1.0,0.0,0
5458,12105,5.0,26,36,3,237,8,3,5.0,30.0,0.0,30.0,143.0,13.0,1.0,12.0,2.0,1
5459,12256,4.0,23,4,3,85,7,3,2.0,0.0,1.0,0.0,52.0,13.0,2.0,12.0,2.0,1
5460,2161,3.0,12,0,1,32,3,3,0.0,0.0,0.0,0.0,22.0,5.0,0.0,4.0,0.0,0
5461,17799,4.0,24,20,2,103,7,5,12.0,8.0,0.0,8.0,51.0,10.0,0.0,10.0,3.0,1
5462,4674,4.0,31,9,1,117,6,7,4.0,0.0,4.0,0.0,71.0,15.0,5.0,14.0,3.0,0
5463,7456,4.0,18,2,2,62,4,2,1.0,0.0,0.0,1.0,47.0,6.0,0.0,6.0,0.0,0
5464,9247,4.0,21,15,1,87,7,8,11.0,0.0,3.0,1.0,43.0,11.0,3.0,11.0,3.0,0
5465,18800,3.0,5,0,3,23,2,1,0.0,0.0,0.0,0.0,14.0,4.0,0.0,4.0,0.0,1
5466,14975,3.0,12,0,3,35,2,3,0.0,0.0,0.0,0.0,23.0,6.0,0.0,5.0,0.0,1
5467,17278,3.0,9,0,1,32,4,4,0.0,0.0,0.0,0.0,20.0,5.0,0.0,4.0,2.0,1
5468,12911,4.0,6,0,2,29,3,3,0.0,0.0,0.0,0.0,18.0,4.0,0.0,4.0,2.0,1
5469,10116,4.0,9,1,3,42,2,3,0.0,0.0,1.0,1.0,28.0,5.0,0.0,6.0,0.0,1
5470,6379,3.0,11,0,2,30,2,1,0.0,0.0,0.0,0.0,24.0,3.0,0.0,2.0,0.0,0
5471,13815,4.0,28,4,2,104,7,3,2.0,0.0,2.0,0.0,65.0,15.0,2.0,15.0,2.0,1
5472,17383,4.0,15,0,3,59,3,4,0.0,0.0,0.0,0.0,44.0,6.0,0.0,6.0,2.0,1
5473,3876,4.0,19,0,3,61,3,3,0.0,0.0,0.0,0.0,46.0,7.0,0.0,7.0,0.0,0
5474,1075,4.0,27,4,1,89,3,3,3.0,0.0,1.0,0.0,59.0,12.0,1.0,12.0,0.0,0
5475,9307,3.0,9,0,1,27,2,1,0.0,0.0,0.0,0.0,23.0,2.0,0.0,1.0,0.0,0
5476,3936,4.0,37,0,2,102,4,6,0.0,0.0,0.0,0.0,71.0,14.0,0.0,14.0,2.0,0
5477,11725,3.0,8,0,2,29,3,2,0.0,0.0,0.0,0.0,19.0,5.0,0.0,4.0,0.0,1
5478,18502,4.0,12,0,2,40,3,4,0.0,0.0,0.0,0.0,27.0,5.0,0.0,5.0,2.0,1
5479,18659,4.0,8,0,2,39,3,3,0.0,0.0,0.0,0.0,28.0,4.0,0.0,4.0,2.0,1
5480,7141,4.0,14,13,1,65,4,3,10.0,1.0,1.0,1.0,32.0,9.0,2.0,8.0,0.0,0
5481,11224,4.0,21,0,1,69,6,5,0.0,0.0,0.0,0.0,50.0,8.0,0.0,8.0,2.0,1
5482,4207,4.0,22,26,8,106,6,5,15.0,9.0,1.0,9.0,38.0,15.0,2.0,14.0,2.0,0
5483,6713,4.0,21,7,2,62,3,3,6.0,0.0,1.0,1.0,40.0,6.0,0.0,7.0,0.0,0
5484,9747,3.0,7,0,2,18,2,1,0.0,0.0,0.0,0.0,12.0,3.0,0.0,2.0,0.0,0
5485,9644,4.0,20,8,2,69,4,3,7.0,0.0,1.0,0.0,41.0,9.0,1.0,9.0,0.0,0
5486,2149,4.0,10,15,1,46,5,1,14.0,0.0,0.0,0.0,21.0,5.0,1.0,4.0,0.0,0
5487,8511,3.0,12,0,1,34,3,2,0.0,0.0,0.0,0.0,25.0,4.0,0.0,4.0,0.0,0
5488,13504,3.0,10,0,3,35,4,3,0.0,0.0,0.0,0.0,21.0,6.0,0.0,5.0,2.0,1
5489,10114,4.0,19,0,1,59,4,5,0.0,0.0,0.0,0.0,44.0,6.0,0.0,6.0,2.0,1
5490,9485,4.0,17,7,1,67,3,4,6.0,0.0,1.0,0.0,41.0,9.0,1.0,8.0,0.0,0
5491,74,4.0,24,6,1,89,4,5,5.0,0.0,1.0,0.0,55.0,12.0,1.0,12.0,2.0,0
5492,15786,3.0,5,3,2,26,2,2,2.0,0.0,0.0,1.0,14.0,4.0,0.0,4.0,0.0,1
5493,19858,3.0,2,10,3,30,3,4,6.0,0.0,4.0,0.0,9.0,2.0,4.0,2.0,2.0,1
5494,7339,4.0,14,18,2,101,4,4,16.0,0.0,2.0,1.0,43.0,17.0,1.0,18.0,2.0,0
5495,16699,3.0,7,0,3,44,3,3,0.0,0.0,0.0,0.0,31.0,5.0,0.0,5.0,2.0,1
5496,16801,4.0,8,0,4,45,5,3,0.0,0.0,0.0,0.0,24.0,9.0,0.0,9.0,2.0,1
5497,10321,4.0,9,11,4,64,5,8,7.0,0.0,3.0,2.0,26.0,10.0,2.0,11.0,2.0,1
5498,12477,3.0,0,11,3,23,3,3,6.0,0.0,4.0,1.0,3.0,1.0,4.0,1.0,2.0,1
5499,14733,4.0,33,2,2,113,4,5,1.0,0.0,1.0,0.0,76.0,16.0,1.0,15.0,2.0,1
5500,17116,4.0,11,20,2,70,4,5,10.0,9.0,1.0,9.0,24.0,7.0,1.0,6.0,2.0,1
5501,18537,5.0,32,23,2,238,7,3,4.0,19.0,0.0,19.0,166.0,13.0,0.0,13.0,3.0,1
5502,18697,4.0,12,0,4,62,4,6,0.0,0.0,0.0,0.0,39.0,10.0,0.0,10.0,2.0,1
5503,2509,4.0,10,1,2,36,2,2,0.0,0.0,1.0,1.0,26.0,3.0,0.0,4.0,0.0,0
5504,7281,3.0,5,0,2,24,2,3,0.0,0.0,0.0,0.0,13.0,5.0,0.0,5.0,0.0,0
5505,9244,4.0,18,10,2,73,5,2,7.0,0.0,2.0,0.0,45.0,8.0,3.0,7.0,0.0,0
5506,14044,4.0,23,4,3,87,8,3,2.0,0.0,1.0,0.0,48.0,16.0,2.0,15.0,2.0,1
5507,16626,3.0,10,0,4,36,2,3,0.0,0.0,0.0,0.0,21.0,7.0,0.0,7.0,0.0,1
5508,4067,3.0,4,4,2,22,2,1,3.0,0.0,1.0,0.0,12.0,2.0,1.0,2.0,0.0,0
5509,9648,4.0,11,3,2,32,3,2,2.0,1.0,0.0,0.0,18.0,5.0,0.0,5.0,0.0,0
5510,13462,4.0,6,1,3,38,3,1,0.0,0.0,1.0,1.0,22.0,6.0,0.0,7.0,0.0,1
5511,17869,4.0,3,3,4,40,3,4,1.0,0.0,2.0,1.0,19.0,7.0,1.0,8.0,0.0,1
5512,11434,5.0,23,25,2,108,7,3,16.0,6.0,3.0,6.0,55.0,8.0,3.0,8.0,2.0,1
5513,3145,4.0,11,0,3,45,2,3,0.0,0.0,0.0,0.0,28.0,8.0,0.0,8.0,0.0,0
5514,13535,4.0,22,4,3,83,8,3,2.0,0.0,1.0,0.0,48.0,14.0,2.0,13.0,2.0,1
5515,13984,3.0,4,0,2,14,1,0,0.0,0.0,0.0,0.0,9.0,2.0,0.0,2.0,0.0,1
5516,14556,3.0,7,0,2,31,3,3,0.0,0.0,0.0,0.0,20.0,4.0,0.0,4.0,2.0,1
5517,11600,4.0,14,12,3,69,4,6,9.0,0.0,3.0,0.0,35.0,8.0,3.0,8.0,2.0,1
5518,12281,3.0,15,0,3,45,2,3,0.0,0.0,0.0,0.0,32.0,6.0,0.0,6.0,0.0,1
5519,5131,4.0,23,1,6,107,5,3,0.0,0.0,1.0,0.0,68.0,18.0,1.0,18.0,0.0,0
5520,7926,4.0,33,0,1,123,4,5,0.0,0.0,0.0,0.0,77.0,22.0,0.0,21.0,2.0,0
5521,17729,4.0,24,87,3,194,8,4,54.0,32.0,0.0,32.0,48.0,12.0,1.0,11.0,3.0,1
5522,17944,5.0,35,31,2,267,7,3,5.0,26.0,0.0,26.0,183.0,12.0,0.0,11.0,3.0,1
5523,540,4.0,21,0,2,59,5,2,0.0,0.0,0.0,0.0,44.0,7.0,0.0,7.0,0.0,0
5524,4235,3.0,5,0,1,18,2,1,0.0,0.0,0.0,0.0,14.0,2.0,0.0,1.0,0.0,0
5525,5507,4.0,10,0,2,34,2,4,0.0,0.0,0.0,0.0,21.0,6.0,0.0,6.0,0.0,0
5526,17125,3.0,13,0,3,49,4,4,0.0,0.0,0.0,0.0,28.0,9.0,0.0,9.0,2.0,1
5527,11857,3.0,7,0,1,18,1,0,0.0,0.0,0.0,0.0,15.0,1.0,0.0,1.0,0.0,1
5528,15115,4.0,2,10,3,29,3,4,5.0,0.0,4.0,1.0,8.0,2.0,4.0,2.0,2.0,1
5529,14672,3.0,2,15,4,33,3,3,10.0,0.0,5.0,0.0,6.0,2.0,5.0,2.0,2.0,1
5530,11560,4.0,25,5,3,92,7,3,3.0,0.0,1.0,0.0,58.0,13.0,2.0,12.0,2.0,1
5531,754,3.0,5,0,1,18,2,1,0.0,0.0,0.0,0.0,14.0,2.0,0.0,1.0,0.0,0
5532,13352,4.0,32,8,3,122,7,3,4.0,0.0,4.0,1.0,74.0,16.0,3.0,17.0,2.0,1
5533,16844,4.0,26,3,3,96,7,3,1.0,0.0,1.0,0.0,62.0,14.0,2.0,13.0,2.0,1
5534,2542,4.0,23,8,1,89,4,7,5.0,0.0,3.0,0.0,56.0,10.0,3.0,9.0,2.0,0
5535,6073,4.0,28,96,12,235,3,1,38.0,57.0,1.0,55.0,56.0,13.0,3.0,11.0,0.0,0
5536,15975,5.0,17,12,1,98,3,4,0.0,12.0,0.0,12.0,63.0,4.0,0.0,4.0,2.0,1
5537,12804,3.0,5,0,4,32,3,3,0.0,0.0,0.0,0.0,17.0,7.0,0.0,6.0,1.0,1
5538,5218,4.0,16,3,1,55,3,3,2.0,1.0,0.0,1.0,36.0,7.0,0.0,7.0,0.0,0
5539,12786,4.0,9,0,3,36,2,2,0.0,0.0,0.0,0.0,25.0,5.0,0.0,5.0,0.0,1
5540,19872,4.0,30,6,3,115,7,3,2.0,0.0,3.0,0.0,71.0,16.0,4.0,15.0,3.0,1
5541,237,4.0,11,0,2,37,2,1,0.0,0.0,0.0,0.0,30.0,3.0,0.0,3.0,0.0,0
5542,4271,4.0,11,0,2,34,3,2,0.0,0.0,0.0,0.0,24.0,5.0,0.0,4.0,0.0,0
5543,5875,3.0,13,0,2,34,2,2,0.0,0.0,0.0,0.0,25.0,4.0,0.0,4.0,0.0,0
5544,6657,3.0,2,0,1,12,2,1,0.0,0.0,0.0,0.0,8.0,2.0,0.0,1.0,0.0,0
5545,100,4.0,16,2,2,53,4,2,1.0,1.0,0.0,0.0,38.0,6.0,1.0,5.0,0.0,0
5546,15803,3.0,8,0,3,34,3,3,0.0,0.0,0.0,0.0,21.0,5.0,0.0,5.0,2.0,1
5547,18885,4.0,20,2,3,79,4,7,1.0,0.0,1.0,0.0,55.0,9.0,1.0,9.0,2.0,1
5548,15680,4.0,37,8,6,144,7,3,5.0,0.0,2.0,0.0,88.0,22.0,3.0,21.0,2.0,1
5549,16757,3.0,3,0,4,27,3,3,0.0,0.0,0.0,0.0,12.0,7.0,0.0,6.0,1.0,1
5550,5362,4.0,26,8,2,90,3,5,5.0,0.0,3.0,0.0,59.0,10.0,3.0,9.0,0.0,0
5551,4766,4.0,14,10,1,51,3,3,9.0,0.0,0.0,0.0,29.0,6.0,1.0,5.0,0.0,0
5552,7503,4.0,11,6,4,56,3,3,4.0,0.0,2.0,0.0,31.0,8.0,2.0,8.0,0.0,0
5553,15126,3.0,5,0,3,24,2,1,0.0,0.0,0.0,0.0,15.0,4.0,0.0,4.0,0.0,1
5554,8793,3.0,11,0,1,34,5,1,0.0,0.0,0.0,0.0,24.0,4.0,0.0,4.0,1.0,0
5555,15621,4.0,16,4,2,65,7,4,3.0,0.0,0.0,0.0,35.0,12.0,1.0,11.0,2.0,1
5556,1308,4.0,9,5,1,39,3,4,3.0,0.0,2.0,1.0,23.0,4.0,1.0,4.0,0.0,0
5557,1582,3.0,7,0,1,21,2,1,0.0,0.0,0.0,0.0,17.0,2.0,0.0,1.0,0.0,0
5558,18134,4.0,9,3,2,40,4,2,2.0,1.0,0.0,0.0,26.0,4.0,1.0,3.0,2.0,1
5559,2431,3.0,10,0,2,26,3,2,0.0,0.0,0.0,0.0,16.0,5.0,0.0,4.0,0.0,0
5560,1044,4.0,11,15,1,48,3,3,14.0,0.0,0.0,0.0,23.0,5.0,1.0,4.0,0.0,0
5561,17647,3.0,13,0,4,36,3,2,0.0,0.0,0.0,0.0,22.0,7.0,0.0,6.0,0.0,1
5562,9749,4.0,15,0,2,51,3,3,0.0,0.0,0.0,0.0,38.0,6.0,0.0,6.0,0.0,0
5563,5009,4.0,32,8,1,110,3,4,7.0,0.0,0.0,0.0,72.0,15.0,1.0,14.0,0.0,0
5564,18714,4.0,2,13,3,32,3,4,8.0,0.0,4.0,1.0,8.0,2.0,4.0,2.0,2.0,1
5565,1487,3.0,3,0,2,11,2,1,0.0,0.0,0.0,0.0,5.0,3.0,0.0,2.0,0.0,0
5566,7633,3.0,3,0,1,13,2,1,0.0,0.0,0.0,0.0,9.0,2.0,0.0,1.0,0.0,0
5567,10931,4.0,2,5,1,26,1,0,1.0,4.0,0.0,4.0,14.0,1.0,0.0,1.0,0.0,1
5568,18198,4.0,11,3,3,53,3,5,2.0,0.0,1.0,0.0,34.0,6.0,1.0,6.0,2.0,1
5569,10307,4.0,35,4,2,118,7,3,1.0,0.0,2.0,0.0,78.0,16.0,3.0,15.0,2.0,1
5570,5795,3.0,10,0,1,30,3,2,0.0,0.0,0.0,0.0,21.0,4.0,0.0,4.0,0.0,0
5571,5491,4.0,8,1,1,31,4,1,0.0,0.0,0.0,1.0,21.0,4.0,0.0,4.0,0.0,0
5572,16829,5.0,39,17,11,203,5,4,1.0,14.0,2.0,16.0,134.0,16.0,0.0,17.0,2.0,1
5573,618,4.0,24,4,1,89,4,6,3.0,0.0,1.0,0.0,57.0,12.0,1.0,12.0,2.0,0
5574,3799,4.0,13,0,2,39,2,1,0.0,0.0,0.0,0.0,32.0,3.0,0.0,3.0,0.0,0
5575,11797,4.0,9,8,4,63,4,8,5.0,0.0,3.0,0.0,33.0,7.0,3.0,7.0,4.0,1
5576,16597,4.0,9,18,3,74,4,6,10.0,0.0,7.0,0.0,29.0,9.0,8.0,8.0,2.0,1
5577,11588,4.0,10,4,3,47,3,5,3.0,0.0,1.0,0.0,27.0,6.0,1.0,6.0,2.0,1
5578,1600,3.0,10,3,1,32,2,5,2.0,0.0,1.0,0.0,18.0,5.0,0.0,5.0,0.0,0
5579,16623,4.0,9,2,2,44,3,5,0.0,2.0,0.0,2.0,26.0,6.0,0.0,5.0,2.0,1
5580,1849,4.0,22,12,4,101,4,9,8.0,0.0,4.0,0.0,60.0,12.0,4.0,12.0,0.0,0
5581,9807,3.0,9,0,2,29,2,1,0.0,0.0,0.0,0.0,23.0,3.0,0.0,2.0,0.0,0
5582,1752,4.0,24,7,2,79,3,3,6.0,0.0,1.0,0.0,54.0,8.0,1.0,8.0,0.0,0
5583,14234,4.0,23,0,5,80,4,4,0.0,0.0,0.0,0.0,55.0,11.0,0.0,11.0,2.0,1
5584,2040,4.0,31,15,1,109,3,5,11.0,0.0,4.0,0.0,65.0,12.0,4.0,12.0,0.0,0
5585,2083,4.0,35,6,2,114,4,4,5.0,0.0,1.0,0.0,66.0,19.0,1.0,19.0,2.0,0
5586,7965,4.0,28,8,2,121,4,9,5.0,0.0,3.0,0.0,76.0,17.0,3.0,16.0,0.0,0
5587,14706,3.0,6,0,3,30,3,3,0.0,0.0,0.0,0.0,17.0,5.0,0.0,5.0,2.0,1
5588,546,3.0,6,0,1,18,2,1,0.0,0.0,0.0,0.0,14.0,2.0,0.0,1.0,0.0,0
5589,6199,4.0,6,2,2,28,2,1,1.0,1.0,0.0,1.0,18.0,3.0,0.0,3.0,0.0,0
5590,17321,5.0,28,38,4,136,9,4,34.0,2.0,2.0,3.0,61.0,14.0,1.0,15.0,3.0,1
5591,15668,4.0,22,1,3,85,7,3,0.0,0.0,0.0,0.0,58.0,12.0,1.0,11.0,2.0,1
5592,1356,4.0,14,0,1,44,3,2,0.0,0.0,0.0,0.0,35.0,4.0,0.0,4.0,0.0,0
5593,5147,4.0,9,0,2,31,2,1,0.0,0.0,0.0,0.0,24.0,3.0,0.0,3.0,0.0,0
5594,17319,4.0,8,21,4,67,4,6,17.0,0.0,4.0,0.0,25.0,7.0,4.0,7.0,2.0,1
5595,8867,4.0,38,0,1,117,3,3,0.0,0.0,0.0,0.0,81.0,18.0,0.0,17.0,0.0,0
5596,10737,3.0,5,0,2,16,1,0,0.0,0.0,0.0,0.0,11.0,2.0,0.0,2.0,0.0,1
5597,19316,3.0,9,0,3,37,3,1,0.0,0.0,0.0,0.0,26.0,5.0,0.0,5.0,0.0,1
5598,12191,3.0,5,0,1,11,1,0,0.0,0.0,0.0,0.0,8.0,1.0,0.0,1.0,0.0,1
5599,10694,4.0,2,15,4,33,3,3,10.0,0.0,5.0,0.0,6.0,2.0,5.0,2.0,2.0,1
5600,6014,4.0,16,1,1,61,3,4,0.0,0.0,0.0,0.0,41.0,9.0,1.0,8.0,1.0,0
5601,7169,4.0,17,6,3,67,4,1,5.0,0.0,1.0,0.0,39.0,10.0,1.0,10.0,0.0,0
5602,175,3.0,12,0,2,43,3,2,0.0,0.0,0.0,0.0,32.0,5.0,0.0,5.0,0.0,0
5603,19546,4.0,25,21,3,121,7,3,12.0,0.0,9.0,1.0,60.0,14.0,8.0,14.0,2.0,1
5604,2208,4.0,9,7,2,35,4,1,6.0,0.0,0.0,0.0,18.0,5.0,1.0,4.0,0.0,0
5605,18605,4.0,22,9,3,104,5,8,5.0,0.0,4.0,0.0,64.0,12.0,4.0,12.0,2.0,1
5606,17758,4.0,6,0,1,33,3,4,0.0,0.0,0.0,0.0,22.0,4.0,0.0,4.0,2.0,1
5607,3787,4.0,9,0,1,31,3,2,0.0,0.0,0.0,0.0,20.0,5.0,0.0,5.0,0.0,0
5608,10417,4.0,27,4,3,97,8,3,2.0,0.0,1.0,0.0,62.0,14.0,2.0,13.0,2.0,1
5609,15535,4.0,17,2,5,72,7,3,1.0,0.0,0.0,0.0,44.0,12.0,1.0,11.0,2.0,1
5610,14137,3.0,4,0,1,13,1,0,0.0,0.0,0.0,0.0,10.0,1.0,0.0,1.0,0.0,1
5611,9318,4.0,21,8,2,98,6,4,3.0,1.0,4.0,3.0,52.0,15.0,2.0,17.0,0.0,0
5612,13632,4.0,11,0,3,44,2,2,0.0,0.0,0.0,0.0,33.0,5.0,0.0,5.0,0.0,1
5613,19538,4.0,12,6,3,51,4,4,5.0,0.0,1.0,1.0,29.0,6.0,0.0,6.0,2.0,1
5614,17137,3.0,8,0,3,29,2,1,0.0,0.0,0.0,0.0,20.0,4.0,0.0,4.0,0.0,1
5615,2441,3.0,2,0,1,13,2,1,0.0,0.0,0.0,0.0,9.0,2.0,0.0,1.0,0.0,0
5616,12446,4.0,12,6,2,51,3,5,4.0,1.0,1.0,1.0,29.0,7.0,1.0,6.0,0.0,1
5617,1322,4.0,9,16,3,44,5,1,12.0,0.0,3.0,0.0,15.0,5.0,4.0,4.0,0.0,0
5618,1603,4.0,11,0,2,41,3,3,0.0,0.0,0.0,0.0,28.0,6.0,0.0,6.0,0.0,0
5619,9945,4.0,12,4,2,45,2,4,2.0,0.0,2.0,1.0,29.0,4.0,1.0,5.0,0.0,0
5620,8014,4.0,15,11,1,72,3,3,9.0,0.0,1.0,0.0,39.0,10.0,2.0,9.0,1.0,0
5621,10944,4.0,11,3,2,41,4,4,2.0,0.0,1.0,0.0,24.0,5.0,1.0,5.0,2.0,1
5622,4065,4.0,22,0,3,86,3,3,0.0,0.0,0.0,0.0,57.0,14.0,0.0,14.0,0.0,0
5623,1294,3.0,7,0,3,29,2,2,0.0,0.0,0.0,0.0,18.0,5.0,0.0,5.0,0.0,0
5624,2000,3.0,5,0,1,14,2,1,0.0,0.0,0.0,0.0,10.0,2.0,0.0,1.0,0.0,0
5625,16887,4.0,22,36,3,130,8,3,21.0,0.0,14.0,0.0,48.0,15.0,15.0,14.0,2.0,1
5626,2063,4.0,10,0,1,31,4,1,0.0,0.0,0.0,0.0,22.0,4.0,0.0,4.0,0.0,0
5627,1507,4.0,23,0,1,80,3,5,0.0,0.0,0.0,0.0,56.0,12.0,0.0,11.0,0.0,0
5628,16808,3.0,7,0,3,36,2,3,0.0,0.0,0.0,0.0,23.0,6.0,0.0,6.0,0.0,1
5629,1559,4.0,18,2,2,55,4,1,0.0,1.0,1.0,1.0,42.0,4.0,1.0,4.0,0.0,0
5630,14575,4.0,19,2,4,76,4,4,1.0,0.0,1.0,0.0,48.0,11.0,1.0,11.0,2.0,1
5631,5577,4.0,7,0,2,29,2,1,0.0,0.0,0.0,0.0,23.0,3.0,0.0,2.0,0.0,0
5632,12295,4.0,23,5,3,89,7,3,2.0,0.0,2.0,0.0,52.0,14.0,3.0,13.0,2.0,1
5633,12578,4.0,4,11,4,37,3,4,7.0,0.0,4.0,0.0,13.0,3.0,4.0,3.0,2.0,1
5634,10688,4.0,14,0,3,52,4,4,0.0,0.0,0.0,0.0,35.0,7.0,0.0,7.0,2.0,1
5635,13066,3.0,6,0,1,15,1,0,0.0,0.0,0.0,0.0,12.0,1.0,0.0,1.0,0.0,1
5636,12437,3.0,7,0,1,17,1,0,0.0,0.0,0.0,0.0,14.0,1.0,0.0,1.0,0.0,1
5637,17780,4.0,27,26,3,171,6,3,6.0,0.0,20.0,1.0,75.0,23.0,19.0,24.0,2.0,1
5638,5611,5.0,32,35,13,160,7,4,22.0,10.0,3.0,10.0,76.0,16.0,3.0,16.0,3.0,0
5639,17440,3.0,12,0,2,37,2,3,0.0,0.0,0.0,0.0,27.0,5.0,0.0,4.0,0.0,1
5640,5335,3.0,4,7,1,24,2,3,6.0,0.0,1.0,1.0,9.0,3.0,0.0,3.0,0.0,0
5641,9546,4.0,26,38,2,121,4,7,22.0,15.0,1.0,15.0,47.0,10.0,1.0,9.0,0.0,0
5642,19644,4.0,9,0,1,37,3,5,0.0,0.0,0.0,0.0,25.0,5.0,0.0,4.0,2.0,1
5643,4141,3.0,14,0,2,35,3,2,0.0,0.0,0.0,0.0,24.0,5.0,0.0,5.0,0.0,0
5644,7938,4.0,12,10,1,40,3,3,9.0,0.0,0.0,0.0,20.0,5.0,1.0,4.0,0.0,0
5645,3549,4.0,26,0,2,87,6,1,0.0,0.0,0.0,0.0,60.0,13.0,0.0,13.0,0.0,0
5646,6016,4.0,14,2,2,50,4,2,1.0,0.0,0.0,0.0,36.0,6.0,1.0,5.0,0.0,0
5647,6906,3.0,10,0,3,38,3,2,0.0,0.0,0.0,0.0,25.0,6.0,0.0,6.0,0.0,0
5648,14054,3.0,6,0,4,40,3,3,0.0,0.0,0.0,0.0,24.0,7.0,0.0,7.0,1.0,1
5649,12224,4.0,15,16,5,91,7,6,10.0,0.0,5.0,0.0,42.0,11.0,6.0,10.0,6.0,1
5650,6720,4.0,22,5,1,89,4,6,3.0,0.0,2.0,0.0,51.0,14.0,2.0,14.0,2.0,0
5651,1235,4.0,24,19,2,108,4,4,17.0,0.0,2.0,1.0,49.0,17.0,1.0,18.0,2.0,0
5652,16814,3.0,6,0,3,22,3,2,0.0,0.0,0.0,0.0,11.0,5.0,0.0,4.0,1.0,1
5653,18204,4.0,29,5,3,104,7,3,2.0,0.0,2.0,0.0,67.0,14.0,3.0,13.0,2.0,1
5654,10643,4.0,20,0,2,64,4,5,0.0,0.0,0.0,0.0,47.0,7.0,0.0,7.0,2.0,1
5655,18920,4.0,5,2,2,40,3,4,1.0,1.0,0.0,1.0,24.0,5.0,0.0,5.0,2.0,1
5656,2251,4.0,23,0,1,60,3,6,0.0,0.0,0.0,0.0,44.0,8.0,0.0,7.0,0.0,0
5657,9217,3.0,6,0,1,18,2,1,0.0,0.0,0.0,0.0,14.0,2.0,0.0,1.0,0.0,0
5658,3670,4.0,40,9,2,143,8,5,6.0,0.0,3.0,1.0,87.0,20.0,2.0,21.0,2.0,0
5659,13707,4.0,27,10,5,115,7,3,6.0,0.0,3.0,0.0,66.0,17.0,4.0,16.0,2.0,1
5660,15502,4.0,11,6,3,46,2,4,4.0,0.0,2.0,1.0,26.0,5.0,1.0,6.0,0.0,1
5661,12434,4.0,23,4,3,86,7,3,2.0,0.0,1.0,0.0,51.0,14.0,2.0,13.0,2.0,1
5662,19815,4.0,35,4,1,139,7,5,2.0,0.0,2.0,0.0,89.0,21.0,2.0,20.0,2.0,1
5663,8505,4.0,12,17,1,60,6,1,9.0,6.0,2.0,5.0,22.0,6.0,3.0,5.0,1.0,0
5664,17075,4.0,14,0,2,51,3,5,0.0,0.0,0.0,0.0,36.0,6.0,0.0,6.0,2.0,1
5665,14032,4.0,27,3,4,93,5,8,2.0,0.0,1.0,0.0,60.0,13.0,1.0,13.0,2.0,1
5666,9909,4.0,10,0,1,30,2,2,0.0,0.0,0.0,0.0,23.0,3.0,0.0,3.0,0.0,0
5667,18256,3.0,8,0,3,36,2,2,0.0,0.0,0.0,0.0,25.0,5.0,0.0,5.0,0.0,1
5668,947,3.0,9,0,1,31,3,3,0.0,0.0,0.0,0.0,20.0,5.0,0.0,5.0,0.0,0
5669,11689,4.0,15,22,2,76,3,6,16.0,6.0,0.0,6.0,32.0,7.0,0.0,6.0,2.0,1
5670,6985,3.0,9,1,1,33,3,2,0.0,0.0,1.0,1.0,24.0,3.0,0.0,3.0,0.0,0
5671,15991,4.0,18,0,4,70,3,6,0.0,0.0,0.0,0.0,49.0,9.0,0.0,9.0,2.0,1
5672,2970,3.0,11,0,2,35,2,1,0.0,0.0,0.0,0.0,28.0,3.0,0.0,3.0,0.0,0
5673,14910,3.0,6,0,3,27,2,1,0.0,0.0,0.0,0.0,18.0,4.0,0.0,4.0,0.0,1
5674,14127,4.0,12,8,3,55,4,4,2.0,5.0,1.0,5.0,26.0,6.0,1.0,6.0,2.0,1
5675,3885,4.0,30,7,2,99,6,2,5.0,0.0,1.0,0.0,67.0,12.0,2.0,11.0,0.0,0
5676,19624,4.0,22,5,4,84,7,3,2.0,0.0,2.0,1.0,44.0,15.0,2.0,15.0,2.0,1
5677,17619,4.0,23,3,2,83,7,3,1.0,0.0,1.0,0.0,53.0,12.0,2.0,11.0,2.0,1
5678,14792,4.0,12,1,4,69,5,9,0.0,0.0,1.0,1.0,38.0,11.0,0.0,12.0,5.0,1
5679,11910,3.0,2,15,4,33,3,3,10.0,0.0,5.0,0.0,6.0,2.0,5.0,2.0,2.0,1
5680,6697,4.0,21,6,3,80,3,3,4.0,0.0,2.0,0.0,53.0,9.0,2.0,9.0,0.0,0
5681,12365,3.0,9,0,2,28,2,2,0.0,0.0,0.0,0.0,20.0,4.0,0.0,3.0,0.0,1
5682,13042,3.0,7,0,3,33,2,1,0.0,0.0,0.0,0.0,24.0,4.0,0.0,4.0,0.0,1
5683,17378,3.0,5,1,2,24,3,2,0.0,1.0,0.0,1.0,12.0,5.0,0.0,4.0,0.0,1
5684,11079,4.0,30,9,3,111,7,3,5.0,0.0,3.0,0.0,67.0,15.0,4.0,14.0,2.0,1
5685,17935,4.0,20,1,3,70,5,6,0.0,0.0,1.0,1.0,46.0,9.0,0.0,10.0,2.0,1
5686,7131,4.0,23,8,2,79,3,4,6.0,0.0,2.0,0.0,48.0,10.0,2.0,10.0,0.0,0
5687,6058,4.0,7,1,2,33,2,2,0.0,1.0,0.0,1.0,22.0,4.0,0.0,4.0,0.0,0
5688,1840,3.0,7,0,2,24,2,1,0.0,0.0,0.0,0.0,18.0,3.0,0.0,2.0,0.0,0
5689,12210,3.0,10,0,1,22,2,0,0.0,0.0,0.0,0.0,15.0,3.0,0.0,3.0,0.0,1
5690,1564,4.0,22,8,6,118,8,5,0.0,6.0,2.0,2.0,53.0,22.0,6.0,18.0,8.0,0
5691,3673,4.0,17,0,3,61,5,3,0.0,0.0,0.0,0.0,43.0,8.0,0.0,8.0,1.0,0
5692,19459,4.0,14,7,2,61,4,5,4.0,1.0,1.0,1.0,32.0,9.0,2.0,8.0,2.0,1
5693,4311,5.0,34,30,10,151,7,4,17.0,11.0,2.0,10.0,77.0,14.0,3.0,13.0,3.0,0
5694,4698,4.0,6,2,1,31,4,1,0.0,1.0,0.0,2.0,19.0,4.0,0.0,4.0,0.0,0
5695,10750,3.0,6,0,1,16,1,0,0.0,0.0,0.0,0.0,13.0,1.0,0.0,1.0,0.0,1
5696,3320,4.0,20,0,1,73,3,2,0.0,0.0,0.0,0.0,50.0,11.0,0.0,11.0,0.0,0
5697,5192,4.0,8,3,1,28,3,2,2.0,1.0,0.0,0.0,16.0,4.0,0.0,4.0,0.0,0
5698,10464,4.0,59,5,2,197,7,3,2.0,0.0,3.0,0.0,133.0,27.0,3.0,26.0,2.0,1
5699,4468,4.0,28,5,2,125,3,6,4.0,0.0,1.0,0.0,78.0,20.0,1.0,20.0,0.0,0
5700,4773,4.0,10,14,2,49,4,2,12.0,0.0,1.0,0.0,24.0,5.0,2.0,4.0,0.0,0
5701,6575,4.0,23,7,2,71,3,3,6.0,0.0,1.0,1.0,47.0,7.0,0.0,8.0,0.0,0
5702,16461,4.0,8,0,3,31,3,1,0.0,0.0,0.0,0.0,20.0,5.0,0.0,5.0,0.0,1
5703,4709,3.0,11,0,3,37,2,2,0.0,0.0,0.0,0.0,26.0,5.0,0.0,5.0,0.0,0
5704,847,4.0,26,7,3,108,4,4,4.0,0.0,3.0,1.0,52.0,21.0,2.0,22.0,2.0,0
5705,12916,4.0,37,8,3,133,6,7,5.0,0.0,3.0,0.0,91.0,14.0,3.0,14.0,2.0,1
5706,838,4.0,14,8,3,53,3,1,5.0,0.0,3.0,0.0,33.0,4.0,3.0,4.0,0.0,0
5707,8740,4.0,9,1,1,31,4,1,0.0,0.0,0.0,1.0,21.0,4.0,0.0,4.0,0.0,0
5708,11125,4.0,39,9,3,150,7,3,4.0,0.0,4.0,1.0,91.0,21.0,4.0,21.0,3.0,1
5709,7532,3.0,11,0,1,29,2,1,0.0,0.0,0.0,0.0,24.0,2.0,0.0,2.0,0.0,0
5710,16746,4.0,13,0,2,39,2,0,0.0,0.0,0.0,0.0,28.0,5.0,0.0,5.0,0.0,1
5711,7759,4.0,39,24,4,165,6,10,15.0,5.0,4.0,3.0,89.0,20.0,6.0,18.0,4.0,0
5712,4597,4.0,11,6,7,61,2,1,5.0,1.0,0.0,1.0,38.0,8.0,0.0,7.0,0.0,0
5713,9609,3.0,14,0,1,37,3,2,0.0,0.0,0.0,0.0,24.0,6.0,0.0,6.0,0.0,0
5714,5785,3.0,16,0,2,53,2,4,0.0,0.0,0.0,0.0,40.0,6.0,0.0,6.0,0.0,0
5715,19934,4.0,14,0,3,51,3,3,0.0,0.0,0.0,0.0,38.0,5.0,0.0,5.0,2.0,1
5716,18262,4.0,30,2,1,93,4,5,1.0,0.0,1.0,0.0,61.0,13.0,1.0,13.0,2.0,1
5717,19385,4.0,24,1,5,100,7,7,0.0,0.0,1.0,1.0,57.0,18.0,0.0,19.0,3.0,1
5718,604,4.0,9,4,2,45,3,2,3.0,1.0,0.0,1.0,29.0,5.0,0.0,5.0,0.0,0
5719,17270,3.0,7,0,2,24,1,0,0.0,0.0,0.0,0.0,19.0,2.0,0.0,2.0,0.0,1
5720,10270,3.0,4,0,3,28,2,2,0.0,0.0,0.0,0.0,17.0,5.0,0.0,5.0,0.0,1
5721,17537,4.0,10,0,3,40,2,3,0.0,0.0,0.0,0.0,27.0,6.0,0.0,6.0,0.0,1
5722,7225,4.0,30,0,2,83,4,6,0.0,0.0,0.0,0.0,58.0,11.0,0.0,11.0,2.0,0
5723,2311,3.0,8,0,1,20,2,1,0.0,0.0,0.0,0.0,16.0,2.0,0.0,1.0,0.0,0
5724,14640,4.0,24,1,1,94,7,7,0.0,0.0,0.0,0.0,64.0,13.0,1.0,12.0,3.0,1
5725,13627,4.0,13,14,3,53,3,4,12.0,0.0,2.0,0.0,23.0,7.0,2.0,6.0,0.0,1
5726,1982,4.0,13,15,1,48,3,3,14.0,0.0,0.0,0.0,23.0,5.0,1.0,4.0,0.0,0
5727,8391,4.0,22,8,2,82,3,3,6.0,0.0,2.0,0.0,51.0,10.0,2.0,10.0,0.0,0
5728,8677,4.0,8,9,2,38,2,4,6.0,0.0,3.0,0.0,19.0,3.0,3.0,3.0,0.0,0
5729,11462,4.0,6,0,3,28,2,2,0.0,0.0,0.0,0.0,17.0,5.0,0.0,5.0,0.0,1
5730,5728,3.0,5,0,2,21,2,1,0.0,0.0,0.0,0.0,14.0,3.0,0.0,3.0,0.0,0
5731,2823,4.0,14,6,3,57,3,6,4.0,0.0,2.0,0.0,32.0,8.0,2.0,8.0,0.0,0
5732,4551,4.0,18,0,1,56,3,4,0.0,0.0,0.0,0.0,44.0,6.0,0.0,5.0,0.0,0
5733,5336,3.0,11,0,2,28,2,1,0.0,0.0,0.0,0.0,21.0,3.0,0.0,3.0,0.0,0
5734,11437,3.0,8,0,3,28,2,2,0.0,0.0,0.0,0.0,18.0,5.0,0.0,4.0,0.0,1
5735,4453,4.0,16,15,1,56,3,3,14.0,0.0,0.0,0.0,29.0,6.0,1.0,5.0,0.0,0
5736,8186,4.0,22,3,1,64,4,2,0.0,2.0,1.0,3.0,36.0,10.0,0.0,11.0,0.0,0
5737,12093,4.0,14,0,3,48,4,4,0.0,0.0,0.0,0.0,31.0,7.0,0.0,7.0,2.0,1
5738,11353,4.0,25,2,3,81,7,3,1.0,0.0,0.0,0.0,53.0,12.0,1.0,11.0,2.0,1
5739,3749,3.0,5,0,1,15,2,1,0.0,0.0,0.0,0.0,11.0,2.0,0.0,1.0,0.0,0
5740,17894,4.0,24,3,4,98,7,4,1.0,0.0,1.0,0.0,60.0,16.0,2.0,15.0,2.0,1
5741,13581,3.0,10,0,2,43,2,3,0.0,0.0,0.0,0.0,33.0,5.0,0.0,4.0,0.0,1
5742,8001,3.0,12,0,1,38,2,4,0.0,0.0,0.0,0.0,27.0,5.0,0.0,5.0,0.0,0
5743,18103,3.0,12,2,2,37,3,4,1.0,0.0,1.0,1.0,23.0,4.0,0.0,4.0,2.0,1
5744,10986,4.0,13,5,3,51,4,4,3.0,2.0,0.0,1.0,28.0,7.0,1.0,6.0,2.0,1
5745,11574,4.0,14,0,4,57,4,4,0.0,0.0,0.0,0.0,37.0,9.0,0.0,9.0,1.0,1
5746,16645,3.0,10,0,1,32,2,3,0.0,0.0,0.0,0.0,24.0,4.0,0.0,3.0,0.0,1
5747,9079,4.0,16,25,1,87,2,8,17.0,7.0,1.0,7.0,38.0,8.0,1.0,7.0,0.0,0
5748,524,4.0,18,4,2,51,3,2,3.0,0.0,1.0,0.0,33.0,6.0,1.0,6.0,0.0,0
5749,16792,4.0,13,3,3,64,4,6,1.0,0.0,2.0,1.0,41.0,7.0,1.0,8.0,2.0,1
5750,9139,3.0,7,0,1,30,2,4,0.0,0.0,0.0,0.0,20.0,5.0,0.0,4.0,0.0,0
5751,8450,4.0,24,10,1,95,4,7,6.0,0.0,4.0,1.0,59.0,9.0,3.0,10.0,2.0,0
5752,19887,4.0,12,3,2,62,4,4,2.0,0.0,1.0,0.0,39.0,8.0,1.0,8.0,2.0,1
5753,18388,4.0,29,17,2,127,7,3,8.0,0.0,9.0,0.0,65.0,17.0,9.0,16.0,2.0,1
5754,15101,3.0,5,3,2,26,2,2,2.0,0.0,0.0,1.0,14.0,4.0,0.0,4.0,0.0,1
5755,122,4.0,10,0,2,38,2,3,0.0,0.0,0.0,0.0,27.0,5.0,0.0,5.0,0.0,0
5756,4366,4.0,25,6,3,82,3,3,4.0,0.0,2.0,0.0,55.0,9.0,2.0,9.0,0.0,0
5757,13114,4.0,10,26,3,82,4,5,19.0,6.0,1.0,7.0,29.0,8.0,0.0,9.0,2.0,1
5758,13202,4.0,48,4,4,155,8,3,1.0,0.0,2.0,0.0,105.0,21.0,3.0,20.0,2.0,1
5759,2302,3.0,5,0,1,22,2,1,0.0,0.0,0.0,0.0,18.0,2.0,0.0,1.0,0.0,0
5760,7397,4.0,29,3,1,90,3,10,1.0,0.0,2.0,0.0,66.0,8.0,2.0,8.0,2.0,0
5761,11609,3.0,8,0,2,32,2,2,0.0,0.0,0.0,0.0,23.0,4.0,0.0,4.0,0.0,1
5762,17379,4.0,14,3,3,67,4,6,0.0,1.0,1.0,1.0,38.0,11.0,2.0,10.0,2.0,1
5763,5820,4.0,15,7,2,66,3,3,6.0,0.0,1.0,0.0,43.0,7.0,1.0,7.0,0.0,0
5764,9197,3.0,11,0,1,30,2,1,0.0,0.0,0.0,0.0,26.0,2.0,0.0,1.0,0.0,0
5765,11652,4.0,37,7,3,148,8,3,3.0,0.0,3.0,0.0,84.0,25.0,4.0,24.0,4.0,1
5766,12381,4.0,18,0,2,65,4,7,0.0,0.0,0.0,0.0,44.0,9.0,0.0,9.0,2.0,1
5767,17346,3.0,11,0,2,36,2,2,0.0,0.0,0.0,0.0,28.0,4.0,0.0,3.0,0.0,1
5768,8880,4.0,5,0,2,24,2,2,0.0,0.0,0.0,0.0,15.0,4.0,0.0,4.0,0.0,0
5769,3055,4.0,22,2,5,98,7,4,0.0,1.0,1.0,0.0,60.0,16.0,2.0,15.0,2.0,0
5770,3566,4.0,28,0,2,93,3,2,0.0,0.0,0.0,0.0,62.0,15.0,0.0,15.0,0.0,0
5771,48,3.0,6,2,2,26,2,1,1.0,1.0,0.0,0.0,17.0,3.0,1.0,2.0,0.0,0
5772,10324,4.0,17,3,3,79,4,7,2.0,0.0,1.0,0.0,44.0,14.0,1.0,14.0,2.0,1
5773,501,4.0,52,90,19,253,2,3,61.0,28.0,1.0,27.0,93.0,21.0,2.0,19.0,0.0,0
5774,3185,4.0,28,8,1,99,4,4,6.0,0.0,2.0,1.0,61.0,12.0,1.0,13.0,2.0,0
5775,13717,4.0,9,3,2,41,4,3,2.0,1.0,0.0,0.0,26.0,5.0,1.0,3.0,2.0,1
5776,229,3.0,10,0,2,34,2,1,0.0,0.0,0.0,0.0,28.0,3.0,0.0,2.0,0.0,0
5777,16827,3.0,6,0,1,23,2,0,0.0,0.0,0.0,0.0,14.0,4.0,0.0,4.0,0.0,1
5778,12193,4.0,25,3,2,72,3,5,2.0,0.0,1.0,0.0,55.0,5.0,1.0,5.0,2.0,1
5779,2824,3.0,8,0,2,24,2,1,0.0,0.0,0.0,0.0,18.0,3.0,0.0,2.0,0.0,0
5780,8772,4.0,19,6,1,55,3,3,4.0,0.0,2.0,1.0,30.0,8.0,1.0,8.0,0.0,0
5781,15051,4.0,40,6,3,134,8,3,2.0,0.0,3.0,0.0,85.0,19.0,4.0,18.0,2.0,1
5782,3007,4.0,11,0,3,42,3,1,0.0,0.0,0.0,0.0,31.0,5.0,0.0,5.0,0.0,0
5783,14023,4.0,11,2,2,49,4,5,1.0,0.0,0.0,0.0,31.0,7.0,1.0,6.0,2.0,1
5784,4305,4.0,24,8,2,93,5,2,5.0,0.0,3.0,0.0,54.0,12.0,3.0,12.0,3.0,0
5785,19563,4.0,8,0,3,35,3,3,0.0,0.0,0.0,0.0,22.0,5.0,0.0,5.0,2.0,1
5786,1074,4.0,18,9,2,58,4,1,8.0,0.0,1.0,0.0,33.0,7.0,1.0,7.0,0.0,0
5787,10942,4.0,17,0,3,55,3,3,0.0,0.0,0.0,0.0,41.0,6.0,0.0,6.0,1.0,1
5788,15318,4.0,5,4,2,40,3,4,1.0,2.0,1.0,3.0,21.0,4.0,0.0,5.0,2.0,1
5789,17677,4.0,22,4,4,87,8,3,2.0,0.0,1.0,0.0,50.0,15.0,2.0,14.0,2.0,1
5790,7653,4.0,15,20,1,87,3,12,9.0,7.0,3.0,7.0,37.0,9.0,4.0,8.0,2.0,0
5791,7210,3.0,3,1,2,17,2,1,0.0,1.0,0.0,0.0,10.0,3.0,1.0,1.0,0.0,0
5792,2944,3.0,11,0,2,38,2,2,0.0,0.0,0.0,0.0,29.0,4.0,0.0,4.0,0.0,0
5793,12656,4.0,13,0,3,52,4,3,0.0,0.0,0.0,0.0,37.0,6.0,0.0,6.0,2.0,1
5794,10910,4.0,25,2,3,96,3,7,1.0,0.0,1.0,1.0,71.0,10.0,0.0,11.0,0.0,1
5795,15184,4.0,6,3,2,40,3,4,2.0,1.0,0.0,1.0,23.0,5.0,0.0,5.0,2.0,1
5796,17326,4.0,37,3,2,117,7,4,1.0,0.0,2.0,0.0,84.0,13.0,2.0,12.0,2.0,1
5797,8638,4.0,25,0,2,102,4,4,0.0,0.0,0.0,0.0,67.0,16.0,0.0,16.0,2.0,0
5798,10362,4.0,10,0,2,38,3,3,0.0,0.0,0.0,0.0,27.0,4.0,0.0,4.0,2.0,1
5799,4433,4.0,8,0,2,38,2,3,0.0,0.0,0.0,0.0,27.0,5.0,0.0,5.0,0.0,0
5800,14726,4.0,4,9,2,31,2,2,8.0,0.0,0.0,0.0,14.0,4.0,1.0,3.0,0.0,1
5801,4161,4.0,17,4,2,68,5,2,3.0,0.0,0.0,0.0,48.0,8.0,1.0,7.0,0.0,0
5802,3117,5.0,35,11,4,171,8,9,4.0,2.0,5.0,5.0,106.0,20.0,2.0,23.0,3.0,0
5803,17598,4.0,25,5,3,96,7,3,3.0,0.0,1.0,0.0,58.0,15.0,2.0,14.0,2.0,1
5804,6878,4.0,23,10,1,94,4,6,7.0,0.0,3.0,0.0,53.0,13.0,3.0,12.0,2.0,0
5805,17351,4.0,13,0,2,49,4,4,0.0,0.0,0.0,0.0,32.0,7.0,0.0,7.0,2.0,1
5806,10260,3.0,10,27,1,81,4,4,7.0,2.0,18.0,13.0,8.0,6.0,7.0,16.0,3.0,1
5807,11232,4.0,7,3,3,30,1,0,0.0,3.0,0.0,2.0,18.0,3.0,0.0,3.0,0.0,1
5808,5322,3.0,7,0,1,32,3,3,0.0,0.0,0.0,0.0,22.0,5.0,0.0,4.0,0.0,0
5809,14617,3.0,14,35,1,99,4,4,9.0,4.0,22.0,15.0,8.0,8.0,11.0,18.0,3.0,1
5810,17074,4.0,15,3,2,60,4,5,2.0,0.0,1.0,0.0,37.0,8.0,1.0,8.0,2.0,1
5811,2419,4.0,12,3,2,49,6,1,1.0,0.0,1.0,0.0,27.0,9.0,2.0,8.0,0.0,0
5812,18771,5.0,64,54,3,291,9,9,25.0,23.0,6.0,19.0,159.0,23.0,10.0,19.0,6.0,1
5813,17220,3.0,3,0,1,14,1,0,0.0,0.0,0.0,0.0,11.0,1.0,0.0,1.0,0.0,1
5814,7170,4.0,25,4,1,88,4,6,3.0,0.0,1.0,0.0,50.0,15.0,1.0,15.0,2.0,0
5815,14855,3.0,9,2,1,33,3,3,1.0,1.0,0.0,1.0,22.0,3.0,0.0,2.0,2.0,1
5816,14299,4.0,25,10,3,106,7,3,6.0,0.0,3.0,0.0,61.0,15.0,4.0,14.0,2.0,1
5817,1017,3.0,12,0,2,38,3,2,0.0,0.0,0.0,0.0,27.0,5.0,0.0,5.0,0.0,0
5818,13229,4.0,13,0,3,53,3,3,0.0,0.0,0.0,0.0,40.0,5.0,0.0,5.0,2.0,1
5819,8540,4.0,25,0,6,87,3,6,0.0,0.0,0.0,0.0,60.0,13.0,0.0,13.0,0.0,0
5820,7743,3.0,8,0,1,30,3,1,0.0,0.0,0.0,0.0,19.0,5.0,0.0,5.0,0.0,0
5821,1928,4.0,35,0,1,101,3,4,0.0,0.0,0.0,0.0,73.0,14.0,0.0,13.0,0.0,0
5822,18669,4.0,17,0,3,61,4,5,0.0,0.0,0.0,0.0,42.0,8.0,0.0,8.0,2.0,1
5823,350,4.0,13,5,1,47,2,4,4.0,0.0,1.0,1.0,32.0,4.0,0.0,4.0,0.0,0
5824,17976,3.0,7,0,1,17,1,0,0.0,0.0,0.0,0.0,14.0,1.0,0.0,1.0,0.0,1
5825,223,4.0,13,6,2,55,4,2,5.0,0.0,1.0,1.0,32.0,6.0,0.0,7.0,2.0,0
5826,6030,4.0,22,0,2,65,3,2,0.0,0.0,0.0,0.0,50.0,7.0,0.0,7.0,0.0,0
5827,19377,4.0,21,5,3,81,7,3,3.0,0.0,1.0,0.0,47.0,13.0,2.0,12.0,2.0,1
5828,19341,4.0,7,0,2,35,3,4,0.0,0.0,0.0,0.0,22.0,5.0,0.0,5.0,2.0,1
5829,9179,4.0,24,16,1,94,4,3,10.0,3.0,2.0,1.0,46.0,14.0,5.0,11.0,1.0,0
5830,15015,4.0,45,6,3,148,8,3,3.0,0.0,3.0,1.0,91.0,22.0,2.0,23.0,2.0,1
5831,2500,4.0,16,0,1,63,3,6,0.0,0.0,0.0,0.0,43.0,10.0,0.0,9.0,0.0,0
5832,19907,3.0,2,15,4,33,3,3,10.0,0.0,5.0,0.0,6.0,2.0,5.0,2.0,2.0,1
5833,15800,4.0,19,2,3,62,4,5,1.0,0.0,1.0,0.0,42.0,7.0,1.0,7.0,2.0,1
5834,564,4.0,25,6,1,95,4,6,5.0,0.0,1.0,0.0,58.0,14.0,1.0,13.0,2.0,0
5835,9774,4.0,15,0,1,48,3,3,0.0,0.0,0.0,0.0,32.0,8.0,0.0,7.0,0.0,0
5836,10367,4.0,26,5,2,88,7,3,3.0,0.0,1.0,0.0,56.0,12.0,2.0,11.0,2.0,1
5837,8089,3.0,13,0,2,35,2,2,0.0,0.0,0.0,0.0,27.0,4.0,0.0,3.0,0.0,0
5838,16247,5.0,22,9,2,120,6,5,0.0,9.0,0.0,9.0,77.0,11.0,0.0,10.0,3.0,1
5839,16179,3.0,7,0,2,26,1,0,0.0,0.0,0.0,0.0,21.0,2.0,0.0,2.0,0.0,1
5840,3385,4.0,18,3,3,56,2,3,2.0,0.0,1.0,0.0,41.0,5.0,1.0,5.0,0.0,0
5841,3933,4.0,9,0,1,31,3,3,0.0,0.0,0.0,0.0,21.0,5.0,0.0,4.0,0.0,0
5842,7959,4.0,7,2,2,33,2,2,0.0,2.0,0.0,2.0,20.0,4.0,0.0,4.0,0.0,0
5843,2707,4.0,8,4,2,35,3,2,3.0,1.0,0.0,0.0,20.0,5.0,1.0,4.0,0.0,0
5844,2790,3.0,10,0,1,32,3,2,0.0,0.0,0.0,0.0,23.0,4.0,0.0,4.0,0.0,0
5845,3446,4.0,13,0,2,51,3,1,0.0,0.0,0.0,0.0,40.0,5.0,0.0,5.0,0.0,0
5846,15063,4.0,25,3,3,94,7,3,1.0,0.0,2.0,0.0,59.0,14.0,2.0,13.0,2.0,1
5847,3535,3.0,11,0,1,39,3,2,0.0,0.0,0.0,0.0,26.0,6.0,0.0,6.0,0.0,0
5848,10920,3.0,5,0,1,16,2,0,0.0,0.0,0.0,0.0,11.0,2.0,0.0,2.0,0.0,1
5849,15820,4.0,7,0,2,40,3,5,0.0,0.0,0.0,0.0,25.0,6.0,0.0,6.0,2.0,1
5850,15225,3.0,7,1,3,33,3,1,0.0,0.0,1.0,1.0,21.0,4.0,0.0,5.0,0.0,1
5851,11931,5.0,60,51,3,281,9,7,18.0,28.0,5.0,23.0,151.0,23.0,10.0,18.0,4.0,1
5852,19821,4.0,14,0,2,45,4,3,0.0,0.0,0.0,0.0,30.0,6.0,0.0,6.0,2.0,1
5853,17731,4.0,11,5,2,39,2,4,4.0,0.0,1.0,0.0,23.0,5.0,1.0,4.0,0.0,1
5854,7525,4.0,13,0,4,52,3,5,0.0,0.0,0.0,0.0,29.0,11.0,0.0,11.0,0.0,0
5855,821,4.0,12,4,2,47,3,1,3.0,0.0,1.0,0.0,31.0,5.0,1.0,5.0,0.0,0
5856,10255,4.0,4,10,3,35,2,3,7.0,0.0,3.0,1.0,14.0,3.0,2.0,4.0,0.0,1
5857,18516,4.0,15,4,3,61,4,4,3.0,0.0,1.0,0.0,37.0,8.0,1.0,8.0,2.0,1
5858,8278,4.0,34,0,1,112,3,2,0.0,0.0,0.0,0.0,83.0,14.0,0.0,14.0,0.0,0
5859,8273,4.0,11,2,2,39,4,1,1.0,0.0,0.0,0.0,27.0,5.0,1.0,4.0,0.0,0
5860,16188,4.0,22,2,3,86,7,3,0.0,0.0,1.0,0.0,55.0,13.0,2.0,12.0,2.0,1
5861,19297,4.0,36,5,3,128,8,3,1.0,0.0,4.0,0.0,78.0,19.0,4.0,19.0,2.0,1
5862,10889,4.0,15,3,4,46,2,3,2.0,0.0,1.0,1.0,28.0,6.0,0.0,7.0,0.0,1
5863,9023,3.0,8,0,1,22,2,1,0.0,0.0,0.0,0.0,17.0,2.0,0.0,2.0,0.0,0
5864,12018,4.0,25,5,3,92,7,3,2.0,0.0,2.0,1.0,56.0,13.0,2.0,13.0,2.0,1
5865,7645,4.0,12,6,1,39,3,2,5.0,0.0,0.0,0.0,23.0,5.0,1.0,4.0,0.0,0
5866,15439,3.0,11,0,2,28,2,3,0.0,0.0,0.0,0.0,18.0,5.0,0.0,4.0,0.0,1
5867,16600,4.0,28,2,4,98,8,3,1.0,0.0,0.0,0.0,66.0,14.0,1.0,13.0,2.0,1
5868,2833,3.0,4,7,1,25,2,3,6.0,0.0,1.0,1.0,10.0,3.0,0.0,3.0,0.0,0
5869,11238,4.0,13,3,3,51,4,4,2.0,0.0,1.0,1.0,31.0,6.0,0.0,7.0,2.0,1
5870,10372,4.0,20,1,3,80,6,4,0.0,0.0,1.0,0.0,54.0,11.0,1.0,10.0,2.0,1
5871,7406,4.0,14,11,7,82,7,5,8.0,0.0,3.0,1.0,37.0,13.0,2.0,14.0,3.0,0
5872,14742,3.0,6,0,2,21,2,2,0.0,0.0,0.0,0.0,13.0,4.0,0.0,3.0,0.0,1
5873,19102,4.0,7,2,2,40,3,4,1.0,1.0,0.0,1.0,24.0,5.0,0.0,5.0,2.0,1
5874,8240,3.0,7,0,1,25,2,1,0.0,0.0,0.0,0.0,20.0,2.0,0.0,2.0,0.0,0
5875,11940,4.0,25,4,3,92,7,3,2.0,0.0,1.0,0.0,59.0,13.0,2.0,12.0,2.0,1
5876,13569,4.0,22,27,2,111,7,3,19.0,7.0,0.0,8.0,52.0,11.0,0.0,11.0,2.0,1
5877,17314,3.0,7,0,1,31,3,3,0.0,0.0,0.0,0.0,22.0,3.0,0.0,3.0,2.0,1
5878,9979,4.0,24,4,3,85,3,7,3.0,0.0,1.0,0.0,53.0,13.0,1.0,13.0,0.0,0
5879,19837,4.0,21,2,3,83,8,3,1.0,0.0,0.0,0.0,53.0,13.0,1.0,12.0,2.0,1
5880,7768,3.0,4,0,1,17,2,1,0.0,0.0,0.0,0.0,12.0,2.0,0.0,2.0,0.0,0
5881,17376,4.0,29,9,3,118,8,3,3.0,0.0,6.0,1.0,66.0,17.0,5.0,17.0,2.0,1
5882,4095,4.0,7,0,1,31,5,1,0.0,0.0,0.0,0.0,20.0,5.0,0.0,5.0,0.0,0
5883,2689,4.0,10,4,2,40,4,2,3.0,0.0,0.0,0.0,24.0,6.0,1.0,5.0,0.0,0
5884,1189,3.0,11,0,2,40,2,2,0.0,0.0,0.0,0.0,31.0,4.0,0.0,4.0,0.0,0
5885,9285,3.0,5,4,2,21,2,1,3.0,0.0,1.0,0.0,12.0,2.0,0.0,2.0,0.0,0
5886,4845,3.0,6,7,1,27,2,3,6.0,0.0,1.0,1.0,11.0,3.0,0.0,4.0,0.0,0
5887,5210,3.0,10,0,2,31,3,2,0.0,0.0,0.0,0.0,21.0,5.0,0.0,4.0,0.0,0
5888,3990,4.0,13,6,3,55,3,3,4.0,0.0,2.0,0.0,36.0,5.0,2.0,5.0,0.0,0
5889,8060,3.0,7,0,2,27,2,1,0.0,0.0,0.0,0.0,20.0,3.0,0.0,3.0,0.0,0
5890,10565,4.0,11,0,4,47,3,4,0.0,0.0,0.0,0.0,30.0,7.0,0.0,7.0,2.0,1
5891,5676,4.0,20,6,2,85,4,7,4.0,0.0,2.0,0.0,52.0,11.0,2.0,11.0,2.0,0
5892,15804,4.0,27,5,4,103,7,3,3.0,0.0,1.0,0.0,63.0,16.0,2.0,15.0,2.0,1
5893,10950,4.0,5,29,2,102,4,6,0.0,8.0,21.0,9.0,28.0,6.0,20.0,7.0,2.0,1
5894,16274,4.0,26,21,2,120,8,3,12.0,0.0,9.0,0.0,57.0,15.0,9.0,15.0,2.0,1
5895,15959,5.0,31,22,3,192,7,3,4.0,18.0,0.0,18.0,125.0,12.0,0.0,12.0,2.0,1
5896,16365,4.0,9,16,2,66,4,5,9.0,0.0,7.0,0.0,23.0,6.0,7.0,6.0,7.0,1
5897,14964,3.0,5,0,1,14,1,0,0.0,0.0,0.0,0.0,11.0,1.0,0.0,1.0,0.0,1
5898,14317,4.0,11,0,3,44,3,4,0.0,0.0,0.0,0.0,30.0,5.0,0.0,5.0,3.0,1
5899,14392,4.0,21,4,3,82,8,3,2.0,0.0,1.0,0.0,47.0,14.0,2.0,13.0,2.0,1
5900,13487,4.0,28,4,4,105,7,3,2.0,0.0,1.0,0.0,66.0,16.0,2.0,15.0,2.0,1
5901,3880,4.0,8,7,1,33,2,3,6.0,0.0,1.0,1.0,17.0,3.0,0.0,4.0,0.0,0
5902,16221,3.0,6,0,1,17,1,0,0.0,0.0,0.0,0.0,14.0,1.0,0.0,1.0,0.0,1
5903,19361,4.0,26,5,3,97,7,3,2.0,0.0,2.0,0.0,60.0,14.0,3.0,13.0,2.0,1
5904,19366,4.0,14,0,4,49,2,3,0.0,0.0,0.0,0.0,34.0,7.0,0.0,7.0,0.0,1
5905,4934,3.0,12,0,1,33,2,2,0.0,0.0,0.0,0.0,26.0,3.0,0.0,3.0,0.0,0
5906,14731,4.0,17,20,3,92,6,6,12.0,7.0,0.0,8.0,38.0,12.0,0.0,12.0,2.0,1
5907,19204,4.0,2,16,4,34,3,3,11.0,0.0,5.0,0.0,6.0,2.0,5.0,2.0,2.0,1
5908,11975,3.0,9,1,2,30,2,3,0.0,0.0,1.0,1.0,19.0,4.0,0.0,4.0,0.0,1
5909,7746,4.0,21,32,11,121,2,1,19.0,13.0,0.0,12.0,53.0,12.0,1.0,10.0,0.0,0
5910,18655,4.0,10,2,3,44,4,3,1.0,0.0,1.0,1.0,26.0,6.0,0.0,7.0,1.0,1
5911,5235,3.0,10,0,2,28,3,2,0.0,0.0,0.0,0.0,18.0,5.0,0.0,4.0,0.0,0
5912,3945,4.0,7,2,1,31,4,1,0.0,2.0,0.0,1.0,19.0,4.0,1.0,3.0,0.0,0
5913,10121,4.0,5,12,4,39,3,4,7.0,1.0,4.0,1.0,13.0,3.0,4.0,3.0,2.0,1
5914,2164,4.0,11,0,1,47,3,3,0.0,0.0,0.0,0.0,32.0,7.0,0.0,7.0,0.0,0
5915,2886,3.0,6,1,1,19,2,1,0.0,0.0,1.0,1.0,14.0,1.0,0.0,1.0,0.0,0
5916,10109,4.0,12,0,4,46,2,3,0.0,0.0,0.0,0.0,31.0,7.0,0.0,7.0,0.0,1
5917,8714,4.0,22,13,2,78,3,4,12.0,0.0,0.0,0.0,45.0,10.0,1.0,9.0,0.0,0
5918,8708,4.0,21,0,2,76,3,4,0.0,0.0,0.0,0.0,45.0,15.0,0.0,15.0,0.0,0
5919,17701,4.0,6,6,2,42,2,3,2.0,3.0,1.0,4.0,23.0,4.0,0.0,4.0,0.0,1
5920,12573,4.0,20,2,3,72,7,3,1.0,0.0,0.0,0.0,48.0,10.0,1.0,9.0,2.0,1
5921,5666,4.0,8,1,1,31,5,1,0.0,1.0,0.0,0.0,20.0,4.0,1.0,3.0,1.0,0
5922,172,4.0,3,4,1,19,4,1,3.0,0.0,0.0,0.0,8.0,3.0,1.0,2.0,1.0,0
5923,639,4.0,10,0,1,35,3,3,0.0,0.0,0.0,0.0,25.0,5.0,0.0,4.0,0.0,0
5924,17451,3.0,10,0,3,34,2,2,0.0,0.0,0.0,0.0,23.0,5.0,0.0,5.0,0.0,1
5925,14627,4.0,25,4,3,101,8,3,2.0,0.0,2.0,0.0,62.0,15.0,2.0,15.0,2.0,1
5926,18671,4.0,4,10,3,33,3,4,6.0,0.0,4.0,0.0,12.0,2.0,4.0,2.0,2.0,1
5927,13018,3.0,9,0,1,25,1,0,0.0,0.0,0.0,0.0,22.0,1.0,0.0,1.0,0.0,1
5928,5065,4.0,30,6,2,113,3,3,4.0,0.0,2.0,0.0,72.0,16.0,2.0,16.0,0.0,0
5929,9335,4.0,14,0,3,49,3,2,0.0,0.0,0.0,0.0,36.0,6.0,0.0,6.0,0.0,0
5930,1548,4.0,16,6,1,58,3,3,3.0,2.0,0.0,3.0,33.0,8.0,0.0,8.0,0.0,0
5931,7435,4.0,14,0,1,41,3,2,0.0,0.0,0.0,0.0,32.0,4.0,0.0,4.0,0.0,0
5932,15624,3.0,8,1,2,30,2,2,0.0,1.0,0.0,1.0,20.0,4.0,0.0,3.0,0.0,1
5933,10932,4.0,26,2,3,95,8,3,0.0,0.0,1.0,0.0,58.0,16.0,2.0,15.0,2.0,1
5934,10024,4.0,13,4,1,64,6,5,2.0,0.0,1.0,0.0,37.0,10.0,2.0,9.0,2.0,1
5935,15919,4.0,11,10,3,63,4,7,6.0,0.0,4.0,0.0,30.0,8.0,4.0,8.0,2.0,1
5936,16771,5.0,23,21,3,105,6,2,11.0,7.0,3.0,5.0,53.0,11.0,5.0,9.0,0.0,1
5937,11878,4.0,7,1,3,36,2,2,0.0,1.0,0.0,1.0,23.0,5.0,0.0,5.0,0.0,1
5938,8919,4.0,11,7,2,42,4,1,6.0,0.0,0.0,0.0,25.0,5.0,1.0,4.0,0.0,0
5939,19059,3.0,5,0,2,28,4,3,0.0,0.0,0.0,0.0,15.0,5.0,0.0,5.0,2.0,1
5940,14302,3.0,11,0,3,37,1,0,0.0,0.0,0.0,0.0,30.0,3.0,0.0,3.0,0.0,1
5941,8418,4.0,6,9,2,37,2,2,8.0,0.0,1.0,0.0,20.0,3.0,1.0,3.0,0.0,0
5942,9026,4.0,16,0,4,54,3,3,0.0,0.0,0.0,0.0,39.0,7.0,0.0,6.0,1.0,0
5943,2486,4.0,13,1,3,49,3,3,0.0,0.0,1.0,1.0,34.0,5.0,0.0,6.0,1.0,0
5944,9322,4.0,36,85,2,233,7,5,44.0,39.0,1.0,39.0,83.0,12.0,2.0,11.0,1.0,0
5945,9582,4.0,16,6,2,63,3,3,5.0,0.0,1.0,0.0,39.0,8.0,1.0,8.0,0.0,0
5946,17313,4.0,6,9,4,40,3,4,5.0,0.0,4.0,0.0,18.0,3.0,4.0,3.0,2.0,1
5947,10713,4.0,20,11,4,84,4,5,6.0,1.0,4.0,0.0,46.0,10.0,5.0,9.0,2.0,1
5948,12282,4.0,14,0,2,34,3,3,0.0,0.0,0.0,0.0,21.0,6.0,0.0,6.0,0.0,1
5949,15257,4.0,15,22,3,75,4,4,11.0,10.0,1.0,10.0,27.0,6.0,1.0,6.0,2.0,1
5950,8257,4.0,10,2,1,29,5,1,1.0,1.0,0.0,0.0,17.0,4.0,1.0,3.0,1.0,0
5951,12467,4.0,15,3,2,73,7,3,1.0,0.0,2.0,0.0,46.0,10.0,2.0,9.0,2.0,1
5952,19567,4.0,26,3,3,98,7,3,1.0,0.0,1.0,0.0,64.0,14.0,2.0,13.0,2.0,1
5953,16552,4.0,40,5,2,139,7,3,2.0,0.0,2.0,0.0,91.0,19.0,3.0,18.0,3.0,1
5954,2024,3.0,9,0,1,24,2,1,0.0,0.0,0.0,0.0,19.0,2.0,0.0,2.0,0.0,0
5955,1872,3.0,7,3,3,27,2,1,2.0,0.0,1.0,0.0,16.0,3.0,1.0,3.0,0.0,0
5956,354,4.0,31,6,2,96,6,3,3.0,3.0,0.0,0.0,65.0,12.0,3.0,9.0,0.0,0
5957,5360,4.0,25,6,1,101,4,5,5.0,0.0,1.0,0.0,58.0,17.0,1.0,16.0,2.0,0
5958,14196,4.0,12,1,2,52,6,3,0.0,0.0,1.0,1.0,32.0,7.0,0.0,8.0,2.0,1
5959,15371,4.0,11,3,4,61,4,4,2.0,0.0,1.0,1.0,35.0,9.0,0.0,10.0,2.0,1
5960,1164,4.0,9,5,2,37,4,2,3.0,0.0,1.0,1.0,20.0,5.0,1.0,5.0,0.0,0
5961,18041,4.0,11,10,7,63,3,5,7.0,1.0,2.0,2.0,29.0,9.0,1.0,9.0,2.0,1
5962,18773,4.0,24,2,2,66,4,5,1.0,0.0,1.0,0.0,46.0,7.0,1.0,7.0,2.0,1
5963,3395,3.0,12,0,2,29,3,2,0.0,0.0,0.0,0.0,19.0,5.0,0.0,4.0,0.0,0
5964,14912,4.0,8,0,3,34,2,1,0.0,0.0,0.0,0.0,25.0,4.0,0.0,4.0,0.0,1
5965,15220,4.0,7,0,3,32,2,1,0.0,0.0,0.0,0.0,23.0,4.0,0.0,4.0,0.0,1
5966,3127,4.0,7,0,2,39,3,4,0.0,0.0,0.0,0.0,24.0,7.0,0.0,7.0,0.0,0
5967,9694,4.0,19,8,2,77,3,5,5.0,0.0,3.0,0.0,46.0,10.0,3.0,9.0,0.0,0
5968,8501,4.0,9,4,2,37,3,1,3.0,0.0,1.0,0.0,23.0,4.0,1.0,4.0,0.0,0
5969,13915,3.0,6,0,1,30,2,4,0.0,0.0,0.0,0.0,20.0,5.0,0.0,4.0,0.0,1
5970,9383,4.0,18,24,1,76,4,3,16.0,7.0,1.0,6.0,35.0,5.0,2.0,3.0,0.0,0
5971,7160,3.0,7,0,3,23,2,1,0.0,0.0,0.0,0.0,15.0,4.0,0.0,3.0,0.0,0
5972,10563,4.0,8,1,2,33,4,3,0.0,0.0,0.0,0.0,20.0,5.0,1.0,4.0,2.0,1
5973,4354,3.0,7,0,1,23,2,1,0.0,0.0,0.0,0.0,19.0,2.0,0.0,1.0,0.0,0
5974,17467,4.0,5,0,3,32,4,3,0.0,0.0,0.0,0.0,17.0,6.0,0.0,6.0,2.0,1
5975,13449,4.0,20,2,3,72,7,3,1.0,0.0,0.0,0.0,48.0,10.0,1.0,9.0,2.0,1
5976,3587,4.0,25,11,1,105,4,7,6.0,0.0,5.0,0.0,63.0,12.0,5.0,11.0,2.0,0
5977,16926,4.0,12,0,3,52,4,3,0.0,0.0,0.0,0.0,37.0,6.0,0.0,6.0,2.0,1
5978,16800,4.0,25,4,3,112,7,5,2.0,0.0,2.0,0.0,66.0,19.0,2.0,18.0,2.0,1
5979,12564,3.0,9,0,1,26,2,0,0.0,0.0,0.0,0.0,19.0,3.0,0.0,3.0,0.0,1
5980,10962,4.0,27,2,1,78,4,5,1.0,0.0,1.0,0.0,54.0,9.0,1.0,9.0,2.0,1
5981,18026,4.0,8,0,4,38,4,3,0.0,0.0,0.0,0.0,21.0,7.0,0.0,7.0,2.0,1
5982,10185,4.0,7,0,4,37,3,2,0.0,0.0,0.0,0.0,22.0,7.0,0.0,7.0,0.0,1
5983,324,3.0,8,0,1,25,2,3,0.0,0.0,0.0,0.0,17.0,4.0,0.0,3.0,0.0,0
5984,7890,4.0,18,9,2,90,6,1,5.0,1.0,2.0,1.0,54.0,12.0,3.0,11.0,0.0,0
5985,5171,3.0,10,0,2,37,2,2,0.0,0.0,0.0,0.0,28.0,4.0,0.0,4.0,0.0,0
5986,5648,3.0,14,0,1,39,3,4,0.0,0.0,0.0,0.0,25.0,7.0,0.0,6.0,0.0,0
5987,6743,4.0,14,0,3,39,3,2,0.0,0.0,0.0,0.0,25.0,6.0,0.0,6.0,1.0,0
5988,7398,4.0,21,1,4,65,4,2,0.0,0.0,1.0,1.0,46.0,7.0,0.0,8.0,1.0,0
5989,3209,3.0,4,8,1,18,2,1,7.0,0.0,0.0,0.0,6.0,2.0,1.0,1.0,0.0,0
5990,11267,4.0,7,0,3,33,3,3,0.0,0.0,0.0,0.0,20.0,5.0,0.0,5.0,2.0,1
5991,12097,4.0,19,4,3,80,4,8,2.0,0.0,2.0,0.0,49.0,11.0,2.0,11.0,2.0,1
5992,18206,4.0,20,4,3,84,7,3,2.0,0.0,1.0,0.0,51.0,13.0,2.0,12.0,2.0,1
5993,14606,4.0,12,0,5,51,3,3,0.0,0.0,0.0,0.0,32.0,9.0,0.0,9.0,0.0,1
5994,4752,4.0,11,7,2,42,4,1,6.0,0.0,0.0,0.0,25.0,5.0,1.0,4.0,0.0,0
5995,8879,4.0,6,4,1,29,2,2,3.0,0.0,0.0,0.0,19.0,3.0,1.0,2.0,0.0,0
5996,11356,4.0,12,0,4,60,4,4,0.0,0.0,0.0,0.0,39.0,9.0,0.0,9.0,2.0,1
5997,2379,4.0,16,0,1,47,3,3,0.0,0.0,0.0,0.0,37.0,5.0,0.0,4.0,0.0,0
5998,16738,3.0,26,0,1,67,5,5,0.0,0.0,0.0,0.0,51.0,6.0,0.0,6.0,3.0,1
5999,14614,4.0,20,4,3,87,4,5,2.0,0.0,2.0,0.0,58.0,10.0,2.0,10.0,2.0,1
6000,12361,3.0,1,10,3,26,3,3,5.0,1.0,4.0,1.0,6.0,1.0,4.0,1.0,2.0,1
6001,8021,3.0,6,0,2,23,2,1,0.0,0.0,0.0,0.0,16.0,3.0,0.0,3.0,0.0,0
6002,18722,4.0,12,2,4,59,4,4,1.0,0.0,1.0,0.0,37.0,8.0,1.0,8.0,2.0,1
6003,6658,4.0,18,0,1,58,3,2,0.0,0.0,0.0,0.0,43.0,7.0,0.0,7.0,0.0,0
6004,18499,3.0,8,0,2,33,3,3,0.0,0.0,0.0,0.0,22.0,4.0,0.0,4.0,2.0,1
6005,8177,4.0,26,5,3,93,3,4,4.0,0.0,1.0,0.0,60.0,13.0,1.0,13.0,0.0,0
6006,11620,4.0,19,2,4,74,4,2,1.0,0.0,1.0,0.0,52.0,9.0,1.0,9.0,0.0,1
6007,7857,4.0,18,0,3,60,2,3,0.0,0.0,0.0,0.0,47.0,6.0,0.0,6.0,0.0,0
6008,4421,4.0,17,8,2,74,3,5,5.0,0.0,3.0,0.0,45.0,9.0,3.0,8.0,0.0,0
6009,1101,4.0,16,6,1,57,3,4,4.0,0.0,2.0,0.0,35.0,7.0,2.0,6.0,0.0,0
6010,15212,4.0,4,15,4,39,3,4,8.0,1.0,5.0,3.0,10.0,2.0,4.0,3.0,2.0,1
6011,13190,4.0,4,11,4,32,3,3,6.0,0.0,4.0,1.0,10.0,2.0,4.0,2.0,2.0,1
6012,8609,3.0,7,0,1,22,2,1,0.0,0.0,0.0,0.0,18.0,2.0,0.0,1.0,0.0,0
6013,8061,4.0,13,0,2,41,2,2,0.0,0.0,0.0,0.0,30.0,5.0,0.0,5.0,0.0,0
6014,3250,3.0,10,0,1,25,2,1,0.0,0.0,0.0,0.0,21.0,2.0,0.0,1.0,0.0,0
6015,12601,4.0,19,6,3,80,7,3,4.0,0.0,1.0,0.0,45.0,13.0,2.0,12.0,2.0,1
6016,12332,3.0,10,0,2,29,2,2,0.0,0.0,0.0,0.0,21.0,4.0,0.0,3.0,0.0,1
6017,3557,4.0,11,0,1,49,3,3,0.0,0.0,0.0,0.0,34.0,7.0,0.0,7.0,0.0,0
6018,709,5.0,16,25,2,106,6,5,17.0,3.0,5.0,3.0,43.0,13.0,5.0,13.0,3.0,0
6019,118,4.0,12,8,1,47,5,1,6.0,0.0,1.0,0.0,28.0,5.0,2.0,4.0,0.0,0
6020,10214,4.0,13,6,3,67,6,5,5.0,0.0,1.0,0.0,37.0,10.0,1.0,10.0,2.0,1
6021,4598,4.0,22,36,11,145,7,4,23.0,11.0,2.0,10.0,63.0,15.0,3.0,14.0,3.0,0
6022,2042,4.0,16,0,1,45,3,1,0.0,0.0,0.0,0.0,32.0,6.0,0.0,6.0,0.0,0
6023,7419,3.0,11,0,1,26,2,1,0.0,0.0,0.0,0.0,22.0,2.0,0.0,1.0,0.0,0
6024,6130,3.0,10,0,2,25,2,1,0.0,0.0,0.0,0.0,19.0,3.0,0.0,2.0,0.0,0
6025,18760,4.0,26,3,2,93,7,3,1.0,0.0,1.0,1.0,62.0,12.0,1.0,12.0,2.0,1
6026,317,4.0,8,0,2,30,2,1,0.0,0.0,0.0,0.0,23.0,3.0,0.0,3.0,0.0,0
6027,13755,4.0,21,0,2,54,3,2,0.0,0.0,0.0,0.0,41.0,6.0,0.0,6.0,0.0,1
6028,5315,4.0,18,13,3,68,5,1,11.0,0.0,1.0,0.0,40.0,7.0,2.0,6.0,0.0,0
6029,16995,4.0,3,9,5,34,4,3,5.0,0.0,4.0,0.0,8.0,5.0,4.0,5.0,2.0,1
6030,6606,4.0,12,0,3,53,2,5,0.0,0.0,0.0,0.0,36.0,8.0,0.0,8.0,0.0,0
6031,18971,3.0,8,0,1,27,2,2,0.0,0.0,0.0,0.0,21.0,3.0,0.0,2.0,0.0,1
6032,5003,4.0,27,6,1,82,3,4,4.0,0.0,2.0,0.0,50.0,12.0,2.0,11.0,0.0,0
6033,6523,5.0,55,50,3,345,9,3,9.0,37.0,4.0,35.0,215.0,19.0,6.0,17.0,2.0,0
6034,9573,4.0,30,6,1,114,4,5,5.0,0.0,1.0,0.0,70.0,17.0,1.0,17.0,2.0,0
6035,14421,3.0,14,27,1,81,4,4,8.0,2.0,17.0,11.0,9.0,7.0,8.0,15.0,3.0,1
6036,4273,3.0,7,1,1,29,3,1,0.0,1.0,0.0,0.0,17.0,5.0,0.0,5.0,0.0,0
6037,5739,3.0,5,0,2,18,2,1,0.0,0.0,0.0,0.0,12.0,3.0,0.0,2.0,0.0,0
6038,18387,4.0,14,4,3,68,3,6,2.0,0.0,2.0,1.0,42.0,9.0,1.0,10.0,0.0,1
6039,5470,4.0,16,4,2,58,4,2,3.0,0.0,1.0,0.0,38.0,7.0,1.0,7.0,0.0,0
6040,5816,3.0,6,0,2,16,2,1,0.0,0.0,0.0,0.0,10.0,3.0,0.0,2.0,0.0,0
6041,14432,3.0,7,0,1,21,1,0,0.0,0.0,0.0,0.0,18.0,1.0,0.0,1.0,0.0,1
6042,87,4.0,12,6,2,52,2,4,4.0,0.0,2.0,2.0,33.0,4.0,0.0,6.0,0.0,0
6043,7630,4.0,11,3,1,53,3,3,1.0,2.0,0.0,2.0,31.0,8.0,0.0,8.0,0.0,0
6044,4163,4.0,32,10,5,119,7,5,9.0,0.0,0.0,0.0,74.0,17.0,1.0,16.0,1.0,0
6045,3382,4.0,33,36,14,160,7,4,22.0,11.0,3.0,12.0,71.0,17.0,2.0,18.0,3.0,0
6046,10917,5.0,61,48,3,255,8,10,29.0,16.0,2.0,18.0,135.0,24.0,1.0,25.0,4.0,1
6047,403,4.0,7,0,1,26,4,1,0.0,0.0,0.0,0.0,17.0,4.0,0.0,4.0,0.0,0
6048,4911,4.0,19,0,2,57,3,2,0.0,0.0,0.0,0.0,46.0,5.0,0.0,5.0,0.0,0
6049,11542,4.0,14,1,1,62,6,3,0.0,0.0,1.0,0.0,42.0,8.0,1.0,7.0,2.0,1
6050,11422,3.0,12,26,1,81,4,4,8.0,2.0,16.0,10.0,10.0,8.0,8.0,15.0,3.0,1
6051,9365,4.0,24,8,2,94,3,6,5.0,0.0,3.0,0.0,53.0,15.0,3.0,14.0,0.0,0
6052,2765,4.0,13,2,1,45,3,2,1.0,1.0,0.0,0.0,34.0,4.0,1.0,3.0,0.0,0
6053,6378,4.0,19,12,1,81,3,5,6.0,6.0,0.0,0.0,44.0,12.0,6.0,6.0,0.0,0
6054,2241,3.0,11,0,2,28,3,1,0.0,0.0,0.0,0.0,20.0,4.0,0.0,3.0,0.0,0
6055,14697,4.0,44,6,3,159,8,3,3.0,0.0,3.0,0.0,100.0,23.0,3.0,23.0,3.0,1
6056,3483,4.0,24,0,1,88,5,9,0.0,0.0,0.0,0.0,61.0,12.0,0.0,12.0,2.0,0
6057,16098,4.0,12,0,3,45,2,3,0.0,0.0,0.0,0.0,32.0,6.0,0.0,6.0,0.0,1
6058,6310,4.0,54,56,14,260,4,10,26.0,25.0,5.0,27.0,121.0,25.0,3.0,27.0,0.0,0
6059,9219,3.0,12,0,1,38,3,4,0.0,0.0,0.0,0.0,26.0,6.0,0.0,5.0,0.0,0
6060,10397,4.0,7,1,2,35,2,0,0.0,1.0,0.0,0.0,25.0,4.0,1.0,3.0,0.0,1
6061,14233,3.0,8,0,2,25,1,0,0.0,0.0,0.0,0.0,20.0,2.0,0.0,2.0,0.0,1
6062,5517,4.0,21,28,3,123,8,4,22.0,0.0,6.0,0.0,56.0,15.0,6.0,15.0,2.0,0
6063,2436,4.0,45,71,5,218,3,5,36.0,32.0,3.0,32.0,90.0,11.0,3.0,10.0,0.0,0
6064,4689,3.0,5,0,1,17,2,1,0.0,0.0,0.0,0.0,13.0,2.0,0.0,1.0,0.0,0
6065,2594,3.0,12,0,1,33,2,4,0.0,0.0,0.0,0.0,22.0,5.0,0.0,5.0,0.0,0
6066,9470,4.0,15,0,3,44,3,2,0.0,0.0,0.0,0.0,30.0,6.0,0.0,6.0,1.0,0
6067,13378,4.0,11,6,3,46,3,3,5.0,0.0,1.0,1.0,25.0,6.0,0.0,7.0,0.0,1
6068,6856,4.0,12,8,1,41,5,1,6.0,0.0,1.0,0.0,22.0,5.0,2.0,4.0,0.0,0
6069,15604,4.0,43,5,3,138,8,3,2.0,0.0,2.0,0.0,89.0,20.0,3.0,19.0,2.0,1
6070,18861,4.0,15,0,2,48,2,2,0.0,0.0,0.0,0.0,39.0,4.0,0.0,4.0,0.0,1
6071,6654,3.0,10,0,1,30,3,2,0.0,0.0,0.0,0.0,21.0,4.0,0.0,4.0,0.0,0
6072,1425,4.0,12,0,2,43,3,2,0.0,0.0,0.0,0.0,32.0,5.0,0.0,5.0,0.0,0
6073,5027,4.0,9,6,2,48,3,4,5.0,0.0,0.0,0.0,28.0,7.0,1.0,6.0,0.0,0
6074,5281,4.0,13,17,1,65,3,1,11.0,0.0,5.0,1.0,28.0,7.0,5.0,7.0,0.0,0
6075,15073,4.0,16,0,2,67,4,8,0.0,0.0,0.0,0.0,44.0,10.0,0.0,10.0,2.0,1
6076,1502,3.0,13,0,3,40,3,2,0.0,0.0,0.0,0.0,28.0,5.0,0.0,5.0,1.0,0
6077,11061,4.0,2,15,4,33,3,3,10.0,0.0,5.0,0.0,6.0,2.0,5.0,2.0,2.0,1
6078,9799,4.0,26,7,1,94,3,3,6.0,0.0,1.0,0.0,61.0,12.0,1.0,12.0,0.0,0
6079,10667,5.0,31,19,2,226,7,3,3.0,15.0,0.0,16.0,167.0,11.0,0.0,11.0,2.0,1
6080,18586,4.0,12,0,4,40,2,4,0.0,0.0,0.0,0.0,24.0,8.0,0.0,7.0,0.0,1
6081,678,4.0,11,1,2,50,3,3,0.0,0.0,1.0,1.0,34.0,6.0,0.0,7.0,0.0,0
6082,6673,4.0,15,0,2,41,5,2,0.0,0.0,0.0,0.0,26.0,7.0,0.0,6.0,1.0,0
6083,5851,4.0,8,0,1,31,3,2,0.0,0.0,0.0,0.0,20.0,5.0,0.0,5.0,0.0,0
6084,7194,4.0,17,0,2,43,3,2,0.0,0.0,0.0,0.0,28.0,7.0,0.0,7.0,0.0,0
6085,10095,4.0,11,0,2,32,2,0,0.0,0.0,0.0,0.0,23.0,4.0,0.0,4.0,0.0,1
6086,13852,3.0,9,0,1,35,2,3,0.0,0.0,0.0,0.0,27.0,4.0,0.0,3.0,0.0,1
6087,12390,5.0,18,6,2,82,6,6,1.0,5.0,0.0,4.0,49.0,10.0,1.0,9.0,2.0,1
6088,5053,4.0,20,22,2,95,5,8,19.0,0.0,3.0,0.0,48.0,10.0,3.0,10.0,1.0,0
6089,1850,3.0,13,0,2,31,3,2,0.0,0.0,0.0,0.0,20.0,5.0,0.0,5.0,0.0,0
6090,6522,4.0,14,8,3,63,3,5,5.0,0.0,3.0,0.0,34.0,9.0,3.0,8.0,0.0,0
6091,1070,4.0,12,6,1,51,3,4,4.0,0.0,2.0,0.0,31.0,6.0,2.0,5.0,0.0,0
6092,13217,4.0,18,9,1,84,4,7,5.0,1.0,3.0,0.0,48.0,11.0,4.0,9.0,2.0,1
6093,6784,4.0,8,5,1,40,4,4,3.0,0.0,1.0,0.0,22.0,6.0,2.0,5.0,0.0,0
6094,10672,4.0,2,2,1,26,3,3,1.0,1.0,0.0,1.0,14.0,3.0,0.0,3.0,2.0,1
6095,2772,4.0,32,0,13,106,2,1,0.0,0.0,0.0,0.0,78.0,14.0,0.0,13.0,0.0,0
6096,3392,4.0,5,2,2,33,2,2,1.0,1.0,0.0,1.0,21.0,4.0,0.0,4.0,0.0,0
6097,1099,4.0,22,0,3,57,3,2,0.0,0.0,0.0,0.0,40.0,8.0,0.0,8.0,0.0,0
6098,7378,4.0,6,4,2,31,2,1,3.0,0.0,1.0,1.0,20.0,2.0,0.0,3.0,0.0,0
6099,11034,5.0,37,25,3,258,8,3,3.0,22.0,0.0,21.0,182.0,14.0,1.0,12.0,2.0,1
6100,1749,4.0,14,2,2,51,5,2,1.0,0.0,0.0,1.0,34.0,7.0,0.0,7.0,0.0,0
6101,418,4.0,14,0,2,47,3,2,0.0,0.0,0.0,0.0,28.0,9.0,0.0,9.0,0.0,0
6102,15490,4.0,17,20,3,92,6,6,12.0,7.0,0.0,8.0,38.0,12.0,0.0,12.0,2.0,1
6103,5819,3.0,11,0,1,36,2,4,0.0,0.0,0.0,0.0,25.0,5.0,0.0,5.0,0.0,0
6104,18213,3.0,13,0,3,52,4,4,0.0,0.0,0.0,0.0,35.0,7.0,0.0,7.0,2.0,1
6105,10139,4.0,20,1,3,87,7,3,0.0,0.0,1.0,0.0,52.0,15.0,1.0,15.0,2.0,1
6106,17142,3.0,6,0,2,29,2,4,0.0,0.0,0.0,0.0,17.0,6.0,0.0,5.0,0.0,1
6107,10491,4.0,11,9,4,74,5,8,5.0,1.0,2.0,2.0,37.0,11.0,2.0,11.0,2.0,1
6108,17918,4.0,17,0,4,51,3,3,0.0,0.0,0.0,0.0,35.0,7.0,0.0,7.0,1.0,1
6109,15692,4.0,4,3,1,27,3,3,1.0,1.0,0.0,2.0,14.0,3.0,0.0,3.0,2.0,1
6110,19796,4.0,23,2,3,86,7,3,1.0,0.0,0.0,0.0,58.0,12.0,1.0,11.0,2.0,1
6111,8400,4.0,10,10,2,51,2,3,8.0,0.0,2.0,2.0,30.0,3.0,0.0,5.0,0.0,0
6112,13573,4.0,12,4,3,59,7,4,2.0,0.0,1.0,0.0,32.0,10.0,2.0,9.0,2.0,1
6113,16361,4.0,27,2,4,97,7,3,0.0,0.0,1.0,0.0,64.0,14.0,2.0,13.0,2.0,1
6114,11978,3.0,21,0,2,56,2,0,0.0,0.0,0.0,0.0,43.0,6.0,0.0,6.0,0.0,1
6115,13474,4.0,7,2,3,42,5,3,1.0,0.0,0.0,0.0,24.0,7.0,1.0,6.0,2.0,1
6116,4893,4.0,30,3,3,98,5,5,0.0,2.0,1.0,1.0,68.0,11.0,2.0,10.0,2.0,0
6117,8720,4.0,32,4,1,104,4,6,3.0,0.0,1.0,0.0,68.0,14.0,1.0,14.0,2.0,0
6118,8971,4.0,18,1,1,54,3,4,0.0,1.0,0.0,1.0,35.0,8.0,0.0,8.0,0.0,0
6119,722,4.0,30,1,8,111,6,4,0.0,0.0,1.0,0.0,64.0,22.0,1.0,21.0,1.0,0
6120,5176,4.0,28,21,2,110,4,4,18.0,0.0,3.0,1.0,52.0,15.0,2.0,16.0,2.0,0
6121,10153,4.0,29,10,3,118,8,3,5.0,0.0,4.0,0.0,68.0,17.0,5.0,16.0,2.0,1
6122,1860,4.0,12,15,1,50,3,3,14.0,0.0,0.0,0.0,23.0,6.0,1.0,5.0,0.0,0
6123,18480,4.0,13,5,3,51,4,4,3.0,2.0,0.0,1.0,28.0,7.0,1.0,6.0,2.0,1
6124,1687,4.0,19,4,1,68,4,4,2.0,1.0,1.0,0.0,41.0,10.0,2.0,9.0,1.0,0
6125,8498,4.0,7,5,3,33,2,1,4.0,0.0,1.0,1.0,19.0,3.0,0.0,4.0,0.0,0
6126,19091,4.0,8,0,3,28,3,2,0.0,0.0,0.0,0.0,17.0,5.0,0.0,4.0,1.0,1
6127,1992,3.0,7,0,2,19,3,1,0.0,0.0,0.0,0.0,11.0,4.0,0.0,3.0,0.0,0
6128,10524,4.0,4,10,4,32,3,3,5.0,0.0,4.0,1.0,11.0,2.0,4.0,2.0,2.0,1
6129,16794,4.0,23,20,3,97,3,8,10.0,9.0,1.0,9.0,47.0,9.0,1.0,8.0,2.0,1
6130,16229,4.0,24,3,2,73,4,5,2.0,0.0,1.0,0.0,54.0,6.0,1.0,6.0,2.0,1
6131,14492,3.0,10,0,1,29,1,0,0.0,0.0,0.0,0.0,26.0,1.0,0.0,1.0,0.0,1
6132,13935,3.0,5,0,3,28,2,1,0.0,0.0,0.0,0.0,19.0,4.0,0.0,4.0,0.0,1
6133,6117,4.0,13,0,1,41,3,3,0.0,0.0,0.0,0.0,31.0,5.0,0.0,4.0,0.0,0
6134,3459,4.0,10,0,2,44,3,3,0.0,0.0,0.0,0.0,31.0,6.0,0.0,6.0,0.0,0
6135,13475,4.0,7,0,3,32,2,4,0.0,0.0,0.0,0.0,18.0,7.0,0.0,6.0,0.0,1
6136,6567,4.0,12,0,2,46,6,2,0.0,0.0,0.0,0.0,28.0,8.0,0.0,8.0,1.0,0
6137,18866,3.0,5,0,2,17,1,0,0.0,0.0,0.0,0.0,12.0,2.0,0.0,2.0,0.0,1
6138,5670,4.0,23,8,2,82,3,3,7.0,0.0,1.0,0.0,51.0,11.0,1.0,10.0,0.0,0
6139,9296,4.0,35,8,2,111,3,1,7.0,0.0,1.0,0.0,71.0,15.0,1.0,15.0,0.0,0
6140,14380,4.0,2,3,1,24,3,3,1.0,1.0,0.0,2.0,11.0,3.0,0.0,3.0,2.0,1
6141,2810,4.0,20,8,2,68,3,4,7.0,0.0,1.0,0.0,44.0,7.0,1.0,7.0,0.0,0
6142,8949,3.0,10,0,1,26,2,1,0.0,0.0,0.0,0.0,21.0,2.0,0.0,2.0,0.0,0
6143,5492,4.0,10,7,2,40,5,1,6.0,0.0,1.0,0.0,22.0,5.0,1.0,4.0,0.0,0
6144,14171,4.0,24,4,3,94,8,3,2.0,0.0,1.0,0.0,57.0,15.0,2.0,14.0,2.0,1
6145,12710,3.0,8,0,1,16,1,0,0.0,0.0,0.0,0.0,13.0,1.0,0.0,1.0,0.0,1
6146,16949,3.0,15,37,1,108,4,4,10.0,2.0,25.0,17.0,10.0,8.0,10.0,22.0,3.0,1
6147,574,4.0,22,4,2,70,3,4,3.0,0.0,0.0,0.0,48.0,9.0,1.0,8.0,0.0,0
6148,8449,3.0,13,0,2,31,3,2,0.0,0.0,0.0,0.0,21.0,5.0,0.0,4.0,0.0,0
6149,17897,4.0,21,2,2,68,8,3,1.0,0.0,0.0,0.0,40.0,12.0,1.0,11.0,2.0,1
6150,17430,4.0,18,19,2,80,3,7,8.0,10.0,1.0,10.0,34.0,7.0,1.0,6.0,2.0,1
6151,9232,4.0,9,4,2,35,4,2,3.0,0.0,0.0,0.0,19.0,6.0,1.0,5.0,0.0,0
6152,17933,4.0,7,1,3,28,2,1,0.0,0.0,1.0,1.0,18.0,3.0,0.0,4.0,0.0,1
6153,15723,4.0,23,4,3,86,8,3,2.0,0.0,1.0,0.0,51.0,14.0,2.0,13.0,2.0,1
6154,3625,4.0,20,0,2,63,4,4,0.0,0.0,0.0,0.0,44.0,9.0,0.0,9.0,0.0,0
6155,17875,3.0,6,0,2,23,3,2,0.0,0.0,0.0,0.0,14.0,4.0,0.0,3.0,1.0,1
6156,17353,4.0,25,3,3,101,8,3,1.0,0.0,2.0,0.0,63.0,15.0,2.0,15.0,2.0,1
6157,19015,4.0,11,2,2,47,3,6,1.0,0.0,1.0,1.0,29.0,6.0,0.0,6.0,2.0,1
6158,8695,4.0,8,2,2,29,4,1,1.0,0.0,0.0,0.0,17.0,5.0,1.0,4.0,0.0,0
6159,6354,3.0,7,0,1,17,2,1,0.0,0.0,0.0,0.0,13.0,2.0,0.0,1.0,0.0,0
6160,10514,4.0,3,12,4,34,3,3,8.0,0.0,4.0,0.0,11.0,2.0,4.0,2.0,2.0,1
6161,16557,4.0,26,3,4,89,7,3,1.0,0.0,1.0,0.0,55.0,14.0,2.0,13.0,2.0,1
6162,848,3.0,3,0,1,13,3,1,0.0,0.0,0.0,0.0,7.0,3.0,0.0,2.0,0.0,0
6163,2248,4.0,9,1,2,37,3,1,0.0,0.0,1.0,0.0,24.0,5.0,1.0,5.0,0.0,0
6164,5616,4.0,14,7,2,57,3,4,4.0,0.0,3.0,0.0,34.0,6.0,3.0,6.0,0.0,0
6165,8564,3.0,10,5,2,42,4,2,4.0,0.0,0.0,0.0,25.0,6.0,1.0,5.0,0.0,0
6166,18978,4.0,2,17,4,35,3,3,12.0,0.0,5.0,0.0,6.0,2.0,5.0,2.0,2.0,1
6167,16890,4.0,24,11,3,98,8,3,6.0,1.0,3.0,1.0,51.0,15.0,4.0,14.0,2.0,1
6168,8118,4.0,17,8,1,63,3,3,7.0,0.0,1.0,0.0,37.0,8.0,1.0,8.0,0.0,0
6169,5303,4.0,19,7,2,83,4,3,6.0,0.0,1.0,0.0,53.0,10.0,1.0,10.0,1.0,0
6170,4052,3.0,6,0,1,18,2,1,0.0,0.0,0.0,0.0,14.0,2.0,0.0,1.0,0.0,0
6171,12129,3.0,2,16,4,34,3,3,11.0,0.0,5.0,0.0,6.0,2.0,5.0,2.0,2.0,1
6172,10923,4.0,22,2,2,81,7,3,0.0,0.0,2.0,0.0,48.0,13.0,2.0,13.0,2.0,1
6173,13357,4.0,23,3,3,83,7,3,1.0,0.0,1.0,0.0,51.0,13.0,2.0,12.0,2.0,1
6174,19111,4.0,25,2,2,74,4,5,1.0,0.0,1.0,0.0,50.0,9.0,1.0,9.0,2.0,1
6175,4076,4.0,15,0,2,41,4,2,0.0,0.0,0.0,0.0,28.0,6.0,0.0,6.0,0.0,0
6176,997,4.0,28,4,1,100,4,6,3.0,0.0,1.0,0.0,62.0,15.0,1.0,15.0,2.0,0
6177,4332,4.0,16,0,2,52,3,2,0.0,0.0,0.0,0.0,41.0,5.0,0.0,5.0,0.0,0
6178,9368,4.0,18,0,3,69,4,7,0.0,0.0,0.0,0.0,45.0,11.0,0.0,11.0,1.0,0
6179,11586,4.0,34,3,3,119,4,4,2.0,0.0,1.0,0.0,90.0,11.0,1.0,11.0,2.0,1
6180,551,4.0,22,9,2,73,6,3,8.0,0.0,0.0,0.0,44.0,10.0,1.0,9.0,0.0,0
6181,17977,3.0,12,26,1,75,4,4,8.0,2.0,16.0,10.0,8.0,6.0,8.0,13.0,3.0,1
6182,4372,4.0,12,0,2,41,3,2,0.0,0.0,0.0,0.0,32.0,4.0,0.0,3.0,1.0,0
6183,3497,4.0,15,5,1,49,3,3,4.0,0.0,0.0,0.0,32.0,6.0,1.0,5.0,0.0,0
6184,13285,4.0,26,6,4,98,7,3,3.0,0.0,2.0,0.0,57.0,15.0,3.0,14.0,3.0,1
6185,12836,4.0,21,4,3,87,7,3,2.0,0.0,2.0,0.0,50.0,14.0,2.0,14.0,2.0,1
6186,8032,4.0,18,6,1,65,3,2,5.0,0.0,0.0,0.0,43.0,8.0,1.0,7.0,0.0,0
6187,1407,4.0,6,8,2,35,3,2,6.0,0.0,2.0,0.0,18.0,3.0,2.0,3.0,0.0,0
6188,15314,4.0,3,2,2,26,3,3,1.0,1.0,0.0,0.0,13.0,4.0,1.0,3.0,2.0,1
6189,18391,4.0,10,0,2,40,3,3,0.0,0.0,0.0,0.0,29.0,4.0,0.0,4.0,2.0,1
6190,16689,3.0,10,0,1,35,3,3,0.0,0.0,0.0,0.0,25.0,5.0,0.0,4.0,0.0,1
6191,15013,4.0,19,1,3,62,3,6,0.0,1.0,0.0,0.0,42.0,8.0,1.0,7.0,2.0,1
6192,16146,3.0,12,0,2,53,3,7,0.0,0.0,0.0,0.0,34.0,8.0,0.0,8.0,2.0,1
6193,18844,4.0,25,4,3,94,8,3,2.0,0.0,1.0,0.0,59.0,14.0,2.0,13.0,2.0,1
6194,693,4.0,29,8,1,104,5,6,7.0,0.0,0.0,0.0,70.0,12.0,1.0,11.0,2.0,0
6195,10725,4.0,11,3,1,43,5,3,2.0,0.0,0.0,0.0,28.0,5.0,1.0,4.0,2.0,1
6196,5011,4.0,9,5,1,40,4,3,4.0,0.0,1.0,0.0,24.0,5.0,1.0,4.0,0.0,0
6197,3443,3.0,8,0,2,41,2,3,0.0,0.0,0.0,0.0,30.0,5.0,0.0,5.0,0.0,0
6198,9174,4.0,41,39,2,168,4,11,21.0,17.0,1.0,18.0,80.0,15.0,0.0,15.0,0.0,0
6199,11501,3.0,6,1,3,25,1,0,0.0,0.0,1.0,1.0,17.0,2.0,0.0,3.0,0.0,1
6200,4175,4.0,20,6,3,73,3,5,4.0,0.0,2.0,0.0,46.0,9.0,2.0,9.0,0.0,0
6201,4222,4.0,33,0,1,103,8,5,0.0,0.0,0.0,0.0,76.0,12.0,0.0,12.0,2.0,0
6202,8283,4.0,18,8,2,57,3,1,7.0,0.0,1.0,0.0,35.0,6.0,1.0,6.0,0.0,0
6203,10458,4.0,20,0,3,71,4,7,0.0,0.0,0.0,0.0,49.0,10.0,0.0,9.0,2.0,1
6204,16976,4.0,25,5,2,88,7,3,3.0,0.0,2.0,0.0,52.0,13.0,2.0,13.0,2.0,1
6205,15567,4.0,50,4,3,170,7,3,1.0,0.0,3.0,0.0,105.0,28.0,3.0,27.0,2.0,1
6206,19351,3.0,15,0,2,50,4,3,0.0,0.0,0.0,0.0,35.0,6.0,0.0,6.0,2.0,1
6207,261,4.0,21,0,3,63,4,4,0.0,0.0,0.0,0.0,45.0,8.0,0.0,8.0,1.0,0
6208,19311,4.0,25,7,3,94,7,3,4.0,0.0,2.0,0.0,51.0,16.0,3.0,15.0,2.0,1
6209,11529,3.0,5,0,4,24,2,2,0.0,0.0,0.0,0.0,12.0,6.0,0.0,5.0,0.0,1
6210,5497,4.0,15,27,1,76,4,3,18.0,8.0,1.0,7.0,31.0,5.0,2.0,3.0,0.0,0
6211,16027,4.0,43,7,2,156,8,3,3.0,0.0,3.0,0.0,97.0,23.0,4.0,22.0,3.0,1
6212,4016,4.0,22,6,2,90,4,7,5.0,0.0,1.0,0.0,48.0,16.0,1.0,16.0,2.0,0
6213,3626,3.0,8,0,1,22,3,1,0.0,0.0,0.0,0.0,14.0,4.0,0.0,3.0,0.0,0
6214,15009,3.0,3,0,1,11,2,0,0.0,0.0,0.0,0.0,6.0,2.0,0.0,2.0,0.0,1
6215,445,4.0,11,2,1,47,3,3,0.0,2.0,0.0,2.0,28.0,7.0,0.0,7.0,0.0,0
6216,6752,4.0,21,2,2,79,6,3,0.0,0.0,1.0,1.0,55.0,10.0,1.0,10.0,0.0,0
6217,5111,4.0,42,34,2,169,4,8,17.0,16.0,0.0,17.0,88.0,15.0,0.0,15.0,0.0,0
6218,3555,4.0,10,2,2,46,6,2,1.0,0.0,0.0,0.0,27.0,8.0,1.0,7.0,1.0,0
6219,10386,3.0,5,0,3,35,3,4,0.0,0.0,0.0,0.0,20.0,6.0,0.0,6.0,2.0,1
6220,7338,3.0,9,0,2,26,2,2,0.0,0.0,0.0,0.0,17.0,4.0,0.0,4.0,0.0,0
6221,3367,4.0,2,23,2,40,3,3,21.0,0.0,2.0,0.0,7.0,4.0,2.0,3.0,0.0,0
6222,18382,3.0,6,0,1,20,1,0,0.0,0.0,0.0,0.0,17.0,1.0,0.0,1.0,0.0,1
6223,11059,4.0,44,4,3,155,8,4,2.0,0.0,2.0,0.0,108.0,19.0,2.0,18.0,3.0,1
6224,2526,4.0,16,0,2,45,3,2,0.0,0.0,0.0,0.0,32.0,6.0,0.0,6.0,0.0,0
6225,16303,4.0,17,0,2,65,4,7,0.0,0.0,0.0,0.0,46.0,8.0,0.0,7.0,3.0,1
6226,13578,4.0,27,4,5,107,7,4,2.0,0.0,1.0,0.0,66.0,17.0,2.0,16.0,2.0,1
6227,16519,4.0,13,0,2,41,3,3,0.0,0.0,0.0,0.0,30.0,4.0,0.0,4.0,2.0,1
6228,1168,4.0,19,26,2,100,3,4,18.0,6.0,1.0,8.0,43.0,11.0,0.0,12.0,0.0,0
6229,4144,3.0,9,0,2,33,2,1,0.0,0.0,0.0,0.0,27.0,3.0,0.0,2.0,0.0,0
6230,7892,4.0,13,1,1,50,3,3,0.0,0.0,1.0,1.0,36.0,5.0,0.0,6.0,0.0,0
6231,8276,4.0,7,0,1,24,2,2,0.0,0.0,0.0,0.0,18.0,3.0,0.0,2.0,0.0,0
6232,3149,4.0,10,5,1,42,4,3,4.0,0.0,1.0,0.0,26.0,5.0,1.0,4.0,0.0,0
6233,14795,4.0,9,0,5,47,3,3,0.0,0.0,0.0,0.0,30.0,7.0,0.0,7.0,2.0,1
6234,880,4.0,26,6,3,107,4,4,5.0,0.0,1.0,0.0,53.0,22.0,1.0,22.0,2.0,0
6235,6747,4.0,31,8,1,116,4,7,5.0,0.0,3.0,0.0,73.0,15.0,3.0,14.0,2.0,0
6236,9408,3.0,7,0,1,21,3,1,0.0,0.0,0.0,0.0,14.0,3.0,0.0,3.0,0.0,0
6237,7572,3.0,14,0,1,41,2,4,0.0,0.0,0.0,0.0,30.0,5.0,0.0,5.0,0.0,0
6238,19573,4.0,11,18,4,73,6,4,13.0,0.0,4.0,1.0,30.0,9.0,4.0,9.0,2.0,1
6239,1467,4.0,13,18,1,51,3,3,16.0,0.0,1.0,0.0,22.0,5.0,2.0,4.0,0.0,0
6240,8154,4.0,13,1,4,43,2,4,0.0,1.0,0.0,1.0,24.0,8.0,0.0,8.0,0.0,0
6241,17138,4.0,8,2,2,40,3,4,0.0,2.0,0.0,2.0,23.0,5.0,0.0,5.0,2.0,1
6242,6537,3.0,9,0,2,32,2,2,0.0,0.0,0.0,0.0,23.0,4.0,0.0,4.0,0.0,0
6243,12153,3.0,6,0,3,33,3,3,0.0,0.0,0.0,0.0,20.0,5.0,0.0,5.0,2.0,1
6244,452,4.0,9,0,2,31,2,1,0.0,0.0,0.0,0.0,24.0,3.0,0.0,3.0,0.0,0
6245,12518,3.0,3,0,3,27,3,4,0.0,0.0,0.0,0.0,13.0,6.0,0.0,5.0,2.0,1
6246,18514,3.0,9,3,2,29,1,0,2.0,1.0,0.0,0.0,21.0,2.0,1.0,1.0,0.0,1
6247,4137,3.0,6,0,1,22,2,2,0.0,0.0,0.0,0.0,16.0,3.0,0.0,2.0,0.0,0
6248,3039,4.0,11,4,2,47,6,2,3.0,0.0,0.0,0.0,25.0,9.0,1.0,8.0,0.0,0
6249,4150,4.0,6,0,2,28,3,3,0.0,0.0,0.0,0.0,18.0,4.0,0.0,4.0,1.0,0
6250,13777,4.0,25,4,2,87,7,4,2.0,0.0,1.0,0.0,54.0,13.0,2.0,12.0,2.0,1
6251,13541,4.0,34,4,2,135,8,3,1.0,0.0,3.0,0.0,82.0,21.0,3.0,21.0,3.0,1
6252,16596,4.0,41,4,3,144,8,3,1.0,0.0,2.0,0.0,90.0,23.0,3.0,22.0,2.0,1
6253,579,4.0,12,0,1,37,3,3,0.0,0.0,0.0,0.0,27.0,5.0,0.0,4.0,0.0,0
6254,6571,4.0,23,3,2,88,4,3,2.0,0.0,1.0,1.0,50.0,15.0,0.0,16.0,2.0,0
6255,12024,3.0,5,4,2,27,2,2,3.0,0.0,0.0,1.0,14.0,4.0,0.0,4.0,0.0,1
6256,7467,3.0,5,0,2,24,2,1,0.0,0.0,0.0,0.0,17.0,3.0,0.0,3.0,0.0,0
6257,17186,3.0,7,0,1,31,3,5,0.0,0.0,0.0,0.0,19.0,5.0,0.0,4.0,2.0,1
6258,14703,3.0,4,1,2,23,2,2,0.0,1.0,0.0,0.0,14.0,4.0,1.0,2.0,0.0,1
6259,867,4.0,28,2,1,101,9,6,0.0,2.0,0.0,0.0,60.0,17.0,2.0,15.0,4.0,0
6260,16548,4.0,14,2,4,55,7,4,0.0,0.0,1.0,0.0,28.0,11.0,2.0,10.0,2.0,1
6261,4157,3.0,8,0,1,25,2,1,0.0,0.0,0.0,0.0,20.0,2.0,0.0,2.0,0.0,0
6262,6349,4.0,6,6,3,35,2,1,5.0,0.0,1.0,0.0,21.0,3.0,1.0,3.0,0.0,0
6263,14081,4.0,15,0,2,52,3,5,0.0,0.0,0.0,0.0,37.0,6.0,0.0,6.0,2.0,1
6264,17140,4.0,13,5,3,51,4,4,3.0,2.0,0.0,1.0,28.0,7.0,1.0,6.0,2.0,1
6265,402,4.0,17,0,2,53,4,2,0.0,0.0,0.0,0.0,36.0,8.0,0.0,8.0,0.0,0
6266,4428,3.0,9,0,1,34,2,4,0.0,0.0,0.0,0.0,23.0,5.0,0.0,5.0,0.0,0
6267,10276,4.0,12,0,3,40,3,2,0.0,0.0,0.0,0.0,28.0,5.0,0.0,5.0,1.0,1
6268,3057,4.0,12,8,1,54,3,7,5.0,0.0,3.0,0.0,31.0,6.0,3.0,5.0,0.0,0
6269,10190,4.0,16,2,4,63,6,4,0.0,0.0,1.0,0.0,38.0,10.0,2.0,9.0,2.0,1
6270,7060,4.0,15,6,1,47,3,3,5.0,0.0,0.0,0.0,31.0,5.0,1.0,4.0,0.0,0
6271,164,4.0,15,6,1,51,3,4,5.0,0.0,1.0,0.0,33.0,5.0,1.0,5.0,0.0,0
6272,16420,3.0,1,3,1,20,3,3,1.0,2.0,0.0,1.0,7.0,3.0,1.0,2.0,2.0,1
6273,10390,2.0,4,0,1,10,1,0,0.0,0.0,0.0,0.0,7.0,1.0,0.0,1.0,0.0,1
6274,12494,3.0,6,0,2,25,2,2,0.0,0.0,0.0,0.0,17.0,4.0,0.0,3.0,0.0,1
6275,11347,4.0,13,0,2,57,3,7,0.0,0.0,0.0,0.0,38.0,8.0,0.0,8.0,2.0,1
6276,12212,4.0,24,2,2,70,7,3,1.0,0.0,0.0,0.0,48.0,9.0,1.0,8.0,2.0,1
6277,3317,4.0,21,20,1,105,6,5,18.0,0.0,2.0,0.0,49.0,15.0,2.0,15.0,3.0,0
6278,12118,4.0,24,0,2,81,3,2,0.0,0.0,0.0,0.0,60.0,10.0,0.0,10.0,0.0,1
6279,7865,4.0,20,5,2,80,4,7,4.0,0.0,1.0,0.0,43.0,14.0,1.0,14.0,2.0,0
6280,14470,4.0,16,5,3,69,4,5,3.0,0.0,2.0,1.0,42.0,8.0,1.0,9.0,2.0,1
6281,12126,3.0,8,8,2,42,2,2,7.0,1.0,0.0,1.0,25.0,4.0,0.0,3.0,0.0,1
6282,6851,4.0,41,0,2,108,4,5,0.0,0.0,0.0,0.0,77.0,14.0,0.0,14.0,2.0,0
6283,1847,4.0,16,0,2,51,3,3,0.0,0.0,0.0,0.0,38.0,6.0,0.0,6.0,0.0,0
6284,17828,4.0,13,19,2,60,3,4,11.0,7.0,1.0,7.0,22.0,4.0,1.0,4.0,2.0,1
6285,1334,3.0,6,0,1,22,3,2,0.0,0.0,0.0,0.0,13.0,4.0,0.0,4.0,0.0,0
6286,8779,4.0,13,26,7,94,2,2,15.0,10.0,1.0,10.0,41.0,8.0,1.0,7.0,0.0,0
6287,18835,4.0,34,9,4,138,7,3,6.0,0.0,2.0,0.0,85.0,20.0,3.0,19.0,2.0,1
6288,16643,4.0,15,0,3,50,4,3,0.0,0.0,0.0,0.0,35.0,6.0,0.0,6.0,2.0,1
6289,8945,4.0,14,5,1,50,2,4,4.0,0.0,0.0,0.0,35.0,5.0,1.0,4.0,0.0,0
6290,11256,4.0,37,15,3,149,8,3,9.0,1.0,4.0,1.0,87.0,20.0,5.0,19.0,2.0,1
6291,18679,3.0,6,0,1,16,1,0,0.0,0.0,0.0,0.0,13.0,1.0,0.0,1.0,0.0,1
6292,6997,4.0,13,20,3,75,3,3,10.0,9.0,1.0,9.0,32.0,6.0,1.0,6.0,0.0,0
6293,706,4.0,27,7,1,106,4,4,6.0,0.0,1.0,0.0,65.0,15.0,1.0,15.0,2.0,0
6294,3491,4.0,6,3,3,39,2,3,2.0,0.0,1.0,1.0,23.0,5.0,0.0,6.0,0.0,0
6295,4573,4.0,23,6,1,85,3,6,4.0,0.0,2.0,0.0,51.0,13.0,2.0,12.0,0.0,0
6296,16625,4.0,14,0,4,47,3,3,0.0,0.0,0.0,0.0,32.0,6.0,0.0,6.0,2.0,1
6297,7706,4.0,14,7,3,54,4,3,6.0,0.0,0.0,1.0,30.0,8.0,0.0,8.0,0.0,0
6298,7054,4.0,16,7,1,64,4,3,5.0,0.0,2.0,0.0,36.0,9.0,2.0,9.0,0.0,0
6299,5580,4.0,24,13,3,88,2,5,6.0,7.0,0.0,7.0,51.0,8.0,0.0,8.0,0.0,0
6300,19228,3.0,2,16,4,34,3,3,11.0,0.0,5.0,0.0,6.0,2.0,5.0,2.0,2.0,1
6301,3151,4.0,18,8,2,85,6,5,6.0,0.0,1.0,0.0,50.0,12.0,2.0,11.0,2.0,0
6302,6617,4.0,15,0,2,41,3,2,0.0,0.0,0.0,0.0,30.0,5.0,0.0,5.0,0.0,0
6303,4784,3.0,6,0,1,16,2,1,0.0,0.0,0.0,0.0,12.0,2.0,0.0,1.0,0.0,0
6304,11991,4.0,13,9,5,47,1,0,6.0,2.0,1.0,3.0,25.0,4.0,0.0,5.0,0.0,1
6305,4022,4.0,6,2,1,31,4,1,0.0,2.0,0.0,2.0,18.0,4.0,0.0,4.0,0.0,0
6306,14513,4.0,16,0,4,73,3,7,0.0,0.0,0.0,0.0,50.0,10.0,0.0,10.0,2.0,1
6307,9266,4.0,10,7,3,54,4,4,6.0,0.0,0.0,0.0,29.0,9.0,1.0,8.0,0.0,0
6308,2607,4.0,11,6,2,40,3,5,3.0,1.0,2.0,0.0,19.0,6.0,3.0,5.0,0.0,0
6309,16705,4.0,14,0,1,50,6,5,0.0,0.0,0.0,0.0,33.0,6.0,0.0,6.0,4.0,1
6310,11630,3.0,2,14,4,32,3,3,9.0,0.0,5.0,0.0,6.0,2.0,5.0,2.0,2.0,1
6311,9118,3.0,12,0,2,32,3,2,0.0,0.0,0.0,0.0,21.0,5.0,0.0,5.0,0.0,0
6312,11502,4.0,25,8,2,95,6,4,6.0,0.0,1.0,0.0,61.0,11.0,2.0,10.0,3.0,1
6313,15877,4.0,6,1,2,37,5,3,0.0,0.0,0.0,0.0,22.0,6.0,1.0,5.0,2.0,1
6314,2429,4.0,16,5,2,51,4,2,4.0,0.0,0.0,0.0,34.0,6.0,1.0,5.0,0.0,0
6315,246,4.0,17,4,2,48,3,2,3.0,0.0,1.0,0.0,30.0,6.0,1.0,6.0,0.0,0
6316,3815,5.0,31,22,3,154,8,1,11.0,10.0,1.0,10.0,91.0,15.0,1.0,14.0,0.0,0
6317,13727,4.0,4,2,1,23,3,3,0.0,2.0,0.0,2.0,10.0,3.0,0.0,3.0,2.0,1
6318,17932,4.0,10,2,3,52,6,3,1.0,0.0,0.0,0.0,32.0,8.0,1.0,7.0,2.0,1
6319,9089,4.0,27,8,2,114,5,5,5.0,0.0,3.0,0.0,72.0,15.0,3.0,15.0,0.0,0
6320,2262,3.0,2,0,2,19,3,1,0.0,0.0,0.0,0.0,10.0,4.0,0.0,4.0,0.0,0
6321,10438,4.0,16,0,2,67,4,6,0.0,0.0,0.0,0.0,44.0,10.0,0.0,10.0,2.0,1
6322,835,4.0,15,0,2,55,4,2,0.0,0.0,0.0,0.0,35.0,9.0,0.0,9.0,1.0,0
6323,8624,4.0,10,0,2,40,3,1,0.0,0.0,0.0,0.0,29.0,5.0,0.0,5.0,0.0,0
6324,15806,4.0,16,4,2,67,4,4,2.0,0.0,2.0,0.0,42.0,8.0,2.0,8.0,2.0,1
6325,1173,4.0,9,6,1,40,3,5,2.0,1.0,2.0,1.0,21.0,5.0,3.0,4.0,0.0,0
6326,19800,3.0,13,0,3,37,2,2,0.0,0.0,0.0,0.0,26.0,5.0,0.0,5.0,0.0,1
6327,6437,3.0,13,0,2,26,2,1,0.0,0.0,0.0,0.0,20.0,3.0,0.0,2.0,0.0,0
6328,14999,4.0,11,0,2,45,4,4,0.0,0.0,0.0,0.0,30.0,6.0,0.0,6.0,2.0,1
6329,12848,4.0,6,3,2,40,3,4,1.0,2.0,0.0,2.0,22.0,5.0,0.0,5.0,2.0,1
6330,19067,3.0,2,15,4,33,3,3,10.0,0.0,5.0,0.0,6.0,2.0,5.0,2.0,2.0,1
6331,15718,3.0,9,2,2,31,3,2,1.0,0.0,1.0,0.0,20.0,4.0,1.0,3.0,0.0,1
6332,5289,4.0,18,1,5,71,4,8,0.0,0.0,1.0,1.0,39.0,13.0,0.0,14.0,2.0,0
6333,15726,4.0,25,2,3,88,7,3,0.0,0.0,1.0,0.0,53.0,15.0,2.0,14.0,2.0,1
6334,8098,4.0,22,2,6,95,6,8,0.0,0.0,1.0,2.0,54.0,17.0,0.0,18.0,2.0,0
6335,4951,4.0,12,12,1,50,3,3,11.0,0.0,0.0,0.0,26.0,6.0,1.0,5.0,0.0,0
6336,250,4.0,14,0,3,51,2,3,0.0,0.0,0.0,0.0,38.0,6.0,0.0,6.0,0.0,0
6337,15162,3.0,9,0,4,44,4,4,0.0,0.0,0.0,0.0,25.0,8.0,0.0,8.0,2.0,1
6338,7952,3.0,3,0,1,12,2,1,0.0,0.0,0.0,0.0,8.0,2.0,0.0,1.0,0.0,0
6339,19805,3.0,1,13,3,29,3,3,8.0,1.0,4.0,1.0,6.0,1.0,4.0,1.0,2.0,1
6340,7334,4.0,23,4,1,92,4,6,3.0,0.0,1.0,0.0,54.0,15.0,1.0,15.0,2.0,0
6341,2793,4.0,21,10,1,78,3,3,9.0,0.0,0.0,0.0,52.0,8.0,1.0,7.0,0.0,0
6342,13244,4.0,46,5,2,145,8,4,2.0,0.0,2.0,0.0,94.0,21.0,3.0,20.0,2.0,1
6343,13289,3.0,10,0,1,23,2,0,0.0,0.0,0.0,0.0,18.0,2.0,0.0,2.0,0.0,1
6344,7795,4.0,18,0,1,53,3,2,0.0,0.0,0.0,0.0,42.0,5.0,0.0,5.0,0.0,0
6345,18526,4.0,21,4,2,95,4,5,2.0,0.0,2.0,0.0,56.0,15.0,2.0,15.0,2.0,1
6346,3407,4.0,7,5,1,30,4,1,4.0,0.0,0.0,0.0,18.0,3.0,1.0,2.0,1.0,0
6347,19870,4.0,28,4,3,101,7,3,2.0,0.0,1.0,0.0,64.0,15.0,2.0,14.0,2.0,1
6348,11291,4.0,13,0,4,46,3,3,0.0,0.0,0.0,0.0,31.0,6.0,0.0,6.0,2.0,1
6349,8625,4.0,29,30,6,131,6,2,18.0,12.0,0.0,11.0,61.0,13.0,1.0,12.0,2.0,0
6350,16374,3.0,5,0,1,14,2,0,0.0,0.0,0.0,0.0,9.0,2.0,0.0,2.0,0.0,1
6351,7422,4.0,13,15,1,53,5,3,14.0,0.0,1.0,0.0,24.0,6.0,1.0,6.0,0.0,0
6352,8963,3.0,12,0,2,40,3,2,0.0,0.0,0.0,0.0,29.0,5.0,0.0,5.0,0.0,0
6353,1997,4.0,55,11,2,193,8,3,2.0,1.0,8.0,0.0,121.0,25.0,9.0,24.0,2.0,0
6354,4200,3.0,12,0,2,31,2,2,0.0,0.0,0.0,0.0,22.0,4.0,0.0,4.0,0.0,0
6355,16076,4.0,13,0,2,46,4,4,0.0,0.0,0.0,0.0,31.0,6.0,0.0,6.0,2.0,1
6356,17242,3.0,7,0,2,27,2,2,0.0,0.0,0.0,0.0,19.0,4.0,0.0,3.0,0.0,1
6357,11326,4.0,15,0,2,50,4,3,0.0,0.0,0.0,0.0,35.0,6.0,0.0,6.0,2.0,1
6358,5629,3.0,4,7,1,24,2,3,6.0,0.0,1.0,1.0,9.0,3.0,0.0,3.0,0.0,0
6359,4002,4.0,12,0,2,43,3,1,0.0,0.0,0.0,0.0,32.0,5.0,0.0,5.0,0.0,0
6360,19810,3.0,6,0,2,18,1,0,0.0,0.0,0.0,0.0,13.0,2.0,0.0,2.0,0.0,1
6361,4753,3.0,8,0,1,23,2,2,0.0,0.0,0.0,0.0,16.0,3.0,0.0,3.0,0.0,0
6362,19025,4.0,8,0,3,43,4,3,0.0,0.0,0.0,0.0,28.0,6.0,0.0,6.0,2.0,1
6363,16123,4.0,23,4,3,83,8,3,2.0,0.0,1.0,0.0,48.0,14.0,2.0,13.0,2.0,1
6364,17890,3.0,5,4,2,27,2,2,3.0,0.0,0.0,1.0,14.0,4.0,0.0,4.0,0.0,1
6365,4196,3.0,11,0,4,41,2,3,0.0,0.0,0.0,0.0,26.0,7.0,0.0,7.0,0.0,0
6366,9635,4.0,37,1,1,118,3,2,0.0,1.0,0.0,0.0,78.0,19.0,1.0,18.0,0.0,0
6367,3681,4.0,12,6,2,48,4,1,5.0,0.0,0.0,0.0,32.0,5.0,1.0,4.0,0.0,0
6368,3019,3.0,18,0,2,45,3,2,0.0,0.0,0.0,0.0,32.0,6.0,0.0,6.0,0.0,0
6369,4310,4.0,17,7,2,60,3,3,6.0,0.0,1.0,0.0,39.0,6.0,1.0,6.0,0.0,0
6370,7448,4.0,23,8,6,114,8,5,0.0,6.0,2.0,2.0,51.0,21.0,6.0,17.0,8.0,0
6371,13300,3.0,6,0,1,20,1,0,0.0,0.0,0.0,0.0,17.0,1.0,0.0,1.0,0.0,1
6372,3985,4.0,32,6,3,116,3,5,4.0,0.0,2.0,0.0,75.0,16.0,2.0,16.0,0.0,0
6373,14936,4.0,23,4,2,83,7,3,2.0,0.0,1.0,0.0,52.0,12.0,2.0,11.0,2.0,1
6374,9205,4.0,14,10,1,51,3,3,9.0,0.0,0.0,0.0,25.0,8.0,1.0,7.0,0.0,0
6375,19229,4.0,43,8,2,141,8,3,4.0,0.0,3.0,1.0,91.0,18.0,3.0,18.0,2.0,1
6376,2569,3.0,9,0,2,28,3,1,0.0,0.0,0.0,0.0,19.0,4.0,0.0,4.0,0.0,0
6377,4402,4.0,26,6,1,91,4,6,5.0,0.0,1.0,0.0,58.0,12.0,1.0,11.0,2.0,0
6378,4277,4.0,9,4,3,46,3,3,3.0,0.0,1.0,1.0,27.0,6.0,0.0,7.0,0.0,0
6379,3666,4.0,9,3,3,45,3,2,0.0,0.0,3.0,3.0,25.0,5.0,0.0,8.0,0.0,0
6380,8412,4.0,26,0,2,77,4,2,0.0,0.0,0.0,0.0,56.0,10.0,0.0,10.0,0.0,0
6381,19910,4.0,54,9,3,175,8,3,5.0,0.0,3.0,0.0,112.0,24.0,4.0,23.0,3.0,1
6382,2446,4.0,10,4,2,30,2,2,2.0,2.0,0.0,1.0,17.0,4.0,1.0,2.0,0.0,0
6383,6821,4.0,14,30,2,115,5,7,9.0,1.0,20.0,14.0,31.0,7.0,7.0,20.0,5.0,0
6384,13063,4.0,30,0,2,107,4,4,0.0,0.0,0.0,0.0,76.0,14.0,0.0,14.0,2.0,1
6385,6520,4.0,8,1,1,31,4,1,0.0,1.0,0.0,0.0,21.0,4.0,1.0,3.0,0.0,0
6386,17003,4.0,25,4,3,89,4,6,0.0,0.0,4.0,0.0,55.0,11.0,4.0,11.0,3.0,1
6387,17569,4.0,12,0,3,57,4,5,0.0,0.0,0.0,0.0,38.0,8.0,0.0,8.0,2.0,1
6388,8959,4.0,24,10,1,102,4,6,9.0,0.0,1.0,0.0,57.0,16.0,1.0,15.0,2.0,0
6389,3172,4.0,13,0,2,45,3,2,0.0,0.0,0.0,0.0,34.0,5.0,0.0,5.0,0.0,0
6390,1223,4.0,15,0,1,52,3,4,0.0,0.0,0.0,0.0,39.0,6.0,0.0,6.0,0.0,0
6391,13801,4.0,8,9,4,42,3,4,4.0,1.0,4.0,1.0,19.0,3.0,4.0,3.0,2.0,1
6392,12358,2.0,4,0,2,16,2,2,0.0,0.0,0.0,0.0,8.0,4.0,0.0,3.0,0.0,1
6393,544,4.0,18,4,2,57,5,2,3.0,0.0,0.0,0.0,39.0,7.0,1.0,6.0,0.0,0
6394,1204,4.0,13,22,2,83,5,8,18.0,0.0,4.0,1.0,39.0,7.0,3.0,8.0,2.0,0
6395,14825,4.0,15,0,3,55,3,4,0.0,0.0,0.0,0.0,40.0,6.0,0.0,6.0,2.0,1
6396,8613,3.0,9,0,1,25,2,2,0.0,0.0,0.0,0.0,19.0,3.0,0.0,2.0,0.0,0
6397,9257,3.0,13,0,1,41,3,3,0.0,0.0,0.0,0.0,31.0,5.0,0.0,4.0,0.0,0
6398,7242,4.0,16,7,1,58,3,5,5.0,0.0,2.0,0.0,32.0,8.0,2.0,8.0,0.0,0
6399,2637,4.0,8,5,2,35,3,1,2.0,0.0,3.0,1.0,14.0,6.0,2.0,6.0,0.0,0
6400,8761,4.0,19,14,2,95,7,5,2.0,1.0,10.0,5.0,43.0,10.0,7.0,13.0,3.0,0
6401,13458,4.0,11,7,3,57,6,3,5.0,0.0,1.0,0.0,27.0,10.0,2.0,9.0,2.0,1
6402,1388,4.0,10,10,1,44,2,4,9.0,0.0,1.0,0.0,25.0,4.0,1.0,3.0,0.0,0
6403,18118,3.0,8,1,3,31,2,1,0.0,1.0,0.0,1.0,20.0,4.0,0.0,4.0,0.0,1
6404,18738,4.0,34,5,3,136,7,4,3.0,0.0,2.0,0.0,93.0,17.0,2.0,16.0,2.0,1
6405,877,4.0,7,4,1,35,6,2,2.0,0.0,2.0,2.0,16.0,5.0,0.0,6.0,1.0,0
6406,10721,4.0,26,0,3,93,4,10,0.0,0.0,0.0,0.0,64.0,13.0,0.0,13.0,2.0,1
6407,8388,4.0,16,0,3,58,4,3,0.0,0.0,0.0,0.0,39.0,9.0,0.0,9.0,0.0,0
6408,98,3.0,22,74,1,223,5,6,15.0,3.0,55.0,41.0,20.0,12.0,18.0,49.0,9.0,0
6409,11575,4.0,20,0,3,75,4,7,0.0,0.0,0.0,0.0,52.0,10.0,0.0,10.0,2.0,1
6410,4379,4.0,13,5,2,54,4,2,4.0,0.0,0.0,0.0,37.0,6.0,1.0,5.0,0.0,0
6411,11957,4.0,25,2,3,90,7,3,0.0,0.0,1.0,0.0,59.0,13.0,2.0,12.0,2.0,1
6412,2803,3.0,8,0,1,27,2,2,0.0,0.0,0.0,0.0,20.0,3.0,0.0,3.0,0.0,0
6413,11189,4.0,3,11,3,32,3,4,6.0,0.0,4.0,1.0,10.0,2.0,4.0,2.0,2.0,1
6414,3908,4.0,11,0,1,39,4,2,0.0,0.0,0.0,0.0,26.0,6.0,0.0,6.0,0.0,0
6415,10763,4.0,12,2,1,46,5,3,1.0,0.0,0.0,0.0,31.0,6.0,1.0,5.0,1.0,1
6416,7688,4.0,16,0,2,50,3,1,0.0,0.0,0.0,0.0,39.0,5.0,0.0,5.0,0.0,0
6417,13987,4.0,20,22,2,92,4,7,14.0,7.0,1.0,7.0,44.0,8.0,1.0,7.0,2.0,1
6418,6496,4.0,10,2,1,27,3,1,1.0,0.0,0.0,0.0,19.0,3.0,1.0,2.0,0.0,0
6419,18638,4.0,30,0,2,91,3,5,0.0,0.0,0.0,0.0,65.0,13.0,0.0,12.0,0.0,1
6420,8447,4.0,26,7,2,91,3,7,4.0,0.0,2.0,0.0,62.0,10.0,3.0,9.0,0.0,0
6421,19595,4.0,5,0,1,29,3,4,0.0,0.0,0.0,0.0,19.0,4.0,0.0,3.0,2.0,1
6422,8075,4.0,48,6,3,169,5,1,5.0,0.0,1.0,0.0,106.0,28.0,1.0,27.0,0.0,0
6423,6964,3.0,11,3,1,33,2,5,2.0,0.0,1.0,0.0,19.0,5.0,0.0,5.0,0.0,0
6424,6479,4.0,12,8,2,55,3,5,5.0,0.0,3.0,0.0,32.0,6.0,3.0,5.0,0.0,0
6425,4711,4.0,9,6,1,37,3,1,4.0,0.0,1.0,0.0,20.0,5.0,2.0,4.0,0.0,0
6426,17256,4.0,14,3,3,73,5,7,1.0,0.0,1.0,0.0,47.0,10.0,2.0,9.0,2.0,1
6427,13054,4.0,25,2,1,84,4,6,1.0,0.0,1.0,0.0,64.0,7.0,1.0,7.0,2.0,1
6428,12476,4.0,14,0,1,47,4,4,0.0,0.0,0.0,0.0,32.0,6.0,0.0,6.0,2.0,1
6429,989,2.0,2,0,1,9,2,1,0.0,0.0,0.0,0.0,5.0,2.0,0.0,1.0,0.0,0
6430,18981,4.0,10,4,5,52,4,3,2.0,0.0,2.0,2.0,28.0,7.0,0.0,9.0,1.0,1
6431,2682,4.0,17,3,2,54,3,3,1.0,0.0,2.0,2.0,38.0,4.0,0.0,6.0,0.0,0
6432,14190,3.0,4,0,1,17,1,0,0.0,0.0,0.0,0.0,14.0,1.0,0.0,1.0,0.0,1
6433,2508,4.0,21,0,2,62,3,3,0.0,0.0,0.0,0.0,47.0,7.0,0.0,7.0,0.0,0
6434,14227,4.0,36,7,3,133,8,3,4.0,0.0,2.0,0.0,83.0,19.0,3.0,18.0,3.0,1
6435,9702,3.0,11,0,2,27,2,2,0.0,0.0,0.0,0.0,18.0,4.0,0.0,4.0,0.0,0
6436,4314,4.0,17,10,3,80,3,3,7.0,0.0,3.0,0.0,46.0,10.0,3.0,10.0,0.0,0
6437,15450,4.0,12,0,2,41,3,3,0.0,0.0,0.0,0.0,29.0,6.0,0.0,5.0,0.0,1
6438,13890,3.0,15,0,2,48,2,2,0.0,0.0,0.0,0.0,39.0,4.0,0.0,4.0,0.0,1
6439,5356,4.0,16,0,1,47,3,4,0.0,0.0,0.0,0.0,33.0,7.0,0.0,6.0,0.0,0
6440,6639,4.0,12,0,1,40,3,2,0.0,0.0,0.0,0.0,29.0,5.0,0.0,5.0,0.0,0
6441,5972,3.0,6,0,1,24,2,2,0.0,0.0,0.0,0.0,18.0,3.0,0.0,2.0,0.0,0
6442,9436,4.0,31,8,1,118,4,8,5.0,0.0,3.0,0.0,73.0,16.0,3.0,15.0,2.0,0
6443,3734,3.0,7,0,2,25,2,1,0.0,0.0,0.0,0.0,18.0,3.0,0.0,3.0,0.0,0
6444,14500,3.0,6,0,1,17,1,0,0.0,0.0,0.0,0.0,14.0,1.0,0.0,1.0,0.0,1
6445,11196,4.0,9,6,3,45,3,4,4.0,0.0,2.0,0.0,24.0,6.0,2.0,6.0,0.0,1
6446,12313,3.0,2,15,4,33,3,3,10.0,0.0,5.0,0.0,6.0,2.0,5.0,2.0,2.0,1
6447,7787,3.0,10,0,2,27,2,1,0.0,0.0,0.0,0.0,20.0,3.0,0.0,3.0,0.0,0
6448,18535,4.0,9,0,3,42,3,3,0.0,0.0,0.0,0.0,30.0,5.0,0.0,4.0,2.0,1
6449,18759,3.0,4,0,2,18,2,1,0.0,0.0,0.0,0.0,11.0,3.0,0.0,3.0,0.0,1
6450,10949,4.0,44,5,3,159,8,13,3.0,1.0,1.0,2.0,103.0,22.0,0.0,23.0,3.0,1
6451,1876,3.0,12,0,2,35,2,2,0.0,0.0,0.0,0.0,26.0,4.0,0.0,4.0,0.0,0
6452,14666,4.0,9,1,4,41,3,2,0.0,0.0,1.0,1.0,26.0,5.0,0.0,6.0,1.0,1
6453,5262,4.0,12,0,3,40,3,3,0.0,0.0,0.0,0.0,26.0,7.0,0.0,6.0,0.0,0
6454,8446,4.0,11,0,1,39,3,2,0.0,0.0,0.0,0.0,26.0,6.0,0.0,6.0,0.0,0
6455,14504,4.0,10,0,4,36,3,3,0.0,0.0,0.0,0.0,21.0,6.0,0.0,6.0,2.0,1
6456,12703,3.0,3,0,1,13,1,0,0.0,0.0,0.0,0.0,10.0,1.0,0.0,1.0,0.0,1
6457,11163,4.0,31,5,3,121,8,3,2.0,0.0,2.0,0.0,78.0,17.0,3.0,16.0,2.0,1
6458,5159,3.0,12,0,3,41,2,4,0.0,0.0,0.0,0.0,27.0,7.0,0.0,6.0,0.0,0
6459,18208,2.0,2,0,2,11,1,0,0.0,0.0,0.0,0.0,6.0,2.0,0.0,2.0,0.0,1
6460,15138,4.0,10,6,3,64,3,9,4.0,0.0,1.0,0.0,35.0,10.0,2.0,9.0,2.0,1
6461,759,4.0,33,5,2,110,7,1,2.0,0.0,2.0,0.0,73.0,15.0,3.0,14.0,0.0,0
6462,5481,3.0,9,0,2,29,2,1,0.0,0.0,0.0,0.0,22.0,3.0,0.0,3.0,0.0,0
6463,654,4.0,13,9,1,55,3,4,7.0,0.0,2.0,0.0,30.0,7.0,2.0,6.0,0.0,0
6464,5812,4.0,7,0,1,35,3,2,0.0,0.0,0.0,0.0,21.0,7.0,0.0,6.0,0.0,0
6465,5288,4.0,17,8,1,70,3,5,5.0,0.0,3.0,0.0,41.0,9.0,3.0,8.0,0.0,0
6466,2892,4.0,25,8,2,79,3,2,6.0,0.0,2.0,0.0,49.0,10.0,2.0,9.0,0.0,0
6467,18728,4.0,29,4,3,101,7,3,2.0,0.0,1.0,0.0,64.0,15.0,2.0,14.0,2.0,1
6468,5636,4.0,32,7,1,106,4,3,5.0,0.0,1.0,0.0,74.0,12.0,2.0,11.0,0.0,0
6469,9612,4.0,21,8,1,73,3,3,6.0,0.0,2.0,0.0,40.0,11.0,2.0,11.0,0.0,0
6470,3044,4.0,20,1,3,58,5,1,0.0,0.0,1.0,0.0,41.0,7.0,1.0,7.0,0.0,0
6471,18250,4.0,3,10,3,32,3,4,6.0,0.0,4.0,0.0,11.0,2.0,4.0,2.0,2.0,1
6472,10783,5.0,37,29,3,177,7,5,11.0,13.0,4.0,12.0,101.0,14.0,6.0,12.0,3.0,1
6473,8520,4.0,18,1,2,74,6,2,0.0,0.0,1.0,0.0,46.0,12.0,1.0,11.0,2.0,0
6474,16550,3.0,11,0,2,39,3,3,0.0,0.0,0.0,0.0,27.0,6.0,0.0,5.0,0.0,1
6475,8445,3.0,11,0,3,38,3,3,0.0,0.0,0.0,0.0,23.0,7.0,0.0,7.0,0.0,0
6476,7318,4.0,19,7,2,80,3,3,6.0,0.0,1.0,0.0,50.0,11.0,1.0,10.0,0.0,0
6477,6159,3.0,13,0,2,43,3,2,0.0,0.0,0.0,0.0,30.0,6.0,0.0,6.0,0.0,0
6478,14170,3.0,2,15,4,33,3,3,10.0,0.0,5.0,0.0,6.0,2.0,5.0,2.0,2.0,1
6479,12569,3.0,5,0,1,19,1,0,0.0,0.0,0.0,0.0,16.0,1.0,0.0,1.0,0.0,1
6480,6022,4.0,15,5,3,61,3,4,3.0,1.0,1.0,0.0,40.0,7.0,2.0,6.0,0.0,0
6481,5092,3.0,11,0,3,42,3,2,0.0,0.0,0.0,0.0,30.0,5.0,0.0,5.0,1.0,0
6482,11211,4.0,13,0,4,47,2,2,0.0,0.0,0.0,0.0,34.0,6.0,0.0,6.0,0.0,1
6483,11221,4.0,14,8,3,60,4,5,7.0,0.0,1.0,0.0,32.0,8.0,1.0,8.0,2.0,1
6484,18221,4.0,13,0,2,45,3,3,0.0,0.0,0.0,0.0,30.0,7.0,0.0,7.0,0.0,1
6485,18803,4.0,31,3,2,106,4,4,2.0,0.0,1.0,0.0,73.0,13.0,1.0,13.0,2.0,1
6486,15605,4.0,20,0,5,71,3,6,0.0,0.0,0.0,0.0,48.0,10.0,0.0,10.0,2.0,1
6487,1131,4.0,12,1,1,45,3,3,0.0,0.0,1.0,0.0,32.0,5.0,1.0,5.0,0.0,0
6488,11210,3.0,6,0,1,17,1,0,0.0,0.0,0.0,0.0,14.0,1.0,0.0,1.0,0.0,1
6489,11137,3.0,5,0,2,35,3,4,0.0,0.0,0.0,0.0,22.0,5.0,0.0,5.0,2.0,1
6490,3659,3.0,8,0,1,21,2,1,0.0,0.0,0.0,0.0,17.0,2.0,0.0,1.0,0.0,0
6491,3326,4.0,42,6,2,169,9,3,0.0,6.0,0.0,0.0,104.0,28.0,6.0,22.0,2.0,0
6492,9465,3.0,11,0,1,30,2,2,0.0,0.0,0.0,0.0,24.0,3.0,0.0,2.0,0.0,0
6493,18203,4.0,12,3,4,65,4,9,2.0,0.0,1.0,1.0,33.0,10.0,0.0,11.0,6.0,1
6494,2663,4.0,8,2,1,31,4,1,0.0,1.0,0.0,1.0,20.0,4.0,1.0,3.0,0.0,0
6495,19176,5.0,23,22,2,167,5,4,4.0,18.0,0.0,18.0,110.0,7.0,0.0,7.0,2.0,1
6496,5378,4.0,26,0,1,85,4,5,0.0,0.0,0.0,0.0,59.0,12.0,0.0,11.0,2.0,0
6497,10012,4.0,26,3,4,93,7,3,1.0,0.0,1.0,0.0,59.0,14.0,2.0,13.0,2.0,1
6498,9554,4.0,19,8,1,57,3,5,4.0,2.0,1.0,3.0,33.0,6.0,1.0,6.0,0.0,0
6499,18115,4.0,25,2,4,84,7,3,0.0,0.0,1.0,0.0,51.0,14.0,2.0,13.0,2.0,1
6500,5533,4.0,12,0,1,37,3,2,0.0,0.0,0.0,0.0,24.0,6.0,0.0,6.0,0.0,0
6501,11673,4.0,22,2,3,84,7,3,0.0,0.0,2.0,0.0,49.0,14.0,2.0,14.0,2.0,1
6502,4,4.0,17,0,2,50,5,2,0.0,0.0,0.0,0.0,33.0,8.0,0.0,7.0,1.0,0
6503,4152,3.0,9,0,2,27,2,1,0.0,0.0,0.0,0.0,21.0,3.0,0.0,2.0,0.0,0
6504,1927,4.0,7,0,2,33,6,2,0.0,0.0,0.0,0.0,17.0,7.0,0.0,7.0,1.0,0
6505,17783,4.0,44,62,18,244,6,20,29.0,13.0,19.0,12.0,101.0,21.0,21.0,19.0,8.0,1
6506,15259,4.0,21,1,5,82,7,3,0.0,0.0,0.0,0.0,55.0,12.0,1.0,11.0,2.0,1
6507,10379,4.0,13,0,3,55,4,4,0.0,0.0,0.0,0.0,38.0,7.0,0.0,7.0,2.0,1
6508,2880,4.0,7,9,1,28,2,2,8.0,0.0,0.0,1.0,12.0,3.0,0.0,3.0,0.0,0
6509,5839,4.0,13,2,2,48,3,3,1.0,0.0,1.0,1.0,33.0,5.0,0.0,6.0,0.0,0
6510,3381,4.0,15,2,2,54,3,2,0.0,1.0,1.0,2.0,36.0,6.0,0.0,7.0,0.0,0
6511,9494,4.0,11,1,1,30,4,2,0.0,1.0,0.0,0.0,19.0,5.0,0.0,4.0,0.0,0
6512,14395,4.0,11,2,3,51,6,4,1.0,0.0,0.0,0.0,29.0,9.0,1.0,8.0,2.0,1
6513,4957,4.0,17,9,4,74,3,1,8.0,0.0,1.0,0.0,43.0,10.0,1.0,10.0,0.0,0
6514,13028,4.0,9,17,2,55,4,4,10.0,5.0,2.0,5.0,20.0,4.0,2.0,4.0,2.0,1
6515,16916,4.0,23,41,5,157,7,8,24.0,16.0,0.0,16.0,62.0,17.0,1.0,16.0,4.0,1
6516,17806,4.0,29,0,3,91,4,4,0.0,0.0,0.0,0.0,68.0,10.0,0.0,10.0,2.0,1
6517,11305,4.0,9,3,2,35,3,4,1.0,0.0,2.0,1.0,20.0,3.0,1.0,4.0,2.0,1
6518,5720,4.0,25,7,3,89,3,1,6.0,0.0,1.0,1.0,57.0,11.0,0.0,12.0,0.0,0
6519,13321,4.0,9,6,3,70,4,9,4.0,0.0,2.0,0.0,39.0,10.0,2.0,10.0,2.0,1
6520,17285,5.0,20,15,4,124,5,4,3.0,12.0,0.0,12.0,74.0,10.0,0.0,9.0,3.0,1
6521,942,4.0,8,1,2,33,2,2,0.0,0.0,1.0,1.0,23.0,3.0,0.0,4.0,0.0,0
6522,3235,3.0,5,0,1,15,2,1,0.0,0.0,0.0,0.0,11.0,2.0,0.0,1.0,0.0,0
6523,3257,4.0,15,0,2,51,2,3,0.0,0.0,0.0,0.0,40.0,5.0,0.0,5.0,0.0,0
6524,17439,4.0,9,0,3,34,3,3,0.0,0.0,0.0,0.0,21.0,5.0,0.0,5.0,2.0,1
6525,17240,4.0,11,6,2,57,5,4,3.0,0.0,3.0,0.0,31.0,7.0,3.0,7.0,2.0,1
6526,8368,4.0,11,7,2,49,3,1,5.0,0.0,1.0,1.0,28.0,6.0,1.0,6.0,0.0,0
6527,8627,3.0,2,0,1,13,3,1,0.0,0.0,0.0,0.0,7.0,3.0,0.0,2.0,0.0,0
6528,13151,3.0,8,0,3,32,2,1,0.0,0.0,0.0,0.0,23.0,4.0,0.0,4.0,0.0,1
6529,308,3.0,11,0,1,28,2,1,0.0,0.0,0.0,0.0,24.0,2.0,0.0,1.0,0.0,0
6530,1565,3.0,12,0,2,35,3,2,0.0,0.0,0.0,0.0,21.0,7.0,0.0,6.0,0.0,0
6531,12156,4.0,9,2,3,50,5,3,1.0,0.0,0.0,0.0,32.0,7.0,1.0,6.0,2.0,1
6532,6727,4.0,24,23,2,104,3,6,16.0,0.0,6.0,0.0,49.0,13.0,7.0,12.0,0.0,0
6533,2135,4.0,21,2,2,79,6,3,0.0,0.0,1.0,1.0,55.0,10.0,1.0,10.0,0.0,0
6534,14462,5.0,18,5,2,80,8,3,1.0,4.0,0.0,3.0,49.0,10.0,1.0,9.0,2.0,1
6535,10861,3.0,6,0,3,29,3,3,0.0,0.0,0.0,0.0,16.0,5.0,0.0,5.0,2.0,1
6536,18801,4.0,43,5,2,154,8,3,2.0,0.0,2.0,0.0,100.0,22.0,3.0,21.0,3.0,1
6537,14133,4.0,9,0,3,32,2,2,0.0,0.0,0.0,0.0,21.0,5.0,0.0,5.0,0.0,1
6538,14167,4.0,8,11,2,53,6,3,9.0,1.0,0.0,0.0,24.0,8.0,2.0,6.0,2.0,1
6539,3874,4.0,12,10,1,53,3,3,9.0,0.0,0.0,0.0,27.0,8.0,1.0,7.0,0.0,0
6540,17516,4.0,7,1,3,34,2,2,0.0,1.0,0.0,1.0,21.0,5.0,0.0,5.0,0.0,1
6541,7393,4.0,10,1,4,40,2,1,0.0,1.0,0.0,1.0,27.0,5.0,0.0,5.0,0.0,0
6542,2276,3.0,9,0,1,28,3,2,0.0,0.0,0.0,0.0,19.0,4.0,0.0,4.0,0.0,0
6543,7072,3.0,10,0,1,23,2,1,0.0,0.0,0.0,0.0,19.0,2.0,0.0,1.0,0.0,0
6544,12817,4.0,11,4,3,48,4,4,1.0,2.0,1.0,2.0,26.0,6.0,1.0,6.0,2.0,1
6545,15116,4.0,9,17,2,55,4,4,10.0,5.0,2.0,5.0,20.0,4.0,2.0,4.0,2.0,1
6546,17556,4.0,11,0,2,44,6,3,0.0,0.0,0.0,0.0,25.0,8.0,0.0,8.0,2.0,1
6547,18881,3.0,2,17,4,35,3,3,12.0,0.0,5.0,0.0,6.0,2.0,5.0,2.0,2.0,1
6548,2623,3.0,6,0,1,20,2,1,0.0,0.0,0.0,0.0,16.0,2.0,0.0,1.0,0.0,0
6549,15765,4.0,21,3,3,84,8,3,1.0,0.0,1.0,0.0,48.0,15.0,2.0,14.0,2.0,1
6550,12764,4.0,24,5,2,81,7,3,3.0,0.0,1.0,0.0,49.0,12.0,2.0,11.0,2.0,1
6551,8534,3.0,10,0,2,43,3,1,0.0,0.0,0.0,0.0,31.0,5.0,0.0,5.0,1.0,0
6552,19171,4.0,24,6,3,84,7,3,3.0,0.0,2.0,0.0,50.0,12.0,3.0,11.0,2.0,1
6553,231,4.0,13,4,3,49,2,2,3.0,0.0,1.0,0.0,35.0,4.0,1.0,4.0,0.0,0
6554,8371,4.0,21,2,1,63,4,2,0.0,1.0,1.0,2.0,35.0,11.0,0.0,12.0,0.0,0
6555,13177,3.0,9,0,4,33,2,2,0.0,0.0,0.0,0.0,20.0,6.0,0.0,6.0,0.0,1
6556,737,4.0,16,0,1,51,3,2,0.0,0.0,0.0,0.0,38.0,6.0,0.0,6.0,0.0,0
6557,2838,4.0,11,0,1,27,3,1,0.0,0.0,0.0,0.0,20.0,3.0,0.0,3.0,0.0,0
6558,13879,4.0,25,6,3,93,7,4,3.0,0.0,2.0,1.0,56.0,13.0,2.0,13.0,2.0,1
6559,8216,4.0,13,2,2,48,3,2,1.0,1.0,0.0,0.0,35.0,5.0,1.0,4.0,0.0,0
6560,15916,4.0,8,1,3,48,3,6,0.0,0.0,1.0,0.0,29.0,7.0,1.0,7.0,2.0,1
6561,18851,5.0,24,34,2,207,8,3,3.0,31.0,0.0,30.0,116.0,12.0,1.0,11.0,2.0,1
6562,18921,4.0,30,100,2,244,7,8,63.0,35.0,2.0,37.0,81.0,10.0,0.0,12.0,3.0,1
6563,15932,4.0,14,0,3,65,6,3,0.0,0.0,0.0,0.0,44.0,9.0,0.0,9.0,2.0,1
6564,5705,4.0,12,6,2,54,3,4,5.0,1.0,0.0,0.0,33.0,7.0,1.0,6.0,0.0,0
6565,13887,3.0,3,0,1,10,1,0,0.0,0.0,0.0,0.0,7.0,1.0,0.0,1.0,0.0,1
6566,9513,4.0,16,0,1,40,3,1,0.0,0.0,0.0,0.0,31.0,4.0,0.0,4.0,0.0,0
6567,5935,4.0,40,9,1,131,3,5,5.0,0.0,4.0,0.0,84.0,17.0,4.0,16.0,0.0,0
6568,10187,4.0,9,0,3,36,3,2,0.0,0.0,0.0,0.0,24.0,5.0,0.0,5.0,1.0,1
6569,6495,4.0,25,7,3,99,3,7,6.0,0.0,1.0,0.0,59.0,16.0,1.0,15.0,0.0,0
6570,755,4.0,10,1,2,37,2,2,0.0,1.0,0.0,0.0,27.0,4.0,1.0,3.0,0.0,0
6571,13469,4.0,16,3,4,64,6,4,1.0,0.0,1.0,0.0,38.0,10.0,2.0,9.0,2.0,1
6572,19412,4.0,8,3,3,48,3,5,2.0,0.0,1.0,0.0,29.0,6.0,1.0,6.0,2.0,1
6573,8119,3.0,15,0,4,46,3,1,0.0,0.0,0.0,0.0,34.0,6.0,0.0,5.0,0.0,0
6574,8992,4.0,26,14,1,113,3,4,12.0,1.0,1.0,0.0,66.0,16.0,2.0,14.0,0.0,0
6575,17438,4.0,12,5,4,38,2,2,3.0,0.0,2.0,2.0,20.0,4.0,0.0,6.0,0.0,1
6576,17359,4.0,30,6,3,115,7,3,2.0,0.0,3.0,0.0,71.0,16.0,4.0,15.0,3.0,1
6577,6200,4.0,15,2,2,46,5,1,0.0,1.0,1.0,2.0,28.0,6.0,0.0,7.0,0.0,0
6578,15633,4.0,5,4,2,27,2,2,3.0,0.0,0.0,1.0,14.0,4.0,0.0,4.0,0.0,1
6579,69,4.0,22,28,5,132,7,4,23.0,0.0,5.0,2.0,63.0,15.0,3.0,17.0,3.0,0
6580,5367,3.0,17,0,2,51,2,3,0.0,0.0,0.0,0.0,40.0,5.0,0.0,5.0,0.0,0
6581,8084,4.0,18,6,2,55,3,3,5.0,0.0,1.0,0.0,35.0,6.0,1.0,6.0,0.0,0
6582,5682,4.0,9,1,2,35,3,2,0.0,1.0,0.0,1.0,22.0,5.0,0.0,5.0,0.0,0
6583,19200,4.0,14,0,2,40,3,2,0.0,0.0,0.0,0.0,28.0,6.0,0.0,5.0,0.0,1
6584,19959,4.0,8,0,3,38,4,3,0.0,0.0,0.0,0.0,23.0,6.0,0.0,6.0,2.0,1
6585,1680,5.0,25,30,3,131,6,2,13.0,16.0,1.0,16.0,63.0,10.0,1.0,10.0,0.0,0
6586,7557,3.0,7,1,1,34,3,3,0.0,1.0,0.0,1.0,19.0,6.0,0.0,6.0,0.0,0
6587,8569,4.0,10,2,1,35,3,2,1.0,0.0,1.0,1.0,24.0,3.0,0.0,4.0,0.0,0
6588,9661,3.0,8,2,2,25,2,1,1.0,0.0,1.0,1.0,16.0,2.0,0.0,3.0,0.0,0
6589,5961,3.0,10,0,1,24,2,1,0.0,0.0,0.0,0.0,19.0,2.0,0.0,2.0,0.0,0
6590,2603,4.0,9,0,1,24,3,1,0.0,0.0,0.0,0.0,17.0,3.0,0.0,3.0,0.0,0
6591,18325,4.0,56,84,2,245,8,7,56.0,26.0,1.0,28.0,96.0,17.0,0.0,18.0,2.0,1
6592,7868,3.0,14,0,1,46,3,2,0.0,0.0,0.0,0.0,35.0,5.0,0.0,5.0,0.0,0
6593,14449,4.0,6,8,3,57,7,3,6.0,0.0,1.0,1.0,27.0,9.0,1.0,9.0,2.0,1
6594,5413,4.0,21,0,1,84,5,6,0.0,0.0,0.0,0.0,51.0,15.0,0.0,15.0,2.0,0
6595,12697,3.0,6,0,3,33,4,3,0.0,0.0,0.0,0.0,18.0,6.0,0.0,6.0,2.0,1
6596,12422,4.0,18,0,3,54,3,1,0.0,0.0,0.0,0.0,41.0,6.0,0.0,6.0,0.0,1
6597,14770,4.0,12,9,3,56,3,5,4.0,1.0,4.0,0.0,32.0,5.0,5.0,4.0,0.0,1
6598,11283,4.0,16,3,3,69,4,7,1.0,0.0,2.0,1.0,44.0,8.0,1.0,9.0,2.0,1
6599,10918,4.0,18,0,1,63,6,4,0.0,0.0,0.0,0.0,42.0,9.0,0.0,9.0,2.0,1
6600,8669,4.0,16,16,2,58,4,2,14.0,1.0,0.0,1.0,29.0,6.0,1.0,5.0,0.0,0
6601,19339,4.0,28,3,3,95,4,6,2.0,0.0,1.0,0.0,62.0,13.0,1.0,13.0,2.0,1
6602,2283,4.0,13,0,1,38,3,2,0.0,0.0,0.0,0.0,29.0,4.0,0.0,4.0,0.0,0
6603,3732,3.0,12,0,2,29,2,1,0.0,0.0,0.0,0.0,22.0,3.0,0.0,3.0,0.0,0
6604,9045,4.0,7,0,2,28,3,1,0.0,0.0,0.0,0.0,19.0,4.0,0.0,4.0,0.0,0
6605,17286,3.0,8,0,1,28,1,0,0.0,0.0,0.0,0.0,25.0,1.0,0.0,1.0,0.0,1
6606,8943,5.0,26,21,2,142,7,5,14.0,2.0,5.0,3.0,69.0,13.0,4.0,14.0,17.0,0
6607,19438,3.0,4,0,3,25,2,1,0.0,0.0,0.0,0.0,16.0,4.0,0.0,4.0,0.0,1
6608,14224,3.0,8,0,3,28,3,2,0.0,0.0,0.0,0.0,17.0,5.0,0.0,4.0,1.0,1
6609,19746,4.0,20,2,3,69,7,3,1.0,0.0,0.0,0.0,43.0,11.0,1.0,10.0,2.0,1
6610,16819,4.0,24,4,2,90,8,3,2.0,0.0,2.0,0.0,53.0,14.0,2.0,14.0,2.0,1
6611,6620,4.0,28,4,2,80,6,1,2.0,0.0,1.0,0.0,53.0,11.0,2.0,10.0,0.0,0
6612,14499,4.0,25,5,3,90,8,3,3.0,0.0,1.0,0.0,54.0,14.0,2.0,13.0,2.0,1
6613,5127,3.0,11,0,1,31,2,1,0.0,0.0,0.0,0.0,26.0,2.0,0.0,2.0,0.0,0
6614,9327,4.0,15,4,1,43,3,2,3.0,0.0,1.0,0.0,27.0,5.0,1.0,5.0,0.0,0
6615,16586,4.0,49,6,3,150,8,3,3.0,0.0,2.0,0.0,96.0,22.0,3.0,21.0,2.0,1
6616,12756,3.0,7,1,3,26,2,1,0.0,0.0,1.0,1.0,16.0,3.0,0.0,4.0,0.0,1
6617,1545,4.0,30,9,4,93,4,1,8.0,0.0,0.0,1.0,62.0,9.0,0.0,9.0,3.0,0
6618,739,3.0,10,0,2,30,2,2,0.0,0.0,0.0,0.0,22.0,4.0,0.0,3.0,0.0,0
6619,11572,4.0,8,3,3,41,3,1,2.0,1.0,0.0,0.0,21.0,8.0,1.0,7.0,0.0,1
6620,10875,4.0,5,6,2,32,2,6,4.0,0.0,2.0,0.0,12.0,6.0,2.0,5.0,0.0,1
6621,1674,3.0,8,2,1,33,2,4,1.0,0.0,0.0,0.0,21.0,5.0,1.0,4.0,0.0,0
6622,2567,3.0,8,0,2,23,2,1,0.0,0.0,0.0,0.0,17.0,3.0,0.0,2.0,0.0,0
6623,6984,4.0,17,4,2,49,3,2,3.0,1.0,0.0,0.0,32.0,6.0,1.0,5.0,0.0,0
6624,6795,3.0,5,0,2,20,2,1,0.0,0.0,0.0,0.0,14.0,3.0,0.0,2.0,0.0,0
6625,11134,4.0,29,2,4,99,7,3,0.0,0.0,1.0,0.0,62.0,16.0,2.0,15.0,2.0,1
6626,3518,4.0,8,5,2,39,3,5,2.0,0.0,2.0,1.0,19.0,6.0,2.0,6.0,0.0,0
6627,13486,4.0,26,3,3,99,7,4,1.0,0.0,2.0,0.0,62.0,15.0,2.0,14.0,2.0,1
6628,10546,3.0,16,32,1,90,4,4,10.0,2.0,20.0,12.0,9.0,7.0,10.0,16.0,3.0,1
6629,4732,4.0,15,8,1,68,3,5,5.0,0.0,3.0,0.0,41.0,8.0,3.0,7.0,0.0,0
6630,16226,4.0,17,1,4,79,7,4,0.0,0.0,1.0,0.0,49.0,13.0,1.0,12.0,2.0,1
6631,773,4.0,20,8,1,84,3,2,5.0,0.0,3.0,0.0,47.0,13.0,3.0,12.0,0.0,0
6632,865,4.0,12,0,2,47,2,4,0.0,0.0,0.0,0.0,34.0,6.0,0.0,6.0,0.0,0
6633,8521,4.0,7,15,3,45,7,1,11.0,0.0,3.0,0.0,14.0,6.0,4.0,5.0,1.0,0
6634,5200,4.0,12,4,3,53,5,1,2.0,0.0,1.0,0.0,34.0,7.0,2.0,6.0,0.0,0
6635,17848,4.0,37,8,5,140,7,3,5.0,0.0,2.0,0.0,86.0,21.0,3.0,20.0,2.0,1
6636,641,3.0,11,0,2,26,3,1,0.0,0.0,0.0,0.0,18.0,4.0,0.0,3.0,0.0,0
6637,18,3.0,6,0,2,30,2,3,0.0,0.0,0.0,0.0,19.0,5.0,0.0,5.0,0.0,0
6638,13999,3.0,9,25,1,72,4,4,8.0,1.0,16.0,10.0,8.0,5.0,7.0,13.0,3.0,1
6639,11089,4.0,16,3,1,66,4,4,2.0,0.0,1.0,0.0,41.0,9.0,1.0,9.0,2.0,1
6640,3203,4.0,14,0,1,38,2,3,0.0,0.0,0.0,0.0,29.0,4.0,0.0,4.0,0.0,0
6641,7288,3.0,13,0,1,37,3,3,0.0,0.0,0.0,0.0,28.0,4.0,0.0,3.0,1.0,0
6642,12501,4.0,9,10,3,62,4,5,8.0,0.0,2.0,2.0,33.0,6.0,0.0,8.0,2.0,1
6643,5204,3.0,11,0,1,33,3,3,0.0,0.0,0.0,0.0,24.0,4.0,0.0,3.0,1.0,0
6644,9057,4.0,39,0,2,109,5,6,0.0,0.0,0.0,0.0,76.0,15.0,0.0,15.0,2.0,0
6645,11177,4.0,61,6,3,173,8,3,3.0,0.0,2.0,0.0,111.0,26.0,3.0,25.0,2.0,1
6646,19584,4.0,2,17,4,35,3,3,12.0,0.0,5.0,0.0,6.0,2.0,5.0,2.0,2.0,1
6647,15606,3.0,5,0,1,12,1,0,0.0,0.0,0.0,0.0,9.0,1.0,0.0,1.0,0.0,1
6648,6923,4.0,41,1,9,151,5,5,0.0,0.0,1.0,0.0,83.0,32.0,1.0,32.0,1.0,0
6649,3840,4.0,16,7,1,59,4,2,6.0,0.0,0.0,0.0,34.0,9.0,1.0,8.0,0.0,0
6650,16888,3.0,10,0,2,33,2,2,0.0,0.0,0.0,0.0,25.0,4.0,0.0,3.0,0.0,1
6651,11998,4.0,31,7,4,106,7,3,4.0,0.0,2.0,0.0,65.0,15.0,3.0,14.0,2.0,1
6652,11197,4.0,17,2,1,60,4,6,1.0,0.0,1.0,0.0,38.0,8.0,1.0,8.0,2.0,1
6653,9154,4.0,11,8,1,41,3,4,7.0,0.0,1.0,0.0,22.0,5.0,1.0,4.0,0.0,0
6654,19326,3.0,7,0,1,17,1,0,0.0,0.0,0.0,0.0,14.0,1.0,0.0,1.0,0.0,1
6655,12921,4.0,17,20,3,92,6,6,12.0,7.0,0.0,8.0,38.0,12.0,0.0,12.0,2.0,1
6656,6665,4.0,7,10,1,40,3,4,9.0,0.0,1.0,0.0,19.0,5.0,1.0,4.0,0.0,0
6657,3240,4.0,26,1,3,70,3,2,0.0,0.0,1.0,0.0,51.0,8.0,1.0,8.0,0.0,0
6658,18780,3.0,9,0,3,32,2,1,0.0,0.0,0.0,0.0,23.0,4.0,0.0,4.0,0.0,1
6659,3309,4.0,14,4,2,47,3,2,3.0,0.0,1.0,0.0,31.0,5.0,1.0,5.0,0.0,0
6660,10358,4.0,53,10,2,186,8,3,5.0,1.0,3.0,0.0,114.0,28.0,5.0,26.0,3.0,1
6661,363,5.0,10,26,6,90,7,5,19.0,4.0,3.0,4.0,29.0,12.0,3.0,12.0,3.0,0
6662,3723,4.0,10,6,1,38,2,2,5.0,0.0,0.0,0.0,26.0,3.0,1.0,2.0,0.0,0
6663,11017,3.0,9,0,2,30,2,2,0.0,0.0,0.0,0.0,22.0,4.0,0.0,3.0,0.0,1
6664,7670,3.0,10,3,2,51,3,4,2.0,1.0,0.0,0.0,29.0,9.0,0.0,9.0,0.0,0
6665,11789,4.0,20,0,2,67,7,4,0.0,0.0,0.0,0.0,44.0,10.0,0.0,10.0,2.0,1
6666,4726,4.0,26,18,2,103,4,4,11.0,6.0,1.0,2.0,59.0,11.0,5.0,7.0,0.0,0
6667,8738,4.0,10,5,2,42,4,1,4.0,0.0,0.0,0.0,27.0,5.0,1.0,4.0,0.0,0
6668,2940,3.0,14,0,1,43,3,3,0.0,0.0,0.0,0.0,33.0,5.0,0.0,4.0,0.0,0
6669,471,4.0,6,0,2,31,3,1,0.0,0.0,0.0,0.0,20.0,5.0,0.0,5.0,0.0,0
6670,1641,4.0,29,11,3,108,4,1,9.0,0.0,2.0,2.0,66.0,13.0,0.0,15.0,0.0,0
6671,18807,4.0,21,7,2,77,7,3,5.0,0.0,1.0,0.0,43.0,12.0,2.0,11.0,2.0,1
6672,18010,4.0,10,3,6,42,1,0,1.0,1.0,1.0,2.0,25.0,5.0,0.0,6.0,0.0,1
6673,18266,4.0,33,4,3,114,4,7,2.0,0.0,2.0,0.0,73.0,16.0,2.0,16.0,2.0,1
6674,13816,4.0,20,9,3,68,2,0,6.0,0.0,3.0,1.0,44.0,5.0,2.0,6.0,0.0,1
6675,1172,4.0,17,0,2,46,3,2,0.0,0.0,0.0,0.0,33.0,6.0,0.0,6.0,0.0,0
6676,15382,4.0,20,9,1,89,4,7,5.0,1.0,3.0,0.0,53.0,11.0,4.0,9.0,2.0,1
6677,6085,3.0,9,0,2,34,3,1,0.0,0.0,0.0,0.0,23.0,5.0,0.0,5.0,0.0,0
6678,9602,4.0,18,0,1,50,4,2,0.0,0.0,0.0,0.0,37.0,6.0,0.0,6.0,0.0,0
6679,18598,4.0,11,5,3,59,6,3,3.0,0.0,1.0,0.0,35.0,8.0,2.0,7.0,2.0,1
6680,14993,4.0,23,4,3,89,7,3,2.0,0.0,1.0,0.0,56.0,13.0,2.0,12.0,2.0,1
6681,3364,4.0,13,0,1,38,3,2,0.0,0.0,0.0,0.0,29.0,4.0,0.0,4.0,0.0,0
6682,17922,4.0,11,4,2,44,3,4,3.0,0.0,1.0,0.0,27.0,6.0,1.0,5.0,0.0,1
6683,13700,5.0,17,11,2,99,3,7,2.0,9.0,0.0,8.0,61.0,8.0,1.0,7.0,2.0,1
6684,12665,3.0,9,0,2,31,3,2,0.0,0.0,0.0,0.0,19.0,6.0,0.0,5.0,0.0,1
6685,1410,4.0,18,1,3,60,3,4,0.0,0.0,1.0,0.0,41.0,8.0,1.0,8.0,0.0,0
6686,12479,4.0,22,4,4,83,7,3,1.0,0.0,2.0,1.0,44.0,15.0,2.0,15.0,2.0,1
6687,15685,4.0,12,3,1,47,4,4,2.0,0.0,1.0,0.0,30.0,5.0,1.0,5.0,2.0,1
6688,6666,4.0,18,5,3,60,5,1,3.0,0.0,1.0,0.0,40.0,7.0,2.0,6.0,0.0,0
6689,11332,4.0,26,8,3,108,7,3,5.0,0.0,2.0,0.0,60.0,18.0,3.0,17.0,2.0,1
6690,8634,4.0,31,8,1,120,7,7,5.0,0.0,3.0,0.0,71.0,17.0,3.0,17.0,3.0,0
6691,17157,3.0,5,0,2,27,3,3,0.0,0.0,0.0,0.0,15.0,6.0,0.0,5.0,0.0,1
6692,815,4.0,21,0,1,83,7,4,0.0,0.0,0.0,0.0,54.0,13.0,0.0,13.0,2.0,0
6693,6500,3.0,7,0,2,24,2,1,0.0,0.0,0.0,0.0,17.0,3.0,0.0,3.0,0.0,0
6694,7322,3.0,5,0,2,13,2,1,0.0,0.0,0.0,0.0,7.0,3.0,0.0,2.0,0.0,0
6695,2131,4.0,22,11,2,94,5,3,4.0,2.0,5.0,3.0,41.0,15.0,4.0,16.0,3.0,0
6696,1797,3.0,5,0,1,14,2,1,0.0,0.0,0.0,0.0,10.0,2.0,0.0,1.0,0.0,0
6697,7727,4.0,15,4,2,56,3,3,3.0,0.0,1.0,0.0,38.0,6.0,1.0,6.0,0.0,0
6698,4575,3.0,7,0,1,19,2,1,0.0,0.0,0.0,0.0,15.0,2.0,0.0,1.0,0.0,0
6699,5190,4.0,10,0,2,32,3,2,0.0,0.0,0.0,0.0,22.0,5.0,0.0,4.0,0.0,0
6700,8167,3.0,4,0,1,10,2,1,0.0,0.0,0.0,0.0,6.0,2.0,0.0,1.0,0.0,0
6701,3122,3.0,24,1,1,72,3,4,0.0,1.0,0.0,1.0,45.0,12.0,0.0,12.0,0.0,0
6702,5365,3.0,7,0,1,21,2,1,0.0,0.0,0.0,0.0,17.0,2.0,0.0,1.0,0.0,0
6703,12410,4.0,11,0,2,53,3,7,0.0,0.0,0.0,0.0,35.0,8.0,0.0,7.0,2.0,1
6704,4275,4.0,13,7,1,51,3,5,4.0,2.0,1.0,0.0,29.0,7.0,3.0,4.0,0.0,0
6705,523,4.0,26,6,1,86,3,4,4.0,0.0,2.0,0.0,50.0,14.0,2.0,13.0,0.0,0
6706,3089,4.0,21,6,3,75,3,6,4.0,0.0,2.0,1.0,45.0,10.0,1.0,11.0,0.0,0
6707,14983,4.0,4,1,3,39,5,3,0.0,0.0,0.0,0.0,22.0,7.0,1.0,6.0,2.0,1
6708,11619,3.0,6,0,1,17,1,0,0.0,0.0,0.0,0.0,14.0,1.0,0.0,1.0,0.0,1
6709,19984,4.0,4,0,2,26,3,4,0.0,0.0,0.0,0.0,14.0,5.0,0.0,4.0,2.0,1
6710,15734,4.0,14,0,2,49,2,4,0.0,0.0,0.0,0.0,36.0,6.0,0.0,6.0,0.0,1
6711,5253,4.0,11,8,2,48,2,2,6.0,0.0,1.0,2.0,31.0,3.0,0.0,4.0,0.0,0
6712,18061,3.0,5,0,3,32,3,3,0.0,0.0,0.0,0.0,19.0,5.0,0.0,5.0,2.0,1
6713,1532,5.0,59,120,14,326,4,4,71.0,47.0,2.0,46.0,122.0,18.0,3.0,16.0,0.0,0
6714,11819,4.0,24,5,4,89,7,3,3.0,0.0,1.0,0.0,53.0,14.0,2.0,13.0,2.0,1
6715,13762,4.0,8,0,2,37,3,3,0.0,0.0,0.0,0.0,26.0,4.0,0.0,4.0,2.0,1
6716,11602,3.0,7,0,2,29,2,2,0.0,0.0,0.0,0.0,21.0,4.0,0.0,3.0,0.0,1
6717,2831,3.0,9,0,1,25,2,2,0.0,0.0,0.0,0.0,19.0,3.0,0.0,2.0,0.0,0
6718,8269,3.0,3,8,1,20,2,1,7.0,0.0,0.0,0.0,8.0,2.0,1.0,1.0,0.0,0
6719,9727,3.0,7,0,1,23,2,1,0.0,0.0,0.0,0.0,19.0,2.0,0.0,1.0,0.0,0
6720,7489,4.0,12,1,1,34,2,3,0.0,1.0,0.0,1.0,23.0,4.0,0.0,4.0,0.0,0
6721,12071,4.0,25,0,3,93,6,7,0.0,0.0,0.0,0.0,53.0,18.0,0.0,17.0,4.0,1
6722,13922,3.0,6,0,4,35,3,3,0.0,0.0,0.0,0.0,20.0,6.0,0.0,6.0,2.0,1
6723,17526,4.0,21,4,3,81,7,3,2.0,0.0,1.0,0.0,48.0,13.0,2.0,12.0,2.0,1
6724,13871,3.0,12,0,1,39,3,5,0.0,0.0,0.0,0.0,27.0,5.0,0.0,4.0,2.0,1
6725,1299,3.0,4,0,1,16,2,1,0.0,0.0,0.0,0.0,12.0,2.0,0.0,1.0,0.0,0
6726,6273,4.0,24,7,1,90,3,4,6.0,0.0,1.0,0.0,57.0,12.0,1.0,12.0,0.0,0
6727,5499,4.0,27,0,1,89,4,8,0.0,0.0,0.0,0.0,61.0,13.0,0.0,12.0,2.0,0
6728,15094,4.0,10,0,2,33,2,0,0.0,0.0,0.0,0.0,24.0,4.0,0.0,4.0,0.0,1
6729,3276,4.0,9,0,1,31,4,1,0.0,0.0,0.0,0.0,22.0,4.0,0.0,4.0,0.0,0
6730,9294,3.0,3,0,1,11,2,1,0.0,0.0,0.0,0.0,7.0,2.0,0.0,1.0,0.0,0
6731,6230,4.0,9,0,1,30,3,1,0.0,0.0,0.0,0.0,23.0,3.0,0.0,3.0,0.0,0
6732,1480,4.0,24,0,3,66,3,4,0.0,0.0,0.0,0.0,49.0,8.0,0.0,8.0,0.0,0
6733,18335,4.0,23,4,4,89,7,3,2.0,0.0,1.0,0.0,54.0,14.0,2.0,13.0,2.0,1
6734,1601,5.0,17,15,1,68,3,3,14.0,0.0,0.0,0.0,34.0,9.0,1.0,8.0,1.0,0
6735,10151,4.0,26,5,3,94,8,3,3.0,0.0,1.0,0.0,56.0,15.0,2.0,14.0,2.0,1
6736,5091,4.0,14,0,1,36,3,2,0.0,0.0,0.0,0.0,28.0,4.0,0.0,3.0,0.0,0
6737,7067,4.0,30,8,2,107,3,5,5.0,0.0,3.0,0.0,64.0,16.0,3.0,15.0,0.0,0
6738,16831,4.0,19,0,3,70,4,4,0.0,0.0,0.0,0.0,53.0,7.0,0.0,7.0,2.0,1
6739,10987,3.0,11,0,2,35,2,3,0.0,0.0,0.0,0.0,25.0,5.0,0.0,4.0,0.0,1
6740,19243,4.0,22,3,2,77,7,3,1.0,0.0,1.0,0.0,47.0,12.0,2.0,11.0,2.0,1
6741,15118,4.0,11,0,4,58,6,3,0.0,0.0,0.0,0.0,37.0,9.0,0.0,9.0,2.0,1
6742,14247,3.0,8,21,1,63,4,4,7.0,0.0,14.0,9.0,8.0,4.0,5.0,12.0,3.0,1
6743,3661,4.0,7,4,1,28,4,2,3.0,0.0,0.0,0.0,15.0,4.0,1.0,3.0,1.0,0
6744,6048,4.0,6,9,2,37,2,2,8.0,0.0,1.0,0.0,20.0,3.0,1.0,3.0,0.0,0
6745,8747,4.0,15,2,2,44,4,2,0.0,1.0,1.0,2.0,26.0,6.0,0.0,7.0,0.0,0
6746,4825,3.0,2,5,3,21,2,1,3.0,1.0,1.0,1.0,7.0,3.0,1.0,3.0,0.0,0
6747,9355,4.0,11,8,2,43,3,5,5.0,0.0,2.0,0.0,21.0,6.0,3.0,5.0,0.0,0
6748,5680,3.0,9,0,1,32,2,5,0.0,0.0,0.0,0.0,20.0,6.0,0.0,5.0,0.0,0
6749,11549,3.0,7,0,2,28,2,2,0.0,0.0,0.0,0.0,19.0,4.0,0.0,4.0,0.0,1
6750,12907,4.0,9,14,2,71,6,3,7.0,0.0,7.0,3.0,30.0,7.0,4.0,10.0,2.0,1
6751,397,4.0,15,4,2,54,4,2,2.0,0.0,2.0,1.0,35.0,5.0,1.0,6.0,1.0,0
6752,1537,4.0,16,0,2,42,3,2,0.0,0.0,0.0,0.0,31.0,5.0,0.0,5.0,0.0,0
6753,2506,4.0,22,3,5,69,3,3,2.0,0.0,1.0,1.0,48.0,7.0,0.0,8.0,1.0,0
6754,19928,4.0,20,2,3,72,8,3,1.0,0.0,0.0,0.0,42.0,13.0,1.0,12.0,2.0,1
6755,15777,4.0,11,5,3,48,4,4,3.0,1.0,1.0,1.0,26.0,6.0,1.0,6.0,2.0,1
6756,16131,4.0,18,3,4,77,6,6,0.0,0.0,2.0,0.0,48.0,11.0,3.0,10.0,2.0,1
6757,15039,4.0,23,4,3,87,7,3,2.0,0.0,1.0,0.0,54.0,13.0,2.0,12.0,2.0,1
6758,3010,3.0,7,0,1,21,2,1,0.0,0.0,0.0,0.0,17.0,2.0,0.0,1.0,0.0,0
6759,16581,4.0,28,4,4,94,7,3,2.0,0.0,1.0,0.0,59.0,14.0,2.0,13.0,2.0,1
6760,723,3.0,6,0,1,17,2,1,0.0,0.0,0.0,0.0,13.0,2.0,0.0,1.0,0.0,0
6761,300,4.0,19,6,3,80,3,3,4.0,0.0,2.0,0.0,51.0,10.0,2.0,10.0,0.0,0
6762,3192,4.0,19,5,2,62,4,2,1.0,1.0,3.0,3.0,33.0,8.0,1.0,10.0,1.0,0
6763,14582,4.0,20,5,2,79,7,3,3.0,0.0,1.0,0.0,47.0,12.0,2.0,11.0,2.0,1
6764,7328,4.0,13,0,1,38,3,2,0.0,0.0,0.0,0.0,29.0,4.0,0.0,4.0,0.0,0
6765,12486,4.0,14,0,3,55,4,4,0.0,0.0,0.0,0.0,36.0,8.0,0.0,8.0,2.0,1
6766,13369,4.0,2,17,4,35,3,3,12.0,0.0,5.0,0.0,6.0,2.0,5.0,2.0,2.0,1
6767,4185,4.0,18,6,2,61,3,6,4.0,0.0,2.0,0.0,34.0,9.0,2.0,9.0,0.0,0
6768,2713,4.0,8,1,1,31,5,1,0.0,1.0,0.0,1.0,18.0,5.0,0.0,5.0,0.0,0
6769,15135,4.0,13,0,2,39,2,1,0.0,0.0,0.0,0.0,32.0,3.0,0.0,3.0,0.0,1
6770,11496,4.0,8,15,2,66,4,5,8.0,0.0,7.0,0.0,23.0,5.0,7.0,5.0,10.0,1
6771,11334,4.0,16,0,2,63,4,8,0.0,0.0,0.0,0.0,41.0,10.0,0.0,9.0,2.0,1
6772,18991,4.0,7,0,5,33,2,1,0.0,0.0,0.0,0.0,20.0,6.0,0.0,6.0,0.0,1
6773,17345,4.0,16,0,2,51,3,4,0.0,0.0,0.0,0.0,38.0,5.0,0.0,5.0,2.0,1
6774,19064,4.0,16,16,3,77,5,4,14.0,0.0,2.0,0.0,40.0,8.0,2.0,8.0,2.0,1
6775,13147,4.0,13,0,3,63,4,5,0.0,0.0,0.0,0.0,42.0,9.0,0.0,9.0,2.0,1
6776,4582,3.0,4,0,1,15,2,1,0.0,0.0,0.0,0.0,10.0,2.0,0.0,2.0,0.0,0
6777,19081,5.0,32,31,3,281,7,3,4.0,27.0,0.0,27.0,195.0,13.0,0.0,12.0,2.0,1
6778,7367,3.0,7,0,2,27,2,1,0.0,0.0,0.0,0.0,21.0,3.0,0.0,2.0,0.0,0
6779,10681,4.0,19,8,5,103,5,6,6.0,2.0,0.0,2.0,67.0,11.0,0.0,11.0,3.0,1
6780,14947,4.0,16,0,2,52,4,2,0.0,0.0,0.0,0.0,39.0,6.0,0.0,6.0,0.0,1
6781,2511,3.0,8,1,2,26,3,2,0.0,0.0,1.0,0.0,16.0,4.0,0.0,4.0,0.0,0
6782,7433,4.0,12,0,1,44,3,3,0.0,0.0,0.0,0.0,33.0,5.0,0.0,5.0,0.0,0
6783,18144,3.0,4,0,3,23,2,1,0.0,0.0,0.0,0.0,14.0,4.0,0.0,4.0,0.0,1
6784,9344,4.0,15,8,2,71,3,5,5.0,0.0,3.0,0.0,46.0,7.0,3.0,6.0,0.0,0
6785,6965,4.0,13,1,4,52,3,7,0.0,0.0,1.0,1.0,29.0,9.0,0.0,10.0,1.0,0
6786,1212,4.0,15,0,1,42,3,2,0.0,0.0,0.0,0.0,33.0,4.0,0.0,4.0,0.0,0
6787,12695,4.0,21,0,3,65,4,6,0.0,0.0,0.0,0.0,45.0,9.0,0.0,8.0,2.0,1
6788,7055,4.0,14,11,2,68,3,5,7.0,0.0,4.0,0.0,40.0,6.0,4.0,6.0,0.0,0
6789,13394,3.0,9,1,3,27,2,2,0.0,0.0,1.0,1.0,16.0,4.0,0.0,4.0,0.0,1
6790,2349,4.0,20,10,2,75,3,2,8.0,0.0,2.0,0.0,46.0,8.0,2.0,8.0,0.0,0
6791,9261,4.0,41,28,17,176,7,4,16.0,10.0,2.0,11.0,89.0,21.0,1.0,22.0,3.0,0
6792,17114,3.0,11,0,3,36,2,2,0.0,0.0,0.0,0.0,25.0,5.0,0.0,5.0,0.0,1
6793,14123,4.0,12,0,1,46,4,6,0.0,0.0,0.0,0.0,30.0,7.0,0.0,6.0,2.0,1
6794,16999,4.0,12,9,3,56,4,4,3.0,5.0,1.0,5.0,26.0,6.0,1.0,6.0,2.0,1
6795,5427,3.0,13,1,4,44,2,2,0.0,0.0,1.0,1.0,30.0,5.0,0.0,6.0,0.0,0
6796,16895,4.0,20,10,3,92,9,3,5.0,1.0,4.0,0.0,47.0,14.0,5.0,13.0,2.0,1
6797,3426,3.0,4,0,1,20,2,1,0.0,0.0,0.0,0.0,16.0,2.0,0.0,1.0,0.0,0
6798,8857,4.0,8,0,1,31,5,1,0.0,0.0,0.0,0.0,20.0,5.0,0.0,5.0,0.0,0
6799,12854,4.0,13,20,6,104,8,3,11.0,6.0,3.0,7.0,46.0,12.0,2.0,13.0,3.0,1
6800,7216,4.0,30,0,1,82,7,3,0.0,0.0,0.0,0.0,57.0,12.0,0.0,12.0,0.0,0
6801,5994,4.0,13,4,1,48,3,3,2.0,1.0,1.0,1.0,30.0,6.0,1.0,5.0,0.0,0
6802,8834,4.0,26,2,6,100,6,8,0.0,0.0,1.0,2.0,56.0,19.0,0.0,20.0,1.0,0
6803,11070,4.0,20,2,7,111,7,12,0.0,0.0,1.0,2.0,58.0,21.0,0.0,22.0,6.0,1
6804,3767,4.0,15,18,1,68,2,3,10.0,7.0,1.0,7.0,36.0,3.0,1.0,2.0,0.0,0
6805,4272,3.0,6,0,1,16,2,1,0.0,0.0,0.0,0.0,12.0,2.0,0.0,1.0,0.0,0
6806,19684,4.0,22,4,4,85,7,3,2.0,0.0,1.0,0.0,50.0,14.0,2.0,13.0,2.0,1
6807,18233,3.0,5,0,3,28,2,2,0.0,0.0,0.0,0.0,17.0,5.0,0.0,5.0,0.0,1
6808,786,4.0,9,4,3,48,3,3,3.0,0.0,1.0,0.0,31.0,5.0,1.0,5.0,1.0,0
6809,11049,4.0,19,25,2,98,4,9,16.0,6.0,3.0,7.0,43.0,9.0,2.0,9.0,2.0,1
6810,19968,4.0,1,12,3,31,3,3,7.0,0.0,4.0,1.0,10.0,1.0,4.0,1.0,2.0,1
6811,16651,4.0,46,6,2,158,8,3,2.0,0.0,3.0,0.0,100.0,23.0,4.0,22.0,3.0,1
6812,14598,3.0,13,3,2,37,1,0,2.0,1.0,0.0,0.0,29.0,2.0,1.0,1.0,0.0,1
6813,6481,4.0,10,0,1,27,3,1,0.0,0.0,0.0,0.0,20.0,3.0,0.0,3.0,0.0,0
6814,12379,4.0,7,3,2,40,3,4,0.0,2.0,1.0,3.0,22.0,4.0,0.0,5.0,2.0,1
6815,7853,3.0,7,0,1,22,2,1,0.0,0.0,0.0,0.0,18.0,2.0,0.0,1.0,0.0,0
6816,18855,4.0,13,0,1,40,2,0,0.0,0.0,0.0,0.0,29.0,5.0,0.0,5.0,0.0,1
6817,16622,4.0,33,1,3,118,4,4,0.0,0.0,1.0,0.0,85.0,14.0,1.0,14.0,2.0,1
6818,13016,4.0,12,3,2,43,3,4,1.0,2.0,0.0,1.0,26.0,5.0,1.0,4.0,2.0,1
6819,2905,4.0,22,2,7,98,6,8,0.0,0.0,1.0,2.0,54.0,19.0,0.0,20.0,1.0,0
6820,4626,3.0,20,0,2,48,3,1,0.0,0.0,0.0,0.0,39.0,4.0,0.0,4.0,0.0,0
6821,16974,3.0,10,0,3,40,3,4,0.0,0.0,0.0,0.0,23.0,8.0,0.0,8.0,0.0,1
6822,996,4.0,23,0,8,65,2,4,0.0,0.0,0.0,0.0,40.0,12.0,0.0,12.0,0.0,0
6823,17558,2.0,7,0,2,14,1,0,0.0,0.0,0.0,0.0,9.0,2.0,0.0,2.0,0.0,1
6824,154,4.0,11,6,2,44,3,3,4.0,0.0,2.0,0.0,25.0,5.0,2.0,5.0,0.0,0
6825,7246,3.0,5,0,1,19,3,1,0.0,0.0,0.0,0.0,13.0,3.0,0.0,2.0,0.0,0
6826,11468,4.0,10,0,3,46,2,3,0.0,0.0,0.0,0.0,33.0,6.0,0.0,6.0,0.0,1
6827,6250,4.0,7,7,3,44,4,3,6.0,0.0,0.0,0.0,21.0,8.0,1.0,7.0,0.0,0
6828,14923,4.0,5,3,1,26,2,0,1.0,2.0,0.0,2.0,13.0,3.0,0.0,3.0,1.0,1
6829,8055,4.0,10,1,2,36,4,1,0.0,0.0,1.0,0.0,23.0,5.0,1.0,5.0,0.0,0
6830,19550,4.0,17,4,1,64,4,4,3.0,0.0,1.0,1.0,39.0,8.0,0.0,9.0,2.0,1
6831,5523,4.0,17,4,2,64,3,3,3.0,0.0,1.0,0.0,38.0,10.0,1.0,10.0,0.0,0
6832,17491,4.0,23,18,3,110,5,8,15.0,0.0,3.0,0.0,66.0,10.0,3.0,10.0,2.0,1
6833,7505,3.0,10,0,1,31,4,1,0.0,0.0,0.0,0.0,22.0,4.0,0.0,4.0,0.0,0
6834,8926,3.0,2,0,1,16,2,3,0.0,0.0,0.0,0.0,8.0,4.0,0.0,3.0,0.0,0
6835,156,4.0,15,0,3,50,3,3,0.0,0.0,0.0,0.0,36.0,7.0,0.0,6.0,0.0,0
6836,16148,5.0,11,11,4,62,3,4,6.0,0.0,4.0,1.0,38.0,3.0,4.0,3.0,2.0,1
6837,3085,4.0,6,4,2,33,2,2,2.0,1.0,1.0,2.0,19.0,3.0,0.0,4.0,0.0,0
6838,17324,4.0,19,6,2,71,3,3,5.0,0.0,1.0,0.0,43.0,10.0,1.0,10.0,0.0,1
6839,1552,3.0,6,0,3,26,2,1,0.0,0.0,0.0,0.0,17.0,4.0,0.0,4.0,0.0,0
6840,13393,4.0,6,2,1,33,3,4,0.0,2.0,0.0,2.0,18.0,4.0,0.0,4.0,2.0,1
6841,14353,4.0,38,80,2,225,8,5,52.0,28.0,0.0,26.0,84.0,16.0,2.0,14.0,2.0,1
6842,15917,4.0,23,0,3,77,7,3,0.0,0.0,0.0,0.0,47.0,14.0,0.0,13.0,2.0,1
6843,11987,3.0,7,0,1,19,1,0,0.0,0.0,0.0,0.0,16.0,1.0,0.0,1.0,0.0,1
6844,495,3.0,17,0,1,48,4,2,0.0,0.0,0.0,0.0,37.0,5.0,0.0,5.0,0.0,0
6845,2321,4.0,9,2,2,29,2,1,1.0,0.0,0.0,1.0,20.0,3.0,0.0,3.0,0.0,0
6846,912,4.0,27,5,3,83,6,1,3.0,0.0,2.0,0.0,57.0,9.0,2.0,9.0,0.0,0
6847,14803,4.0,3,13,3,33,3,4,8.0,0.0,4.0,1.0,9.0,2.0,4.0,2.0,2.0,1
6848,8777,4.0,28,10,1,81,3,3,9.0,0.0,0.0,0.0,53.0,9.0,1.0,8.0,0.0,0
6849,151,3.0,11,1,2,42,2,4,0.0,0.0,1.0,1.0,28.0,5.0,0.0,6.0,0.0,0
6850,14379,4.0,27,3,2,97,8,3,1.0,0.0,1.0,0.0,61.0,15.0,2.0,14.0,2.0,1
6851,17201,3.0,7,0,3,30,2,1,0.0,0.0,0.0,0.0,21.0,4.0,0.0,4.0,0.0,1
6852,16769,3.0,9,0,3,45,3,4,0.0,0.0,0.0,0.0,30.0,6.0,0.0,6.0,2.0,1
6853,1364,4.0,11,0,4,44,6,1,0.0,0.0,0.0,0.0,26.0,8.0,0.0,8.0,1.0,0
6854,1738,4.0,12,0,2,40,5,2,0.0,0.0,0.0,0.0,25.0,7.0,0.0,7.0,0.0,0
6855,3001,3.0,4,8,1,18,2,1,7.0,0.0,0.0,0.0,6.0,2.0,1.0,1.0,0.0,0
6856,12455,3.0,10,0,1,34,3,5,0.0,0.0,0.0,0.0,22.0,5.0,0.0,4.0,2.0,1
6857,9309,4.0,22,21,4,98,3,6,12.0,7.0,1.0,8.0,48.0,10.0,1.0,10.0,0.0,0
6858,17605,3.0,8,0,2,26,2,1,0.0,0.0,0.0,0.0,19.0,3.0,0.0,3.0,0.0,1
6859,6961,4.0,23,6,3,79,5,2,5.0,0.0,0.0,0.0,55.0,9.0,1.0,8.0,0.0,0
6860,19023,3.0,9,0,3,40,3,2,0.0,0.0,0.0,0.0,27.0,6.0,0.0,6.0,0.0,1
6861,2883,4.0,18,9,1,77,3,5,5.0,1.0,3.0,1.0,38.0,13.0,3.0,12.0,0.0,0
6862,3720,3.0,3,9,1,22,3,1,8.0,0.0,0.0,0.0,7.0,3.0,1.0,2.0,0.0,0
6863,7127,5.0,23,14,3,101,3,5,12.0,0.0,2.0,1.0,63.0,10.0,1.0,11.0,0.0,0
6864,9533,4.0,45,18,3,145,6,4,14.0,1.0,3.0,0.0,97.0,13.0,4.0,12.0,0.0,0
6865,10235,4.0,31,4,4,109,7,3,1.0,0.0,2.0,1.0,68.0,16.0,2.0,16.0,2.0,1
6866,888,4.0,18,6,3,77,3,3,4.0,0.0,2.0,0.0,50.0,9.0,2.0,9.0,0.0,0
6867,5471,4.0,14,6,1,50,3,5,4.0,0.0,2.0,0.0,31.0,5.0,2.0,5.0,0.0,0
6868,3201,4.0,13,2,3,45,2,2,1.0,1.0,0.0,0.0,32.0,5.0,1.0,4.0,0.0,0
6869,15875,4.0,13,19,2,65,4,4,10.0,9.0,0.0,8.0,23.0,6.0,1.0,5.0,2.0,1
6870,10468,4.0,15,0,2,51,3,5,0.0,0.0,0.0,0.0,36.0,6.0,0.0,6.0,2.0,1
6871,4823,4.0,10,2,2,38,3,2,1.0,1.0,0.0,0.0,25.0,5.0,1.0,4.0,0.0,0
6872,4704,3.0,10,0,3,31,2,3,0.0,0.0,0.0,0.0,18.0,6.0,0.0,6.0,0.0,0
6873,12653,4.0,16,1,4,61,5,5,0.0,1.0,0.0,0.0,39.0,9.0,1.0,7.0,3.0,1
6874,343,3.0,11,0,1,36,2,2,0.0,0.0,0.0,0.0,30.0,3.0,0.0,2.0,0.0,0
6875,12716,5.0,28,19,3,144,5,4,3.0,14.0,2.0,16.0,91.0,7.0,0.0,8.0,2.0,1
6876,4136,4.0,12,0,2,44,2,3,0.0,0.0,0.0,0.0,33.0,5.0,0.0,5.0,0.0,0
6877,3237,3.0,10,0,1,29,2,1,0.0,0.0,0.0,0.0,25.0,2.0,0.0,1.0,0.0,0
6878,3188,4.0,23,0,3,71,3,2,0.0,0.0,0.0,0.0,48.0,11.0,0.0,11.0,0.0,0
6879,4522,4.0,16,8,1,72,4,1,6.0,0.0,1.0,1.0,44.0,9.0,1.0,9.0,0.0,0
6880,2223,3.0,3,1,3,27,2,2,0.0,1.0,0.0,0.0,15.0,5.0,1.0,4.0,0.0,0
6881,12388,3.0,8,0,3,40,3,3,0.0,0.0,0.0,0.0,27.0,5.0,0.0,5.0,2.0,1
6882,16132,4.0,9,16,2,54,4,4,9.0,5.0,2.0,5.0,20.0,4.0,2.0,4.0,2.0,1
6883,2121,4.0,10,7,1,43,3,6,3.0,1.0,3.0,1.0,22.0,5.0,3.0,4.0,0.0,0
6884,6858,4.0,10,8,2,60,3,8,5.0,0.0,3.0,0.0,30.0,9.0,3.0,9.0,0.0,0
6885,992,4.0,31,16,2,117,3,7,12.0,1.0,3.0,0.0,73.0,12.0,4.0,11.0,0.0,0
6886,13273,4.0,5,4,2,27,2,2,3.0,0.0,0.0,1.0,14.0,4.0,0.0,4.0,0.0,1
6887,17708,4.0,5,0,4,32,3,2,0.0,0.0,0.0,0.0,17.0,7.0,0.0,7.0,0.0,1
6888,15835,4.0,14,0,2,53,4,5,0.0,0.0,0.0,0.0,32.0,9.0,0.0,9.0,2.0,1
6889,19781,5.0,54,42,2,259,10,8,20.0,19.0,3.0,19.0,149.0,20.0,3.0,20.0,5.0,1
6890,15503,4.0,14,2,3,53,4,4,1.0,0.0,1.0,0.0,35.0,6.0,1.0,6.0,2.0,1
6891,10252,3.0,8,0,2,28,2,3,0.0,0.0,0.0,0.0,18.0,5.0,0.0,4.0,0.0,1
6892,7366,4.0,13,5,1,45,4,3,4.0,0.0,1.0,0.0,29.0,5.0,1.0,4.0,0.0,0
6893,6257,4.0,12,0,5,55,2,6,0.0,0.0,0.0,0.0,33.0,10.0,0.0,10.0,1.0,0
6894,4734,4.0,14,0,1,41,3,2,0.0,0.0,0.0,0.0,32.0,4.0,0.0,4.0,0.0,0
6895,18405,3.0,9,25,1,72,4,4,8.0,1.0,16.0,10.0,8.0,5.0,7.0,13.0,3.0,1
6896,1465,4.0,19,0,3,57,3,4,0.0,0.0,0.0,0.0,40.0,8.0,0.0,8.0,0.0,0
6897,4593,4.0,15,37,1,89,3,7,35.0,0.0,1.0,0.0,37.0,6.0,2.0,5.0,2.0,0
6898,18746,4.0,13,0,1,39,3,3,0.0,0.0,0.0,0.0,30.0,3.0,0.0,3.0,2.0,1
6899,3565,3.0,5,0,1,18,2,1,0.0,0.0,0.0,0.0,13.0,2.0,0.0,2.0,0.0,0
6900,12095,4.0,20,8,2,96,8,3,4.0,0.0,4.0,2.0,51.0,14.0,2.0,16.0,2.0,1
6901,5840,4.0,16,0,3,52,2,4,0.0,0.0,0.0,0.0,37.0,7.0,0.0,7.0,0.0,0
6902,283,4.0,8,2,1,31,4,1,0.0,2.0,0.0,2.0,18.0,4.0,0.0,4.0,0.0,0
6903,19303,4.0,7,0,3,28,2,1,0.0,0.0,0.0,0.0,19.0,4.0,0.0,4.0,0.0,1
6904,13663,4.0,22,0,2,64,4,3,0.0,0.0,0.0,0.0,49.0,6.0,0.0,6.0,2.0,1
6905,11790,4.0,10,0,3,39,2,4,0.0,0.0,0.0,0.0,25.0,7.0,0.0,6.0,0.0,1
6906,6175,3.0,3,8,1,20,2,1,7.0,0.0,0.0,0.0,8.0,2.0,1.0,1.0,0.0,0
6907,16638,3.0,4,3,2,20,2,2,2.0,0.0,1.0,0.0,10.0,3.0,1.0,2.0,0.0,1
6908,8911,3.0,8,2,3,26,2,1,1.0,0.0,1.0,1.0,15.0,3.0,0.0,4.0,0.0,0
6909,4151,3.0,10,0,1,33,3,4,0.0,0.0,0.0,0.0,21.0,6.0,0.0,5.0,0.0,0
6910,19679,4.0,13,0,3,46,4,2,0.0,0.0,0.0,0.0,32.0,6.0,0.0,6.0,1.0,1
6911,14729,4.0,11,0,2,39,3,3,0.0,0.0,0.0,0.0,29.0,4.0,0.0,3.0,2.0,1
6912,13502,3.0,16,29,1,99,4,4,7.0,4.0,18.0,13.0,12.0,12.0,9.0,20.0,3.0,1
6913,10313,4.0,34,0,15,112,2,0,0.0,0.0,0.0,0.0,77.0,17.0,0.0,17.0,0.0,1
6914,13574,5.0,32,29,3,245,9,3,5.0,24.0,0.0,23.0,160.0,15.0,1.0,13.0,3.0,1
6915,7376,4.0,27,2,8,114,6,8,0.0,0.0,2.0,2.0,62.0,22.0,0.0,24.0,1.0,0
6916,13972,4.0,25,5,3,92,7,4,2.0,0.0,2.0,1.0,56.0,13.0,2.0,13.0,2.0,1
6917,19320,4.0,13,0,2,46,3,5,0.0,0.0,0.0,0.0,32.0,6.0,0.0,5.0,2.0,1
6918,13204,4.0,58,117,4,276,7,8,79.0,35.0,2.0,37.0,82.0,18.0,1.0,19.0,2.0,1
6919,8861,4.0,6,10,2,33,3,2,8.0,0.0,2.0,0.0,15.0,3.0,2.0,2.0,0.0,0
6920,14337,4.0,25,3,2,88,7,3,2.0,0.0,0.0,0.0,61.0,11.0,1.0,10.0,2.0,1
6921,3161,4.0,8,6,1,34,3,4,4.0,0.0,2.0,0.0,18.0,4.0,2.0,3.0,0.0,0
6922,2630,3.0,4,0,1,15,2,1,0.0,0.0,0.0,0.0,11.0,2.0,0.0,1.0,0.0,0
6923,17860,3.0,19,1,1,55,3,6,0.0,0.0,1.0,1.0,40.0,5.0,0.0,5.0,2.0,1
6924,3174,4.0,30,2,2,89,2,11,0.0,1.0,1.0,2.0,60.0,12.0,0.0,12.0,0.0,0
6925,2565,4.0,34,3,4,149,6,8,0.0,0.0,2.0,0.0,98.0,22.0,3.0,21.0,2.0,0
6926,17889,3.0,2,15,4,33,3,3,10.0,0.0,5.0,0.0,6.0,2.0,5.0,2.0,2.0,1
6927,1203,4.0,21,0,2,64,3,3,0.0,0.0,0.0,0.0,49.0,7.0,0.0,7.0,0.0,0
6928,6413,4.0,27,7,1,101,4,4,6.0,0.0,1.0,0.0,64.0,13.0,1.0,13.0,2.0,0
6929,16536,4.0,27,4,3,98,8,4,2.0,0.0,1.0,0.0,59.0,16.0,2.0,15.0,2.0,1
6930,616,4.0,25,76,4,156,2,5,71.0,5.0,0.0,4.0,58.0,9.0,1.0,7.0,0.0,0
6931,10118,4.0,31,20,3,121,4,7,11.0,8.0,1.0,9.0,63.0,13.0,0.0,13.0,2.0,1
6932,3114,4.0,37,6,2,115,3,3,4.0,0.0,2.0,0.0,76.0,15.0,2.0,15.0,0.0,0
6933,10833,4.0,26,0,3,70,2,0,0.0,0.0,0.0,0.0,59.0,5.0,0.0,5.0,0.0,1
6934,18035,3.0,5,0,2,23,3,2,0.0,0.0,0.0,0.0,13.0,5.0,0.0,4.0,0.0,1
6935,19277,4.0,25,5,3,86,8,3,2.0,1.0,1.0,1.0,51.0,13.0,2.0,12.0,2.0,1
6936,7481,4.0,14,0,2,49,3,2,0.0,0.0,0.0,0.0,36.0,6.0,0.0,6.0,0.0,0
6937,18112,4.0,9,0,3,35,2,2,0.0,0.0,0.0,0.0,24.0,5.0,0.0,5.0,0.0,1
6938,15250,4.0,41,7,4,119,4,6,5.0,1.0,1.0,1.0,81.0,13.0,1.0,13.0,2.0,1
6939,14240,3.0,5,0,3,32,2,2,0.0,0.0,0.0,0.0,21.0,5.0,0.0,5.0,0.0,1
6940,2728,4.0,15,7,1,49,3,3,6.0,0.0,0.0,1.0,27.0,7.0,0.0,7.0,0.0,0
6941,13821,4.0,37,4,3,120,8,3,1.0,0.0,2.0,0.0,70.0,21.0,3.0,20.0,2.0,1
6942,2460,4.0,13,5,4,53,3,3,4.0,0.0,1.0,0.0,32.0,7.0,1.0,7.0,0.0,0
6943,10318,4.0,9,0,2,37,3,4,0.0,0.0,0.0,0.0,24.0,5.0,0.0,5.0,2.0,1
6944,11810,4.0,24,10,3,105,7,3,6.0,0.0,3.0,0.0,60.0,15.0,4.0,14.0,2.0,1
6945,18192,4.0,10,0,2,37,2,2,0.0,0.0,0.0,0.0,28.0,4.0,0.0,4.0,0.0,1
6946,16201,4.0,41,10,5,166,8,3,7.0,0.0,3.0,0.0,104.0,23.0,3.0,23.0,2.0,1
6947,1357,4.0,9,5,1,32,4,1,4.0,0.0,0.0,0.0,20.0,3.0,1.0,2.0,1.0,0
6948,15663,4.0,15,9,5,71,4,5,5.0,0.0,4.0,0.0,37.0,9.0,4.0,9.0,2.0,1
6949,7798,3.0,7,0,1,21,2,1,0.0,0.0,0.0,0.0,17.0,2.0,0.0,1.0,0.0,0
6950,8997,4.0,7,2,2,46,4,4,1.0,0.0,1.0,1.0,27.0,7.0,0.0,8.0,0.0,0
6951,12886,4.0,30,4,2,99,8,3,1.0,0.0,2.0,0.0,61.0,15.0,3.0,14.0,2.0,1
6952,17623,4.0,10,7,3,49,4,3,5.0,0.0,1.0,0.0,27.0,7.0,2.0,6.0,0.0,1
6953,7776,4.0,20,1,2,90,7,4,0.0,0.0,1.0,0.0,57.0,14.0,1.0,14.0,2.0,0
6954,1590,4.0,18,4,2,50,3,2,3.0,0.0,1.0,0.0,32.0,6.0,1.0,6.0,0.0,0
6955,19728,3.0,2,0,2,10,1,0,0.0,0.0,0.0,0.0,5.0,2.0,0.0,2.0,0.0,1
6956,3140,3.0,14,0,2,46,3,2,0.0,0.0,0.0,0.0,35.0,5.0,0.0,5.0,0.0,0
6957,12472,3.0,9,0,3,35,2,2,0.0,0.0,0.0,0.0,24.0,5.0,0.0,5.0,0.0,1
6958,5338,4.0,9,0,1,31,5,1,0.0,0.0,0.0,0.0,19.0,5.0,0.0,5.0,1.0,0
6959,8895,3.0,10,0,2,25,2,2,0.0,0.0,0.0,0.0,17.0,4.0,0.0,3.0,0.0,0
6960,8758,4.0,8,17,1,86,7,6,1.0,0.0,15.0,14.0,16.0,10.0,2.0,23.0,4.0,0
6961,14058,4.0,37,11,3,133,8,3,7.0,0.0,3.0,0.0,79.0,19.0,4.0,18.0,2.0,1
6962,547,4.0,27,0,1,78,3,3,0.0,0.0,0.0,0.0,52.0,13.0,0.0,12.0,0.0,0
6963,7118,4.0,7,4,1,31,2,3,3.0,0.0,0.0,0.0,19.0,4.0,1.0,3.0,0.0,0
6964,7264,4.0,27,0,2,87,5,1,0.0,0.0,0.0,0.0,62.0,12.0,0.0,12.0,0.0,0
6965,6937,3.0,5,0,3,29,2,1,0.0,0.0,0.0,0.0,20.0,4.0,0.0,4.0,0.0,0
6966,26,3.0,10,0,3,29,2,2,0.0,0.0,0.0,0.0,18.0,5.0,0.0,5.0,0.0,0
6967,1067,4.0,25,8,2,86,6,2,5.0,0.0,3.0,0.0,54.0,9.0,3.0,9.0,2.0,0
6968,3918,4.0,17,11,3,68,3,3,7.0,1.0,3.0,1.0,36.0,8.0,3.0,8.0,0.0,0
6969,12678,3.0,5,0,1,12,1,0,0.0,0.0,0.0,0.0,9.0,1.0,0.0,1.0,0.0,1
6970,6604,3.0,6,6,1,22,2,1,5.0,0.0,0.0,0.0,12.0,2.0,1.0,1.0,0.0,0
6971,5529,3.0,25,0,1,63,3,1,0.0,0.0,0.0,0.0,50.0,6.0,0.0,6.0,0.0,0
6972,6678,4.0,7,19,1,43,2,4,17.0,0.0,2.0,0.0,16.0,3.0,2.0,2.0,0.0,0
6973,5398,4.0,11,4,1,35,2,2,3.0,0.0,0.0,0.0,25.0,3.0,1.0,2.0,0.0,0
6974,11360,5.0,16,4,2,82,6,6,0.0,4.0,0.0,3.0,52.0,10.0,1.0,9.0,2.0,1
6975,14131,4.0,8,6,3,47,4,4,4.0,0.0,2.0,1.0,25.0,5.0,1.0,6.0,2.0,1
6976,8081,4.0,19,0,1,50,3,2,0.0,0.0,0.0,0.0,35.0,7.0,0.0,7.0,0.0,0
6977,9413,4.0,20,8,2,78,4,3,6.0,0.0,2.0,0.0,47.0,10.0,2.0,10.0,0.0,0
6978,15732,4.0,38,14,2,139,8,4,9.0,0.0,4.0,0.0,83.0,18.0,5.0,17.0,2.0,1
6979,10740,4.0,5,0,1,27,3,3,0.0,0.0,0.0,0.0,18.0,3.0,0.0,3.0,2.0,1
6980,19495,4.0,37,6,6,142,7,3,3.0,0.0,2.0,0.0,88.0,22.0,3.0,21.0,2.0,1
6981,437,4.0,10,6,3,46,3,3,4.0,0.0,2.0,0.0,27.0,5.0,2.0,5.0,0.0,0
6982,14714,3.0,5,0,2,30,3,2,0.0,0.0,0.0,0.0,19.0,5.0,0.0,5.0,0.0,1
6983,11112,4.0,24,1,2,84,7,3,0.0,0.0,1.0,0.0,55.0,12.0,1.0,12.0,2.0,1
6984,19124,4.0,8,0,2,35,3,3,0.0,0.0,0.0,0.0,24.0,4.0,0.0,4.0,2.0,1
6985,5269,3.0,11,0,1,31,2,4,0.0,0.0,0.0,0.0,20.0,5.0,0.0,5.0,0.0,0
6986,1861,4.0,13,0,2,45,4,3,0.0,0.0,0.0,0.0,28.0,8.0,0.0,8.0,0.0,0
6987,10891,4.0,29,11,2,101,4,10,7.0,3.0,1.0,4.0,60.0,11.0,0.0,12.0,2.0,1
6988,16745,4.0,22,5,3,85,8,3,3.0,0.0,1.0,0.0,49.0,14.0,2.0,13.0,2.0,1
6989,8316,4.0,8,0,1,33,3,2,0.0,0.0,0.0,0.0,24.0,4.0,0.0,4.0,0.0,0
6990,10673,4.0,25,4,2,85,7,3,2.0,0.0,1.0,0.0,54.0,12.0,2.0,11.0,2.0,1
6991,9225,4.0,36,8,3,134,4,9,5.0,0.0,3.0,0.0,90.0,15.0,3.0,15.0,2.0,0
6992,1,4.0,23,8,2,93,4,4,6.0,0.0,2.0,0.0,44.0,18.0,2.0,18.0,2.0,0
6993,2706,4.0,74,0,11,221,6,6,0.0,0.0,0.0,0.0,172.0,23.0,0.0,23.0,2.0,0
6994,18434,3.0,13,0,3,48,3,5,0.0,0.0,0.0,0.0,31.0,7.0,0.0,7.0,2.0,1
6995,8518,4.0,15,5,1,45,3,2,4.0,0.0,1.0,0.0,32.0,3.0,1.0,3.0,0.0,0
6996,13327,4.0,37,91,7,247,8,7,49.0,38.0,4.0,37.0,74.0,18.0,5.0,17.0,4.0,1
6997,5325,4.0,14,13,3,59,3,3,10.0,0.0,3.0,0.0,32.0,5.0,3.0,5.0,0.0,0
6998,10691,4.0,11,3,5,56,1,0,0.0,3.0,0.0,3.0,39.0,5.0,0.0,5.0,0.0,1
6999,9196,4.0,23,14,1,101,4,7,12.0,0.0,2.0,0.0,53.0,15.0,2.0,14.0,2.0,0
7000,6957,4.0,9,2,1,31,4,1,0.0,2.0,0.0,2.0,18.0,4.0,0.0,4.0,0.0,0
7001,7329,4.0,12,9,2,46,3,2,8.0,0.0,1.0,0.0,25.0,5.0,1.0,5.0,0.0,0
7002,5966,5.0,68,45,3,371,9,3,10.0,32.0,3.0,26.0,239.0,27.0,9.0,21.0,3.0,0
7003,14488,5.0,19,0,2,65,7,6,0.0,0.0,0.0,0.0,41.0,10.0,0.0,10.0,3.0,1
7004,14935,4.0,19,3,3,75,7,3,1.0,0.0,1.0,1.0,46.0,11.0,1.0,11.0,2.0,1
7005,4011,4.0,17,0,1,54,3,2,0.0,0.0,0.0,0.0,39.0,7.0,0.0,7.0,0.0,0
7006,3462,4.0,18,0,5,64,5,2,0.0,0.0,0.0,0.0,43.0,10.0,0.0,10.0,0.0,0
7007,534,5.0,11,22,1,99,3,4,8.0,13.0,1.0,13.0,51.0,6.0,1.0,5.0,0.0,0
7008,16164,4.0,7,0,2,31,2,2,0.0,0.0,0.0,0.0,23.0,4.0,0.0,3.0,0.0,1
7009,12152,3.0,5,0,3,37,3,3,0.0,0.0,0.0,0.0,24.0,5.0,0.0,5.0,2.0,1
7010,5823,4.0,7,0,2,33,2,1,0.0,0.0,0.0,0.0,26.0,3.0,0.0,3.0,0.0,0
7011,585,4.0,12,15,1,52,4,3,14.0,0.0,1.0,0.0,25.0,5.0,1.0,5.0,0.0,0
7012,11875,4.0,21,31,2,115,6,5,21.0,8.0,1.0,9.0,54.0,9.0,1.0,9.0,2.0,1
7013,12352,4.0,27,1,4,101,4,5,0.0,0.0,1.0,0.0,64.0,16.0,1.0,16.0,2.0,1
7014,16884,4.0,10,0,2,45,4,4,0.0,0.0,0.0,0.0,28.0,7.0,0.0,7.0,2.0,1
7015,14740,4.0,29,9,3,118,8,3,3.0,0.0,6.0,1.0,66.0,17.0,5.0,17.0,2.0,1
7016,14580,3.0,5,0,2,21,2,1,0.0,0.0,0.0,0.0,14.0,3.0,0.0,3.0,0.0,1
7017,16513,4.0,20,6,3,88,4,9,3.0,1.0,2.0,2.0,53.0,11.0,1.0,12.0,2.0,1
7018,8683,3.0,6,0,1,20,2,1,0.0,0.0,0.0,0.0,15.0,2.0,0.0,2.0,0.0,0
7019,9743,4.0,22,0,4,77,2,9,0.0,0.0,0.0,0.0,50.0,13.0,0.0,13.0,0.0,0
7020,6362,4.0,15,0,2,52,5,2,0.0,0.0,0.0,0.0,37.0,7.0,0.0,7.0,0.0,0
7021,9088,4.0,23,0,2,67,3,2,0.0,0.0,0.0,0.0,46.0,10.0,0.0,10.0,0.0,0
7022,14000,3.0,5,3,2,26,2,2,2.0,0.0,0.0,1.0,14.0,4.0,0.0,4.0,0.0,1
7023,6464,4.0,21,4,1,82,3,2,3.0,0.0,1.0,0.0,57.0,10.0,1.0,9.0,0.0,0
7024,10148,3.0,12,0,2,32,2,2,0.0,0.0,0.0,0.0,24.0,4.0,0.0,3.0,0.0,1
7025,17763,4.0,14,0,2,60,4,6,0.0,0.0,0.0,0.0,41.0,8.0,0.0,8.0,2.0,1
7026,11740,4.0,19,0,2,57,4,5,0.0,0.0,0.0,0.0,40.0,7.0,0.0,7.0,2.0,1
7027,19346,3.0,8,0,2,31,3,4,0.0,0.0,0.0,0.0,18.0,5.0,0.0,5.0,2.0,1
7028,14538,4.0,17,4,4,72,5,3,0.0,4.0,0.0,0.0,44.0,10.0,4.0,6.0,3.0,1
7029,1916,4.0,18,0,5,57,3,2,0.0,0.0,0.0,0.0,40.0,8.0,0.0,8.0,0.0,0
7030,11377,4.0,5,4,2,27,2,2,3.0,0.0,0.0,1.0,14.0,4.0,0.0,4.0,0.0,1
7031,18948,3.0,4,0,3,31,3,3,0.0,0.0,0.0,0.0,18.0,5.0,0.0,5.0,2.0,1
7032,9697,3.0,13,28,1,100,5,5,6.0,2.0,19.0,14.0,17.0,9.0,8.0,20.0,4.0,0
7033,8107,4.0,12,4,2,44,3,2,3.0,0.0,1.0,0.0,30.0,4.0,1.0,4.0,0.0,0
7034,8082,4.0,20,0,1,51,3,3,0.0,0.0,0.0,0.0,40.0,5.0,0.0,5.0,0.0,0
7035,1910,3.0,9,0,2,30,3,1,0.0,0.0,0.0,0.0,21.0,4.0,0.0,4.0,0.0,0
7036,16259,4.0,31,0,5,93,7,5,0.0,0.0,0.0,0.0,64.0,13.0,0.0,13.0,2.0,1
7037,14491,3.0,4,2,2,23,3,2,1.0,0.0,1.0,0.0,12.0,4.0,1.0,3.0,0.0,1
7038,14239,3.0,5,0,2,14,1,0,0.0,0.0,0.0,0.0,9.0,2.0,0.0,2.0,0.0,1
7039,1133,3.0,4,0,1,13,3,1,0.0,0.0,0.0,0.0,7.0,3.0,0.0,2.0,0.0,0
7040,19649,4.0,12,1,2,54,3,7,0.0,0.0,1.0,1.0,35.0,7.0,0.0,7.0,2.0,1
7041,15497,4.0,17,20,3,76,4,4,13.0,7.0,0.0,6.0,33.0,7.0,1.0,6.0,2.0,1
7042,10710,3.0,12,0,2,41,2,3,0.0,0.0,0.0,0.0,31.0,5.0,0.0,4.0,0.0,1
7043,16998,3.0,6,0,1,12,1,0,0.0,0.0,0.0,0.0,9.0,1.0,0.0,1.0,0.0,1
7044,1317,4.0,17,0,2,54,3,1,0.0,0.0,0.0,0.0,43.0,5.0,0.0,5.0,0.0,0
7045,4368,4.0,27,85,3,173,4,2,55.0,29.0,0.0,29.0,45.0,7.0,1.0,6.0,0.0,0
7046,8313,4.0,19,14,2,88,4,4,10.0,0.0,4.0,0.0,49.0,10.0,4.0,10.0,0.0,0
7047,17546,4.0,11,1,6,42,1,0,0.0,1.0,0.0,1.0,27.0,6.0,0.0,6.0,0.0,1
7048,10641,4.0,37,7,3,121,7,3,4.0,0.0,2.0,0.0,78.0,16.0,3.0,15.0,2.0,1
7049,14151,3.0,9,0,1,25,2,0,0.0,0.0,0.0,0.0,18.0,3.0,0.0,3.0,0.0,1
7050,7325,3.0,9,4,2,29,2,2,3.0,0.0,0.0,1.0,16.0,4.0,0.0,4.0,0.0,0
7051,6080,4.0,34,45,14,172,3,3,27.0,14.0,4.0,17.0,77.0,14.0,1.0,17.0,0.0,0
7052,15672,4.0,34,2,1,105,4,7,1.0,0.0,1.0,0.0,71.0,14.0,1.0,14.0,2.0,1
7053,2601,4.0,18,0,2,50,5,2,0.0,0.0,0.0,0.0,35.0,7.0,0.0,6.0,1.0,0
7054,6568,4.0,15,0,2,44,3,2,0.0,0.0,0.0,0.0,29.0,7.0,0.0,7.0,0.0,0
7055,17238,4.0,15,3,4,71,4,7,2.0,0.0,1.0,1.0,43.0,10.0,0.0,11.0,2.0,1
7056,16410,4.0,2,16,4,34,3,3,11.0,0.0,5.0,0.0,6.0,2.0,5.0,2.0,2.0,1
7057,2173,4.0,17,27,2,115,5,7,8.0,0.0,19.0,14.0,33.0,8.0,5.0,22.0,5.0,0
7058,19236,3.0,2,11,4,28,3,3,7.0,0.0,4.0,0.0,6.0,2.0,4.0,2.0,2.0,1
7059,12746,3.0,7,0,2,33,3,4,0.0,0.0,0.0,0.0,20.0,5.0,0.0,5.0,2.0,1
7060,3605,4.0,24,7,1,87,4,5,6.0,0.0,1.0,0.0,58.0,9.0,1.0,9.0,2.0,0
7061,13276,4.0,29,3,3,92,7,3,1.0,0.0,1.0,0.0,60.0,13.0,2.0,12.0,2.0,1
7062,6429,4.0,41,8,4,129,4,8,5.0,0.0,3.0,0.0,73.0,21.0,3.0,21.0,2.0,0
7063,12861,4.0,16,4,3,73,4,6,2.0,0.0,2.0,0.0,48.0,8.0,2.0,8.0,2.0,1
7064,17408,4.0,30,6,3,108,4,7,4.0,0.0,2.0,0.0,75.0,11.0,2.0,11.0,2.0,1
7065,7995,4.0,11,8,2,65,3,7,5.0,0.0,3.0,0.0,35.0,9.0,3.0,9.0,0.0,0
7066,9142,4.0,8,3,1,31,5,1,0.0,3.0,0.0,3.0,14.0,5.0,0.0,5.0,0.0,0
7067,3768,4.0,34,6,1,119,3,4,5.0,0.0,1.0,0.0,74.0,19.0,1.0,18.0,0.0,0
7068,5077,4.0,24,2,7,104,6,8,0.0,0.0,1.0,2.0,58.0,20.0,0.0,21.0,1.0,0
7069,8274,3.0,18,0,2,51,3,1,0.0,0.0,0.0,0.0,32.0,9.0,0.0,9.0,0.0,0
7070,12230,4.0,21,0,3,66,4,4,0.0,0.0,0.0,0.0,47.0,8.0,0.0,8.0,2.0,1
7071,19026,3.0,7,1,2,27,2,2,0.0,0.0,1.0,1.0,18.0,3.0,0.0,3.0,0.0,1
7072,9599,4.0,21,0,2,62,3,1,0.0,0.0,0.0,0.0,49.0,6.0,0.0,6.0,0.0,0
7073,4631,3.0,8,0,2,25,2,1,0.0,0.0,0.0,0.0,19.0,3.0,0.0,2.0,0.0,0
7074,14324,4.0,18,6,2,68,3,0,5.0,0.0,1.0,0.0,47.0,6.0,0.0,7.0,1.0,1
7075,240,4.0,17,0,2,57,2,3,0.0,0.0,0.0,0.0,46.0,5.0,0.0,5.0,0.0,0
7076,17177,4.0,19,12,3,89,8,3,6.0,1.0,4.0,2.0,45.0,12.0,4.0,12.0,2.0,1
7077,18415,5.0,32,50,2,203,8,7,28.0,19.0,2.0,20.0,96.0,16.0,2.0,16.0,3.0,1
7078,14419,4.0,10,0,2,38,3,3,0.0,0.0,0.0,0.0,25.0,6.0,0.0,6.0,0.0,1
7079,10771,5.0,28,10,2,130,7,7,1.0,7.0,1.0,8.0,78.0,14.0,1.0,14.0,5.0,1
7080,13791,3.0,6,0,3,30,2,1,0.0,0.0,0.0,0.0,21.0,4.0,0.0,4.0,0.0,1
7081,11461,3.0,10,0,3,33,3,2,0.0,0.0,0.0,0.0,22.0,5.0,0.0,4.0,1.0,1
7082,10930,3.0,15,27,1,81,4,4,8.0,1.0,18.0,12.0,9.0,6.0,7.0,16.0,3.0,1
7083,7602,4.0,20,0,2,63,7,1,0.0,0.0,0.0,0.0,43.0,9.0,0.0,9.0,1.0,0
7084,14784,3.0,10,0,2,27,1,0,0.0,0.0,0.0,0.0,22.0,2.0,0.0,2.0,0.0,1
7085,1867,4.0,16,8,2,63,3,5,5.0,0.0,3.0,0.0,34.0,9.0,3.0,8.0,0.0,0
7086,14736,5.0,33,19,3,208,6,5,0.0,19.0,0.0,19.0,145.0,11.0,0.0,11.0,2.0,1
7087,19919,4.0,11,2,3,54,4,4,1.0,0.0,1.0,0.0,32.0,8.0,1.0,8.0,2.0,1
7088,14305,4.0,5,11,3,34,3,4,7.0,0.0,4.0,0.0,12.0,2.0,4.0,2.0,2.0,1
7089,2521,4.0,15,0,2,43,3,3,0.0,0.0,0.0,0.0,30.0,6.0,0.0,6.0,0.0,0
7090,18436,4.0,29,5,3,113,8,3,1.0,0.0,3.0,1.0,66.0,18.0,3.0,18.0,2.0,1
7091,1820,4.0,10,1,4,46,2,2,0.0,0.0,1.0,1.0,32.0,5.0,0.0,6.0,0.0,0
7092,2410,3.0,3,0,2,12,2,1,0.0,0.0,0.0,0.0,6.0,3.0,0.0,2.0,0.0,0
7093,8243,4.0,22,9,2,83,4,1,8.0,0.0,1.0,0.0,53.0,9.0,1.0,9.0,1.0,0
7094,17805,4.0,5,4,2,25,3,2,3.0,0.0,0.0,0.0,11.0,5.0,1.0,4.0,0.0,1
7095,6637,3.0,7,0,1,28,2,1,0.0,0.0,0.0,0.0,23.0,2.0,0.0,2.0,0.0,0
7096,5187,4.0,11,2,1,31,4,1,1.0,1.0,0.0,1.0,19.0,4.0,0.0,4.0,0.0,0
7097,16430,4.0,26,4,3,94,8,3,2.0,0.0,1.0,0.0,59.0,14.0,2.0,13.0,2.0,1
7098,11769,4.0,25,0,4,98,4,4,0.0,0.0,0.0,0.0,71.0,12.0,0.0,12.0,2.0,1
7099,4565,4.0,14,8,2,52,3,1,7.0,0.0,1.0,0.0,30.0,6.0,1.0,6.0,0.0,0
7100,13607,4.0,43,12,3,148,8,3,8.0,1.0,3.0,0.0,90.0,20.0,4.0,19.0,2.0,1
7101,7942,5.0,76,41,3,345,9,3,9.0,29.0,3.0,25.0,233.0,20.0,7.0,16.0,2.0,0
7102,18185,4.0,20,4,3,80,7,3,2.0,0.0,1.0,0.0,47.0,13.0,2.0,12.0,2.0,1
7103,6391,3.0,11,0,2,31,2,2,0.0,0.0,0.0,0.0,23.0,4.0,0.0,3.0,0.0,0
7104,2118,5.0,44,72,7,211,7,9,62.0,5.0,5.0,6.0,88.0,19.0,4.0,20.0,1.0,0
7105,10050,3.0,2,0,2,23,2,2,0.0,0.0,0.0,0.0,15.0,4.0,0.0,3.0,0.0,1
7106,3779,4.0,13,8,2,59,3,2,6.0,0.0,2.0,0.0,36.0,6.0,2.0,6.0,0.0,0
7107,18658,4.0,15,3,4,71,4,7,2.0,0.0,1.0,1.0,43.0,10.0,0.0,11.0,2.0,1
7108,4961,4.0,25,0,2,78,3,2,0.0,0.0,0.0,0.0,59.0,9.0,0.0,9.0,0.0,0
7109,2809,4.0,22,10,1,94,4,7,6.0,0.0,4.0,0.0,54.0,12.0,4.0,11.0,2.0,0
7110,498,3.0,4,0,1,18,3,2,0.0,0.0,0.0,0.0,10.0,4.0,0.0,3.0,0.0,0
7111,11445,4.0,4,12,4,34,3,3,8.0,0.0,4.0,0.0,11.0,2.0,4.0,2.0,2.0,1
7112,918,4.0,7,3,1,31,5,1,2.0,0.0,1.0,1.0,17.0,4.0,0.0,5.0,0.0,0
7113,19496,3.0,6,0,3,23,2,1,0.0,0.0,0.0,0.0,14.0,4.0,0.0,4.0,0.0,1
7114,13390,3.0,7,0,1,17,1,0,0.0,0.0,0.0,0.0,14.0,1.0,0.0,1.0,0.0,1
7115,15582,4.0,23,4,2,75,3,7,3.0,0.0,1.0,1.0,52.0,7.0,0.0,8.0,2.0,1
7116,8617,3.0,8,0,2,32,2,3,0.0,0.0,0.0,0.0,21.0,5.0,0.0,5.0,0.0,0
7117,4284,4.0,12,0,2,34,3,2,0.0,0.0,0.0,0.0,24.0,5.0,0.0,4.0,0.0,0
7118,18646,4.0,20,6,3,87,7,4,4.0,0.0,2.0,0.0,48.0,14.0,2.0,14.0,2.0,1
7119,14684,4.0,6,0,3,25,2,1,0.0,0.0,0.0,0.0,16.0,4.0,0.0,4.0,0.0,1
7120,228,4.0,14,0,3,45,3,1,0.0,0.0,0.0,0.0,32.0,6.0,0.0,6.0,0.0,0
7121,15277,4.0,30,0,4,100,4,4,0.0,0.0,0.0,0.0,75.0,11.0,0.0,11.0,2.0,1
7122,16033,4.0,12,0,3,45,4,3,0.0,0.0,0.0,0.0,30.0,6.0,0.0,6.0,2.0,1
7123,2741,4.0,16,17,1,84,3,5,11.0,0.0,6.0,0.0,43.0,9.0,6.0,8.0,0.0,0
7124,13329,3.0,12,26,1,81,4,4,6.0,2.0,18.0,14.0,8.0,6.0,6.0,17.0,3.0,1
7125,11703,3.0,8,0,1,21,1,0,0.0,0.0,0.0,0.0,18.0,1.0,0.0,1.0,0.0,1
7126,9271,4.0,13,8,1,58,3,3,7.0,0.0,1.0,0.0,36.0,6.0,1.0,6.0,0.0,0
7127,15559,4.0,52,5,2,185,7,3,2.0,0.0,3.0,0.0,123.0,26.0,3.0,25.0,2.0,1
7128,11113,4.0,19,7,2,74,4,6,5.0,1.0,1.0,1.0,46.0,8.0,1.0,8.0,2.0,1
7129,6001,4.0,38,0,2,142,4,3,0.0,0.0,0.0,0.0,96.0,21.0,0.0,21.0,3.0,0
7130,5718,4.0,12,0,1,39,3,3,0.0,0.0,0.0,0.0,29.0,5.0,0.0,4.0,0.0,0
7131,4897,4.0,11,0,1,35,5,1,0.0,0.0,0.0,0.0,23.0,5.0,0.0,5.0,1.0,0
7132,5583,4.0,19,0,2,59,3,2,0.0,0.0,0.0,0.0,38.0,10.0,0.0,10.0,0.0,0
7133,18413,4.0,7,0,3,41,3,3,0.0,0.0,0.0,0.0,28.0,5.0,0.0,5.0,2.0,1
7134,11845,4.0,15,3,4,71,4,7,2.0,0.0,1.0,1.0,43.0,10.0,0.0,11.0,2.0,1
7135,7867,4.0,8,1,1,41,3,3,0.0,1.0,0.0,1.0,22.0,8.0,0.0,8.0,0.0,0
7136,15041,4.0,10,0,1,34,4,3,0.0,0.0,0.0,0.0,23.0,4.0,0.0,4.0,2.0,1
7137,14258,4.0,25,3,4,93,7,3,1.0,0.0,1.0,0.0,57.0,15.0,2.0,14.0,2.0,1
7138,1128,4.0,55,100,2,334,8,3,29.0,14.0,57.0,34.0,69.0,33.0,37.0,53.0,7.0,0
7139,15873,4.0,10,0,2,46,4,5,0.0,0.0,0.0,0.0,29.0,7.0,0.0,7.0,2.0,1
7140,10523,4.0,56,64,2,194,6,5,20.0,44.0,0.0,42.0,63.0,11.0,2.0,9.0,2.0,1
7141,10400,4.0,36,0,2,124,6,5,0.0,0.0,0.0,0.0,93.0,14.0,0.0,14.0,2.0,1
7142,1567,4.0,11,4,2,50,6,2,3.0,0.0,0.0,0.0,30.0,8.0,1.0,7.0,0.0,0
7143,10298,3.0,8,0,2,29,2,2,0.0,0.0,0.0,0.0,21.0,4.0,0.0,3.0,0.0,1
7144,1706,4.0,17,14,7,97,7,5,10.0,0.0,3.0,2.0,46.0,15.0,2.0,16.0,2.0,0
7145,7450,4.0,15,12,1,57,3,3,11.0,0.0,0.0,0.0,31.0,7.0,1.0,6.0,0.0,0
7146,3153,4.0,13,2,2,51,5,2,1.0,0.0,0.0,1.0,34.0,7.0,0.0,7.0,0.0,0
7147,10364,4.0,13,3,2,35,1,0,2.0,1.0,0.0,0.0,27.0,2.0,1.0,1.0,0.0,1
7148,11523,3.0,9,0,3,29,2,1,0.0,0.0,0.0,0.0,20.0,4.0,0.0,4.0,0.0,1
7149,15510,4.0,19,3,3,75,7,3,1.0,0.0,1.0,1.0,46.0,11.0,1.0,11.0,2.0,1
7150,16935,4.0,14,0,2,62,3,5,0.0,0.0,0.0,0.0,48.0,6.0,0.0,5.0,2.0,1
7151,512,4.0,9,6,1,37,3,2,5.0,0.0,0.0,0.0,21.0,5.0,1.0,4.0,0.0,0
7152,6240,3.0,14,0,2,35,3,2,0.0,0.0,0.0,0.0,24.0,5.0,0.0,5.0,0.0,0
7153,13182,4.0,33,4,3,102,7,3,2.0,0.0,1.0,0.0,67.0,14.0,2.0,13.0,2.0,1
7154,7104,3.0,3,0,2,19,3,1,0.0,0.0,0.0,0.0,8.0,5.0,0.0,5.0,0.0,0
7155,10566,4.0,15,23,2,80,4,6,14.0,7.0,2.0,8.0,33.0,6.0,1.0,6.0,2.0,1
7156,9824,4.0,30,87,9,234,3,2,72.0,10.0,5.0,11.0,96.0,17.0,4.0,18.0,0.0,0
7157,15482,4.0,28,4,3,102,7,3,2.0,0.0,1.0,0.0,65.0,15.0,2.0,14.0,2.0,1
7158,10490,4.0,12,5,3,64,6,3,2.0,0.0,2.0,1.0,42.0,6.0,2.0,6.0,2.0,1
7159,19765,4.0,21,3,4,87,7,4,1.0,0.0,1.0,1.0,54.0,13.0,1.0,13.0,2.0,1
7160,12444,4.0,33,6,2,115,7,3,3.0,0.0,2.0,0.0,75.0,15.0,3.0,14.0,2.0,1
7161,14201,4.0,14,0,3,54,3,5,0.0,0.0,0.0,0.0,37.0,7.0,0.0,7.0,2.0,1
7162,2721,3.0,8,0,1,22,2,1,0.0,0.0,0.0,0.0,18.0,2.0,0.0,1.0,0.0,0
7163,7445,4.0,7,0,2,41,3,4,0.0,0.0,0.0,0.0,26.0,7.0,0.0,7.0,0.0,0
7164,7893,3.0,4,7,1,25,2,3,6.0,0.0,1.0,1.0,10.0,3.0,0.0,3.0,0.0,0
7165,7509,4.0,12,1,2,35,3,2,0.0,0.0,1.0,1.0,23.0,4.0,0.0,5.0,0.0,0
7166,17523,4.0,18,3,2,77,7,3,1.0,0.0,1.0,0.0,47.0,12.0,2.0,11.0,2.0,1
7167,8042,3.0,11,0,1,29,2,1,0.0,0.0,0.0,0.0,24.0,2.0,0.0,2.0,0.0,0
7168,14396,3.0,7,1,3,32,2,1,0.0,1.0,0.0,0.0,22.0,4.0,1.0,3.0,0.0,1
7169,14956,4.0,9,2,4,38,2,3,1.0,0.0,1.0,1.0,21.0,6.0,0.0,7.0,0.0,1
7170,15383,3.0,12,2,2,38,2,3,1.0,0.0,1.0,1.0,26.0,4.0,0.0,4.0,0.0,1
7171,17639,3.0,19,35,1,99,4,4,10.0,5.0,20.0,12.0,9.0,10.0,13.0,16.0,3.0,1
7172,9928,4.0,15,0,4,49,2,3,0.0,0.0,0.0,0.0,34.0,7.0,0.0,7.0,0.0,0
7173,11428,5.0,47,41,4,209,8,3,28.0,6.0,6.0,8.0,107.0,22.0,5.0,23.0,3.0,1
7174,16575,4.0,8,2,3,39,2,3,1.0,0.0,1.0,1.0,24.0,5.0,0.0,6.0,0.0,1
7175,14148,5.0,34,24,2,210,8,3,6.0,18.0,0.0,18.0,137.0,14.0,0.0,13.0,3.0,1
7176,7236,3.0,6,4,1,24,2,2,3.0,0.0,0.0,1.0,13.0,3.0,0.0,3.0,0.0,0
7177,6468,4.0,75,159,20,421,6,3,100.0,57.0,1.0,55.0,151.0,27.0,4.0,24.0,1.0,0
7178,13286,3.0,14,0,2,57,3,6,0.0,0.0,0.0,0.0,41.0,7.0,0.0,6.0,2.0,1
7179,16278,4.0,13,2,4,54,5,3,1.0,0.0,0.0,0.0,34.0,8.0,1.0,7.0,2.0,1
7180,9053,4.0,6,7,3,41,2,4,6.0,0.0,1.0,1.0,20.0,6.0,0.0,6.0,0.0,0
7181,16351,4.0,30,2,3,98,7,3,0.0,0.0,1.0,0.0,67.0,13.0,2.0,12.0,2.0,1
7182,6054,4.0,41,6,2,139,4,5,5.0,0.0,1.0,0.0,93.0,18.0,1.0,18.0,2.0,0
7183,596,3.0,9,0,1,25,2,2,0.0,0.0,0.0,0.0,18.0,3.0,0.0,3.0,0.0,0
7184,4225,4.0,32,19,9,134,3,1,3.0,15.0,1.0,16.0,71.0,13.0,0.0,14.0,0.0,0
7185,2550,4.0,28,8,1,95,4,5,7.0,0.0,0.0,0.0,65.0,10.0,1.0,9.0,2.0,0
7186,18899,4.0,7,0,2,35,4,3,0.0,0.0,0.0,0.0,22.0,5.0,0.0,5.0,2.0,1
7187,13135,3.0,8,0,2,20,3,2,0.0,0.0,0.0,0.0,11.0,4.0,0.0,3.0,1.0,1
7188,7440,3.0,15,0,2,54,2,6,0.0,0.0,0.0,0.0,37.0,8.0,0.0,8.0,0.0,0
7189,18742,4.0,27,5,3,100,7,3,3.0,0.0,1.0,0.0,62.0,15.0,2.0,14.0,2.0,1
7190,6768,4.0,20,8,2,68,4,1,6.0,1.0,0.0,2.0,48.0,5.0,0.0,5.0,0.0,0
7191,15890,4.0,19,0,2,73,4,6,0.0,0.0,0.0,0.0,54.0,8.0,0.0,8.0,2.0,1
7192,2681,4.0,17,0,1,52,3,3,0.0,0.0,0.0,0.0,38.0,7.0,0.0,6.0,0.0,0
7193,6449,3.0,7,27,1,106,4,5,4.0,1.0,22.0,18.0,17.0,9.0,5.0,26.0,3.0,0
7194,7951,4.0,34,7,1,112,3,5,6.0,0.0,1.0,1.0,79.0,12.0,0.0,12.0,0.0,0
7195,16306,4.0,14,0,3,43,3,3,0.0,0.0,0.0,0.0,29.0,7.0,0.0,6.0,0.0,1
7196,1045,4.0,30,27,2,129,7,4,22.0,0.0,4.0,3.0,68.0,12.0,2.0,14.0,3.0,0
7197,13044,3.0,8,0,1,24,1,0,0.0,0.0,0.0,0.0,21.0,1.0,0.0,1.0,0.0,1
7198,2644,3.0,6,0,1,21,2,1,0.0,0.0,0.0,0.0,17.0,2.0,0.0,1.0,0.0,0
7199,4435,3.0,4,0,1,14,2,1,0.0,0.0,0.0,0.0,10.0,2.0,0.0,1.0,0.0,0
7200,11357,3.0,7,0,2,21,1,0,0.0,0.0,0.0,0.0,16.0,2.0,0.0,2.0,0.0,1
7201,11831,3.0,7,0,4,36,2,4,0.0,0.0,0.0,0.0,20.0,8.0,0.0,7.0,0.0,1
7202,17953,3.0,13,36,1,99,4,4,11.0,0.0,25.0,16.0,9.0,5.0,9.0,20.0,3.0,1
7203,13668,4.0,25,4,4,89,7,3,2.0,0.0,1.0,0.0,54.0,14.0,2.0,13.0,2.0,1
7204,4487,4.0,13,0,1,38,3,1,0.0,0.0,0.0,0.0,25.0,6.0,0.0,6.0,0.0,0
7205,2061,3.0,8,0,1,20,3,1,0.0,0.0,0.0,0.0,14.0,3.0,0.0,2.0,0.0,0
7206,4645,4.0,16,5,1,59,3,3,4.0,0.0,1.0,0.0,38.0,7.0,1.0,7.0,0.0,0
7207,9112,4.0,8,4,1,29,3,2,2.0,0.0,1.0,1.0,15.0,4.0,1.0,4.0,0.0,0
7208,11004,3.0,6,0,3,35,3,4,0.0,0.0,0.0,0.0,20.0,6.0,0.0,6.0,2.0,1
7209,3775,4.0,9,2,2,24,2,1,1.0,0.0,1.0,1.0,16.0,2.0,0.0,2.0,0.0,0
7210,18648,4.0,24,22,2,114,6,5,14.0,7.0,0.0,8.0,62.0,10.0,0.0,10.0,2.0,1
7211,5596,4.0,31,15,2,126,4,7,11.0,0.0,4.0,0.0,65.0,20.0,4.0,19.0,2.0,0
7212,19004,4.0,17,1,3,63,2,5,0.0,0.0,1.0,1.0,45.0,7.0,0.0,8.0,0.0,1
7213,10741,4.0,21,2,3,83,8,3,0.0,0.0,1.0,0.0,48.0,15.0,2.0,14.0,2.0,1
7214,9297,4.0,13,0,3,43,2,2,0.0,0.0,0.0,0.0,32.0,5.0,0.0,5.0,0.0,0
7215,7265,4.0,21,0,1,68,3,4,0.0,0.0,0.0,0.0,50.0,9.0,0.0,8.0,0.0,0
7216,15475,4.0,3,10,3,32,3,4,6.0,0.0,4.0,0.0,11.0,2.0,4.0,2.0,2.0,1
7217,10573,4.0,18,0,4,68,6,3,0.0,0.0,0.0,0.0,45.0,10.0,0.0,10.0,2.0,1
7218,18548,5.0,29,29,3,230,8,3,5.0,23.0,0.0,24.0,149.0,13.0,0.0,13.0,2.0,1
7219,4174,4.0,12,1,2,53,4,3,0.0,0.0,1.0,0.0,34.0,8.0,1.0,8.0,0.0,0
7220,18726,4.0,7,7,3,51,6,4,5.0,0.0,1.0,0.0,23.0,9.0,2.0,8.0,2.0,1
7221,8737,3.0,9,0,3,40,3,2,0.0,0.0,0.0,0.0,26.0,6.0,0.0,6.0,1.0,0
7222,9216,4.0,24,0,2,68,3,3,0.0,0.0,0.0,0.0,49.0,9.0,0.0,9.0,0.0,0
7223,18295,4.0,17,0,2,54,5,4,0.0,0.0,0.0,0.0,38.0,6.0,0.0,5.0,4.0,1
7224,13040,4.0,10,0,3,43,3,4,0.0,0.0,0.0,0.0,28.0,6.0,0.0,6.0,2.0,1
7225,14637,4.0,10,26,3,82,4,5,19.0,6.0,1.0,7.0,29.0,8.0,0.0,9.0,2.0,1
7226,16357,3.0,7,0,3,25,2,2,0.0,0.0,0.0,0.0,15.0,5.0,0.0,4.0,0.0,1
7227,10143,3.0,12,0,2,36,2,2,0.0,0.0,0.0,0.0,28.0,4.0,0.0,3.0,0.0,1
7228,18990,4.0,11,0,3,49,4,3,0.0,0.0,0.0,0.0,32.0,7.0,0.0,7.0,2.0,1
7229,8543,4.0,22,5,3,62,2,2,4.0,0.0,0.0,1.0,46.0,5.0,0.0,5.0,0.0,0
7230,5607,4.0,13,0,2,33,3,2,0.0,0.0,0.0,0.0,22.0,5.0,0.0,5.0,0.0,0
7231,983,3.0,13,0,3,46,2,4,0.0,0.0,0.0,0.0,32.0,7.0,0.0,6.0,0.0,0
7232,8033,4.0,5,0,2,19,3,1,0.0,0.0,0.0,0.0,10.0,4.0,0.0,4.0,0.0,0
7233,5480,3.0,14,8,1,41,3,4,7.0,0.0,1.0,0.0,21.0,5.0,1.0,5.0,0.0,0
7234,5068,3.0,3,0,1,13,2,1,0.0,0.0,0.0,0.0,9.0,2.0,0.0,1.0,0.0,0
7235,4797,4.0,6,2,2,28,2,1,1.0,1.0,0.0,1.0,18.0,3.0,0.0,3.0,0.0,0
7236,15771,4.0,24,2,6,112,7,12,0.0,0.0,1.0,2.0,61.0,20.0,0.0,21.0,6.0,1
7237,3662,4.0,28,8,1,97,5,6,7.0,0.0,0.0,0.0,63.0,12.0,1.0,11.0,2.0,0
7238,19227,4.0,4,27,4,67,3,6,25.0,0.0,2.0,1.0,20.0,7.0,1.0,8.0,2.0,1
7239,10486,3.0,0,12,3,23,3,3,7.0,0.0,4.0,0.0,3.0,1.0,5.0,0.0,2.0,1
7240,6947,4.0,7,0,1,31,4,1,0.0,0.0,0.0,0.0,22.0,4.0,0.0,4.0,0.0,0
7241,4657,4.0,6,6,2,36,4,1,5.0,0.0,0.0,0.0,20.0,5.0,1.0,4.0,0.0,0
7242,6414,3.0,3,4,1,24,2,3,3.0,0.0,1.0,0.0,12.0,3.0,1.0,3.0,0.0,0
7243,16899,4.0,30,3,4,102,6,9,0.0,0.0,2.0,0.0,65.0,15.0,3.0,14.0,2.0,1
7244,3150,4.0,14,28,4,83,5,1,20.0,6.0,1.0,6.0,34.0,7.0,2.0,6.0,0.0,0
7245,15381,4.0,37,9,2,136,8,3,4.0,0.0,5.0,0.0,85.0,17.0,5.0,17.0,2.0,1
7246,15165,4.0,61,7,14,234,6,11,6.0,0.0,1.0,0.0,161.0,29.0,1.0,29.0,6.0,1
7247,4813,5.0,29,19,2,149,7,2,13.0,1.0,4.0,1.0,75.0,25.0,4.0,25.0,0.0,0
7248,9265,4.0,13,10,1,69,3,4,7.0,0.0,3.0,0.0,37.0,9.0,3.0,9.0,0.0,0
7249,5969,3.0,3,0,1,12,2,1,0.0,0.0,0.0,0.0,8.0,2.0,0.0,1.0,0.0,0
7250,11891,4.0,16,0,2,48,3,2,0.0,0.0,0.0,0.0,37.0,5.0,0.0,5.0,0.0,1
7251,13335,4.0,19,12,3,73,4,4,10.0,0.0,2.0,1.0,43.0,6.0,1.0,7.0,2.0,1
7252,2939,4.0,29,0,1,87,7,5,0.0,0.0,0.0,0.0,60.0,12.0,0.0,12.0,2.0,0
7253,12702,4.0,23,9,4,95,8,3,6.0,0.0,2.0,0.0,52.0,15.0,3.0,14.0,2.0,1
7254,1340,4.0,14,7,3,73,3,2,6.0,1.0,0.0,1.0,53.0,5.0,0.0,5.0,1.0,0
7255,19489,4.0,22,1,3,76,2,8,0.0,0.0,1.0,1.0,52.0,10.0,0.0,11.0,0.0,1
7256,1391,3.0,5,0,1,17,2,1,0.0,0.0,0.0,0.0,13.0,2.0,0.0,1.0,0.0,0
7257,15840,3.0,5,3,2,26,2,2,2.0,0.0,0.0,1.0,14.0,4.0,0.0,4.0,0.0,1
7258,7437,3.0,6,1,2,24,2,1,0.0,0.0,1.0,1.0,17.0,2.0,0.0,2.0,0.0,0
7259,15133,4.0,19,1,2,73,7,3,0.0,0.0,0.0,0.0,52.0,9.0,1.0,8.0,2.0,1
7260,8802,4.0,20,24,2,100,3,4,16.0,5.0,3.0,3.0,49.0,10.0,5.0,8.0,0.0,0
7261,17102,4.0,5,13,4,42,3,4,8.0,0.0,4.0,1.0,16.0,3.0,4.0,3.0,2.0,1
7262,5806,4.0,14,5,2,55,3,2,4.0,0.0,1.0,0.0,34.0,7.0,1.0,7.0,0.0,0
7263,14771,3.0,6,0,1,17,1,0,0.0,0.0,0.0,0.0,14.0,1.0,0.0,1.0,0.0,1
7264,6146,4.0,13,0,1,40,3,4,0.0,0.0,0.0,0.0,28.0,6.0,0.0,5.0,0.0,0
7265,9775,3.0,9,0,1,27,2,3,0.0,0.0,0.0,0.0,19.0,4.0,0.0,3.0,0.0,0
7266,1412,3.0,7,0,1,20,2,1,0.0,0.0,0.0,0.0,16.0,2.0,0.0,1.0,0.0,0
7267,14280,3.0,15,27,1,99,4,4,6.0,3.0,18.0,14.0,13.0,12.0,7.0,22.0,3.0,1
7268,12002,4.0,7,3,3,41,5,3,2.0,0.0,0.0,0.0,22.0,7.0,1.0,6.0,2.0,1
7269,2256,4.0,21,10,2,94,3,3,7.0,0.0,3.0,0.0,54.0,13.0,3.0,13.0,0.0,0
7270,382,4.0,8,7,2,44,4,1,6.0,0.0,0.0,0.0,27.0,5.0,1.0,4.0,0.0,0
7271,16980,4.0,12,1,3,59,6,3,0.0,0.0,1.0,0.0,38.0,8.0,1.0,8.0,2.0,1
7272,6120,4.0,19,1,3,57,2,5,0.0,1.0,0.0,1.0,39.0,8.0,0.0,7.0,0.0,0
7273,2212,4.0,12,0,2,37,2,3,0.0,0.0,0.0,0.0,26.0,5.0,0.0,5.0,0.0,0
7274,5603,4.0,23,11,1,66,4,3,9.0,0.0,2.0,0.0,36.0,8.0,2.0,8.0,0.0,0
7275,10814,4.0,33,0,2,96,4,6,0.0,0.0,0.0,0.0,73.0,10.0,0.0,10.0,2.0,1
7276,8881,4.0,33,0,1,111,4,8,0.0,0.0,0.0,0.0,75.0,17.0,0.0,16.0,2.0,0
7277,6004,3.0,8,2,2,29,2,2,0.0,0.0,2.0,2.0,18.0,2.0,0.0,4.0,0.0,0
7278,5417,4.0,11,1,2,37,3,2,0.0,1.0,0.0,1.0,24.0,5.0,0.0,5.0,0.0,0
7279,4938,3.0,10,0,1,24,2,1,0.0,0.0,0.0,0.0,20.0,2.0,0.0,1.0,0.0,0
7280,13434,4.0,10,0,4,40,2,1,0.0,0.0,0.0,0.0,29.0,5.0,0.0,5.0,0.0,1
7281,3624,4.0,14,0,2,43,6,2,0.0,0.0,0.0,0.0,26.0,8.0,0.0,7.0,1.0,0
7282,3158,3.0,10,0,3,28,2,1,0.0,0.0,0.0,0.0,19.0,4.0,0.0,4.0,0.0,0
7283,4267,4.0,16,3,2,65,5,1,1.0,0.0,1.0,0.0,41.0,10.0,2.0,9.0,0.0,0
7284,9158,4.0,14,24,2,85,6,3,15.0,7.0,2.0,7.0,33.0,8.0,2.0,8.0,2.0,0
7285,463,4.0,5,6,1,21,3,2,4.0,0.0,2.0,1.0,8.0,2.0,1.0,2.0,0.0,0
7286,1754,4.0,7,3,3,36,3,2,1.0,1.0,1.0,1.0,20.0,5.0,1.0,5.0,0.0,0
7287,15085,5.0,46,24,11,201,5,4,5.0,17.0,2.0,19.0,122.0,16.0,0.0,17.0,2.0,1
7288,13830,4.0,14,0,3,59,5,5,0.0,0.0,0.0,0.0,36.0,10.0,0.0,10.0,2.0,1
7289,14769,4.0,27,3,3,98,7,3,1.0,0.0,1.0,0.0,64.0,14.0,2.0,13.0,2.0,1
7290,6380,2.0,3,0,1,9,2,1,0.0,0.0,0.0,0.0,5.0,2.0,0.0,1.0,0.0,0
7291,3829,4.0,27,61,5,224,9,3,26.0,7.0,28.0,21.0,65.0,22.0,14.0,36.0,4.0,0
7292,12674,4.0,28,4,2,97,7,3,2.0,0.0,1.0,0.0,62.0,14.0,2.0,13.0,2.0,1
7293,378,3.0,10,0,1,29,3,3,0.0,0.0,0.0,0.0,19.0,5.0,0.0,4.0,0.0,0
7294,11298,4.0,13,0,3,56,3,1,0.0,0.0,0.0,0.0,41.0,7.0,0.0,7.0,0.0,1
7295,12995,4.0,14,5,3,66,4,7,3.0,0.0,1.0,0.0,38.0,10.0,2.0,9.0,2.0,1
7296,8181,3.0,8,0,1,29,2,3,0.0,0.0,0.0,0.0,21.0,4.0,0.0,3.0,0.0,0
7297,1335,4.0,16,0,2,52,3,1,0.0,0.0,0.0,0.0,39.0,6.0,0.0,6.0,0.0,0
7298,13511,4.0,17,9,1,82,4,7,5.0,1.0,3.0,0.0,44.0,12.0,4.0,10.0,2.0,1
7299,19707,3.0,6,0,1,15,2,2,0.0,0.0,0.0,0.0,9.0,3.0,0.0,2.0,0.0,1
7300,2716,3.0,10,0,3,45,2,3,0.0,0.0,0.0,0.0,32.0,6.0,0.0,6.0,0.0,0
7301,15736,4.0,14,16,3,66,3,5,15.0,0.0,1.0,0.0,34.0,6.0,1.0,6.0,2.0,1
7302,17425,4.0,19,8,2,77,7,3,5.0,0.0,2.0,1.0,42.0,11.0,2.0,11.0,2.0,1
7303,15834,4.0,10,1,2,42,4,3,0.0,0.0,1.0,1.0,27.0,5.0,0.0,5.0,2.0,1
7304,18358,3.0,11,0,1,30,2,0,0.0,0.0,0.0,0.0,25.0,2.0,0.0,2.0,0.0,1
7305,19040,4.0,34,10,3,130,8,3,6.0,0.0,3.0,0.0,81.0,17.0,4.0,16.0,2.0,1
7306,15885,3.0,4,0,2,18,2,1,0.0,0.0,0.0,0.0,11.0,3.0,0.0,3.0,0.0,1
7307,10003,4.0,9,0,4,36,3,3,0.0,0.0,0.0,0.0,20.0,7.0,0.0,7.0,1.0,1
7308,6322,4.0,22,8,1,89,4,7,5.0,0.0,3.0,0.0,54.0,11.0,3.0,10.0,2.0,0
7309,13639,4.0,29,5,3,112,7,3,2.0,0.0,2.0,0.0,71.0,16.0,3.0,15.0,2.0,1
7310,19817,2.0,4,0,2,12,1,0,0.0,0.0,0.0,0.0,7.0,2.0,0.0,2.0,0.0,1
7311,16041,4.0,21,4,2,78,8,3,2.0,0.0,1.0,0.0,45.0,13.0,2.0,12.0,2.0,1
7312,1894,4.0,14,0,2,53,3,3,0.0,0.0,0.0,0.0,36.0,8.0,0.0,8.0,0.0,0
7313,9399,3.0,5,0,1,19,3,1,0.0,0.0,0.0,0.0,12.0,3.0,0.0,3.0,0.0,0
7314,4661,4.0,7,3,1,22,2,2,2.0,0.0,0.0,0.0,13.0,3.0,1.0,2.0,0.0,0
7315,15866,4.0,29,2,4,99,7,3,0.0,0.0,1.0,0.0,62.0,16.0,2.0,15.0,2.0,1
7316,7769,4.0,16,0,2,53,3,3,0.0,0.0,0.0,0.0,38.0,7.0,0.0,7.0,0.0,0
7317,7090,3.0,5,3,1,20,2,2,2.0,0.0,0.0,1.0,10.0,3.0,0.0,3.0,0.0,0
7318,6221,3.0,6,0,1,18,2,2,0.0,0.0,0.0,0.0,12.0,3.0,0.0,2.0,0.0,0
7319,14962,4.0,13,0,3,48,3,3,0.0,0.0,0.0,0.0,32.0,8.0,0.0,7.0,0.0,1
7320,9381,4.0,13,2,2,49,3,3,1.0,0.0,1.0,1.0,34.0,5.0,0.0,6.0,0.0,0
7321,17078,4.0,8,0,3,35,2,2,0.0,0.0,0.0,0.0,24.0,5.0,0.0,5.0,0.0,1
7322,16407,4.0,18,3,3,68,7,3,2.0,0.0,0.0,0.0,43.0,10.0,1.0,9.0,2.0,1
7323,17902,4.0,12,8,3,60,3,3,5.0,0.0,3.0,0.0,34.0,7.0,3.0,7.0,0.0,1
7324,18604,4.0,22,2,4,80,7,3,0.0,0.0,1.0,0.0,47.0,14.0,2.0,13.0,2.0,1
7325,7037,4.0,22,6,1,94,4,5,5.0,0.0,1.0,0.0,51.0,17.0,1.0,16.0,2.0,0
7326,11646,4.0,30,9,3,111,7,3,5.0,0.0,3.0,0.0,67.0,15.0,4.0,14.0,2.0,1
7327,10570,3.0,4,4,2,25,2,2,3.0,0.0,0.0,0.0,13.0,4.0,1.0,3.0,0.0,1
7328,14084,3.0,7,0,2,28,3,3,0.0,0.0,0.0,0.0,18.0,4.0,0.0,3.0,2.0,1
7329,14194,4.0,21,0,3,65,5,5,0.0,0.0,0.0,0.0,40.0,11.0,0.0,11.0,2.0,1
7330,17128,3.0,10,0,1,23,1,0,0.0,0.0,0.0,0.0,20.0,1.0,0.0,1.0,0.0,1
7331,14136,3.0,6,1,1,20,1,0,0.0,1.0,0.0,0.0,16.0,1.0,0.0,1.0,0.0,1
7332,6358,4.0,22,3,1,68,3,3,1.0,0.0,2.0,0.0,44.0,9.0,2.0,9.0,0.0,0
7333,913,4.0,11,10,1,45,3,3,7.0,2.0,1.0,3.0,20.0,5.0,0.0,6.0,0.0,0
7334,12805,4.0,28,18,2,120,4,10,9.0,9.0,0.0,9.0,66.0,12.0,0.0,12.0,2.0,1
7335,3992,4.0,8,0,2,30,2,0,0.0,0.0,0.0,0.0,23.0,3.0,0.0,3.0,0.0,0
7336,6691,3.0,6,0,2,24,2,1,0.0,0.0,0.0,0.0,17.0,3.0,0.0,3.0,0.0,0
7337,17571,4.0,32,18,4,118,5,8,9.0,9.0,0.0,8.0,64.0,13.0,1.0,11.0,2.0,1
7338,1030,3.0,10,0,4,38,2,2,0.0,0.0,0.0,0.0,25.0,6.0,0.0,6.0,0.0,0
7339,9164,4.0,9,7,1,41,3,5,4.0,0.0,2.0,0.0,22.0,5.0,3.0,4.0,0.0,0
7340,2220,3.0,12,0,2,36,2,2,0.0,0.0,0.0,0.0,27.0,4.0,0.0,4.0,0.0,0
7341,11966,3.0,9,0,2,29,3,2,0.0,0.0,0.0,0.0,20.0,4.0,0.0,3.0,1.0,1
7342,9488,4.0,11,4,2,45,3,4,2.0,0.0,2.0,0.0,28.0,5.0,2.0,5.0,0.0,0
7343,1577,4.0,28,8,2,93,3,6,5.0,0.0,3.0,0.0,56.0,13.0,3.0,12.0,0.0,0
7344,19224,3.0,5,0,2,15,1,0,0.0,0.0,0.0,0.0,10.0,2.0,0.0,2.0,0.0,1
7345,9947,4.0,13,5,3,53,3,4,4.0,0.0,1.0,0.0,32.0,7.0,1.0,7.0,0.0,0
7346,3793,4.0,34,5,2,103,3,7,4.0,0.0,1.0,0.0,70.0,13.0,1.0,13.0,0.0,0
7347,3655,4.0,26,41,2,144,7,4,24.0,16.0,1.0,16.0,64.0,10.0,1.0,10.0,1.0,0
7348,16781,4.0,26,5,2,100,7,3,3.0,0.0,2.0,0.0,60.0,15.0,2.0,15.0,2.0,1
7349,4327,3.0,9,0,2,27,3,2,0.0,0.0,0.0,0.0,17.0,5.0,0.0,4.0,0.0,0
7350,18542,4.0,12,2,2,52,4,5,1.0,0.0,0.0,0.0,34.0,7.0,1.0,6.0,2.0,1
7351,8302,4.0,18,10,2,68,3,3,9.0,0.0,0.0,0.0,40.0,9.0,1.0,8.0,0.0,0
7352,19505,4.0,31,7,2,110,3,4,5.0,0.0,1.0,0.0,68.0,17.0,2.0,16.0,0.0,1
7353,10544,3.0,6,1,2,25,2,3,0.0,0.0,1.0,1.0,14.0,4.0,0.0,4.0,0.0,1
7354,7686,4.0,9,0,1,36,2,3,0.0,0.0,0.0,0.0,27.0,4.0,0.0,4.0,0.0,0
7355,5731,3.0,5,0,1,19,3,1,0.0,0.0,0.0,0.0,13.0,3.0,0.0,2.0,0.0,0
7356,2917,4.0,10,0,1,32,3,2,0.0,0.0,0.0,0.0,23.0,4.0,0.0,4.0,0.0,0
7357,5586,4.0,10,5,2,45,4,1,4.0,0.0,0.0,0.0,30.0,5.0,1.0,4.0,0.0,0
7358,7088,4.0,9,5,3,38,3,3,4.0,0.0,1.0,0.0,19.0,6.0,1.0,6.0,0.0,0
7359,6326,2.0,1,0,1,9,2,1,0.0,0.0,0.0,0.0,5.0,2.0,0.0,1.0,0.0,0
7360,1515,4.0,16,8,2,63,3,1,7.0,0.0,1.0,0.0,37.0,8.0,1.0,8.0,0.0,0
7361,19476,4.0,24,10,3,105,7,3,6.0,0.0,3.0,0.0,60.0,15.0,4.0,14.0,2.0,1
7362,11278,4.0,12,5,3,64,6,3,2.0,0.0,2.0,1.0,42.0,6.0,2.0,6.0,2.0,1
7363,2371,4.0,4,2,2,20,2,1,1.0,1.0,0.0,0.0,11.0,3.0,0.0,3.0,0.0,0
7364,3432,3.0,9,0,2,28,2,1,0.0,0.0,0.0,0.0,21.0,3.0,0.0,3.0,0.0,0
7365,2263,4.0,8,0,2,31,3,1,0.0,0.0,0.0,0.0,23.0,4.0,0.0,3.0,0.0,0
7366,4479,4.0,17,15,1,64,5,3,14.0,0.0,1.0,0.0,33.0,7.0,1.0,7.0,0.0,0
7367,4239,3.0,3,1,1,15,2,1,0.0,1.0,0.0,1.0,8.0,2.0,0.0,2.0,0.0,0
7368,18492,5.0,24,22,2,106,8,3,12.0,9.0,1.0,7.0,51.0,11.0,3.0,9.0,2.0,1
7369,1390,4.0,7,3,1,31,5,1,1.0,2.0,0.0,1.0,16.0,5.0,1.0,4.0,0.0,0
7370,893,4.0,20,0,2,58,3,2,0.0,0.0,0.0,0.0,41.0,8.0,0.0,8.0,0.0,0
7371,1490,4.0,29,0,2,78,3,6,0.0,0.0,0.0,0.0,59.0,9.0,0.0,9.0,0.0,0
7372,17962,4.0,27,5,2,105,8,3,1.0,0.0,3.0,1.0,64.0,15.0,3.0,15.0,2.0,1
7373,10042,4.0,25,1,2,87,8,3,0.0,0.0,0.0,0.0,54.0,15.0,1.0,14.0,2.0,1
7374,15814,3.0,2,16,4,34,3,3,11.0,0.0,5.0,0.0,6.0,2.0,5.0,2.0,2.0,1
7375,8516,4.0,14,2,2,48,3,3,1.0,0.0,1.0,1.0,33.0,5.0,0.0,6.0,0.0,0
7376,9407,4.0,15,0,2,45,3,2,0.0,0.0,0.0,0.0,34.0,5.0,0.0,5.0,0.0,0
7377,2933,4.0,16,6,1,48,3,3,5.0,0.0,0.0,0.0,32.0,5.0,1.0,4.0,0.0,0
7378,12881,3.0,8,2,1,19,1,0,1.0,0.0,1.0,1.0,14.0,0.0,0.0,1.0,0.0,1
7379,18715,3.0,6,0,1,13,1,0,0.0,0.0,0.0,0.0,10.0,1.0,0.0,1.0,0.0,1
7380,10937,3.0,6,1,2,34,4,3,0.0,0.0,0.0,0.0,21.0,5.0,1.0,4.0,2.0,1
7381,18395,4.0,12,29,3,85,3,8,21.0,7.0,1.0,7.0,27.0,9.0,1.0,9.0,2.0,1
7382,19211,3.0,7,0,3,28,3,2,0.0,0.0,0.0,0.0,17.0,5.0,0.0,4.0,1.0,1
7383,11638,4.0,10,0,5,54,3,4,0.0,0.0,0.0,0.0,33.0,10.0,0.0,10.0,0.0,1
7384,1129,4.0,11,9,1,41,3,3,8.0,0.0,0.0,0.0,22.0,5.0,1.0,4.0,0.0,0
7385,731,4.0,8,15,3,52,2,6,11.0,0.0,4.0,0.0,22.0,5.0,4.0,5.0,0.0,0
7386,11110,4.0,26,5,4,97,7,3,2.0,0.0,2.0,0.0,57.0,15.0,3.0,14.0,3.0,1
7387,19168,4.0,23,3,3,85,8,3,1.0,0.0,1.0,0.0,51.0,14.0,2.0,13.0,2.0,1
7388,3084,4.0,24,8,1,79,3,5,5.0,0.0,3.0,0.0,48.0,10.0,3.0,9.0,0.0,0
7389,7297,4.0,7,0,1,22,2,2,0.0,0.0,0.0,0.0,15.0,3.0,0.0,3.0,0.0,0
7390,4588,3.0,6,0,1,17,2,1,0.0,0.0,0.0,0.0,13.0,2.0,0.0,1.0,0.0,0
7391,12496,3.0,3,0,2,24,3,3,0.0,0.0,0.0,0.0,13.0,4.0,0.0,4.0,2.0,1
7392,2795,4.0,10,26,1,88,5,6,7.0,0.0,18.0,14.0,16.0,5.0,5.0,18.0,4.0,0
7393,8979,3.0,11,0,2,31,2,1,0.0,0.0,0.0,0.0,25.0,3.0,0.0,2.0,0.0,0
7394,7601,3.0,7,2,2,32,2,1,1.0,0.0,1.0,1.0,23.0,2.0,0.0,3.0,0.0,0
7395,798,4.0,13,8,1,54,5,2,7.0,0.0,1.0,0.0,33.0,5.0,1.0,5.0,1.0,0
7396,6232,4.0,24,5,5,91,6,8,2.0,0.0,2.0,3.0,49.0,15.0,0.0,17.0,2.0,0
7397,734,4.0,11,6,1,39,3,4,5.0,0.0,1.0,0.0,20.0,6.0,1.0,5.0,0.0,0
7398,14200,4.0,6,0,4,37,3,3,0.0,0.0,0.0,0.0,22.0,6.0,0.0,6.0,2.0,1
7399,2244,4.0,25,58,3,173,7,6,34.0,22.0,1.0,22.0,65.0,13.0,2.0,12.0,1.0,0
7400,178,4.0,9,8,2,40,2,3,6.0,0.0,2.0,2.0,21.0,3.0,0.0,5.0,0.0,0
7401,11469,5.0,33,12,2,161,7,6,0.0,12.0,0.0,12.0,94.0,18.0,0.0,17.0,7.0,1
7402,11932,3.0,8,0,2,33,4,2,0.0,0.0,0.0,0.0,22.0,5.0,0.0,4.0,1.0,1
7403,1174,4.0,24,5,2,78,3,3,4.0,0.0,1.0,0.0,53.0,9.0,1.0,9.0,0.0,0
7404,13798,4.0,10,0,3,41,4,4,0.0,0.0,0.0,0.0,25.0,7.0,0.0,6.0,2.0,1
7405,17863,4.0,14,0,3,57,4,4,0.0,0.0,0.0,0.0,38.0,8.0,0.0,8.0,2.0,1
7406,10023,3.0,5,0,2,21,2,2,0.0,0.0,0.0,0.0,13.0,4.0,0.0,3.0,0.0,1
7407,9830,4.0,12,4,2,50,2,3,3.0,0.0,1.0,1.0,35.0,4.0,0.0,5.0,0.0,0
7408,790,3.0,8,0,1,27,2,1,0.0,0.0,0.0,0.0,23.0,2.0,0.0,1.0,0.0,0
7409,18630,3.0,14,0,2,45,3,4,0.0,0.0,0.0,0.0,32.0,5.0,0.0,5.0,2.0,1
7410,9973,4.0,43,6,2,139,4,5,5.0,0.0,1.0,0.0,97.0,16.0,1.0,16.0,2.0,0
7411,11393,4.0,15,0,3,49,3,3,0.0,0.0,0.0,0.0,36.0,5.0,0.0,5.0,2.0,1
7412,198,3.0,7,1,1,21,2,3,0.0,1.0,0.0,1.0,11.0,4.0,0.0,3.0,0.0,0
7413,18089,3.0,16,34,1,99,4,4,9.0,2.0,23.0,16.0,9.0,7.0,9.0,20.0,3.0,1
7414,12279,4.0,6,2,3,38,3,4,1.0,0.0,1.0,0.0,22.0,5.0,1.0,5.0,2.0,1
7415,7675,4.0,25,0,2,70,3,3,0.0,0.0,0.0,0.0,55.0,7.0,0.0,7.0,0.0,0
7416,13385,4.0,39,4,4,138,8,4,1.0,0.0,3.0,0.0,88.0,20.0,3.0,20.0,2.0,1
7417,548,4.0,9,0,1,24,3,1,0.0,0.0,0.0,0.0,17.0,3.0,0.0,3.0,0.0,0
7418,3339,4.0,14,3,2,50,2,4,2.0,0.0,1.0,0.0,35.0,5.0,1.0,5.0,0.0,0
7419,12940,4.0,21,18,2,106,4,11,10.0,8.0,0.0,7.0,53.0,13.0,1.0,11.0,2.0,1
7420,15067,3.0,15,0,1,45,3,4,0.0,0.0,0.0,0.0,34.0,4.0,0.0,4.0,2.0,1
7421,15025,4.0,2,17,4,35,3,3,12.0,0.0,5.0,0.0,6.0,2.0,5.0,2.0,2.0,1
7422,7465,4.0,16,17,2,88,4,7,12.0,0.0,5.0,0.0,38.0,13.0,5.0,12.0,2.0,0
7423,11772,3.0,9,0,1,31,3,3,0.0,0.0,0.0,0.0,22.0,3.0,0.0,3.0,2.0,1
7424,18359,4.0,14,0,4,56,4,2,0.0,0.0,0.0,0.0,40.0,7.0,0.0,7.0,1.0,1
7425,14682,3.0,6,0,2,22,2,2,0.0,0.0,0.0,0.0,14.0,4.0,0.0,3.0,0.0,1
7426,10506,4.0,2,16,4,34,3,3,11.0,0.0,5.0,0.0,6.0,2.0,5.0,2.0,2.0,1
7427,17219,4.0,2,17,4,35,3,3,12.0,0.0,5.0,0.0,6.0,2.0,5.0,2.0,2.0,1
7428,13277,4.0,5,0,3,34,3,3,0.0,0.0,0.0,0.0,21.0,5.0,0.0,5.0,2.0,1
7429,18199,4.0,24,2,3,82,7,4,1.0,0.0,0.0,0.0,54.0,12.0,1.0,11.0,2.0,1
7430,7533,4.0,12,0,3,37,3,2,0.0,0.0,0.0,0.0,23.0,6.0,0.0,6.0,1.0,0
7431,14112,4.0,26,2,1,93,4,4,1.0,0.0,1.0,0.0,61.0,13.0,1.0,13.0,2.0,1
7432,66,4.0,9,4,1,44,3,3,2.0,2.0,0.0,1.0,22.0,8.0,1.0,7.0,0.0,0
7433,17459,4.0,25,3,4,99,7,3,1.0,0.0,2.0,0.0,59.0,16.0,2.0,16.0,2.0,1
7434,4712,4.0,42,62,7,196,7,2,42.0,18.0,1.0,17.0,78.0,18.0,3.0,16.0,2.0,0
7435,5214,4.0,25,5,1,86,6,4,3.0,0.0,1.0,0.0,64.0,7.0,2.0,6.0,2.0,0
7436,11452,2.0,4,0,1,11,1,0,0.0,0.0,0.0,0.0,8.0,1.0,0.0,1.0,0.0,1
7437,17956,4.0,25,2,3,91,7,3,0.0,0.0,1.0,0.0,56.0,15.0,2.0,14.0,2.0,1
7438,5033,3.0,1,1,1,13,2,2,0.0,0.0,1.0,1.0,6.0,2.0,0.0,2.0,0.0,0
7439,6915,3.0,8,0,1,23,2,1,0.0,0.0,0.0,0.0,18.0,2.0,0.0,2.0,0.0,0
7440,2572,4.0,25,7,1,89,4,4,6.0,0.0,1.0,0.0,60.0,10.0,1.0,10.0,0.0,0
7441,16595,4.0,6,0,3,35,3,3,0.0,0.0,0.0,0.0,22.0,5.0,0.0,5.0,2.0,1
7442,17002,5.0,27,24,3,195,6,5,4.0,20.0,0.0,20.0,122.0,13.0,0.0,13.0,2.0,1
7443,622,3.0,13,2,1,46,3,3,1.0,0.0,1.0,1.0,29.0,6.0,0.0,7.0,0.0,0
7444,18224,4.0,10,0,3,41,4,4,0.0,0.0,0.0,0.0,25.0,6.0,0.0,5.0,4.0,1
7445,6222,4.0,8,3,1,31,4,1,1.0,2.0,0.0,1.0,18.0,4.0,1.0,3.0,0.0,0
7446,787,4.0,10,1,2,30,2,1,0.0,0.0,1.0,1.0,23.0,2.0,0.0,2.0,0.0,0
7447,3332,4.0,29,27,1,138,7,3,24.0,0.0,3.0,0.0,69.0,16.0,3.0,16.0,6.0,0
7448,19384,4.0,8,4,2,36,3,3,3.0,0.0,1.0,1.0,22.0,3.0,0.0,3.0,2.0,1
7449,19642,4.0,8,6,2,41,3,3,5.0,0.0,0.0,1.0,22.0,6.0,0.0,6.0,0.0,1
7450,6008,4.0,21,12,1,92,3,7,9.0,0.0,3.0,0.0,51.0,13.0,3.0,12.0,0.0,0
7451,16849,4.0,9,14,8,69,6,5,8.0,0.0,5.0,1.0,25.0,11.0,5.0,11.0,2.0,1
7452,8334,3.0,7,0,2,29,2,1,0.0,0.0,0.0,0.0,22.0,3.0,0.0,3.0,0.0,0
7453,18767,4.0,9,0,3,37,2,3,0.0,0.0,0.0,0.0,24.0,6.0,0.0,6.0,0.0,1
7454,11472,4.0,15,0,4,72,3,7,0.0,0.0,0.0,0.0,49.0,10.0,0.0,10.0,2.0,1
7455,16255,4.0,20,3,2,79,7,4,1.0,0.0,1.0,0.0,47.0,13.0,2.0,12.0,2.0,1
7456,16825,4.0,8,2,3,41,5,3,1.0,0.0,0.0,0.0,23.0,7.0,1.0,6.0,2.0,1
7457,13448,2.0,5,0,1,12,1,0,0.0,0.0,0.0,0.0,9.0,1.0,0.0,1.0,0.0,1
7458,19639,3.0,6,0,1,15,2,0,0.0,0.0,0.0,0.0,10.0,2.0,0.0,2.0,0.0,1
7459,14216,4.0,25,5,4,101,7,3,3.0,0.0,2.0,0.0,61.0,15.0,2.0,15.0,2.0,1
7460,12478,4.0,11,5,3,48,4,4,3.0,1.0,1.0,1.0,26.0,6.0,1.0,6.0,2.0,1
7461,515,4.0,15,4,7,66,2,4,2.0,0.0,2.0,2.0,39.0,9.0,0.0,11.0,0.0,0
7462,478,4.0,17,4,1,57,3,4,2.0,0.0,2.0,2.0,41.0,4.0,0.0,5.0,0.0,0
7463,13640,4.0,26,4,3,90,7,3,2.0,0.0,1.0,0.0,57.0,13.0,2.0,12.0,2.0,1
7464,4476,4.0,27,4,2,79,4,2,2.0,1.0,1.0,0.0,58.0,7.0,2.0,6.0,1.0,0
7465,9971,4.0,10,5,2,41,3,5,2.0,0.0,2.0,1.0,21.0,6.0,2.0,6.0,0.0,0
7466,10839,3.0,5,0,2,16,1,0,0.0,0.0,0.0,0.0,11.0,2.0,0.0,2.0,0.0,1
7467,18142,4.0,14,6,3,61,2,4,3.0,2.0,0.0,3.0,38.0,7.0,0.0,7.0,0.0,1
7468,19716,4.0,9,17,2,55,4,4,10.0,5.0,2.0,5.0,20.0,4.0,2.0,4.0,2.0,1
7469,6899,3.0,6,2,2,26,2,1,1.0,1.0,0.0,0.0,17.0,3.0,1.0,2.0,0.0,0
7470,17755,4.0,21,0,3,81,4,6,0.0,0.0,0.0,0.0,56.0,11.0,0.0,11.0,2.0,1
7471,1033,4.0,18,8,1,64,4,7,5.0,0.0,3.0,0.0,37.0,8.0,3.0,7.0,0.0,0
7472,15245,4.0,42,6,3,159,8,3,2.0,0.0,3.0,0.0,92.0,28.0,4.0,27.0,2.0,1
7473,2598,4.0,13,8,1,45,5,1,7.0,0.0,1.0,0.0,25.0,5.0,1.0,5.0,0.0,0
7474,1514,4.0,13,0,1,37,2,4,0.0,0.0,0.0,0.0,27.0,5.0,0.0,4.0,0.0,0
7475,6191,4.0,10,0,1,37,2,3,0.0,0.0,0.0,0.0,29.0,4.0,0.0,3.0,0.0,0
7476,17077,4.0,12,2,3,54,6,4,1.0,0.0,0.0,0.0,32.0,9.0,1.0,8.0,2.0,1
7477,7237,4.0,9,5,3,35,4,1,3.0,0.0,1.0,0.0,19.0,5.0,2.0,4.0,0.0,0
7478,5753,4.0,12,4,4,52,3,3,2.0,0.0,2.0,0.0,31.0,7.0,2.0,7.0,0.0,0
7479,2068,4.0,12,8,1,52,3,5,5.0,0.0,3.0,0.0,31.0,5.0,3.0,4.0,0.0,0
7480,18607,3.0,11,0,2,29,2,3,0.0,0.0,0.0,0.0,19.0,5.0,0.0,4.0,0.0,1
7481,8236,3.0,4,0,2,22,2,2,0.0,0.0,0.0,0.0,13.0,4.0,0.0,4.0,0.0,0
7482,8536,4.0,17,10,1,79,3,2,8.0,0.0,2.0,0.0,48.0,9.0,2.0,9.0,0.0,0
7483,5521,4.0,40,79,13,240,7,3,46.0,32.0,0.0,32.0,84.0,22.0,1.0,21.0,1.0,0
7484,1462,3.0,20,0,1,60,3,5,0.0,0.0,0.0,0.0,43.0,8.0,0.0,8.0,0.0,0
7485,7915,4.0,22,12,1,87,7,4,10.0,0.0,1.0,0.0,50.0,11.0,2.0,10.0,2.0,0
7486,1871,3.0,7,0,1,21,2,1,0.0,0.0,0.0,0.0,17.0,2.0,0.0,1.0,0.0,0
7487,16543,4.0,15,7,3,60,3,6,6.0,0.0,1.0,0.0,36.0,7.0,1.0,6.0,2.0,1
7488,4576,4.0,32,7,1,134,3,5,6.0,0.0,1.0,0.0,82.0,21.0,1.0,21.0,1.0,0
7489,18273,4.0,11,1,3,53,3,5,0.0,0.0,1.0,0.0,36.0,6.0,1.0,6.0,2.0,1
7490,7209,4.0,17,10,2,58,3,3,9.0,0.0,0.0,0.0,30.0,9.0,1.0,8.0,0.0,0
7491,9856,3.0,7,2,3,31,2,1,0.0,0.0,2.0,2.0,20.0,2.0,0.0,4.0,0.0,0
7492,11080,3.0,8,0,3,33,3,2,0.0,0.0,0.0,0.0,20.0,6.0,0.0,6.0,0.0,1
7493,16449,4.0,12,5,1,55,4,4,2.0,1.0,2.0,0.0,33.0,6.0,3.0,5.0,2.0,1
7494,7349,4.0,11,4,1,31,4,1,2.0,1.0,0.0,0.0,18.0,4.0,2.0,2.0,1.0,0
7495,4623,3.0,6,0,2,24,2,1,0.0,0.0,0.0,0.0,17.0,3.0,0.0,3.0,0.0,0
7496,15478,3.0,7,0,3,28,2,1,0.0,0.0,0.0,0.0,19.0,4.0,0.0,4.0,0.0,1
7497,4818,3.0,9,0,1,26,2,1,0.0,0.0,0.0,0.0,22.0,2.0,0.0,1.0,0.0,0
7498,220,4.0,10,3,2,45,3,1,2.0,0.0,1.0,0.0,30.0,5.0,1.0,5.0,0.0,0
7499,9953,4.0,12,3,1,48,3,3,2.0,1.0,0.0,1.0,29.0,7.0,0.0,7.0,0.0,0
7500,12632,3.0,2,0,2,17,2,2,0.0,0.0,0.0,0.0,9.0,4.0,0.0,3.0,0.0,1
7501,18288,4.0,11,5,2,49,4,4,3.0,0.0,1.0,0.0,29.0,6.0,2.0,5.0,2.0,1
7502,12778,4.0,24,10,3,105,7,3,6.0,0.0,3.0,0.0,60.0,15.0,4.0,14.0,2.0,1
7503,11389,4.0,9,3,3,37,2,2,2.0,0.0,1.0,1.0,23.0,4.0,0.0,5.0,0.0,1
7504,14738,4.0,21,4,2,79,7,3,2.0,0.0,1.0,0.0,48.0,12.0,2.0,11.0,2.0,1
7505,19405,3.0,4,0,1,14,2,0,0.0,0.0,0.0,0.0,9.0,2.0,0.0,2.0,0.0,1
7506,2476,3.0,8,0,1,26,3,2,0.0,0.0,0.0,0.0,17.0,4.0,0.0,4.0,0.0,0
7507,4248,4.0,17,15,1,57,4,3,13.0,0.0,2.0,0.0,27.0,6.0,2.0,6.0,0.0,0
7508,6115,4.0,21,17,2,85,4,3,12.0,0.0,5.0,0.0,44.0,9.0,5.0,9.0,0.0,0
7509,19177,4.0,15,0,3,48,3,3,0.0,0.0,0.0,0.0,35.0,5.0,0.0,5.0,2.0,1
7510,10941,4.0,12,0,3,47,3,3,0.0,0.0,0.0,0.0,32.0,7.0,0.0,7.0,0.0,1
7511,19244,3.0,9,0,2,33,2,3,0.0,0.0,0.0,0.0,23.0,5.0,0.0,4.0,0.0,1
7512,18883,4.0,16,1,3,66,7,3,0.0,0.0,0.0,0.0,39.0,12.0,1.0,11.0,2.0,1
7513,6487,4.0,18,9,1,74,3,6,6.0,0.0,3.0,0.0,38.0,12.0,3.0,11.0,0.0,0
7514,15411,4.0,27,3,4,99,7,3,1.0,0.0,1.0,0.0,63.0,15.0,2.0,14.0,2.0,1
7515,10099,3.0,9,0,4,27,3,2,0.0,0.0,0.0,0.0,13.0,7.0,0.0,6.0,0.0,1
7516,9456,4.0,12,0,2,40,3,2,0.0,0.0,0.0,0.0,29.0,5.0,0.0,5.0,0.0,0
7517,15911,4.0,27,4,3,98,8,3,2.0,0.0,1.0,0.0,63.0,14.0,2.0,13.0,2.0,1
7518,12433,4.0,17,0,2,64,4,6,0.0,0.0,0.0,0.0,45.0,8.0,0.0,8.0,2.0,1
7519,5650,4.0,19,0,3,55,2,4,0.0,0.0,0.0,0.0,40.0,7.0,0.0,7.0,0.0,0
7520,14468,3.0,7,0,2,29,2,1,0.0,0.0,0.0,0.0,22.0,3.0,0.0,3.0,0.0,1
7521,19114,3.0,11,0,2,31,2,2,0.0,0.0,0.0,0.0,23.0,4.0,0.0,3.0,0.0,1
7522,17032,3.0,5,0,1,12,1,0,0.0,0.0,0.0,0.0,9.0,1.0,0.0,1.0,0.0,1
7523,8052,4.0,8,4,2,34,3,2,3.0,1.0,0.0,0.0,19.0,5.0,1.0,4.0,0.0,0
7524,19210,4.0,11,11,3,64,4,6,7.0,1.0,3.0,0.0,31.0,8.0,4.0,7.0,2.0,1
7525,15262,4.0,50,8,3,177,8,3,4.0,0.0,3.0,0.0,115.0,24.0,4.0,23.0,3.0,1
7526,19569,4.0,18,5,3,76,7,3,3.0,0.0,1.0,0.0,42.0,13.0,2.0,12.0,2.0,1
7527,2881,4.0,15,0,1,47,2,5,0.0,0.0,0.0,0.0,35.0,6.0,0.0,5.0,0.0,0
7528,1677,4.0,12,0,1,34,2,3,0.0,0.0,0.0,0.0,25.0,4.0,0.0,4.0,0.0,0
7529,19652,5.0,30,30,3,244,7,3,3.0,27.0,0.0,27.0,159.0,13.0,0.0,12.0,2.0,1
7530,6060,3.0,15,0,2,35,3,2,0.0,0.0,0.0,0.0,24.0,5.0,0.0,5.0,0.0,0
7531,901,4.0,19,2,1,59,4,2,1.0,0.0,1.0,0.0,39.0,8.0,1.0,8.0,0.0,0
7532,17525,4.0,29,3,2,109,7,4,1.0,0.0,2.0,0.0,76.0,13.0,2.0,12.0,2.0,1
7533,7164,4.0,10,0,2,40,3,3,0.0,0.0,0.0,0.0,25.0,7.0,0.0,7.0,0.0,0
7534,2296,4.0,15,8,1,47,3,5,5.0,0.0,2.0,0.0,27.0,5.0,3.0,4.0,0.0,0
7535,11594,4.0,17,11,2,67,3,6,9.0,0.0,2.0,0.0,41.0,5.0,2.0,5.0,2.0,1
7536,19738,3.0,2,16,4,34,3,3,11.0,0.0,5.0,0.0,6.0,2.0,5.0,2.0,2.0,1
7537,8488,3.0,8,0,1,23,2,1,0.0,0.0,0.0,0.0,19.0,2.0,0.0,1.0,0.0,0
7538,9713,4.0,19,8,6,87,6,8,5.0,0.0,3.0,2.0,39.0,16.0,1.0,18.0,2.0,0
7539,18132,4.0,13,2,2,51,4,5,1.0,0.0,1.0,0.0,33.0,6.0,1.0,6.0,2.0,1
7540,13848,3.0,2,17,4,35,3,3,12.0,0.0,5.0,0.0,6.0,2.0,5.0,2.0,2.0,1
7541,14741,3.0,12,23,1,72,4,4,8.0,1.0,14.0,8.0,10.0,7.0,7.0,13.0,3.0,1
7542,14315,3.0,8,6,2,29,1,0,4.0,1.0,1.0,1.0,18.0,1.0,1.0,1.0,0.0,1
7543,8219,2.0,6,0,1,16,2,1,0.0,0.0,0.0,0.0,12.0,2.0,0.0,1.0,0.0,0
7544,14780,4.0,19,2,3,84,4,5,1.0,0.0,1.0,0.0,60.0,9.0,1.0,9.0,2.0,1
7545,17237,4.0,27,4,3,90,8,3,2.0,0.0,1.0,0.0,55.0,14.0,2.0,13.0,2.0,1
7546,6772,2.0,4,0,1,13,2,1,0.0,0.0,0.0,0.0,9.0,2.0,0.0,1.0,0.0,0
7547,17215,3.0,4,0,3,26,2,2,0.0,0.0,0.0,0.0,16.0,5.0,0.0,4.0,0.0,1
7548,11923,4.0,16,0,4,64,4,5,0.0,0.0,0.0,0.0,41.0,10.0,0.0,10.0,2.0,1
7549,11440,4.0,36,5,3,124,8,3,2.0,0.0,2.0,0.0,79.0,18.0,3.0,17.0,2.0,1
7550,15813,3.0,7,0,2,26,3,2,0.0,0.0,0.0,0.0,16.0,5.0,0.0,4.0,0.0,1
7551,17853,4.0,16,2,2,57,4,4,1.0,0.0,1.0,0.0,37.0,7.0,1.0,7.0,2.0,1
7552,16015,4.0,22,26,2,108,7,3,20.0,6.0,0.0,5.0,52.0,11.0,1.0,10.0,2.0,1
7553,7257,4.0,12,5,1,45,4,3,4.0,0.0,1.0,0.0,29.0,5.0,1.0,4.0,0.0,0
7554,2580,4.0,33,3,2,105,3,5,1.0,0.0,2.0,0.0,71.0,14.0,2.0,14.0,0.0,0
7555,7966,3.0,7,4,3,26,2,1,3.0,0.0,1.0,1.0,13.0,3.0,0.0,4.0,0.0,0
7556,2156,4.0,19,2,1,67,3,3,1.0,0.0,0.0,0.0,45.0,10.0,1.0,9.0,0.0,0
7557,4340,3.0,4,0,2,17,3,1,0.0,0.0,0.0,0.0,9.0,4.0,0.0,3.0,0.0,0
7558,12936,4.0,7,1,1,34,4,5,0.0,0.0,1.0,1.0,17.0,6.0,0.0,6.0,2.0,1
7559,9562,4.0,23,0,2,91,4,3,0.0,0.0,0.0,0.0,56.0,16.0,0.0,16.0,2.0,0
7560,19866,4.0,17,0,2,67,5,6,0.0,0.0,0.0,0.0,46.0,9.0,0.0,9.0,2.0,1
7561,10586,4.0,16,9,3,76,3,8,3.0,4.0,2.0,5.0,42.0,8.0,1.0,8.0,2.0,1
7562,16011,4.0,32,6,3,117,7,3,3.0,0.0,3.0,0.0,71.0,17.0,3.0,17.0,2.0,1
7563,13743,4.0,18,0,3,75,6,5,0.0,0.0,0.0,0.0,44.0,14.0,0.0,14.0,2.0,1
7564,15291,4.0,20,0,3,66,2,3,0.0,0.0,0.0,0.0,53.0,6.0,0.0,6.0,0.0,1
7565,5254,3.0,8,0,1,22,3,1,0.0,0.0,0.0,0.0,15.0,3.0,0.0,3.0,0.0,0
7566,681,4.0,14,0,2,37,3,2,0.0,0.0,0.0,0.0,26.0,5.0,0.0,5.0,0.0,0
7567,4530,4.0,10,0,2,34,3,1,0.0,0.0,0.0,0.0,26.0,4.0,0.0,3.0,0.0,0
7568,12967,4.0,10,1,4,51,3,5,0.0,0.0,0.0,0.0,32.0,8.0,1.0,7.0,2.0,1
7569,13614,4.0,41,7,3,143,8,4,4.0,0.0,2.0,0.0,92.0,20.0,3.0,19.0,2.0,1
7570,3159,4.0,18,14,1,79,3,3,11.0,0.0,2.0,0.0,40.0,11.0,3.0,10.0,1.0,0
7571,19892,4.0,27,4,3,103,7,3,2.0,0.0,2.0,0.0,62.0,16.0,2.0,16.0,2.0,1
7572,2987,4.0,15,7,2,58,4,1,6.0,0.0,1.0,0.0,32.0,8.0,1.0,8.0,1.0,0
7573,4908,3.0,22,0,2,70,3,3,0.0,0.0,0.0,0.0,53.0,8.0,0.0,8.0,0.0,0
7574,1882,4.0,8,6,2,42,2,2,5.0,0.0,1.0,1.0,27.0,3.0,0.0,4.0,0.0,0
7575,14186,4.0,22,3,3,85,7,3,1.0,0.0,2.0,0.0,49.0,14.0,2.0,14.0,2.0,1
7576,18959,4.0,13,22,4,95,6,7,13.0,0.0,9.0,1.0,42.0,9.0,8.0,10.0,2.0,1
7577,1940,4.0,10,1,1,31,4,1,0.0,1.0,0.0,1.0,20.0,4.0,0.0,4.0,0.0,0
7578,3296,4.0,10,1,3,43,4,3,0.0,1.0,0.0,0.0,25.0,8.0,1.0,7.0,0.0,0
7579,3534,4.0,26,1,2,76,5,1,0.0,0.0,1.0,1.0,58.0,7.0,0.0,7.0,1.0,0
7580,5974,3.0,8,0,1,21,2,1,0.0,0.0,0.0,0.0,17.0,2.0,0.0,1.0,0.0,0
7581,3729,4.0,27,0,2,92,3,2,0.0,0.0,0.0,0.0,63.0,14.0,0.0,14.0,0.0,0
7582,490,4.0,22,0,2,75,3,4,0.0,0.0,0.0,0.0,60.0,7.0,0.0,7.0,0.0,0
7583,5708,3.0,5,3,3,25,2,1,1.0,0.0,2.0,2.0,13.0,2.0,0.0,4.0,0.0,0
7584,1181,4.0,5,10,1,34,2,3,9.0,0.0,0.0,0.0,16.0,4.0,1.0,3.0,0.0,0
7585,1375,3.0,8,0,1,23,3,1,0.0,0.0,0.0,0.0,16.0,3.0,0.0,3.0,0.0,0
7586,5014,4.0,12,0,2,32,3,2,0.0,0.0,0.0,0.0,21.0,5.0,0.0,5.0,0.0,0
7587,11606,5.0,33,25,3,241,7,3,3.0,22.0,0.0,22.0,166.0,13.0,0.0,12.0,2.0,1
7588,12351,4.0,28,3,3,102,8,3,1.0,0.0,1.0,0.0,68.0,14.0,2.0,13.0,2.0,1
7589,626,4.0,15,0,2,40,3,2,0.0,0.0,0.0,0.0,29.0,5.0,0.0,5.0,0.0,0
7590,4758,4.0,25,8,1,97,3,5,5.0,0.0,3.0,0.0,62.0,12.0,3.0,11.0,0.0,0
7591,13957,4.0,15,2,2,57,4,3,0.0,0.0,2.0,1.0,36.0,7.0,1.0,7.0,2.0,1
7592,10304,4.0,15,0,2,49,4,5,0.0,0.0,0.0,0.0,32.0,7.0,0.0,7.0,2.0,1
7593,3560,4.0,12,7,1,44,3,2,6.0,0.0,0.0,1.0,22.0,7.0,0.0,7.0,0.0,0
7594,6040,3.0,9,0,1,26,2,1,0.0,0.0,0.0,0.0,22.0,2.0,0.0,1.0,0.0,0
7595,12372,3.0,5,0,3,28,2,1,0.0,0.0,0.0,0.0,19.0,4.0,0.0,4.0,0.0,1
7596,17151,4.0,36,6,2,138,8,3,2.0,0.0,3.0,0.0,84.0,21.0,4.0,20.0,3.0,1
7597,2841,4.0,24,2,2,82,6,1,1.0,1.0,0.0,0.0,63.0,8.0,1.0,7.0,0.0,0
7598,4180,3.0,9,0,1,28,2,1,0.0,0.0,0.0,0.0,23.0,2.0,0.0,2.0,0.0,0
7599,17433,4.0,6,2,2,40,3,4,1.0,1.0,0.0,1.0,24.0,5.0,0.0,5.0,2.0,1
7600,14361,4.0,11,6,3,46,3,2,5.0,0.0,1.0,0.0,28.0,5.0,1.0,5.0,0.0,1
7601,18181,5.0,39,18,10,198,5,4,3.0,13.0,2.0,15.0,131.0,15.0,0.0,16.0,2.0,1
7602,2887,4.0,44,6,2,148,3,7,5.0,0.0,1.0,0.0,97.0,22.0,1.0,21.0,0.0,0
7603,16486,4.0,18,7,2,83,7,6,3.0,0.0,3.0,0.0,53.0,9.0,4.0,8.0,2.0,1
7604,8876,5.0,33,56,3,221,5,2,20.0,33.0,3.0,35.0,116.0,5.0,1.0,7.0,0.0,0
7605,4539,3.0,4,4,1,18,2,1,3.0,0.0,0.0,1.0,9.0,2.0,0.0,2.0,0.0,0
7606,12706,4.0,2,14,4,32,3,3,9.0,0.0,5.0,0.0,6.0,2.0,5.0,2.0,2.0,1
7607,12271,4.0,12,0,2,42,3,5,0.0,0.0,0.0,0.0,28.0,6.0,0.0,5.0,2.0,1
7608,6683,4.0,19,14,1,81,5,3,10.0,3.0,0.0,0.0,49.0,9.0,4.0,5.0,0.0,0
7609,6671,4.0,35,21,3,134,4,3,11.0,9.0,1.0,1.0,79.0,15.0,9.0,7.0,1.0,0
7610,6453,4.0,25,13,2,99,4,1,11.0,0.0,2.0,2.0,57.0,12.0,0.0,14.0,0.0,0
7611,9211,4.0,20,4,1,57,4,2,3.0,0.0,1.0,0.0,37.0,7.0,1.0,7.0,0.0,0
7612,1366,3.0,9,0,2,27,2,1,0.0,0.0,0.0,0.0,21.0,3.0,0.0,2.0,0.0,0
7613,12108,3.0,5,0,1,21,2,0,0.0,0.0,0.0,0.0,14.0,3.0,0.0,3.0,0.0,1
7614,12581,4.0,10,0,3,45,3,5,0.0,0.0,0.0,0.0,28.0,7.0,0.0,7.0,2.0,1
7615,2639,4.0,11,5,2,44,3,5,2.0,0.0,2.0,1.0,24.0,6.0,2.0,6.0,0.0,0
7616,1191,4.0,23,4,4,75,2,4,3.0,0.0,1.0,1.0,54.0,7.0,0.0,8.0,0.0,0
7617,5602,4.0,11,2,2,37,3,1,1.0,0.0,1.0,0.0,25.0,4.0,1.0,4.0,0.0,0
7618,19046,4.0,5,0,3,34,4,2,0.0,0.0,0.0,0.0,20.0,6.0,0.0,6.0,1.0,1
7619,13921,3.0,5,0,3,29,3,2,0.0,0.0,0.0,0.0,17.0,5.0,0.0,5.0,1.0,1
7620,5730,3.0,3,0,1,10,2,1,0.0,0.0,0.0,0.0,6.0,2.0,0.0,1.0,0.0,0
7621,7204,4.0,18,0,1,52,3,2,0.0,0.0,0.0,0.0,35.0,8.0,0.0,8.0,0.0,0
7622,5296,4.0,20,8,2,82,3,5,5.0,0.0,3.0,0.0,49.0,11.0,3.0,10.0,0.0,0
7623,3197,3.0,9,0,1,22,2,1,0.0,0.0,0.0,0.0,18.0,2.0,0.0,1.0,0.0,0
7624,19706,4.0,12,2,3,53,4,4,1.0,0.0,1.0,0.0,35.0,6.0,1.0,6.0,2.0,1
7625,12979,4.0,16,6,1,54,3,4,5.0,0.0,1.0,0.0,35.0,6.0,1.0,5.0,0.0,1
7626,2938,4.0,7,0,2,30,3,1,0.0,0.0,0.0,0.0,21.0,4.0,0.0,4.0,0.0,0
7627,18995,4.0,33,3,4,107,4,7,2.0,0.0,1.0,0.0,74.0,13.0,1.0,13.0,2.0,1
7628,16593,3.0,1,11,3,30,3,4,7.0,0.0,4.0,0.0,8.0,2.0,4.0,2.0,2.0,1
7629,18670,4.0,11,0,3,40,3,3,0.0,0.0,0.0,0.0,26.0,6.0,0.0,6.0,1.0,1
7630,8890,3.0,13,0,2,35,3,2,0.0,0.0,0.0,0.0,24.0,5.0,0.0,5.0,0.0,0
7631,10171,3.0,11,0,3,44,3,4,0.0,0.0,0.0,0.0,29.0,6.0,0.0,6.0,2.0,1
7632,5979,4.0,13,1,3,43,2,2,0.0,0.0,1.0,1.0,31.0,4.0,0.0,5.0,0.0,0
7633,11995,4.0,9,0,3,44,2,2,0.0,0.0,0.0,0.0,33.0,5.0,0.0,5.0,0.0,1
7634,4534,4.0,25,8,1,101,6,7,4.0,1.0,2.0,0.0,58.0,15.0,4.0,13.0,3.0,0
7635,16493,3.0,10,1,3,43,3,3,0.0,0.0,1.0,0.0,24.0,8.0,1.0,8.0,0.0,1
7636,10065,4.0,23,2,2,67,3,6,1.0,0.0,0.0,0.0,49.0,7.0,1.0,6.0,2.0,1
7637,11538,3.0,7,0,1,27,4,3,0.0,0.0,0.0,0.0,17.0,4.0,0.0,3.0,2.0,1
7638,7669,4.0,8,8,2,46,3,5,7.0,0.0,0.0,0.0,22.0,8.0,1.0,7.0,0.0,0
7639,7607,3.0,16,0,2,51,4,2,0.0,0.0,0.0,0.0,38.0,6.0,0.0,6.0,0.0,0
7640,15054,4.0,17,20,3,92,6,6,12.0,7.0,0.0,8.0,38.0,12.0,0.0,12.0,2.0,1
7641,6869,4.0,12,10,3,64,5,2,8.0,0.0,1.0,0.0,33.0,10.0,2.0,9.0,0.0,0
7642,15316,4.0,9,0,2,31,2,3,0.0,0.0,0.0,0.0,21.0,5.0,0.0,4.0,0.0,1
7643,16122,4.0,12,0,4,59,4,3,0.0,0.0,0.0,0.0,40.0,8.0,0.0,8.0,2.0,1
7644,17354,4.0,10,3,2,41,3,4,2.0,1.0,0.0,0.0,25.0,5.0,1.0,4.0,2.0,1
7645,12992,3.0,2,16,4,34,3,3,11.0,0.0,5.0,0.0,6.0,2.0,5.0,2.0,2.0,1
7646,10472,4.0,9,4,2,31,1,0,2.0,1.0,1.0,1.0,22.0,1.0,1.0,1.0,0.0,1
7647,14831,4.0,14,2,3,59,4,5,1.0,0.0,1.0,0.0,37.0,8.0,1.0,8.0,2.0,1
7648,14331,4.0,42,8,3,140,8,4,5.0,0.0,2.0,0.0,86.0,21.0,3.0,20.0,2.0,1
7649,12661,3.0,7,0,2,20,1,0,0.0,0.0,0.0,0.0,15.0,2.0,0.0,2.0,0.0,1
7650,13325,4.0,17,0,2,47,3,2,0.0,0.0,0.0,0.0,34.0,6.0,0.0,6.0,0.0,1
7651,19741,4.0,22,0,2,70,4,5,0.0,0.0,0.0,0.0,49.0,9.0,0.0,9.0,2.0,1
7652,6681,5.0,74,50,3,371,9,3,11.0,34.0,5.0,30.0,222.0,30.0,9.0,26.0,3.0,0
7653,5428,4.0,23,7,2,71,3,5,6.0,0.0,1.0,0.0,44.0,9.0,1.0,9.0,0.0,0
7654,9190,4.0,10,10,2,48,5,1,9.0,0.0,0.0,0.0,20.0,9.0,1.0,8.0,0.0,0
7655,12322,4.0,8,0,3,40,3,3,0.0,0.0,0.0,0.0,26.0,6.0,0.0,6.0,1.0,1
7656,5266,4.0,9,2,1,36,3,2,1.0,1.0,0.0,0.0,25.0,4.0,1.0,3.0,0.0,0
7657,3786,4.0,22,0,1,63,7,2,0.0,0.0,0.0,0.0,42.0,10.0,0.0,10.0,0.0,0
7658,3510,3.0,7,0,2,27,2,1,0.0,0.0,0.0,0.0,21.0,3.0,0.0,2.0,0.0,0
7659,1784,3.0,9,4,1,34,2,3,3.0,0.0,0.0,0.0,22.0,4.0,1.0,3.0,0.0,0
7660,11374,3.0,5,2,3,35,3,4,0.0,1.0,1.0,2.0,17.0,5.0,0.0,6.0,2.0,1
7661,13425,4.0,23,0,1,73,4,5,0.0,0.0,0.0,0.0,52.0,9.0,0.0,9.0,2.0,1
7662,7116,4.0,38,71,2,193,7,3,34.0,37.0,0.0,36.0,64.0,10.0,1.0,9.0,1.0,0
7663,494,4.0,22,13,2,84,3,5,12.0,0.0,1.0,0.0,47.0,11.0,1.0,11.0,0.0,0
7664,14864,4.0,30,2,3,105,4,5,1.0,0.0,1.0,0.0,77.0,11.0,1.0,11.0,2.0,1
7665,10046,3.0,7,0,1,16,1,0,0.0,0.0,0.0,0.0,13.0,1.0,0.0,1.0,0.0,1
7666,14358,4.0,16,7,3,64,4,5,5.0,0.0,2.0,0.0,36.0,8.0,2.0,8.0,2.0,1
7667,11052,3.0,5,0,1,17,1,0,0.0,0.0,0.0,0.0,14.0,1.0,0.0,1.0,0.0,1
7668,2038,4.0,15,6,3,61,2,5,4.0,0.0,2.0,0.0,40.0,6.0,2.0,6.0,0.0,0
7669,4041,4.0,12,0,2,38,2,2,0.0,0.0,0.0,0.0,29.0,4.0,0.0,4.0,0.0,0
7670,9281,3.0,12,0,1,38,2,4,0.0,0.0,0.0,0.0,27.0,5.0,0.0,5.0,0.0,0
7671,2897,4.0,19,7,2,69,3,4,6.0,0.0,1.0,0.0,44.0,8.0,1.0,8.0,0.0,0
7672,8558,3.0,8,0,2,28,2,1,0.0,0.0,0.0,0.0,22.0,3.0,0.0,2.0,0.0,0
7673,9041,3.0,4,0,1,11,2,1,0.0,0.0,0.0,0.0,7.0,2.0,0.0,1.0,0.0,0
7674,16043,4.0,34,1,3,117,7,4,0.0,0.0,1.0,1.0,77.0,18.0,0.0,19.0,0.0,1
7675,14809,4.0,18,0,4,75,3,8,0.0,0.0,0.0,0.0,51.0,11.0,0.0,10.0,2.0,1
7676,16110,3.0,4,0,1,16,1,0,0.0,0.0,0.0,0.0,13.0,1.0,0.0,1.0,0.0,1
7677,16298,3.0,6,0,3,30,2,2,0.0,0.0,0.0,0.0,20.0,5.0,0.0,4.0,0.0,1
7678,14588,4.0,28,4,2,97,7,3,1.0,0.0,2.0,0.0,63.0,13.0,3.0,12.0,2.0,1
7679,2653,2.0,1,0,1,9,2,1,0.0,0.0,0.0,0.0,5.0,2.0,0.0,1.0,0.0,0
7680,18174,3.0,6,0,1,14,1,0,0.0,0.0,0.0,0.0,11.0,1.0,0.0,1.0,0.0,1
7681,5911,4.0,22,17,1,96,8,7,7.0,4.0,5.0,2.0,45.0,12.0,8.0,9.0,3.0,0
7682,9733,4.0,30,0,3,94,2,3,0.0,0.0,0.0,0.0,81.0,6.0,0.0,6.0,0.0,0
7683,14363,4.0,15,3,4,71,4,7,2.0,0.0,1.0,1.0,43.0,10.0,0.0,11.0,2.0,1
7684,11161,4.0,16,0,4,56,4,5,0.0,0.0,0.0,0.0,34.0,10.0,0.0,10.0,1.0,1
7685,8514,4.0,59,37,8,230,6,11,16.0,21.0,0.0,20.0,116.0,28.0,1.0,26.0,1.0,0
7686,2031,4.0,12,10,2,46,4,1,9.0,0.0,0.0,0.0,26.0,5.0,1.0,4.0,0.0,0
7687,5089,3.0,12,0,2,31,2,2,0.0,0.0,0.0,0.0,22.0,4.0,0.0,4.0,0.0,0
7688,13560,3.0,4,0,3,26,2,1,0.0,0.0,0.0,0.0,17.0,4.0,0.0,4.0,0.0,1
7689,813,4.0,8,4,2,30,2,1,3.0,0.0,1.0,1.0,19.0,2.0,0.0,3.0,0.0,0
7690,7235,4.0,16,15,1,72,3,2,13.0,0.0,1.0,0.0,37.0,9.0,2.0,8.0,1.0,0
7691,17789,5.0,18,8,3,97,6,3,0.0,6.0,2.0,8.0,52.0,11.0,0.0,13.0,4.0,1
7692,10971,4.0,11,5,3,49,4,4,2.0,2.0,1.0,2.0,26.0,6.0,1.0,6.0,2.0,1
7693,12755,4.0,10,3,2,41,3,4,2.0,1.0,0.0,0.0,25.0,5.0,1.0,4.0,2.0,1
7694,6280,4.0,17,35,1,94,4,7,30.0,2.0,3.0,1.0,34.0,9.0,4.0,8.0,2.0,0
7695,4206,4.0,24,14,2,81,3,7,13.0,0.0,1.0,0.0,45.0,10.0,1.0,10.0,0.0,0
7696,13983,3.0,5,0,2,23,2,2,0.0,0.0,0.0,0.0,15.0,4.0,0.0,3.0,0.0,1
7697,13466,3.0,8,0,3,31,2,1,0.0,0.0,0.0,0.0,22.0,4.0,0.0,4.0,0.0,1
7698,1079,4.0,8,2,1,31,4,1,0.0,2.0,0.0,1.0,19.0,4.0,1.0,3.0,0.0,0
7699,2226,3.0,4,7,1,25,2,3,6.0,0.0,1.0,1.0,10.0,3.0,0.0,3.0,0.0,0
7700,17716,3.0,8,0,3,30,2,1,0.0,0.0,0.0,0.0,21.0,4.0,0.0,4.0,0.0,1
7701,19157,4.0,39,3,4,141,7,3,0.0,0.0,3.0,0.0,87.0,23.0,3.0,22.0,2.0,1
7702,16516,4.0,7,0,3,41,4,3,0.0,0.0,0.0,0.0,26.0,6.0,0.0,6.0,2.0,1
7703,10897,4.0,28,0,2,90,4,4,0.0,0.0,0.0,0.0,63.0,12.0,0.0,12.0,2.0,1
7704,17329,4.0,7,2,1,34,3,4,1.0,0.0,1.0,0.0,22.0,3.0,1.0,3.0,2.0,1
7705,14510,3.0,14,29,1,90,4,4,7.0,1.0,21.0,16.0,9.0,6.0,6.0,20.0,3.0,1
7706,9356,4.0,20,0,3,55,2,4,0.0,0.0,0.0,0.0,40.0,7.0,0.0,7.0,0.0,0
7707,3261,4.0,16,0,1,49,3,3,0.0,0.0,0.0,0.0,36.0,6.0,0.0,6.0,0.0,0
7708,5649,4.0,22,0,2,49,4,2,0.0,0.0,0.0,0.0,36.0,6.0,0.0,6.0,0.0,0
7709,11288,4.0,9,0,3,38,2,2,0.0,0.0,0.0,0.0,27.0,5.0,0.0,5.0,0.0,1
7710,9642,4.0,12,0,1,42,6,1,0.0,0.0,0.0,0.0,27.0,7.0,0.0,7.0,0.0,0
7711,12421,4.0,23,4,3,80,7,3,2.0,0.0,1.0,0.0,47.0,13.0,2.0,12.0,2.0,1
7712,3862,4.0,11,9,3,47,3,2,7.0,0.0,2.0,0.0,25.0,5.0,2.0,5.0,0.0,0
7713,2936,3.0,7,3,1,26,3,2,2.0,1.0,0.0,0.0,14.0,4.0,0.0,4.0,0.0,0
7714,8611,4.0,19,15,8,76,3,2,14.0,0.0,1.0,1.0,39.0,10.0,0.0,10.0,0.0,0
7715,7080,4.0,6,2,1,31,4,1,0.0,2.0,0.0,1.0,19.0,4.0,1.0,3.0,0.0,0
7716,3917,4.0,17,0,2,56,3,3,0.0,0.0,0.0,0.0,39.0,8.0,0.0,8.0,0.0,0
7717,13679,4.0,7,1,2,40,3,4,0.0,1.0,0.0,1.0,25.0,5.0,0.0,5.0,2.0,1
7718,9709,4.0,32,9,1,131,4,7,6.0,0.0,3.0,0.0,74.0,21.0,3.0,21.0,2.0,0
7719,1689,4.0,15,10,1,54,3,3,9.0,0.0,1.0,0.0,32.0,5.0,1.0,5.0,0.0,0
7720,16934,4.0,24,0,2,87,5,7,0.0,0.0,0.0,0.0,64.0,10.0,0.0,10.0,2.0,1
7721,11728,3.0,5,0,2,21,2,2,0.0,0.0,0.0,0.0,13.0,4.0,0.0,3.0,0.0,1
7722,305,3.0,5,2,1,20,2,1,1.0,0.0,0.0,1.0,13.0,2.0,0.0,2.0,0.0,0
7723,4056,3.0,7,0,1,24,2,1,0.0,0.0,0.0,0.0,20.0,2.0,0.0,1.0,0.0,0
7724,19533,4.0,5,4,2,40,3,4,1.0,2.0,1.0,3.0,21.0,4.0,0.0,5.0,2.0,1
7725,2999,5.0,71,55,3,345,9,3,12.0,41.0,2.0,37.0,206.0,21.0,6.0,17.0,2.0,0
7726,15620,3.0,14,0,2,44,2,1,0.0,0.0,0.0,0.0,37.0,3.0,0.0,3.0,0.0,1
7727,9837,3.0,11,8,2,36,2,1,7.0,0.0,1.0,0.0,22.0,2.0,1.0,2.0,0.0,0
7728,1231,3.0,9,0,2,29,2,1,0.0,0.0,0.0,0.0,23.0,3.0,0.0,2.0,0.0,0
7729,9706,4.0,31,6,3,108,5,3,5.0,0.0,0.0,0.0,79.0,11.0,1.0,10.0,1.0,0
7730,2313,4.0,12,15,1,49,3,3,14.0,0.0,0.0,0.0,24.0,5.0,1.0,4.0,0.0,0
7731,9643,3.0,12,0,1,36,3,3,0.0,0.0,0.0,0.0,25.0,5.0,0.0,5.0,0.0,0
7732,17989,4.0,35,8,2,117,8,3,5.0,0.0,2.0,0.0,73.0,16.0,3.0,15.0,2.0,1
7733,17790,3.0,6,0,1,17,2,0,0.0,0.0,0.0,0.0,12.0,2.0,0.0,2.0,0.0,1
7734,14850,4.0,15,1,2,70,7,3,0.0,0.0,1.0,0.0,46.0,10.0,1.0,9.0,2.0,1
7735,16614,4.0,27,7,4,108,6,7,1.0,3.0,2.0,4.0,65.0,14.0,2.0,14.0,2.0,1
7736,3496,4.0,7,0,1,23,2,2,0.0,0.0,0.0,0.0,16.0,3.0,0.0,3.0,0.0,0
7737,4321,4.0,13,6,2,51,3,3,5.0,0.0,1.0,0.0,31.0,6.0,1.0,6.0,0.0,0
7738,9829,4.0,11,0,1,31,3,2,0.0,0.0,0.0,0.0,22.0,4.0,0.0,4.0,0.0,0
7739,9030,4.0,11,0,1,38,3,4,0.0,0.0,0.0,0.0,26.0,6.0,0.0,5.0,0.0,0
7740,2062,4.0,27,6,7,124,8,6,0.0,4.0,2.0,2.0,64.0,21.0,4.0,19.0,7.0,0
7741,6470,4.0,22,8,2,89,3,3,5.0,1.0,2.0,0.0,56.0,11.0,3.0,10.0,0.0,0
7742,19932,3.0,7,0,3,36,3,3,0.0,0.0,0.0,0.0,23.0,5.0,0.0,5.0,2.0,1
7743,7500,4.0,13,3,2,41,4,1,2.0,0.0,0.0,0.0,28.0,5.0,1.0,4.0,0.0,0
7744,6477,4.0,21,0,3,61,2,4,0.0,0.0,0.0,0.0,46.0,7.0,0.0,7.0,0.0,0
7745,3899,4.0,21,6,1,93,4,6,5.0,0.0,1.0,0.0,54.0,15.0,1.0,14.0,2.0,0
7746,19778,3.0,10,0,2,32,2,3,0.0,0.0,0.0,0.0,22.0,5.0,0.0,4.0,0.0,1
7747,3567,4.0,8,2,1,31,6,1,0.0,1.0,1.0,2.0,15.0,5.0,0.0,6.0,0.0,0
7748,11458,4.0,17,0,4,59,3,3,0.0,0.0,0.0,0.0,40.0,9.0,0.0,9.0,0.0,1
7749,5452,4.0,16,10,1,64,3,3,9.0,0.0,0.0,0.0,36.0,9.0,1.0,8.0,0.0,0
7750,11279,4.0,29,3,3,97,4,5,2.0,0.0,1.0,0.0,66.0,12.0,1.0,12.0,2.0,1
7751,8022,4.0,7,4,2,37,3,5,3.0,0.0,0.0,0.0,19.0,6.0,1.0,5.0,2.0,0
7752,13447,3.0,16,0,3,48,2,2,0.0,0.0,0.0,0.0,37.0,5.0,0.0,5.0,0.0,1
7753,556,4.0,14,0,4,51,4,2,0.0,0.0,0.0,0.0,34.0,8.0,0.0,8.0,0.0,0
7754,12738,3.0,9,0,2,26,3,2,0.0,0.0,0.0,0.0,17.0,4.0,0.0,3.0,1.0,1
7755,12884,3.0,4,0,1,12,1,0,0.0,0.0,0.0,0.0,9.0,1.0,0.0,1.0,0.0,1
7756,9906,4.0,48,4,2,152,10,5,0.0,2.0,1.0,0.0,102.0,21.0,4.0,18.0,3.0,0
7757,17865,3.0,7,0,2,25,2,2,0.0,0.0,0.0,0.0,17.0,4.0,0.0,3.0,0.0,1
7758,4270,4.0,27,6,2,113,6,4,4.0,0.0,2.0,0.0,65.0,17.0,2.0,16.0,6.0,0
7759,8531,3.0,8,0,2,29,2,2,0.0,0.0,0.0,0.0,21.0,4.0,0.0,3.0,0.0,0
7760,18506,4.0,2,10,4,32,3,3,6.0,0.0,4.0,0.0,11.0,2.0,4.0,2.0,2.0,1
7761,4086,3.0,5,0,1,15,2,1,0.0,0.0,0.0,0.0,11.0,2.0,0.0,1.0,0.0,0
7762,6663,4.0,8,2,1,31,3,2,1.0,0.0,1.0,0.0,18.0,5.0,1.0,4.0,0.0,0
7763,15930,3.0,2,0,3,27,4,3,0.0,0.0,0.0,0.0,12.0,6.0,0.0,6.0,2.0,1
7764,3138,3.0,10,0,2,30,2,1,0.0,0.0,0.0,0.0,23.0,3.0,0.0,3.0,0.0,0
7765,15601,4.0,9,0,2,36,2,3,0.0,0.0,0.0,0.0,26.0,5.0,0.0,4.0,0.0,1
7766,588,4.0,21,8,1,73,3,5,5.0,0.0,3.0,0.0,44.0,9.0,3.0,8.0,0.0,0
7767,3365,4.0,20,0,2,55,5,2,0.0,0.0,0.0,0.0,36.0,9.0,0.0,8.0,1.0,0
7768,2670,4.0,20,3,2,88,4,3,2.0,0.0,1.0,1.0,48.0,16.0,0.0,17.0,2.0,0
7769,5515,4.0,11,17,1,60,3,2,14.0,0.0,2.0,0.0,27.0,7.0,3.0,6.0,0.0,0
7770,11781,4.0,8,2,2,38,5,3,1.0,0.0,0.0,0.0,22.0,6.0,1.0,5.0,2.0,1
7771,19952,3.0,7,0,3,36,2,2,0.0,0.0,0.0,0.0,25.0,5.0,0.0,5.0,0.0,1
7772,8220,4.0,13,2,1,41,3,3,1.0,0.0,0.0,1.0,28.0,5.0,0.0,5.0,0.0,0
7773,2395,4.0,13,10,1,47,3,3,9.0,0.0,0.0,0.0,27.0,5.0,1.0,4.0,0.0,0
7774,16647,3.0,5,0,3,22,2,2,0.0,0.0,0.0,0.0,12.0,5.0,0.0,4.0,0.0,1
7775,14960,3.0,9,0,1,38,4,4,0.0,0.0,0.0,0.0,25.0,5.0,0.0,5.0,2.0,1
7776,5506,3.0,9,0,2,29,3,1,0.0,0.0,0.0,0.0,20.0,4.0,0.0,4.0,0.0,0
7777,10094,3.0,12,35,1,99,4,4,9.0,5.0,21.0,14.0,8.0,9.0,12.0,17.0,3.0,1
7778,2170,4.0,8,20,1,52,2,3,11.0,8.0,1.0,8.0,17.0,3.0,1.0,2.0,0.0,0
7779,924,3.0,10,0,1,21,3,1,0.0,0.0,0.0,0.0,15.0,3.0,0.0,2.0,0.0,0
7780,8134,4.0,22,1,1,88,4,9,0.0,0.0,1.0,1.0,62.0,10.0,0.0,11.0,2.0,0
7781,15258,4.0,20,1,3,68,4,5,0.0,0.0,1.0,1.0,48.0,7.0,0.0,8.0,2.0,1
7782,9081,4.0,22,11,2,101,4,3,9.0,1.0,1.0,0.0,64.0,12.0,2.0,11.0,0.0,0
7783,12070,4.0,27,1,3,91,4,6,0.0,0.0,1.0,0.0,66.0,10.0,1.0,10.0,2.0,1
7784,11514,4.0,8,11,4,49,3,5,7.0,2.0,2.0,3.0,19.0,6.0,1.0,6.0,2.0,1
7785,19429,4.0,5,4,2,27,2,2,3.0,0.0,0.0,1.0,14.0,4.0,0.0,4.0,0.0,1
7786,11706,4.0,25,4,3,91,7,3,2.0,0.0,1.0,0.0,58.0,13.0,2.0,12.0,2.0,1
7787,14804,3.0,5,4,2,27,2,2,3.0,0.0,0.0,1.0,14.0,4.0,0.0,4.0,0.0,1
7788,3124,4.0,10,3,1,29,3,2,2.0,1.0,0.0,0.0,17.0,4.0,0.0,4.0,0.0,0
7789,5673,4.0,15,5,1,47,2,3,4.0,0.0,0.0,1.0,33.0,4.0,0.0,4.0,0.0,0
7790,2774,3.0,8,0,1,27,3,1,0.0,0.0,0.0,0.0,20.0,3.0,0.0,3.0,0.0,0
7791,7620,4.0,30,0,4,106,7,3,0.0,0.0,0.0,0.0,76.0,14.0,0.0,14.0,1.0,0
7792,6559,4.0,9,7,2,43,4,1,6.0,0.0,1.0,0.0,22.0,6.0,1.0,6.0,0.0,0
7793,11925,3.0,7,0,2,29,2,3,0.0,0.0,0.0,0.0,19.0,5.0,0.0,4.0,0.0,1
7794,15268,3.0,7,0,2,24,2,1,0.0,0.0,0.0,0.0,17.0,3.0,0.0,3.0,0.0,1
7795,9145,3.0,7,0,2,20,2,1,0.0,0.0,0.0,0.0,14.0,3.0,0.0,2.0,0.0,0
7796,8456,3.0,2,0,1,11,2,1,0.0,0.0,0.0,0.0,7.0,2.0,0.0,1.0,0.0,0
7797,12720,3.0,7,0,2,25,1,0,0.0,0.0,0.0,0.0,20.0,2.0,0.0,2.0,0.0,1
7798,9846,4.0,22,10,1,94,5,4,9.0,0.0,1.0,0.0,53.0,13.0,1.0,13.0,3.0,0
7799,15989,4.0,11,0,4,46,3,4,0.0,0.0,0.0,0.0,29.0,7.0,0.0,7.0,2.0,1
7800,17642,3.0,3,6,2,19,1,0,5.0,1.0,0.0,1.0,7.0,2.0,0.0,2.0,0.0,1
7801,19398,4.0,9,3,3,50,5,3,2.0,0.0,0.0,0.0,31.0,7.0,1.0,6.0,2.0,1
7802,9627,3.0,7,0,1,23,2,2,0.0,0.0,0.0,0.0,17.0,3.0,0.0,2.0,0.0,0
7803,5798,4.0,24,4,1,82,5,2,3.0,0.0,0.0,0.0,57.0,10.0,1.0,9.0,1.0,0
7804,19345,4.0,2,10,3,29,3,4,6.0,0.0,4.0,0.0,8.0,2.0,4.0,2.0,2.0,1
7805,5982,4.0,9,4,3,44,4,2,3.0,0.0,0.0,0.0,26.0,7.0,1.0,6.0,0.0,0
7806,12431,4.0,32,1,4,119,8,3,0.0,0.0,1.0,1.0,81.0,16.0,0.0,17.0,2.0,1
7807,5882,4.0,12,12,2,51,3,2,11.0,0.0,1.0,0.0,29.0,4.0,1.0,4.0,0.0,0
7808,9782,4.0,28,10,2,108,3,3,9.0,0.0,1.0,0.0,70.0,13.0,1.0,13.0,0.0,0
7809,11348,4.0,15,3,4,71,4,7,2.0,0.0,1.0,1.0,43.0,10.0,0.0,11.0,2.0,1
7810,11448,4.0,23,3,3,83,4,4,1.0,0.0,2.0,0.0,49.0,13.0,2.0,13.0,2.0,1
7811,15448,3.0,10,23,1,72,4,4,7.0,1.0,15.0,10.0,9.0,6.0,6.0,14.0,3.0,1
7812,19240,4.0,32,4,4,109,7,3,2.0,0.0,1.0,0.0,72.0,15.0,2.0,14.0,2.0,1
7813,17507,3.0,5,3,2,26,2,2,2.0,0.0,0.0,1.0,14.0,4.0,0.0,4.0,0.0,1
7814,2181,4.0,20,0,2,63,3,2,0.0,0.0,0.0,0.0,48.0,7.0,0.0,7.0,0.0,0
7815,12670,3.0,13,0,3,44,3,3,0.0,0.0,0.0,0.0,31.0,5.0,0.0,5.0,2.0,1
7816,3243,4.0,11,0,1,36,3,2,0.0,0.0,0.0,0.0,25.0,5.0,0.0,5.0,0.0,0
7817,1473,3.0,23,0,2,63,3,1,0.0,0.0,0.0,0.0,55.0,4.0,0.0,3.0,0.0,0
7818,17676,4.0,24,0,3,75,4,4,0.0,0.0,0.0,0.0,54.0,9.0,0.0,9.0,2.0,1
7819,6103,4.0,32,0,1,98,3,2,0.0,0.0,0.0,0.0,70.0,14.0,0.0,13.0,0.0,0
7820,6748,4.0,14,0,4,38,3,2,0.0,0.0,0.0,0.0,21.0,7.0,0.0,7.0,2.0,0
7821,15664,4.0,19,3,3,74,8,3,2.0,0.0,0.0,0.0,47.0,11.0,1.0,10.0,2.0,1
7822,19784,4.0,2,15,4,33,3,3,10.0,0.0,5.0,0.0,6.0,2.0,5.0,2.0,2.0,1
7823,11459,3.0,9,0,3,35,2,2,0.0,0.0,0.0,0.0,24.0,5.0,0.0,5.0,0.0,1
7824,13009,3.0,8,0,2,24,2,1,0.0,0.0,0.0,0.0,17.0,3.0,0.0,3.0,0.0,1
7825,9082,4.0,7,3,1,31,4,1,0.0,3.0,0.0,3.0,16.0,4.0,0.0,4.0,0.0,0
7826,14971,4.0,22,4,2,81,7,3,2.0,0.0,1.0,0.0,50.0,12.0,2.0,11.0,2.0,1
7827,9401,3.0,7,0,1,21,2,1,0.0,0.0,0.0,0.0,17.0,2.0,0.0,1.0,0.0,0
7828,14612,4.0,12,1,2,64,3,7,0.0,0.0,1.0,1.0,44.0,7.0,0.0,8.0,2.0,1
7829,421,3.0,20,0,2,55,2,1,0.0,0.0,0.0,0.0,48.0,3.0,0.0,3.0,0.0,0
7830,9963,4.0,31,8,2,121,4,4,3.0,3.0,2.0,2.0,72.0,17.0,3.0,16.0,2.0,0
7831,9898,4.0,26,0,2,77,4,4,0.0,0.0,0.0,0.0,56.0,10.0,0.0,10.0,0.0,0
7832,9350,4.0,32,0,2,104,4,7,0.0,0.0,0.0,0.0,73.0,14.0,0.0,14.0,2.0,0
7833,2306,4.0,14,0,2,44,2,1,0.0,0.0,0.0,0.0,37.0,3.0,0.0,3.0,0.0,0
7834,8465,3.0,8,0,2,28,3,2,0.0,0.0,0.0,0.0,18.0,5.0,0.0,4.0,0.0,0
7835,171,3.0,14,0,2,52,3,3,0.0,0.0,0.0,0.0,35.0,8.0,0.0,8.0,0.0,0
7836,3956,4.0,16,7,5,70,4,8,5.0,0.0,2.0,1.0,33.0,12.0,0.0,14.0,2.0,0
7837,5606,5.0,17,16,1,99,4,4,7.0,7.0,1.0,8.0,61.0,6.0,1.0,6.0,1.0,0
7838,5811,4.0,16,20,1,87,3,12,9.0,7.0,3.0,7.0,37.0,9.0,4.0,8.0,2.0,0
7839,17886,3.0,6,0,2,22,2,3,0.0,0.0,0.0,0.0,12.0,5.0,0.0,4.0,0.0,1
7840,8462,3.0,12,0,1,34,2,3,0.0,0.0,0.0,0.0,26.0,4.0,0.0,3.0,0.0,0
7841,11380,3.0,4,0,2,19,2,2,0.0,0.0,0.0,0.0,11.0,4.0,0.0,3.0,0.0,1
7842,1725,4.0,11,0,2,36,2,1,0.0,0.0,0.0,0.0,30.0,3.0,0.0,2.0,0.0,0
7843,8938,3.0,6,1,1,33,3,3,0.0,0.0,1.0,1.0,21.0,4.0,0.0,5.0,0.0,0
7844,1184,3.0,10,1,1,37,3,4,0.0,1.0,0.0,1.0,22.0,6.0,0.0,6.0,0.0,0
7845,9756,4.0,21,6,3,89,4,5,4.0,0.0,2.0,0.0,58.0,11.0,2.0,11.0,0.0,0
7846,9974,4.0,18,0,1,49,3,2,0.0,0.0,0.0,0.0,34.0,7.0,0.0,7.0,0.0,0
7847,9035,3.0,9,0,1,24,2,2,0.0,0.0,0.0,0.0,18.0,3.0,0.0,2.0,0.0,0
7848,19386,4.0,13,0,4,39,1,0,0.0,0.0,0.0,0.0,30.0,4.0,0.0,4.0,0.0,1
7849,14880,4.0,7,2,2,52,4,4,1.0,0.0,1.0,0.0,34.0,6.0,1.0,6.0,2.0,1
7850,904,4.0,21,0,3,65,3,3,0.0,0.0,0.0,0.0,46.0,9.0,0.0,9.0,0.0,0
7851,3494,4.0,8,0,2,30,2,2,0.0,0.0,0.0,0.0,21.0,4.0,0.0,4.0,0.0,0
7852,8346,4.0,11,1,1,45,3,3,0.0,0.0,1.0,0.0,30.0,6.0,1.0,6.0,0.0,0
7853,15928,4.0,15,23,3,76,4,4,12.0,10.0,1.0,10.0,27.0,6.0,1.0,6.0,2.0,1
7854,7797,4.0,12,2,3,45,3,2,1.0,1.0,0.0,0.0,30.0,6.0,1.0,5.0,0.0,0
7855,9739,4.0,12,0,5,45,2,0,0.0,0.0,0.0,0.0,30.0,7.0,0.0,7.0,0.0,0
7856,7396,3.0,4,1,1,19,2,1,0.0,1.0,0.0,1.0,12.0,2.0,0.0,2.0,0.0,0
7857,6089,5.0,21,5,2,79,4,2,0.0,5.0,0.0,5.0,56.0,6.0,0.0,6.0,0.0,0
7858,2080,4.0,29,12,1,106,5,7,5.0,0.0,7.0,4.0,50.0,15.0,3.0,18.0,3.0,0
7859,7928,4.0,27,0,1,83,3,2,0.0,0.0,0.0,0.0,62.0,10.0,0.0,10.0,0.0,0
7860,13853,4.0,13,6,3,53,4,4,4.0,0.0,2.0,2.0,32.0,4.0,0.0,5.0,3.0,1
7861,18694,3.0,8,0,3,26,3,2,0.0,0.0,0.0,0.0,15.0,5.0,0.0,4.0,1.0,1
7862,7933,3.0,12,0,1,36,2,2,0.0,0.0,0.0,0.0,30.0,3.0,0.0,2.0,0.0,0
7863,15978,4.0,7,0,2,34,4,3,0.0,0.0,0.0,0.0,21.0,5.0,0.0,5.0,2.0,1
7864,12177,4.0,27,4,1,82,4,5,2.0,0.0,1.0,1.0,52.0,11.0,1.0,11.0,2.0,1
7865,9316,4.0,15,0,1,46,3,4,0.0,0.0,0.0,0.0,32.0,7.0,0.0,6.0,0.0,0
7866,18067,2.0,3,0,1,10,1,0,0.0,0.0,0.0,0.0,7.0,1.0,0.0,1.0,0.0,1
7867,2645,4.0,21,0,1,66,3,4,0.0,0.0,0.0,0.0,47.0,9.0,0.0,9.0,0.0,0
7868,17229,3.0,6,0,3,30,2,1,0.0,0.0,0.0,0.0,21.0,4.0,0.0,4.0,0.0,1
7869,9927,3.0,7,0,1,19,3,1,0.0,0.0,0.0,0.0,13.0,3.0,0.0,2.0,0.0,0
7870,7211,4.0,13,3,2,53,6,2,1.0,1.0,1.0,0.0,35.0,6.0,2.0,5.0,1.0,0
7871,4677,4.0,12,11,2,52,3,2,9.0,0.0,2.0,0.0,26.0,6.0,2.0,6.0,0.0,0
7872,6533,3.0,9,0,1,26,3,1,0.0,0.0,0.0,0.0,19.0,3.0,0.0,3.0,0.0,0
7873,12012,3.0,3,0,2,18,3,2,0.0,0.0,0.0,0.0,9.0,4.0,0.0,3.0,1.0,1
7874,5209,4.0,16,14,2,58,4,2,13.0,1.0,0.0,0.0,31.0,6.0,1.0,5.0,0.0,0
7875,2646,4.0,20,5,2,87,4,3,4.0,0.0,0.0,0.0,58.0,12.0,1.0,11.0,0.0,0
7876,10073,4.0,38,5,3,145,7,4,2.0,0.0,3.0,0.0,87.0,23.0,3.0,23.0,3.0,1
7877,17543,4.0,13,0,2,45,3,4,0.0,0.0,0.0,0.0,33.0,5.0,0.0,4.0,2.0,1
7878,10622,3.0,5,3,2,26,2,2,2.0,0.0,0.0,1.0,14.0,4.0,0.0,4.0,0.0,1
7879,17145,4.0,18,0,3,64,8,3,0.0,0.0,0.0,0.0,39.0,11.0,0.0,11.0,2.0,1
7880,18350,4.0,21,2,2,102,6,5,0.0,0.0,2.0,0.0,63.0,15.0,2.0,14.0,5.0,1
7881,1478,4.0,22,0,3,95,5,8,0.0,0.0,0.0,0.0,65.0,14.0,0.0,14.0,1.0,0
7882,12542,5.0,25,25,2,186,7,3,5.0,20.0,0.0,20.0,114.0,12.0,0.0,11.0,3.0,1
7883,692,3.0,7,0,2,24,3,2,0.0,0.0,0.0,0.0,14.0,5.0,0.0,4.0,0.0,0
7884,15167,4.0,10,1,3,45,3,3,0.0,0.0,1.0,1.0,29.0,6.0,0.0,7.0,0.0,1
7885,14115,4.0,10,0,1,35,2,3,0.0,0.0,0.0,0.0,27.0,4.0,0.0,3.0,0.0,1
7886,6365,4.0,17,0,2,48,3,2,0.0,0.0,0.0,0.0,33.0,7.0,0.0,7.0,0.0,0
7887,17637,3.0,5,0,1,12,1,0,0.0,0.0,0.0,0.0,9.0,1.0,0.0,1.0,0.0,1
7888,2155,3.0,12,0,2,37,3,1,0.0,0.0,0.0,0.0,28.0,4.0,0.0,4.0,0.0,0
7889,17129,3.0,12,11,2,52,2,6,8.0,0.0,2.0,0.0,27.0,6.0,3.0,5.0,0.0,1
7890,7370,4.0,36,5,2,112,3,6,4.0,0.0,1.0,0.0,70.0,18.0,1.0,17.0,0.0,0
7891,1301,4.0,34,0,2,116,3,3,0.0,0.0,0.0,0.0,79.0,18.0,0.0,18.0,0.0,0
7892,7837,4.0,21,8,1,91,4,7,5.0,0.0,3.0,0.0,54.0,12.0,3.0,11.0,2.0,0
7893,3715,4.0,14,2,2,39,3,1,1.0,0.0,0.0,0.0,25.0,6.0,1.0,5.0,0.0,0
7894,8111,4.0,13,14,2,66,4,3,12.0,0.0,2.0,0.0,35.0,7.0,2.0,7.0,0.0,0
7895,19686,4.0,28,7,3,111,8,3,3.0,0.0,3.0,0.0,63.0,18.0,4.0,17.0,2.0,1
7896,5037,3.0,45,1,1,110,4,9,0.0,0.0,1.0,1.0,72.0,16.0,0.0,17.0,2.0,0
7897,4399,4.0,32,6,1,109,7,4,3.0,3.0,0.0,2.0,69.0,14.0,1.0,13.0,3.0,0
7898,3622,3.0,6,0,1,19,2,1,0.0,0.0,0.0,0.0,15.0,2.0,0.0,1.0,0.0,0
7899,13840,4.0,7,3,5,38,3,3,2.0,0.0,1.0,0.0,19.0,6.0,1.0,6.0,2.0,1
7900,4516,3.0,11,0,3,44,2,2,0.0,0.0,0.0,0.0,33.0,5.0,0.0,5.0,0.0,0
7901,11294,4.0,32,9,3,124,6,7,5.0,1.0,3.0,1.0,80.0,14.0,3.0,14.0,2.0,1
7902,7354,4.0,26,12,4,107,5,1,9.0,2.0,0.0,1.0,63.0,14.0,2.0,12.0,3.0,0
7903,8750,4.0,29,0,4,86,4,1,0.0,0.0,0.0,0.0,61.0,11.0,0.0,11.0,2.0,0
7904,16182,4.0,28,16,3,123,7,3,8.0,0.0,8.0,0.0,63.0,16.0,8.0,16.0,3.0,1
7905,10767,4.0,5,4,2,27,2,2,3.0,0.0,0.0,1.0,14.0,4.0,0.0,4.0,0.0,1
7906,1436,4.0,17,8,1,72,3,5,5.0,0.0,3.0,0.0,41.0,10.0,3.0,9.0,0.0,0
7907,507,4.0,25,0,1,92,4,5,0.0,0.0,0.0,0.0,58.0,16.0,0.0,15.0,2.0,0
7908,5275,4.0,27,11,1,103,3,5,6.0,1.0,4.0,2.0,62.0,12.0,3.0,12.0,0.0,0
7909,12664,4.0,31,1,3,98,7,4,0.0,0.0,0.0,0.0,69.0,13.0,1.0,12.0,2.0,1
7910,10061,4.0,14,4,2,63,4,6,2.0,2.0,0.0,0.0,37.0,9.0,2.0,7.0,3.0,1
7911,5663,4.0,12,7,1,48,3,3,6.0,0.0,1.0,0.0,29.0,5.0,1.0,5.0,0.0,0
7912,5402,5.0,19,22,2,94,4,5,16.0,1.0,5.0,1.0,49.0,8.0,5.0,8.0,0.0,0
7913,5930,4.0,16,0,2,49,2,2,0.0,0.0,0.0,0.0,40.0,4.0,0.0,4.0,0.0,0
7914,19088,3.0,9,0,2,30,2,2,0.0,0.0,0.0,0.0,22.0,4.0,0.0,3.0,0.0,1
7915,8947,4.0,16,18,3,79,2,4,10.0,8.0,0.0,7.0,39.0,7.0,1.0,6.0,0.0,0
7916,19791,4.0,10,2,6,42,1,0,0.0,2.0,0.0,2.0,25.0,6.0,0.0,6.0,0.0,1
7917,2339,4.0,3,7,2,30,2,2,6.0,0.0,0.0,0.0,15.0,4.0,1.0,3.0,0.0,0
7918,12242,4.0,17,20,3,92,6,6,12.0,7.0,0.0,8.0,38.0,12.0,0.0,12.0,2.0,1
7919,16150,4.0,18,0,3,67,7,3,0.0,0.0,0.0,0.0,44.0,10.0,0.0,10.0,2.0,1
7920,12028,4.0,8,0,3,39,2,3,0.0,0.0,0.0,0.0,27.0,6.0,0.0,5.0,0.0,1
7921,4386,3.0,3,9,1,21,2,1,8.0,0.0,0.0,0.0,8.0,2.0,1.0,1.0,0.0,0
7922,12744,4.0,16,0,2,60,4,5,0.0,0.0,0.0,0.0,43.0,7.0,0.0,7.0,2.0,1
7923,17693,3.0,6,1,1,17,1,0,0.0,0.0,1.0,1.0,13.0,0.0,0.0,1.0,0.0,1
7924,10310,4.0,8,3,4,41,1,0,1.0,2.0,0.0,2.0,27.0,4.0,0.0,4.0,0.0,1
7925,7680,4.0,15,1,1,44,4,2,0.0,0.0,1.0,0.0,33.0,4.0,1.0,4.0,0.0,0
7926,17600,3.0,8,0,2,30,3,3,0.0,0.0,0.0,0.0,19.0,5.0,0.0,4.0,1.0,1
7927,17431,3.0,2,16,4,34,3,3,11.0,0.0,5.0,0.0,6.0,2.0,5.0,2.0,2.0,1
7928,8693,4.0,24,6,1,80,3,3,5.0,0.0,1.0,0.0,52.0,10.0,1.0,10.0,0.0,0
7929,14642,4.0,9,1,3,42,3,2,0.0,0.0,1.0,1.0,28.0,5.0,0.0,6.0,0.0,1
7930,643,4.0,11,0,1,34,2,2,0.0,0.0,0.0,0.0,27.0,3.0,0.0,3.0,0.0,0
7931,15706,4.0,62,2,3,186,4,6,1.0,0.0,1.0,0.0,126.0,27.0,1.0,27.0,2.0,1
7932,1539,4.0,29,68,1,187,5,6,23.0,3.0,41.0,29.0,19.0,13.0,16.0,38.0,4.0,0
7933,9121,4.0,11,0,2,41,3,1,0.0,0.0,0.0,0.0,30.0,5.0,0.0,5.0,0.0,0
7934,1211,3.0,8,0,1,25,2,1,0.0,0.0,0.0,0.0,21.0,2.0,0.0,1.0,0.0,0
7935,17204,4.0,2,16,4,34,3,3,11.0,0.0,5.0,0.0,6.0,2.0,5.0,2.0,2.0,1
7936,2560,4.0,38,0,1,113,3,2,0.0,0.0,0.0,0.0,78.0,17.0,0.0,17.0,0.0,0
7937,8864,4.0,15,2,1,49,3,3,1.0,0.0,1.0,1.0,31.0,7.0,0.0,7.0,0.0,0
7938,13107,4.0,42,6,2,142,8,3,3.0,0.0,3.0,1.0,93.0,18.0,2.0,19.0,2.0,1
7939,6106,4.0,10,0,1,37,3,2,0.0,0.0,0.0,0.0,28.0,4.0,0.0,4.0,0.0,0
7940,13029,3.0,12,0,2,53,3,7,0.0,0.0,0.0,0.0,34.0,8.0,0.0,8.0,2.0,1
7941,11569,4.0,6,3,3,44,6,3,2.0,0.0,0.0,0.0,21.0,9.0,1.0,8.0,2.0,1
7942,12668,3.0,3,0,2,13,1,0,0.0,0.0,0.0,0.0,8.0,2.0,0.0,2.0,0.0,1
7943,5615,3.0,19,0,6,70,2,2,0.0,0.0,0.0,0.0,53.0,8.0,0.0,8.0,0.0,0
7944,390,5.0,69,54,3,345,9,3,11.0,41.0,2.0,38.0,208.0,20.0,5.0,17.0,2.0,0
7945,1464,4.0,10,0,3,41,2,3,0.0,0.0,0.0,0.0,28.0,6.0,0.0,6.0,0.0,0
7946,12937,4.0,9,0,4,40,3,3,0.0,0.0,0.0,0.0,25.0,6.0,0.0,6.0,2.0,1
7947,12617,4.0,20,0,2,66,4,7,0.0,0.0,0.0,0.0,45.0,9.0,0.0,9.0,2.0,1
7948,1192,4.0,34,21,2,133,4,4,10.0,8.0,3.0,9.0,65.0,17.0,2.0,18.0,0.0,0
7949,11985,3.0,7,0,1,25,2,0,0.0,0.0,0.0,0.0,18.0,3.0,0.0,3.0,0.0,1
7950,10064,4.0,15,3,1,58,4,4,2.0,0.0,1.0,0.0,35.0,8.0,1.0,8.0,2.0,1
7951,3590,3.0,11,4,1,37,3,3,3.0,0.0,1.0,0.0,20.0,6.0,1.0,5.0,0.0,0
7952,18721,4.0,14,5,3,52,4,4,4.0,1.0,0.0,0.0,30.0,7.0,1.0,6.0,2.0,1
7953,6360,4.0,17,0,2,58,2,5,0.0,0.0,0.0,0.0,43.0,7.0,0.0,7.0,0.0,0
7954,11350,3.0,12,0,3,46,4,4,0.0,0.0,0.0,0.0,29.0,7.0,0.0,7.0,2.0,1
7955,12709,4.0,14,0,3,55,4,3,0.0,0.0,0.0,0.0,40.0,6.0,0.0,6.0,2.0,1
7956,8697,3.0,16,0,2,41,2,2,0.0,0.0,0.0,0.0,32.0,4.0,0.0,4.0,0.0,0
7957,8435,4.0,14,0,1,41,3,2,0.0,0.0,0.0,0.0,32.0,4.0,0.0,4.0,0.0,0
7958,6719,4.0,15,0,2,44,4,1,0.0,0.0,0.0,0.0,32.0,5.0,0.0,5.0,1.0,0
7959,13870,4.0,6,1,2,50,6,4,0.0,0.0,0.0,0.0,26.0,10.0,1.0,9.0,3.0,1
7960,506,3.0,7,0,1,19,2,1,0.0,0.0,0.0,0.0,15.0,2.0,0.0,1.0,0.0,0
7961,10857,4.0,19,2,3,74,7,3,1.0,0.0,0.0,0.0,46.0,12.0,1.0,11.0,2.0,1
7962,946,3.0,4,0,1,13,2,1,0.0,0.0,0.0,0.0,9.0,2.0,0.0,1.0,0.0,0
7963,14327,3.0,5,1,1,19,1,0,0.0,0.0,1.0,1.0,15.0,0.0,0.0,1.0,0.0,1
7964,12909,4.0,31,3,6,98,4,7,2.0,1.0,0.0,1.0,67.0,12.0,0.0,11.0,3.0,1
7965,18606,4.0,24,1,2,89,4,10,0.0,0.0,1.0,1.0,61.0,11.0,0.0,12.0,2.0,1
7966,15123,4.0,10,0,2,35,3,3,0.0,0.0,0.0,0.0,24.0,4.0,0.0,4.0,2.0,1
7967,15218,3.0,2,14,4,32,3,3,9.0,0.0,5.0,0.0,6.0,2.0,5.0,2.0,2.0,1
7968,15742,4.0,6,7,4,39,2,5,5.0,0.0,2.0,0.0,15.0,7.0,2.0,7.0,0.0,1
7969,1773,4.0,10,0,1,25,3,2,0.0,0.0,0.0,0.0,17.0,4.0,0.0,3.0,0.0,0
7970,13007,4.0,11,0,2,36,3,3,0.0,0.0,0.0,0.0,24.0,6.0,0.0,5.0,0.0,1
7971,11202,3.0,3,3,1,12,1,0,2.0,1.0,0.0,0.0,6.0,1.0,0.0,1.0,0.0,1
7972,272,4.0,17,0,6,52,3,2,0.0,0.0,0.0,0.0,34.0,9.0,0.0,8.0,0.0,0
7973,18107,4.0,30,5,3,109,7,3,2.0,0.0,2.0,0.0,68.0,16.0,3.0,15.0,2.0,1
7974,8989,3.0,4,7,1,24,2,3,6.0,0.0,1.0,1.0,9.0,3.0,0.0,3.0,0.0,0
7975,3618,4.0,18,8,1,65,3,3,6.0,0.0,2.0,0.0,39.0,8.0,2.0,7.0,0.0,0
7976,2381,4.0,14,11,4,68,6,2,9.0,0.0,1.0,1.0,30.0,12.0,1.0,12.0,1.0,0
7977,11021,4.0,12,18,4,66,4,4,10.0,5.0,2.0,6.0,26.0,6.0,2.0,6.0,2.0,1
7978,7008,4.0,19,6,2,79,3,3,5.0,0.0,1.0,0.0,53.0,9.0,1.0,9.0,0.0,0
7979,15687,4.0,24,0,2,89,4,5,0.0,0.0,0.0,0.0,64.0,11.0,0.0,11.0,2.0,1
7980,9269,4.0,16,0,2,55,3,1,0.0,0.0,0.0,0.0,46.0,4.0,0.0,4.0,0.0,0
7981,920,3.0,9,0,2,21,2,1,0.0,0.0,0.0,0.0,15.0,3.0,0.0,2.0,0.0,0
7982,4633,4.0,14,0,3,45,2,2,0.0,0.0,0.0,0.0,34.0,5.0,0.0,5.0,0.0,0
7983,8504,4.0,30,4,1,105,3,3,3.0,0.0,1.0,0.0,74.0,13.0,1.0,12.0,0.0,0
7984,746,3.0,9,0,1,27,4,1,0.0,0.0,0.0,0.0,19.0,3.0,0.0,3.0,1.0,0
7985,7707,3.0,12,0,1,36,2,4,0.0,0.0,0.0,0.0,25.0,5.0,0.0,5.0,0.0,0
7986,3569,3.0,4,0,1,15,2,1,0.0,0.0,0.0,0.0,11.0,2.0,0.0,1.0,0.0,0
7987,8982,3.0,5,0,1,17,2,1,0.0,0.0,0.0,0.0,13.0,2.0,0.0,1.0,0.0,0
7988,10668,4.0,14,0,3,56,3,4,0.0,0.0,0.0,0.0,41.0,6.0,0.0,6.0,2.0,1
7989,15995,5.0,43,30,2,188,8,8,17.0,12.0,1.0,12.0,103.0,19.0,1.0,18.0,4.0,1
7990,14312,4.0,37,7,3,141,8,3,4.0,0.0,2.0,0.0,88.0,21.0,3.0,20.0,2.0,1
7991,15410,4.0,9,17,2,55,4,4,10.0,5.0,2.0,5.0,20.0,4.0,2.0,4.0,2.0,1
7992,11611,3.0,3,1,4,28,2,1,0.0,1.0,0.0,0.0,16.0,5.0,1.0,4.0,0.0,1
7993,10762,4.0,37,2,3,121,4,5,1.0,0.0,1.0,0.0,81.0,17.0,1.0,17.0,2.0,1
7994,13945,4.0,48,11,3,173,8,4,6.0,0.0,4.0,1.0,113.0,21.0,4.0,21.0,2.0,1
7995,8557,5.0,51,128,12,310,4,4,83.0,43.0,2.0,43.0,105.0,16.0,2.0,15.0,0.0,0
7996,14342,4.0,4,4,1,47,4,4,0.0,3.0,0.0,3.0,28.0,5.0,1.0,4.0,2.0,1
7997,6448,4.0,18,0,3,49,3,1,0.0,0.0,0.0,0.0,38.0,5.0,0.0,5.0,0.0,0
7998,5599,4.0,19,7,2,71,3,4,6.0,0.0,1.0,1.0,45.0,8.0,0.0,9.0,0.0,0
7999,16083,4.0,27,4,2,98,8,3,2.0,0.0,1.0,0.0,65.0,13.0,2.0,12.0,2.0,1
8000,12547,4.0,33,0,3,106,4,5,0.0,0.0,0.0,0.0,75.0,14.0,0.0,14.0,2.0,1
8001,10355,3.0,10,0,3,39,4,3,0.0,0.0,0.0,0.0,24.0,6.0,0.0,6.0,2.0,1
8002,3637,3.0,16,0,3,44,2,2,0.0,0.0,0.0,0.0,33.0,5.0,0.0,5.0,0.0,0
8003,17007,3.0,12,0,1,36,2,3,0.0,0.0,0.0,0.0,28.0,4.0,0.0,3.0,0.0,1
8004,8572,3.0,6,0,1,19,2,2,0.0,0.0,0.0,0.0,12.0,3.0,0.0,3.0,0.0,0
8005,16854,4.0,10,0,4,41,3,3,0.0,0.0,0.0,0.0,25.0,7.0,0.0,7.0,1.0,1
8006,9484,4.0,22,3,1,84,4,6,2.0,0.0,1.0,0.0,52.0,13.0,1.0,12.0,2.0,0
8007,1912,4.0,30,6,1,97,4,4,5.0,0.0,0.0,0.0,59.0,14.0,1.0,13.0,4.0,0
8008,17106,4.0,8,12,4,46,4,4,7.0,0.0,4.0,1.0,19.0,4.0,4.0,4.0,2.0,1
8009,599,4.0,22,0,2,63,3,4,0.0,0.0,0.0,0.0,46.0,8.0,0.0,8.0,0.0,0
8010,3892,4.0,17,5,1,63,4,2,4.0,0.0,0.0,0.0,40.0,9.0,1.0,8.0,0.0,0
8011,12333,4.0,21,4,4,80,7,3,1.0,1.0,1.0,1.0,48.0,12.0,2.0,11.0,2.0,1
8012,5540,4.0,9,2,2,43,3,1,0.0,1.0,1.0,2.0,27.0,5.0,0.0,6.0,0.0,0
8013,1652,4.0,16,15,1,72,3,2,13.0,0.0,1.0,0.0,37.0,9.0,2.0,8.0,1.0,0
8014,18660,4.0,26,5,4,99,7,3,3.0,0.0,1.0,0.0,59.0,16.0,2.0,15.0,2.0,1
8015,8106,3.0,5,15,3,47,2,5,11.0,0.0,4.0,0.0,19.0,4.0,4.0,4.0,0.0,0
8016,14189,4.0,5,3,4,55,4,6,1.0,0.0,2.0,2.0,29.0,6.0,0.0,8.0,6.0,1
8017,1893,4.0,15,1,2,45,3,3,0.0,0.0,1.0,0.0,32.0,5.0,1.0,5.0,0.0,0
8018,7833,3.0,7,0,2,23,2,1,0.0,0.0,0.0,0.0,16.0,3.0,0.0,3.0,0.0,0
8019,19404,4.0,2,12,3,30,3,4,7.0,1.0,4.0,1.0,6.0,2.0,4.0,2.0,2.0,1
8020,11587,3.0,8,0,5,51,3,6,0.0,0.0,0.0,0.0,29.0,10.0,0.0,9.0,2.0,1
8021,16783,4.0,16,0,2,56,4,4,0.0,0.0,0.0,0.0,39.0,7.0,0.0,7.0,2.0,1
8022,6502,4.0,23,0,1,88,4,8,0.0,0.0,0.0,0.0,56.0,15.0,0.0,14.0,2.0,0
8023,4362,4.0,14,23,2,72,2,6,12.0,9.0,2.0,9.0,26.0,6.0,2.0,5.0,0.0,0
8024,262,4.0,13,2,2,51,5,2,1.0,0.0,0.0,1.0,34.0,7.0,0.0,7.0,0.0,0
8025,375,4.0,8,2,1,31,4,1,0.0,1.0,0.0,2.0,19.0,4.0,0.0,4.0,0.0,0
8026,1966,4.0,10,0,1,33,3,2,0.0,0.0,0.0,0.0,24.0,4.0,0.0,4.0,0.0,0
8027,3957,3.0,8,0,1,24,2,2,0.0,0.0,0.0,0.0,17.0,3.0,0.0,3.0,0.0,0
8028,16512,4.0,10,6,3,50,2,5,4.0,0.0,2.0,1.0,28.0,6.0,1.0,7.0,0.0,1
8029,1466,5.0,76,42,3,337,7,3,7.0,31.0,3.0,30.0,219.0,20.0,4.0,19.0,3.0,0
8030,12615,4.0,13,5,3,51,4,4,3.0,2.0,0.0,1.0,28.0,7.0,1.0,6.0,2.0,1
8031,13543,3.0,6,0,3,26,3,2,0.0,0.0,0.0,0.0,14.0,5.0,0.0,5.0,1.0,1
8032,5696,3.0,11,0,2,32,2,3,0.0,0.0,0.0,0.0,21.0,5.0,0.0,5.0,0.0,0
8033,1243,4.0,22,5,2,75,6,3,3.0,0.0,1.0,0.0,51.0,9.0,2.0,8.0,0.0,0
8034,8105,4.0,15,23,1,87,3,12,13.0,6.0,3.0,6.0,35.0,9.0,4.0,8.0,2.0,0
8035,16267,3.0,13,0,2,35,3,2,0.0,0.0,0.0,0.0,22.0,6.0,0.0,6.0,0.0,1
8036,17997,4.0,25,3,2,85,8,3,1.0,0.0,1.0,0.0,53.0,13.0,2.0,12.0,2.0,1
8037,14954,4.0,7,0,3,34,2,2,0.0,0.0,0.0,0.0,23.0,5.0,0.0,5.0,0.0,1
8038,941,4.0,28,2,1,103,9,6,0.0,2.0,0.0,0.0,62.0,17.0,2.0,15.0,4.0,0
8039,2949,4.0,29,49,15,153,3,2,31.0,14.0,4.0,16.0,56.0,14.0,2.0,15.0,0.0,0
8040,9663,4.0,10,12,1,44,4,2,10.0,0.0,1.0,1.0,22.0,4.0,1.0,4.0,0.0,0
8041,3346,4.0,28,5,1,118,4,5,4.0,0.0,1.0,0.0,74.0,18.0,1.0,17.0,2.0,0
8042,12714,3.0,10,0,2,30,2,2,0.0,0.0,0.0,0.0,22.0,4.0,0.0,3.0,0.0,1
8043,2657,4.0,30,10,2,111,3,4,8.0,0.0,2.0,0.0,70.0,14.0,2.0,14.0,0.0,0
8044,11045,4.0,40,3,3,141,8,3,0.0,0.0,2.0,0.0,91.0,21.0,3.0,20.0,3.0,1
8045,12698,4.0,9,0,2,38,2,3,0.0,0.0,0.0,0.0,28.0,5.0,0.0,4.0,0.0,1
8046,13353,4.0,8,0,2,32,3,3,0.0,0.0,0.0,0.0,21.0,4.0,0.0,4.0,2.0,1
8047,10905,4.0,55,7,4,190,8,3,3.0,0.0,3.0,0.0,123.0,27.0,4.0,26.0,3.0,1
8048,19795,4.0,20,3,2,76,7,3,1.0,0.0,1.0,0.0,46.0,12.0,2.0,11.0,2.0,1
8049,17084,4.0,25,3,3,99,4,8,1.0,0.0,2.0,0.0,69.0,11.0,2.0,11.0,2.0,1
8050,17666,4.0,21,5,1,67,4,5,3.0,0.0,2.0,0.0,45.0,6.0,2.0,6.0,2.0,1
8051,18827,3.0,16,28,1,90,4,4,7.0,3.0,18.0,13.0,10.0,9.0,8.0,18.0,3.0,1
8052,5326,3.0,8,0,1,19,2,1,0.0,0.0,0.0,0.0,15.0,2.0,0.0,1.0,0.0,0
8053,16045,3.0,8,0,2,23,1,0,0.0,0.0,0.0,0.0,18.0,2.0,0.0,2.0,0.0,1
8054,6578,3.0,13,0,2,40,2,3,0.0,0.0,0.0,0.0,29.0,5.0,0.0,5.0,0.0,0
8055,13862,3.0,10,0,3,34,2,1,0.0,0.0,0.0,0.0,25.0,4.0,0.0,4.0,0.0,1
8056,2799,4.0,8,3,1,31,5,1,0.0,3.0,0.0,2.0,15.0,5.0,1.0,4.0,0.0,0
8057,4306,4.0,8,0,1,27,3,3,0.0,0.0,0.0,0.0,17.0,5.0,0.0,4.0,0.0,0
8058,17211,3.0,7,1,4,28,2,2,0.0,1.0,0.0,1.0,14.0,6.0,0.0,5.0,0.0,1
8059,18810,4.0,16,0,3,62,4,3,0.0,0.0,0.0,0.0,43.0,8.0,0.0,8.0,2.0,1
8060,17599,4.0,33,10,3,123,7,3,4.0,0.0,5.0,1.0,75.0,15.0,5.0,15.0,2.0,1
8061,7244,4.0,9,5,1,37,3,2,1.0,3.0,0.0,3.0,19.0,5.0,1.0,4.0,0.0,0
8062,298,4.0,9,8,2,45,3,2,6.0,0.0,2.0,1.0,25.0,4.0,1.0,5.0,0.0,0
8063,18815,4.0,5,4,3,37,5,3,3.0,0.0,0.0,0.0,17.0,7.0,1.0,6.0,2.0,1
8064,9241,4.0,9,2,1,47,3,3,1.0,1.0,0.0,1.0,27.0,8.0,0.0,8.0,0.0,0
8065,6770,4.0,17,0,2,53,3,1,0.0,0.0,0.0,0.0,38.0,7.0,0.0,7.0,0.0,0
8066,3823,4.0,26,0,2,88,3,1,0.0,0.0,0.0,0.0,65.0,11.0,0.0,11.0,0.0,0
8067,16272,4.0,11,0,2,44,4,5,0.0,0.0,0.0,0.0,28.0,7.0,0.0,6.0,2.0,1
8068,7977,4.0,21,3,5,71,2,5,2.0,0.0,1.0,1.0,47.0,9.0,0.0,10.0,0.0,0
8069,11463,4.0,20,4,3,86,8,3,2.0,0.0,1.0,0.0,51.0,14.0,2.0,13.0,2.0,1
8070,2035,4.0,12,0,1,43,3,2,0.0,0.0,0.0,0.0,28.0,7.0,0.0,7.0,0.0,0
8071,4039,4.0,5,2,3,28,2,1,1.0,1.0,0.0,1.0,16.0,4.0,0.0,4.0,0.0,0
8072,10450,4.0,5,0,2,30,3,3,0.0,0.0,0.0,0.0,19.0,4.0,0.0,4.0,2.0,1
8073,16047,4.0,33,6,3,121,7,3,2.0,0.0,3.0,0.0,76.0,17.0,4.0,16.0,2.0,1
8074,12117,3.0,7,0,2,25,2,2,0.0,0.0,0.0,0.0,16.0,4.0,0.0,4.0,0.0,1
8075,10164,3.0,11,0,1,26,1,0,0.0,0.0,0.0,0.0,23.0,1.0,0.0,1.0,0.0,1
8076,16996,4.0,18,0,2,62,4,3,0.0,0.0,0.0,0.0,49.0,5.0,0.0,5.0,2.0,1
8077,10291,3.0,4,0,1,14,1,0,0.0,0.0,0.0,0.0,11.0,1.0,0.0,1.0,0.0,1
8078,1499,4.0,25,8,1,90,4,8,5.0,0.0,3.0,0.0,56.0,10.0,3.0,10.0,2.0,0
8079,13397,4.0,11,0,3,45,4,3,0.0,0.0,0.0,0.0,28.0,7.0,0.0,7.0,2.0,1
8080,3512,4.0,15,6,1,44,3,3,5.0,0.0,0.0,0.0,28.0,5.0,1.0,4.0,0.0,0
8081,19927,4.0,17,0,5,67,3,5,0.0,0.0,0.0,0.0,46.0,9.0,0.0,9.0,2.0,1
8082,14220,5.0,25,20,1,183,5,4,2.0,18.0,0.0,18.0,129.0,7.0,0.0,6.0,2.0,1
8083,8844,4.0,14,16,3,70,3,5,13.0,0.0,2.0,0.0,34.0,9.0,3.0,8.0,0.0,0
8084,8362,2.0,2,0,1,9,2,1,0.0,0.0,0.0,0.0,4.0,2.0,0.0,2.0,0.0,0
8085,6828,3.0,5,0,1,19,2,1,0.0,0.0,0.0,0.0,15.0,2.0,0.0,1.0,0.0,0
8086,7130,4.0,9,8,1,42,3,2,7.0,0.0,0.0,0.0,22.0,6.0,1.0,5.0,0.0,0
8087,17198,3.0,7,0,1,20,1,0,0.0,0.0,0.0,0.0,17.0,1.0,0.0,1.0,0.0,1
8088,15082,4.0,23,6,3,91,7,4,4.0,0.0,1.0,0.0,54.0,14.0,2.0,13.0,2.0,1
8089,4085,3.0,6,0,2,22,2,0,0.0,0.0,0.0,0.0,15.0,3.0,0.0,3.0,0.0,0
8090,242,3.0,4,7,1,25,2,3,6.0,0.0,1.0,1.0,10.0,3.0,0.0,3.0,0.0,0
8091,18020,4.0,45,8,4,147,8,3,5.0,0.0,2.0,0.0,97.0,19.0,3.0,18.0,2.0,1
8092,13990,3.0,7,0,2,26,2,3,0.0,0.0,0.0,0.0,16.0,5.0,0.0,4.0,0.0,1
8093,3144,3.0,4,5,1,17,2,1,4.0,0.0,0.0,0.0,8.0,2.0,1.0,1.0,0.0,0
8094,12563,4.0,19,0,1,65,4,4,0.0,0.0,0.0,0.0,46.0,8.0,0.0,8.0,2.0,1
8095,1644,4.0,9,3,1,31,4,1,1.0,1.0,0.0,2.0,18.0,4.0,0.0,4.0,0.0,0
8096,14547,4.0,13,0,2,46,2,4,0.0,0.0,0.0,0.0,33.0,6.0,0.0,6.0,0.0,1
8097,7371,4.0,30,27,2,129,7,4,22.0,0.0,4.0,3.0,68.0,12.0,2.0,14.0,3.0,0
8098,15469,4.0,7,1,2,40,3,4,0.0,1.0,0.0,1.0,25.0,5.0,0.0,5.0,2.0,1
8099,5594,3.0,7,1,1,39,3,3,0.0,1.0,0.0,1.0,20.0,8.0,0.0,8.0,0.0,0
8100,10948,4.0,8,4,3,43,4,2,3.0,0.0,0.0,0.0,25.0,7.0,1.0,6.0,0.0,1
8101,16174,4.0,34,214,3,392,7,10,189.0,0.0,25.0,0.0,77.0,36.0,25.0,36.0,3.0,1
8102,15811,3.0,14,0,2,49,4,3,0.0,0.0,0.0,0.0,36.0,5.0,0.0,5.0,2.0,1
8103,14466,4.0,14,5,3,52,4,4,4.0,1.0,0.0,0.0,30.0,7.0,1.0,6.0,2.0,1
8104,17372,4.0,15,10,5,90,4,5,4.0,0.0,6.0,0.0,47.0,11.0,6.0,11.0,4.0,1
8105,16617,4.0,15,0,2,52,3,5,0.0,0.0,0.0,0.0,37.0,6.0,0.0,6.0,2.0,1
8106,5231,4.0,10,5,1,33,4,1,4.0,0.0,0.0,0.0,20.0,4.0,1.0,3.0,0.0,0
8107,2076,3.0,11,0,1,26,2,1,0.0,0.0,0.0,0.0,22.0,2.0,0.0,1.0,0.0,0
8108,4103,4.0,8,0,2,26,4,1,0.0,0.0,0.0,0.0,15.0,5.0,0.0,5.0,0.0,0
8109,7493,4.0,7,0,1,29,5,1,0.0,0.0,0.0,0.0,18.0,5.0,0.0,4.0,1.0,0
8110,9043,4.0,13,0,3,48,3,2,0.0,0.0,0.0,0.0,31.0,8.0,0.0,8.0,0.0,0
8111,12188,4.0,6,0,2,36,3,5,0.0,0.0,0.0,0.0,21.0,6.0,0.0,6.0,2.0,1
8112,12993,4.0,42,24,4,159,7,7,14.0,8.0,1.0,9.0,93.0,15.0,1.0,15.0,2.0,1
8113,5968,4.0,25,0,1,73,3,6,0.0,0.0,0.0,0.0,55.0,9.0,0.0,8.0,0.0,0
8114,8320,4.0,16,1,2,49,3,3,0.0,1.0,0.0,1.0,32.0,7.0,0.0,7.0,0.0,0
8115,17845,4.0,19,4,5,91,4,8,2.0,2.0,0.0,0.0,56.0,14.0,2.0,12.0,2.0,1
8116,10297,3.0,6,0,1,21,1,0,0.0,0.0,0.0,0.0,18.0,1.0,0.0,1.0,0.0,1
8117,3966,3.0,4,0,1,13,2,1,0.0,0.0,0.0,0.0,8.0,2.0,0.0,2.0,0.0,0
8118,2240,4.0,16,17,2,75,3,2,13.0,0.0,4.0,1.0,38.0,7.0,3.0,8.0,0.0,0
8119,19808,4.0,23,5,2,94,5,10,3.0,1.0,1.0,2.0,60.0,12.0,0.0,12.0,2.0,1
8120,19410,4.0,15,0,4,55,3,5,0.0,0.0,0.0,0.0,32.0,11.0,0.0,11.0,0.0,1
8121,15332,4.0,17,0,2,55,3,4,0.0,0.0,0.0,0.0,42.0,5.0,0.0,5.0,2.0,1
8122,6754,3.0,4,7,1,24,2,3,6.0,0.0,1.0,1.0,9.0,3.0,0.0,3.0,0.0,0
8123,16295,4.0,12,1,4,41,2,3,0.0,1.0,0.0,1.0,24.0,7.0,0.0,7.0,0.0,1
8124,14041,4.0,39,20,2,144,8,3,11.0,0.0,8.0,0.0,78.0,18.0,9.0,17.0,2.0,1
8125,14389,4.0,9,0,4,42,3,2,0.0,0.0,0.0,0.0,27.0,7.0,0.0,7.0,0.0,1
8126,14913,4.0,13,3,3,66,6,5,2.0,0.0,1.0,1.0,38.0,10.0,0.0,11.0,2.0,1
8127,18281,4.0,31,6,2,103,7,3,3.0,0.0,2.0,0.0,67.0,13.0,3.0,12.0,2.0,1
8128,12853,3.0,12,26,1,81,4,4,7.0,4.0,15.0,10.0,9.0,9.0,9.0,14.0,3.0,1
8129,4078,3.0,13,0,2,31,2,2,0.0,0.0,0.0,0.0,22.0,4.0,0.0,4.0,0.0,0
8130,14246,4.0,21,21,1,90,6,3,7.0,0.0,14.0,7.0,29.0,7.0,7.0,14.0,4.0,1
8131,7754,3.0,8,0,1,22,3,2,0.0,0.0,0.0,0.0,12.0,5.0,0.0,4.0,0.0,0
8132,12895,4.0,12,1,2,56,4,3,0.0,0.0,0.0,0.0,39.0,7.0,1.0,6.0,2.0,1
8133,14166,3.0,19,3,2,61,3,7,2.0,0.0,1.0,1.0,39.0,7.0,0.0,8.0,2.0,1
8134,8832,3.0,6,0,1,22,2,2,0.0,0.0,0.0,0.0,16.0,3.0,0.0,2.0,0.0,0
8135,9462,4.0,13,2,2,45,4,2,1.0,0.0,0.0,0.0,31.0,6.0,1.0,5.0,0.0,0
8136,18587,4.0,13,0,3,47,4,4,0.0,0.0,0.0,0.0,28.0,8.0,0.0,8.0,2.0,1
8137,2778,4.0,14,13,2,90,8,4,7.0,0.0,5.0,1.0,36.0,16.0,5.0,16.0,3.0,0
8138,4603,3.0,8,0,3,29,3,1,0.0,0.0,0.0,0.0,19.0,5.0,0.0,4.0,0.0,0
8139,4932,4.0,8,1,4,46,4,5,0.0,0.0,1.0,1.0,23.0,9.0,0.0,10.0,1.0,0
8140,14252,3.0,6,0,1,14,1,0,0.0,0.0,0.0,0.0,11.0,1.0,0.0,1.0,0.0,1
8141,1985,4.0,13,4,2,54,6,2,3.0,0.0,1.0,0.0,32.0,8.0,1.0,8.0,0.0,0
8142,3861,3.0,6,0,1,16,2,1,0.0,0.0,0.0,0.0,12.0,2.0,0.0,1.0,0.0,0
8143,7774,4.0,17,6,3,68,3,3,4.0,0.0,2.0,0.0,47.0,6.0,2.0,6.0,0.0,0
8144,11672,4.0,17,0,3,59,3,5,0.0,0.0,0.0,0.0,42.0,7.0,0.0,7.0,2.0,1
8145,9726,4.0,13,6,1,45,3,3,5.0,0.0,0.0,0.0,27.0,6.0,1.0,5.0,0.0,0
8146,325,4.0,13,0,2,45,3,3,0.0,0.0,0.0,0.0,32.0,6.0,0.0,6.0,0.0,0
8147,13956,3.0,14,25,1,90,4,4,7.0,2.0,16.0,11.0,13.0,11.0,7.0,19.0,3.0,1
8148,10530,4.0,3,10,4,35,3,4,6.0,0.0,4.0,0.0,12.0,3.0,4.0,3.0,2.0,1
8149,7891,4.0,10,6,3,47,4,1,5.0,0.0,0.0,0.0,29.0,6.0,1.0,5.0,0.0,0
8150,6394,4.0,7,1,1,31,5,1,0.0,0.0,0.0,1.0,19.0,5.0,0.0,5.0,0.0,0
8151,12172,4.0,12,4,2,44,3,4,2.0,2.0,0.0,1.0,26.0,5.0,1.0,4.0,2.0,1
8152,18567,3.0,5,0,1,15,1,0,0.0,0.0,0.0,0.0,12.0,1.0,0.0,1.0,0.0,1
8153,18969,3.0,8,0,3,34,3,3,0.0,0.0,0.0,0.0,21.0,5.0,0.0,5.0,2.0,1
8154,4054,4.0,3,10,1,23,3,1,9.0,0.0,0.0,0.0,7.0,3.0,1.0,2.0,0.0,0
8155,2237,3.0,11,0,1,30,2,2,0.0,0.0,0.0,0.0,23.0,3.0,0.0,3.0,0.0,0
8156,5229,4.0,12,6,2,43,3,2,5.0,0.0,1.0,0.0,24.0,6.0,1.0,5.0,0.0,0
8157,12370,4.0,30,7,2,104,8,3,4.0,0.0,2.0,0.0,63.0,15.0,3.0,14.0,2.0,1
8158,4571,3.0,11,0,1,30,2,1,0.0,0.0,0.0,0.0,26.0,2.0,0.0,1.0,0.0,0
8159,8976,4.0,20,8,2,73,3,1,6.0,0.0,2.0,0.0,47.0,7.0,2.0,7.0,1.0,0
8160,13666,4.0,13,2,3,56,4,5,1.0,0.0,1.0,0.0,34.0,8.0,1.0,8.0,2.0,1
8161,7454,4.0,16,0,1,42,3,2,0.0,0.0,0.0,0.0,29.0,6.0,0.0,6.0,0.0,0
8162,1268,4.0,13,0,2,36,5,2,0.0,0.0,0.0,0.0,23.0,6.0,0.0,5.0,1.0,0
8163,864,4.0,12,1,2,47,2,5,0.0,0.0,1.0,1.0,32.0,6.0,0.0,6.0,0.0,0
8164,18038,4.0,13,0,3,57,8,3,0.0,0.0,0.0,0.0,32.0,11.0,0.0,11.0,2.0,1
8165,4942,4.0,13,15,1,47,3,3,14.0,0.0,0.0,0.0,22.0,5.0,1.0,4.0,0.0,0
8166,2253,3.0,8,0,2,29,3,1,0.0,0.0,0.0,0.0,19.0,5.0,0.0,4.0,0.0,0
8167,6010,3.0,6,0,1,20,2,1,0.0,0.0,0.0,0.0,16.0,2.0,0.0,1.0,0.0,0
8168,6911,4.0,15,0,3,55,4,4,0.0,0.0,0.0,0.0,37.0,8.0,0.0,8.0,1.0,0
8169,17794,4.0,25,7,2,101,8,3,4.0,1.0,2.0,0.0,61.0,14.0,3.0,13.0,2.0,1
8170,6998,3.0,6,0,1,17,2,1,0.0,0.0,0.0,0.0,13.0,2.0,0.0,1.0,0.0,0
8171,371,3.0,10,3,1,32,2,5,2.0,0.0,1.0,0.0,18.0,5.0,0.0,5.0,0.0,0
8172,16982,3.0,7,0,2,25,2,2,0.0,0.0,0.0,0.0,16.0,4.0,0.0,4.0,0.0,1
8173,10348,3.0,4,0,1,21,2,0,0.0,0.0,0.0,0.0,11.0,4.0,0.0,4.0,1.0,1
8174,7940,3.0,10,3,2,34,2,4,2.0,0.0,1.0,0.0,20.0,5.0,1.0,4.0,0.0,0
8175,609,4.0,15,15,1,107,7,5,8.0,0.0,6.0,0.0,43.0,20.0,7.0,19.0,3.0,0
8176,4651,3.0,14,1,1,53,3,4,0.0,0.0,1.0,1.0,34.0,8.0,0.0,8.0,0.0,0
8177,18346,4.0,25,4,3,87,7,3,2.0,0.0,1.0,0.0,54.0,13.0,2.0,12.0,2.0,1
8178,18522,4.0,12,0,4,58,4,5,0.0,0.0,0.0,0.0,37.0,9.0,0.0,9.0,2.0,1
8179,8872,4.0,33,18,2,124,4,5,9.0,1.0,8.0,2.0,69.0,13.0,7.0,13.0,1.0,0
8180,18880,3.0,8,0,1,17,1,0,0.0,0.0,0.0,0.0,14.0,1.0,0.0,1.0,0.0,1
8181,19938,4.0,14,10,2,68,3,9,6.0,0.0,3.0,0.0,39.0,7.0,4.0,6.0,2.0,1
8182,5919,4.0,33,12,1,115,3,4,11.0,0.0,1.0,0.0,70.0,16.0,1.0,15.0,0.0,0
8183,18877,4.0,23,2,5,91,7,10,0.0,0.0,2.0,2.0,48.0,16.0,0.0,18.0,4.0,1
8184,14022,4.0,23,2,1,69,4,5,1.0,0.0,1.0,1.0,48.0,7.0,0.0,8.0,2.0,1
8185,2364,4.0,13,0,2,40,3,2,0.0,0.0,0.0,0.0,29.0,5.0,0.0,5.0,0.0,0
8186,11405,3.0,8,0,2,26,2,2,0.0,0.0,0.0,0.0,18.0,4.0,0.0,3.0,0.0,1
8187,7766,4.0,20,0,2,54,4,2,0.0,0.0,0.0,0.0,41.0,6.0,0.0,6.0,0.0,0
8188,7148,3.0,3,0,1,11,2,1,0.0,0.0,0.0,0.0,7.0,2.0,0.0,1.0,0.0,0
8189,13648,3.0,15,27,1,90,4,4,6.0,3.0,18.0,14.0,10.0,9.0,7.0,19.0,3.0,1
8190,9103,4.0,12,0,4,42,2,3,0.0,0.0,0.0,0.0,27.0,7.0,0.0,7.0,0.0,0
8191,10635,4.0,45,17,4,175,8,3,10.0,0.0,6.0,0.0,94.0,28.0,7.0,27.0,2.0,1
8192,19002,3.0,7,3,2,26,1,0,2.0,1.0,0.0,0.0,18.0,2.0,1.0,1.0,0.0,1
8193,3789,3.0,13,0,3,43,2,1,0.0,0.0,0.0,0.0,34.0,4.0,0.0,4.0,0.0,0
8194,17139,4.0,12,2,6,71,3,7,1.0,0.0,1.0,0.0,43.0,11.0,1.0,11.0,2.0,1
8195,12006,4.0,25,0,2,84,4,5,0.0,0.0,0.0,0.0,59.0,11.0,0.0,11.0,2.0,1
8196,5581,3.0,7,0,1,25,2,1,0.0,0.0,0.0,0.0,21.0,2.0,0.0,1.0,0.0,0
8197,15107,3.0,13,0,1,43,2,0,0.0,0.0,0.0,0.0,32.0,5.0,0.0,5.0,0.0,1
8198,11367,4.0,24,21,2,100,6,7,16.0,4.0,1.0,3.0,48.0,12.0,2.0,11.0,2.0,1
8199,17995,4.0,17,3,2,63,4,5,2.0,0.0,1.0,0.0,44.0,6.0,1.0,6.0,2.0,1
8200,5060,4.0,19,18,3,89,3,3,10.0,7.0,1.0,8.0,44.0,9.0,0.0,9.0,0.0,0
8201,9615,4.0,12,2,2,42,6,2,1.0,0.0,1.0,0.0,24.0,7.0,1.0,6.0,1.0,0
8202,4218,3.0,6,0,1,16,2,1,0.0,0.0,0.0,0.0,12.0,2.0,0.0,1.0,0.0,0
8203,8044,3.0,8,0,1,19,2,1,0.0,0.0,0.0,0.0,15.0,2.0,0.0,1.0,0.0,0
8204,8671,4.0,36,2,1,103,4,4,0.0,2.0,0.0,0.0,69.0,15.0,2.0,13.0,1.0,0
8205,662,4.0,17,11,2,73,3,3,10.0,0.0,1.0,0.0,44.0,8.0,1.0,8.0,0.0,0
8206,8386,4.0,15,0,2,48,4,3,0.0,0.0,0.0,0.0,33.0,7.0,0.0,7.0,0.0,0
8207,14629,3.0,8,0,2,34,4,3,0.0,0.0,0.0,0.0,21.0,5.0,0.0,5.0,2.0,1
8208,16544,3.0,14,25,1,90,4,4,6.0,2.0,17.0,13.0,12.0,10.0,6.0,20.0,3.0,1
8209,12435,3.0,2,7,3,29,2,3,6.0,0.0,1.0,0.0,11.0,5.0,1.0,4.0,0.0,1
8210,12451,4.0,33,8,2,122,8,3,4.0,0.0,3.0,0.0,75.0,17.0,4.0,16.0,2.0,1
8211,11180,4.0,11,0,2,42,3,5,0.0,0.0,0.0,0.0,27.0,6.0,0.0,6.0,2.0,1
8212,9311,4.0,12,1,3,50,3,2,0.0,0.0,1.0,0.0,31.0,8.0,1.0,8.0,0.0,0
8213,2776,4.0,12,24,4,65,2,2,13.0,9.0,2.0,9.0,21.0,4.0,2.0,4.0,0.0,0
8214,4535,4.0,19,0,2,77,3,1,0.0,0.0,0.0,0.0,52.0,12.0,0.0,12.0,0.0,0
8215,13667,4.0,13,26,2,78,4,4,14.0,10.0,2.0,10.0,24.0,6.0,2.0,6.0,3.0,1
8216,16501,4.0,20,4,2,74,8,3,2.0,0.0,1.0,0.0,41.0,13.0,2.0,12.0,2.0,1
8217,15746,4.0,11,0,3,50,4,3,0.0,0.0,0.0,0.0,35.0,6.0,0.0,6.0,2.0,1
8218,19951,3.0,6,0,1,15,2,0,0.0,0.0,0.0,0.0,10.0,2.0,0.0,2.0,0.0,1
8219,7189,4.0,12,15,4,61,4,2,10.0,0.0,5.0,0.0,25.0,7.0,5.0,7.0,1.0,0
8220,13731,3.0,3,0,1,14,2,0,0.0,0.0,0.0,0.0,7.0,3.0,0.0,3.0,0.0,1
8221,18205,4.0,22,2,3,71,4,4,1.0,0.0,1.0,0.0,49.0,8.0,1.0,8.0,2.0,1
8222,15918,4.0,16,0,4,64,3,6,0.0,0.0,0.0,0.0,43.0,9.0,0.0,9.0,2.0,1
8223,5573,4.0,17,0,2,50,3,1,0.0,0.0,0.0,0.0,39.0,5.0,0.0,5.0,0.0,0
8224,6135,4.0,27,6,3,96,3,3,4.0,0.0,2.0,0.0,67.0,10.0,2.0,10.0,0.0,0
8225,13461,3.0,5,0,1,15,1,0,0.0,0.0,0.0,0.0,12.0,1.0,0.0,1.0,0.0,1
8226,4427,4.0,5,6,2,30,4,2,5.0,0.0,0.0,0.0,12.0,6.0,1.0,5.0,0.0,0
8227,10553,4.0,15,1,3,61,6,3,0.0,1.0,0.0,0.0,42.0,7.0,1.0,6.0,3.0,1
8228,5247,4.0,25,5,1,94,4,6,4.0,0.0,1.0,0.0,58.0,14.0,1.0,13.0,2.0,0
8229,16711,4.0,28,2,4,95,5,7,1.0,0.0,1.0,0.0,63.0,13.0,1.0,13.0,2.0,1
8230,3981,3.0,7,0,1,20,2,1,0.0,0.0,0.0,0.0,16.0,2.0,0.0,1.0,0.0,0
8231,9943,4.0,26,14,1,107,4,7,12.0,0.0,2.0,0.0,61.0,14.0,2.0,13.0,2.0,0
8232,7825,4.0,16,0,1,54,3,2,0.0,0.0,0.0,0.0,41.0,6.0,0.0,6.0,0.0,0
8233,14180,3.0,5,0,1,13,1,0,0.0,0.0,0.0,0.0,10.0,1.0,0.0,1.0,0.0,1
8234,11085,4.0,27,4,3,119,8,3,1.0,0.0,2.0,0.0,73.0,19.0,3.0,18.0,2.0,1
8235,2669,4.0,12,15,1,49,3,3,14.0,0.0,0.0,0.0,24.0,5.0,1.0,4.0,0.0,0
8236,3977,3.0,12,0,1,36,2,4,0.0,0.0,0.0,0.0,25.0,5.0,0.0,5.0,0.0,0
8237,16752,4.0,18,4,2,70,7,3,2.0,1.0,0.0,0.0,42.0,11.0,2.0,9.0,2.0,1
8238,279,3.0,10,0,2,34,2,2,0.0,0.0,0.0,0.0,25.0,4.0,0.0,4.0,0.0,0
8239,13158,4.0,20,2,4,82,4,9,0.0,0.0,2.0,1.0,52.0,11.0,1.0,12.0,2.0,1
8240,2172,4.0,12,0,3,39,2,2,0.0,0.0,0.0,0.0,29.0,5.0,0.0,4.0,0.0,0
8241,10852,4.0,15,0,3,45,4,2,0.0,0.0,0.0,0.0,30.0,7.0,0.0,7.0,0.0,1
8242,8718,3.0,4,0,1,18,3,1,0.0,0.0,0.0,0.0,12.0,3.0,0.0,2.0,0.0,0
8243,7452,3.0,5,0,3,16,2,1,0.0,0.0,0.0,0.0,8.0,4.0,0.0,3.0,0.0,0
8244,5197,3.0,23,0,2,77,3,2,0.0,0.0,0.0,0.0,56.0,10.0,0.0,10.0,0.0,0
8245,12856,4.0,6,0,2,38,3,5,0.0,0.0,0.0,0.0,23.0,6.0,0.0,6.0,2.0,1
8246,9886,3.0,6,0,2,23,3,1,0.0,0.0,0.0,0.0,14.0,4.0,0.0,4.0,0.0,0
8247,18925,3.0,4,1,3,24,2,1,0.0,0.0,1.0,1.0,14.0,3.0,0.0,4.0,0.0,1
8248,13210,4.0,21,1,4,80,7,3,0.0,0.0,0.0,0.0,51.0,13.0,1.0,12.0,2.0,1
8249,18334,3.0,15,0,3,46,3,4,0.0,0.0,0.0,0.0,31.0,6.0,0.0,6.0,2.0,1
8250,11671,4.0,23,0,3,74,4,5,0.0,0.0,0.0,0.0,53.0,9.0,0.0,9.0,2.0,1
8251,19184,3.0,6,0,3,27,2,1,0.0,0.0,0.0,0.0,18.0,4.0,0.0,4.0,0.0,1
8252,12608,4.0,6,13,2,44,2,5,9.0,0.0,4.0,0.0,20.0,3.0,4.0,3.0,0.0,1
8253,19344,3.0,3,0,1,20,3,2,0.0,0.0,0.0,0.0,13.0,2.0,0.0,2.0,2.0,1
8254,4155,4.0,34,102,2,248,7,5,67.0,34.0,1.0,34.0,77.0,16.0,1.0,16.0,1.0,0
8255,18774,4.0,24,0,2,79,4,7,0.0,0.0,0.0,0.0,58.0,9.0,0.0,9.0,2.0,1
8256,4883,4.0,6,0,2,24,2,1,0.0,0.0,0.0,0.0,17.0,3.0,0.0,3.0,0.0,0
8257,5807,4.0,9,5,2,38,4,2,4.0,0.0,0.0,0.0,22.0,5.0,1.0,4.0,1.0,0
8258,3809,4.0,11,0,2,32,3,2,0.0,0.0,0.0,0.0,22.0,5.0,0.0,4.0,0.0,0
8259,16263,4.0,6,0,2,38,3,3,0.0,0.0,0.0,0.0,28.0,4.0,0.0,3.0,2.0,1
8260,10079,4.0,36,5,5,130,8,3,3.0,0.0,1.0,0.0,84.0,19.0,2.0,18.0,2.0,1
8261,8713,4.0,22,8,1,73,3,3,6.0,0.0,2.0,0.0,47.0,8.0,2.0,7.0,0.0,0
8262,12488,3.0,9,0,3,31,2,3,0.0,0.0,0.0,0.0,19.0,6.0,0.0,5.0,0.0,1
8263,15102,4.0,20,4,3,81,7,3,2.0,0.0,1.0,0.0,52.0,11.0,2.0,10.0,2.0,1
8264,4683,3.0,4,7,1,24,2,3,6.0,0.0,1.0,1.0,9.0,3.0,0.0,3.0,0.0,0
8265,7240,4.0,15,1,1,48,2,5,0.0,0.0,1.0,0.0,36.0,5.0,1.0,4.0,0.0,0
8266,5543,3.0,8,0,2,26,2,2,0.0,0.0,0.0,0.0,18.0,4.0,0.0,3.0,0.0,0
8267,16975,4.0,22,10,2,90,7,3,7.0,0.0,2.0,0.0,50.0,13.0,3.0,12.0,2.0,1
8268,11864,3.0,3,0,1,12,1,0,0.0,0.0,0.0,0.0,9.0,1.0,0.0,1.0,0.0,1
8269,5593,4.0,20,0,1,62,3,2,0.0,0.0,0.0,0.0,41.0,10.0,0.0,10.0,0.0,0
8270,10401,4.0,15,0,3,60,4,3,0.0,0.0,0.0,0.0,43.0,7.0,0.0,7.0,2.0,1
8271,12623,5.0,96,132,3,648,7,4,44.0,86.0,2.0,64.0,386.0,30.0,24.0,8.0,3.0,1
8272,5672,3.0,11,3,1,38,3,2,2.0,0.0,0.0,1.0,24.0,5.0,0.0,5.0,0.0,0
8273,13594,4.0,10,26,2,76,3,8,18.0,7.0,1.0,7.0,24.0,8.0,1.0,7.0,2.0,1
8274,16460,4.0,10,0,3,41,3,3,0.0,0.0,0.0,0.0,28.0,5.0,0.0,5.0,2.0,1
8275,6897,3.0,8,0,1,20,2,1,0.0,0.0,0.0,0.0,16.0,2.0,0.0,1.0,0.0,0
8276,4563,5.0,22,27,2,104,7,3,24.0,0.0,2.0,0.0,47.0,12.0,3.0,11.0,4.0,0
8277,8376,3.0,8,0,1,25,2,1,0.0,0.0,0.0,0.0,20.0,2.0,0.0,2.0,0.0,0
8278,19312,4.0,19,6,3,72,3,5,5.0,0.0,1.0,0.0,48.0,8.0,1.0,8.0,0.0,1
8279,15436,4.0,26,3,3,96,8,3,1.0,0.0,1.0,0.0,58.0,16.0,2.0,15.0,2.0,1
8280,1269,4.0,11,0,2,38,3,2,0.0,0.0,0.0,0.0,27.0,5.0,0.0,5.0,0.0,0
8281,12708,4.0,9,0,3,37,3,3,0.0,0.0,0.0,0.0,23.0,6.0,0.0,6.0,1.0,1
8282,2350,3.0,7,0,2,22,2,1,0.0,0.0,0.0,0.0,16.0,3.0,0.0,2.0,0.0,0
8283,8745,4.0,32,13,2,133,4,5,7.0,1.0,5.0,1.0,76.0,19.0,5.0,18.0,0.0,0
8284,9589,4.0,17,10,2,71,4,4,9.0,0.0,0.0,0.0,45.0,8.0,1.0,7.0,0.0,0
8285,1384,4.0,13,0,2,36,3,2,0.0,0.0,0.0,0.0,25.0,5.0,0.0,5.0,0.0,0
8286,16498,4.0,9,1,3,44,3,4,0.0,0.0,1.0,1.0,28.0,5.0,0.0,6.0,2.0,1
8287,9036,3.0,7,4,2,34,2,3,3.0,0.0,1.0,0.0,20.0,4.0,1.0,4.0,0.0,0
8288,5856,4.0,9,4,2,44,3,2,3.0,0.0,1.0,0.0,28.0,5.0,1.0,5.0,0.0,0
8289,13095,3.0,1,12,3,24,3,3,7.0,0.0,4.0,1.0,3.0,1.0,4.0,1.0,2.0,1
8290,297,4.0,30,27,2,129,7,4,22.0,0.0,4.0,3.0,68.0,12.0,2.0,14.0,3.0,0
8291,8635,3.0,13,0,1,39,3,3,0.0,0.0,0.0,0.0,27.0,6.0,0.0,5.0,0.0,0
8292,18818,4.0,12,0,3,52,4,5,0.0,0.0,0.0,0.0,33.0,8.0,0.0,8.0,2.0,1
8293,19622,4.0,47,8,3,147,8,3,5.0,0.0,2.0,0.0,89.0,23.0,3.0,22.0,2.0,1
8294,3867,4.0,7,6,2,32,2,2,5.0,0.0,0.0,0.0,18.0,4.0,1.0,3.0,0.0,0
8295,16097,4.0,12,0,2,49,5,3,0.0,0.0,0.0,0.0,34.0,6.0,0.0,6.0,2.0,1
8296,15752,4.0,37,5,3,143,7,3,2.0,0.0,3.0,0.0,87.0,23.0,3.0,22.0,2.0,1
8297,2077,3.0,6,0,1,18,2,1,0.0,0.0,0.0,0.0,14.0,2.0,0.0,1.0,0.0,0
8298,14209,4.0,30,5,2,101,7,3,3.0,0.0,1.0,0.0,65.0,14.0,2.0,13.0,2.0,1
8299,12943,4.0,12,4,3,46,2,2,3.0,0.0,1.0,1.0,31.0,4.0,0.0,5.0,0.0,1
8300,15340,3.0,4,0,2,13,1,0,0.0,0.0,0.0,0.0,8.0,2.0,0.0,2.0,0.0,1
8301,19690,4.0,2,15,4,33,3,3,10.0,0.0,5.0,0.0,6.0,2.0,5.0,2.0,2.0,1
8302,2229,4.0,16,0,1,45,3,4,0.0,0.0,0.0,0.0,31.0,7.0,0.0,6.0,0.0,0
8303,2842,4.0,12,11,2,50,4,2,7.0,0.0,4.0,1.0,23.0,5.0,3.0,6.0,0.0,0
8304,2537,4.0,19,7,1,61,3,3,5.0,0.0,2.0,1.0,39.0,6.0,1.0,6.0,0.0,0
8305,194,3.0,11,0,2,30,3,2,0.0,0.0,0.0,0.0,20.0,5.0,0.0,4.0,0.0,0
8306,18255,4.0,28,6,3,103,7,3,3.0,0.0,2.0,0.0,63.0,15.0,3.0,14.0,2.0,1
8307,7362,4.0,34,6,1,116,4,7,4.0,0.0,2.0,0.0,72.0,17.0,2.0,16.0,2.0,0
8308,6636,3.0,13,0,1,40,3,2,0.0,0.0,0.0,0.0,29.0,5.0,0.0,5.0,0.0,0
8309,7498,4.0,9,4,3,46,3,3,3.0,0.0,1.0,1.0,25.0,7.0,0.0,8.0,0.0,0
8310,15695,4.0,10,8,3,49,3,3,6.0,0.0,2.0,0.0,28.0,5.0,2.0,5.0,0.0,1
8311,9009,3.0,6,7,1,27,2,3,6.0,0.0,1.0,1.0,11.0,3.0,0.0,4.0,0.0,0
8312,19042,4.0,21,3,2,80,7,3,1.0,0.0,1.0,0.0,50.0,12.0,2.0,11.0,2.0,1
8313,4042,5.0,30,25,2,177,4,3,6.0,18.0,1.0,19.0,114.0,9.0,0.0,9.0,0.0,0
8314,6553,3.0,9,0,1,26,2,1,0.0,0.0,0.0,0.0,21.0,2.0,0.0,2.0,0.0,0
8315,10770,4.0,17,0,3,50,2,4,0.0,0.0,0.0,0.0,35.0,7.0,0.0,7.0,0.0,1
8316,18784,3.0,2,15,4,33,3,3,10.0,0.0,5.0,0.0,6.0,2.0,5.0,2.0,2.0,1
8317,13929,4.0,11,0,2,38,4,3,0.0,0.0,0.0,0.0,26.0,5.0,0.0,4.0,2.0,1
8318,5505,3.0,16,0,1,54,3,4,0.0,0.0,0.0,0.0,40.0,7.0,0.0,6.0,0.0,0
8319,6854,4.0,51,14,2,197,5,15,7.0,5.0,2.0,2.0,125.0,24.0,5.0,21.0,5.0,0
8320,6761,3.0,13,0,2,34,3,2,0.0,0.0,0.0,0.0,23.0,5.0,0.0,5.0,0.0,0
8321,5300,3.0,2,0,1,15,2,3,0.0,0.0,0.0,0.0,7.0,4.0,0.0,3.0,0.0,0
8322,19517,3.0,8,0,2,22,1,0,0.0,0.0,0.0,0.0,17.0,2.0,0.0,2.0,0.0,1
8323,4654,3.0,13,0,1,45,3,2,0.0,0.0,0.0,0.0,37.0,4.0,0.0,3.0,0.0,0
8324,320,3.0,5,0,1,17,3,1,0.0,0.0,0.0,0.0,11.0,3.0,0.0,2.0,0.0,0
8325,7135,4.0,7,1,1,30,3,2,0.0,0.0,0.0,0.0,19.0,5.0,1.0,4.0,0.0,0
8326,1371,3.0,6,0,1,16,2,1,0.0,0.0,0.0,0.0,12.0,2.0,0.0,1.0,0.0,0
8327,19317,3.0,6,0,1,18,2,0,0.0,0.0,0.0,0.0,13.0,2.0,0.0,2.0,0.0,1
8328,19833,4.0,22,2,2,84,8,3,0.0,0.0,2.0,0.0,49.0,14.0,2.0,14.0,2.0,1
8329,11984,3.0,12,0,1,38,3,4,0.0,0.0,0.0,0.0,27.0,4.0,0.0,4.0,2.0,1
8330,2654,3.0,3,0,1,10,2,1,0.0,0.0,0.0,0.0,6.0,2.0,0.0,1.0,0.0,0
8331,9099,4.0,13,10,1,57,3,3,9.0,0.0,0.0,0.0,31.0,8.0,1.0,7.0,0.0,0
8332,8497,2.0,3,0,1,8,2,1,0.0,0.0,0.0,0.0,4.0,2.0,0.0,1.0,0.0,0
8333,12142,4.0,27,26,3,171,6,3,6.0,0.0,20.0,1.0,75.0,23.0,19.0,24.0,2.0,1
8334,13721,4.0,8,5,4,75,5,4,0.0,4.0,0.0,5.0,45.0,9.0,0.0,9.0,2.0,1
8335,3398,3.0,7,0,2,25,2,1,0.0,0.0,0.0,0.0,19.0,3.0,0.0,2.0,0.0,0
8336,10243,4.0,11,10,7,63,3,5,7.0,1.0,2.0,2.0,29.0,9.0,1.0,9.0,2.0,1
8337,8532,3.0,12,0,1,36,3,1,0.0,0.0,0.0,0.0,27.0,4.0,0.0,4.0,0.0,0
8338,18459,4.0,14,5,3,52,4,4,4.0,1.0,0.0,0.0,30.0,7.0,1.0,6.0,2.0,1
8339,5002,3.0,4,0,1,14,2,1,0.0,0.0,0.0,0.0,10.0,2.0,0.0,1.0,0.0,0
8340,16855,4.0,24,4,3,85,7,3,2.0,0.0,1.0,0.0,52.0,13.0,2.0,12.0,2.0,1
8341,18379,4.0,13,0,3,46,3,3,0.0,0.0,0.0,0.0,33.0,5.0,0.0,5.0,2.0,1
8342,926,4.0,14,0,2,41,2,4,0.0,0.0,0.0,0.0,28.0,6.0,0.0,6.0,0.0,0
8343,244,4.0,34,5,2,102,7,1,2.0,2.0,1.0,0.0,69.0,13.0,3.0,11.0,0.0,0
8344,14758,4.0,19,4,2,93,4,5,2.0,0.0,2.0,0.0,56.0,14.0,2.0,14.0,2.0,1
8345,7469,4.0,5,6,2,32,5,1,5.0,0.0,0.0,0.0,14.0,6.0,1.0,5.0,0.0,0
8346,8207,4.0,23,7,1,67,3,4,6.0,0.0,1.0,0.0,43.0,8.0,1.0,7.0,0.0,0
8347,143,4.0,17,0,2,55,3,2,0.0,0.0,0.0,0.0,42.0,6.0,0.0,6.0,0.0,0
8348,5983,3.0,8,0,2,27,2,1,0.0,0.0,0.0,0.0,21.0,3.0,0.0,2.0,0.0,0
8349,8151,4.0,21,5,1,78,3,3,4.0,0.0,0.0,0.0,53.0,10.0,1.0,9.0,0.0,0
8350,2363,4.0,15,7,1,52,3,4,6.0,0.0,1.0,0.0,32.0,6.0,1.0,5.0,0.0,0
8351,17165,3.0,12,0,3,46,2,4,0.0,0.0,0.0,0.0,32.0,7.0,0.0,6.0,0.0,1
8352,129,4.0,20,6,2,80,3,2,5.0,0.0,1.0,1.0,51.0,10.0,0.0,11.0,0.0,0
8353,1161,3.0,10,0,1,23,2,1,0.0,0.0,0.0,0.0,18.0,2.0,0.0,2.0,0.0,0
8354,17365,5.0,50,30,3,299,8,4,4.0,26.0,0.0,26.0,212.0,14.0,0.0,14.0,2.0,1
8355,4282,4.0,11,0,3,34,2,3,0.0,0.0,0.0,0.0,21.0,6.0,0.0,6.0,0.0,0
8356,5953,3.0,11,0,2,38,3,1,0.0,0.0,0.0,0.0,29.0,4.0,0.0,4.0,0.0,0
8357,287,4.0,21,0,2,51,2,2,0.0,0.0,0.0,0.0,42.0,4.0,0.0,4.0,0.0,0
8358,17236,4.0,13,0,3,50,4,3,0.0,0.0,0.0,0.0,35.0,6.0,0.0,6.0,2.0,1
8359,9822,4.0,23,5,1,60,3,1,4.0,0.0,1.0,0.0,39.0,7.0,1.0,7.0,0.0,0
8360,13650,4.0,32,4,4,109,7,3,2.0,0.0,1.0,0.0,72.0,15.0,2.0,14.0,2.0,1
8361,15348,4.0,21,3,2,75,7,3,1.0,0.0,1.0,0.0,45.0,12.0,2.0,11.0,2.0,1
8362,5308,3.0,13,0,1,37,2,2,0.0,0.0,0.0,0.0,30.0,3.0,0.0,3.0,0.0,0
8363,10068,4.0,12,0,2,44,3,5,0.0,0.0,0.0,0.0,30.0,6.0,0.0,5.0,2.0,1
8364,10680,4.0,36,7,3,124,8,3,4.0,0.0,2.0,0.0,75.0,19.0,3.0,18.0,2.0,1
8365,15359,3.0,8,0,1,26,2,0,0.0,0.0,0.0,0.0,21.0,2.0,0.0,2.0,0.0,1
8366,12671,3.0,11,0,3,44,4,4,0.0,0.0,0.0,0.0,25.0,8.0,0.0,8.0,2.0,1
8367,18798,4.0,11,10,4,64,4,6,7.0,1.0,2.0,0.0,33.0,8.0,3.0,7.0,2.0,1
8368,16880,3.0,3,0,3,28,3,3,0.0,0.0,0.0,0.0,15.0,5.0,0.0,5.0,2.0,1
8369,8681,4.0,6,0,3,29,3,2,0.0,0.0,0.0,0.0,16.0,6.0,0.0,6.0,0.0,0
8370,1170,4.0,9,5,3,35,2,1,3.0,0.0,2.0,1.0,22.0,2.0,1.0,3.0,0.0,0
8371,18838,3.0,5,0,3,20,1,0,0.0,0.0,0.0,0.0,13.0,3.0,0.0,3.0,0.0,1
8372,10374,4.0,13,0,3,55,4,5,0.0,0.0,0.0,0.0,36.0,8.0,0.0,8.0,2.0,1
8373,19206,3.0,3,0,2,10,1,0,0.0,0.0,0.0,0.0,5.0,2.0,0.0,2.0,0.0,1
8374,19007,4.0,33,10,3,126,8,3,6.0,0.0,3.0,0.0,77.0,17.0,4.0,16.0,2.0,1
8375,6792,4.0,4,3,1,24,4,1,2.0,0.0,0.0,0.0,14.0,3.0,1.0,2.0,1.0,0
8376,5929,4.0,28,19,2,115,4,7,14.0,0.0,5.0,0.0,57.0,16.0,5.0,15.0,2.0,0
8377,16567,4.0,13,0,1,43,4,4,0.0,0.0,0.0,0.0,28.0,6.0,0.0,6.0,2.0,1
8378,15955,4.0,14,0,3,64,7,4,0.0,0.0,0.0,0.0,41.0,10.0,0.0,10.0,2.0,1
8379,18252,4.0,36,8,2,105,4,7,5.0,0.0,3.0,0.0,64.0,14.0,3.0,13.0,2.0,1
8380,11228,4.0,9,0,2,41,3,5,0.0,0.0,0.0,0.0,26.0,6.0,0.0,6.0,2.0,1
8381,1859,3.0,5,0,1,20,3,1,0.0,0.0,0.0,0.0,13.0,3.0,0.0,3.0,0.0,0
8382,15526,3.0,7,0,4,32,2,1,0.0,0.0,0.0,0.0,21.0,5.0,0.0,5.0,0.0,1
8383,277,4.0,21,1,5,79,5,8,0.0,0.0,1.0,1.0,45.0,14.0,0.0,15.0,2.0,0
8384,16224,3.0,9,0,1,25,1,0,0.0,0.0,0.0,0.0,22.0,1.0,0.0,1.0,0.0,1
8385,6781,4.0,15,9,1,55,3,4,6.0,0.0,3.0,2.0,31.0,5.0,1.0,6.0,0.0,0
8386,18498,4.0,19,13,1,85,4,7,8.0,1.0,4.0,0.0,42.0,12.0,5.0,10.0,2.0,1
8387,15532,3.0,10,0,2,31,2,1,0.0,0.0,0.0,0.0,24.0,3.0,0.0,3.0,0.0,1
8388,11780,4.0,22,2,4,84,7,3,0.0,0.0,1.0,0.0,51.0,14.0,2.0,13.0,2.0,1
8389,1873,4.0,10,0,1,43,4,4,0.0,0.0,0.0,0.0,26.0,7.0,0.0,7.0,2.0,0
8390,3121,3.0,3,9,1,22,3,1,8.0,0.0,0.0,0.0,7.0,3.0,1.0,2.0,0.0,0
8391,8579,4.0,25,2,6,98,6,8,0.0,0.0,1.0,2.0,57.0,17.0,0.0,18.0,2.0,0
8392,1311,3.0,6,0,2,20,2,1,0.0,0.0,0.0,0.0,13.0,3.0,0.0,3.0,0.0,0
8393,1032,4.0,13,0,2,38,3,2,0.0,0.0,0.0,0.0,27.0,5.0,0.0,5.0,0.0,0
8394,8339,4.0,6,3,1,31,4,1,0.0,2.0,0.0,3.0,17.0,4.0,0.0,4.0,0.0,0
8395,14776,3.0,10,28,1,81,4,4,7.0,1.0,20.0,15.0,7.0,4.0,6.0,17.0,3.0,1
8396,3406,4.0,18,0,2,46,3,2,0.0,0.0,0.0,0.0,31.0,7.0,0.0,7.0,0.0,0
8397,6382,4.0,20,7,1,83,4,7,4.0,0.0,3.0,0.0,46.0,12.0,3.0,12.0,2.0,0
8398,14917,4.0,6,4,3,35,3,3,3.0,0.0,1.0,1.0,17.0,5.0,0.0,6.0,1.0,1
8399,13861,4.0,20,6,4,85,7,3,4.0,0.0,1.0,0.0,48.0,14.0,2.0,13.0,2.0,1
8400,17807,3.0,5,0,1,18,1,0,0.0,0.0,0.0,0.0,15.0,1.0,0.0,1.0,0.0,1
8401,7910,4.0,11,1,1,49,3,3,0.0,1.0,0.0,0.0,34.0,7.0,1.0,5.0,0.0,0
8402,13128,4.0,17,0,3,63,7,3,0.0,0.0,0.0,0.0,40.0,10.0,0.0,10.0,2.0,1
8403,931,4.0,26,6,1,79,3,4,4.0,0.0,2.0,0.0,49.0,11.0,2.0,10.0,0.0,0
8404,15669,4.0,47,4,2,143,7,5,2.0,0.0,2.0,0.0,99.0,18.0,2.0,17.0,2.0,1
8405,12211,4.0,25,1,2,103,7,5,0.0,0.0,1.0,0.0,69.0,15.0,1.0,14.0,2.0,1
8406,691,4.0,40,127,6,294,7,5,88.0,38.0,1.0,36.0,96.0,16.0,3.0,14.0,1.0,0
8407,16222,4.0,16,19,3,90,4,7,11.0,0.0,8.0,0.0,44.0,8.0,8.0,8.0,2.0,1
8408,14179,4.0,5,1,2,40,3,4,0.0,1.0,0.0,1.0,25.0,5.0,0.0,5.0,2.0,1
8409,6364,4.0,12,0,1,30,2,1,0.0,0.0,0.0,0.0,25.0,2.0,0.0,2.0,0.0,0
8410,1909,4.0,8,0,1,30,3,2,0.0,0.0,0.0,0.0,21.0,4.0,0.0,4.0,0.0,0
8411,9021,4.0,12,15,1,49,3,3,14.0,0.0,0.0,0.0,24.0,5.0,1.0,4.0,0.0,0
8412,11690,4.0,5,5,1,25,2,0,1.0,4.0,0.0,4.0,10.0,2.0,0.0,2.0,1.0,1
8413,14988,4.0,5,1,2,25,2,3,0.0,0.0,1.0,1.0,14.0,4.0,0.0,4.0,0.0,1
8414,10273,3.0,9,0,2,33,3,3,0.0,0.0,0.0,0.0,22.0,4.0,0.0,4.0,2.0,1
8415,18924,4.0,17,8,3,70,5,1,6.0,0.0,1.0,1.0,38.0,11.0,1.0,11.0,0.0,1
8416,19473,3.0,5,4,2,27,2,2,3.0,0.0,0.0,1.0,14.0,4.0,0.0,4.0,0.0,1
8417,44,3.0,10,0,1,30,2,1,0.0,0.0,0.0,0.0,26.0,2.0,0.0,1.0,0.0,0
8418,3939,4.0,10,0,3,29,3,1,0.0,0.0,0.0,0.0,18.0,5.0,0.0,5.0,0.0,0
8419,16161,4.0,20,3,2,70,7,3,2.0,0.0,0.0,0.0,47.0,9.0,1.0,8.0,2.0,1
8420,7108,4.0,27,1,5,105,5,4,0.0,0.0,1.0,0.0,67.0,17.0,1.0,17.0,1.0,0
8421,15109,4.0,15,1,1,62,4,9,0.0,0.0,1.0,0.0,38.0,10.0,1.0,9.0,2.0,1
8422,4319,4.0,11,17,1,55,3,5,15.0,0.0,2.0,1.0,25.0,5.0,1.0,5.0,0.0,0
8423,2965,4.0,21,0,2,51,3,2,0.0,0.0,0.0,0.0,40.0,5.0,0.0,5.0,0.0,0
8424,3969,4.0,12,2,1,35,4,1,1.0,1.0,0.0,0.0,24.0,4.0,1.0,3.0,0.0,0
8425,9379,3.0,5,0,1,20,2,1,0.0,0.0,0.0,0.0,15.0,2.0,0.0,2.0,0.0,0
8426,4926,3.0,7,0,1,21,2,2,0.0,0.0,0.0,0.0,15.0,3.0,0.0,2.0,0.0,0
8427,16234,3.0,4,0,1,12,1,0,0.0,0.0,0.0,0.0,9.0,1.0,0.0,1.0,0.0,1
8428,15153,4.0,29,0,2,106,5,11,0.0,0.0,0.0,0.0,75.0,14.0,0.0,14.0,2.0,1
8429,13971,3.0,12,0,1,38,3,3,0.0,0.0,0.0,0.0,28.0,5.0,0.0,4.0,0.0,1
8430,8476,3.0,6,0,1,23,2,1,0.0,0.0,0.0,0.0,19.0,2.0,0.0,1.0,0.0,0
8431,7478,4.0,24,0,1,75,3,3,0.0,0.0,0.0,0.0,56.0,9.0,0.0,9.0,0.0,0
8432,10266,4.0,21,1,4,86,7,4,0.0,0.0,0.0,0.0,55.0,14.0,1.0,13.0,2.0,1
8433,6308,4.0,11,0,2,45,5,1,0.0,0.0,0.0,0.0,32.0,6.0,0.0,6.0,0.0,0
8434,4159,3.0,4,0,2,21,3,1,0.0,0.0,0.0,0.0,12.0,4.0,0.0,4.0,0.0,0
8435,3092,4.0,14,0,2,56,3,5,0.0,0.0,0.0,0.0,39.0,8.0,0.0,8.0,0.0,0
8436,17735,4.0,33,10,3,123,7,3,4.0,0.0,5.0,1.0,75.0,15.0,5.0,15.0,2.0,1
8437,12748,3.0,1,16,4,30,3,3,11.0,0.0,5.0,0.0,3.0,1.0,5.0,1.0,3.0,1
8438,7954,4.0,8,8,2,46,3,2,7.0,0.0,1.0,0.0,24.0,5.0,1.0,5.0,2.0,0
8439,5555,4.0,29,3,1,93,3,1,0.0,3.0,0.0,3.0,62.0,12.0,0.0,12.0,0.0,0
8440,15079,4.0,16,0,3,63,4,5,0.0,0.0,0.0,0.0,42.0,9.0,0.0,9.0,2.0,1
8441,12515,4.0,7,10,4,44,3,4,5.0,1.0,4.0,1.0,20.0,3.0,4.0,3.0,2.0,1
8442,3982,4.0,8,1,1,33,2,3,0.0,1.0,0.0,1.0,22.0,4.0,0.0,4.0,0.0,0
8443,16261,4.0,22,4,3,88,7,3,2.0,0.0,1.0,0.0,51.0,15.0,2.0,14.0,2.0,1
8444,6940,4.0,19,15,2,96,7,5,3.0,1.0,10.0,5.0,43.0,10.0,7.0,13.0,3.0,0
8445,18253,4.0,17,0,4,72,3,7,0.0,0.0,0.0,0.0,49.0,10.0,0.0,10.0,2.0,1
8446,1404,4.0,5,7,1,29,2,2,6.0,0.0,0.0,0.0,16.0,3.0,1.0,2.0,0.0,0
8447,3195,3.0,13,0,1,49,3,3,0.0,0.0,0.0,0.0,33.0,8.0,0.0,7.0,0.0,0
8448,15451,4.0,17,8,3,84,4,7,5.0,0.0,3.0,0.0,48.0,11.0,3.0,11.0,2.0,1
8449,6124,4.0,24,6,2,82,3,6,4.0,0.0,2.0,0.0,53.0,10.0,2.0,10.0,0.0,0
8450,15958,5.0,28,22,4,173,6,5,5.0,17.0,0.0,17.0,105.0,13.0,0.0,12.0,3.0,1
8451,969,4.0,13,2,2,51,5,2,1.0,0.0,0.0,1.0,34.0,7.0,0.0,7.0,0.0,0
8452,18063,4.0,8,0,3,38,5,3,0.0,0.0,0.0,0.0,21.0,7.0,0.0,7.0,2.0,1
8453,6543,4.0,28,8,2,110,3,5,5.0,0.0,3.0,0.0,67.0,16.0,3.0,15.0,0.0,0
8454,11926,4.0,22,2,3,65,3,3,1.0,0.0,1.0,1.0,50.0,4.0,0.0,5.0,2.0,1
8455,9117,4.0,21,9,2,67,3,4,8.0,0.0,0.0,1.0,37.0,10.0,0.0,10.0,0.0,0
8456,12363,4.0,9,8,2,43,2,6,5.0,0.0,3.0,0.0,22.0,5.0,3.0,4.0,0.0,1
8457,10076,4.0,11,9,3,52,3,3,5.0,1.0,3.0,2.0,27.0,5.0,2.0,6.0,0.0,1
8458,12917,2.0,4,0,1,11,1,0,0.0,0.0,0.0,0.0,8.0,1.0,0.0,1.0,0.0,1
8459,2843,3.0,13,0,3,41,2,2,0.0,0.0,0.0,0.0,30.0,5.0,0.0,5.0,0.0,0
8460,2851,4.0,11,4,2,43,2,2,3.0,0.0,1.0,1.0,30.0,3.0,0.0,4.0,0.0,0
8461,4815,3.0,5,0,1,16,2,1,0.0,0.0,0.0,0.0,12.0,2.0,0.0,1.0,0.0,0
8462,18508,4.0,21,4,3,83,8,3,2.0,0.0,1.0,0.0,48.0,14.0,2.0,13.0,2.0,1
8463,5956,3.0,4,7,1,24,2,3,6.0,0.0,1.0,1.0,9.0,3.0,0.0,3.0,0.0,0
8464,16882,4.0,15,0,3,55,4,4,0.0,0.0,0.0,0.0,36.0,8.0,0.0,8.0,2.0,1
8465,11220,4.0,2,16,4,34,3,3,11.0,0.0,5.0,0.0,6.0,2.0,5.0,2.0,2.0,1
8466,1827,4.0,17,5,2,56,3,1,4.0,0.0,1.0,1.0,36.0,6.0,0.0,7.0,0.0,0
8467,4471,4.0,8,10,3,44,2,2,9.0,0.0,1.0,0.0,24.0,4.0,1.0,4.0,0.0,0
8468,15985,4.0,31,6,2,108,8,3,3.0,0.0,2.0,0.0,66.0,16.0,3.0,15.0,2.0,1
8469,12540,4.0,5,2,2,40,3,4,0.0,2.0,0.0,2.0,23.0,5.0,0.0,5.0,2.0,1
8470,13374,4.0,11,2,3,45,3,3,1.0,0.0,1.0,0.0,29.0,6.0,1.0,6.0,0.0,1
8471,17974,4.0,6,0,2,26,2,1,0.0,0.0,0.0,0.0,19.0,3.0,0.0,3.0,0.0,1
8472,11818,3.0,8,0,2,25,2,0,0.0,0.0,0.0,0.0,18.0,3.0,0.0,3.0,0.0,1
8473,1789,4.0,14,0,2,49,2,3,0.0,0.0,0.0,0.0,38.0,5.0,0.0,5.0,0.0,0
8474,140,4.0,15,6,1,48,3,5,4.0,0.0,2.0,0.0,29.0,5.0,2.0,5.0,0.0,0
8475,2059,4.0,12,0,2,37,3,3,0.0,0.0,0.0,0.0,25.0,6.0,0.0,5.0,0.0,0
8476,13179,4.0,4,5,1,32,4,2,1.0,4.0,0.0,3.0,11.0,4.0,1.0,3.0,4.0,1
8477,7143,4.0,8,0,1,24,2,1,0.0,0.0,0.0,0.0,20.0,2.0,0.0,1.0,0.0,0
8478,18478,4.0,9,2,2,40,5,3,1.0,0.0,0.0,0.0,24.0,6.0,1.0,5.0,2.0,1
8479,12205,3.0,12,0,3,43,2,1,0.0,0.0,0.0,0.0,34.0,4.0,0.0,4.0,0.0,1
8480,14198,4.0,22,2,4,82,7,3,1.0,0.0,0.0,0.0,52.0,13.0,1.0,12.0,2.0,1
8481,1902,4.0,7,0,2,25,2,1,0.0,0.0,0.0,0.0,19.0,3.0,0.0,2.0,0.0,0
8482,17143,3.0,8,0,1,17,1,0,0.0,0.0,0.0,0.0,14.0,1.0,0.0,1.0,0.0,1
8483,14407,3.0,9,1,3,42,3,4,0.0,0.0,1.0,0.0,27.0,5.0,1.0,5.0,2.0,1
8484,4686,3.0,12,0,2,32,3,2,0.0,0.0,0.0,0.0,22.0,5.0,0.0,4.0,0.0,0
8485,16515,4.0,21,3,3,80,7,3,1.0,0.0,1.0,0.0,48.0,13.0,2.0,12.0,2.0,1
8486,8090,4.0,23,0,2,76,3,2,0.0,0.0,0.0,0.0,55.0,10.0,0.0,10.0,0.0,0
8487,4922,4.0,26,14,2,119,4,7,10.0,0.0,4.0,0.0,68.0,15.0,4.0,15.0,2.0,0
8488,6785,4.0,21,6,3,88,4,4,4.0,0.0,2.0,0.0,59.0,10.0,2.0,10.0,0.0,0
8489,5877,4.0,9,17,2,58,4,3,13.0,0.0,4.0,0.0,21.0,8.0,4.0,7.0,0.0,0
8490,16102,3.0,6,0,2,32,4,3,0.0,0.0,0.0,0.0,20.0,5.0,0.0,4.0,2.0,1
8491,9548,3.0,6,2,2,28,2,1,1.0,1.0,0.0,1.0,19.0,3.0,0.0,2.0,0.0,0
8492,75,4.0,14,0,3,43,2,4,0.0,0.0,0.0,0.0,28.0,7.0,0.0,7.0,0.0,0
8493,2345,4.0,24,8,1,89,4,5,7.0,0.0,0.0,0.0,53.0,13.0,1.0,12.0,2.0,0
8494,6447,3.0,7,0,1,18,2,1,0.0,0.0,0.0,0.0,14.0,2.0,0.0,1.0,0.0,0
8495,8430,2.0,3,0,1,9,2,1,0.0,0.0,0.0,0.0,5.0,2.0,0.0,1.0,0.0,0
8496,8622,3.0,8,0,2,21,3,1,0.0,0.0,0.0,0.0,13.0,4.0,0.0,3.0,0.0,0
8497,4586,3.0,16,4,3,58,2,4,3.0,0.0,1.0,1.0,39.0,6.0,0.0,7.0,0.0,0
8498,18324,4.0,16,0,4,58,4,4,0.0,0.0,0.0,0.0,37.0,9.0,0.0,9.0,2.0,1
8499,13240,4.0,23,4,2,83,7,3,2.0,0.0,2.0,0.0,48.0,13.0,2.0,13.0,2.0,1
8500,14597,4.0,16,2,3,64,6,4,0.0,2.0,0.0,0.0,40.0,9.0,2.0,7.0,3.0,1
8501,19641,3.0,12,0,2,35,3,3,0.0,0.0,0.0,0.0,24.0,4.0,0.0,4.0,2.0,1
8502,16434,3.0,8,0,2,29,2,3,0.0,0.0,0.0,0.0,18.0,5.0,0.0,5.0,0.0,1
8503,15274,4.0,4,12,4,33,3,3,7.0,0.0,4.0,1.0,10.0,2.0,4.0,2.0,2.0,1
8504,1012,4.0,9,0,4,45,3,2,0.0,0.0,0.0,0.0,28.0,8.0,0.0,8.0,0.0,0
8505,12770,4.0,8,0,4,42,2,4,0.0,0.0,0.0,0.0,25.0,8.0,0.0,8.0,0.0,1
8506,1553,4.0,22,8,1,95,4,7,5.0,0.0,3.0,0.0,56.0,13.0,3.0,12.0,2.0,0
8507,5874,4.0,15,5,1,43,3,4,4.0,0.0,1.0,0.0,24.0,6.0,1.0,6.0,0.0,0
8508,8432,4.0,17,12,1,86,5,7,6.0,4.0,2.0,4.0,46.0,8.0,2.0,8.0,5.0,0
8509,8975,4.0,6,6,2,25,2,2,5.0,0.0,0.0,0.0,11.0,4.0,1.0,3.0,0.0,0
8510,18283,4.0,50,13,3,189,8,3,8.0,0.0,4.0,0.0,114.0,28.0,5.0,27.0,2.0,1
8511,11258,3.0,4,0,4,22,2,2,0.0,0.0,0.0,0.0,10.0,6.0,0.0,5.0,0.0,1
8512,6197,4.0,13,6,3,56,3,4,5.0,0.0,1.0,0.0,34.0,7.0,1.0,7.0,0.0,0
8513,9169,4.0,12,0,2,47,3,3,0.0,0.0,0.0,0.0,32.0,7.0,0.0,7.0,0.0,0
8514,13097,3.0,11,0,2,39,2,3,0.0,0.0,0.0,0.0,29.0,5.0,0.0,4.0,0.0,1
8515,14456,4.0,13,1,2,45,4,3,0.0,1.0,0.0,0.0,31.0,5.0,1.0,4.0,2.0,1
8516,6401,4.0,11,0,2,40,2,2,0.0,0.0,0.0,0.0,31.0,4.0,0.0,4.0,0.0,0
8517,5695,4.0,10,0,1,31,4,1,0.0,0.0,0.0,0.0,22.0,4.0,0.0,4.0,0.0,0
8518,2941,3.0,5,0,1,15,2,1,0.0,0.0,0.0,0.0,11.0,2.0,0.0,1.0,0.0,0
8519,19053,4.0,16,11,1,82,4,7,6.0,1.0,4.0,0.0,43.0,11.0,5.0,9.0,2.0,1
8520,16332,4.0,9,17,2,55,4,4,10.0,5.0,2.0,5.0,20.0,4.0,2.0,4.0,2.0,1
8521,14838,3.0,8,1,3,29,3,3,0.0,0.0,1.0,1.0,15.0,5.0,0.0,5.0,1.0,1
8522,15319,3.0,9,0,4,31,2,2,0.0,0.0,0.0,0.0,18.0,6.0,0.0,6.0,0.0,1
8523,18762,4.0,25,6,3,97,7,3,4.0,0.0,1.0,0.0,58.0,15.0,2.0,14.0,2.0,1
8524,7381,4.0,16,0,2,50,4,1,0.0,0.0,0.0,0.0,39.0,5.0,0.0,5.0,0.0,0
8525,17998,4.0,25,5,4,98,7,3,3.0,0.0,1.0,0.0,60.0,15.0,2.0,14.0,2.0,1
8526,1620,3.0,11,0,2,35,2,2,0.0,0.0,0.0,0.0,26.0,4.0,0.0,4.0,0.0,0
8527,13834,4.0,10,16,3,77,6,5,8.0,6.0,2.0,8.0,30.0,9.0,0.0,11.0,2.0,1
8528,5578,3.0,5,0,1,17,3,1,0.0,0.0,0.0,0.0,11.0,3.0,0.0,2.0,0.0,0
8529,10338,4.0,11,0,3,43,4,3,0.0,0.0,0.0,0.0,26.0,7.0,0.0,7.0,2.0,1
8530,9993,3.0,9,0,1,25,2,2,0.0,0.0,0.0,0.0,18.0,3.0,0.0,3.0,0.0,0
8531,7905,3.0,5,0,1,14,2,1,0.0,0.0,0.0,0.0,10.0,2.0,0.0,1.0,0.0,0
8532,10287,3.0,17,0,2,47,2,0,0.0,0.0,0.0,0.0,32.0,7.0,0.0,7.0,0.0,1
8533,16846,4.0,13,0,3,52,3,4,0.0,0.0,0.0,0.0,37.0,6.0,0.0,6.0,2.0,1
8534,16139,4.0,2,16,4,34,3,3,11.0,0.0,5.0,0.0,6.0,2.0,5.0,2.0,2.0,1
8535,9549,3.0,7,0,2,23,2,1,0.0,0.0,0.0,0.0,17.0,3.0,0.0,2.0,0.0,0
8536,1048,3.0,4,12,1,30,2,4,10.0,0.0,2.0,0.0,10.0,3.0,2.0,2.0,0.0,0
8537,10152,4.0,26,0,3,77,3,3,0.0,0.0,0.0,0.0,54.0,11.0,0.0,11.0,0.0,1
8538,6782,3.0,8,2,2,25,2,1,1.0,0.0,1.0,1.0,16.0,2.0,0.0,3.0,0.0,0
8539,12662,4.0,20,4,3,71,4,6,3.0,0.0,1.0,0.0,47.0,8.0,1.0,8.0,2.0,1
8540,16119,3.0,11,0,1,36,3,3,0.0,0.0,0.0,0.0,26.0,5.0,0.0,4.0,0.0,1
8541,13625,4.0,15,0,3,56,3,5,0.0,0.0,0.0,0.0,39.0,7.0,0.0,7.0,2.0,1
8542,16812,4.0,11,0,3,50,3,4,0.0,0.0,0.0,0.0,35.0,6.0,0.0,6.0,2.0,1
8543,18543,4.0,8,5,3,42,2,3,4.0,0.0,1.0,0.0,25.0,5.0,1.0,5.0,0.0,1
8544,19909,3.0,2,15,4,33,3,3,10.0,0.0,5.0,0.0,6.0,2.0,5.0,2.0,2.0,1
8545,16411,4.0,18,6,5,76,6,5,4.0,0.0,2.0,0.0,43.0,11.0,2.0,11.0,2.0,1
8546,1609,3.0,7,0,1,25,2,1,0.0,0.0,0.0,0.0,21.0,2.0,0.0,1.0,0.0,0
8547,3096,3.0,7,0,2,26,2,1,0.0,0.0,0.0,0.0,20.0,3.0,0.0,2.0,0.0,0
8548,16877,4.0,27,4,2,97,6,6,1.0,0.0,3.0,0.0,65.0,11.0,3.0,11.0,2.0,1
8549,2415,4.0,9,5,1,33,3,2,2.0,2.0,0.0,2.0,16.0,5.0,1.0,4.0,0.0,0
8550,16795,4.0,5,6,3,47,5,4,3.0,1.0,2.0,0.0,22.0,7.0,3.0,6.0,2.0,1
8551,2017,4.0,16,0,2,53,3,2,0.0,0.0,0.0,0.0,38.0,7.0,0.0,7.0,0.0,0
8552,2971,4.0,13,0,1,30,3,1,0.0,0.0,0.0,0.0,21.0,4.0,0.0,4.0,0.0,0
8553,14616,3.0,10,0,1,29,2,0,0.0,0.0,0.0,0.0,22.0,3.0,0.0,3.0,0.0,1
8554,12317,4.0,17,20,3,76,4,4,13.0,7.0,0.0,6.0,33.0,7.0,1.0,6.0,2.0,1
8555,14038,4.0,9,0,4,48,4,4,0.0,0.0,0.0,0.0,29.0,8.0,0.0,8.0,2.0,1
8556,13567,4.0,28,4,3,104,8,3,2.0,0.0,2.0,0.0,61.0,17.0,2.0,17.0,2.0,1
8557,2931,4.0,10,4,2,41,4,1,3.0,0.0,0.0,0.0,27.0,5.0,1.0,4.0,0.0,0
8558,18307,4.0,4,10,4,35,3,4,6.0,0.0,4.0,0.0,12.0,3.0,4.0,3.0,2.0,1
8559,3246,3.0,8,0,1,29,2,2,0.0,0.0,0.0,0.0,22.0,3.0,0.0,3.0,0.0,0
8560,124,4.0,18,0,2,47,3,2,0.0,0.0,0.0,0.0,34.0,6.0,0.0,6.0,0.0,0
8561,1106,3.0,19,49,1,176,7,4,9.0,2.0,37.0,29.0,23.0,14.0,11.0,40.0,10.0,0
8562,13001,4.0,33,4,2,117,6,10,2.0,2.0,0.0,0.0,81.0,15.0,2.0,12.0,2.0,1
8563,1814,4.0,8,5,2,35,3,2,4.0,1.0,0.0,0.0,19.0,5.0,1.0,4.0,0.0,0
8564,17721,3.0,4,4,2,25,2,2,3.0,0.0,0.0,0.0,13.0,4.0,1.0,3.0,0.0,1
8565,14586,4.0,12,0,4,44,4,2,0.0,0.0,0.0,0.0,28.0,7.0,0.0,7.0,1.0,1
8566,14448,4.0,54,6,3,192,8,3,2.0,0.0,3.0,0.0,125.0,28.0,4.0,27.0,2.0,1
8567,13841,3.0,7,0,1,17,1,0,0.0,0.0,0.0,0.0,14.0,1.0,0.0,1.0,0.0,1
8568,224,4.0,26,12,2,96,3,2,10.0,0.0,2.0,0.0,60.0,11.0,2.0,10.0,0.0,0
8569,11533,5.0,29,20,3,209,7,3,3.0,17.0,0.0,17.0,144.0,13.0,0.0,12.0,2.0,1
8570,8790,3.0,15,0,2,36,3,2,0.0,0.0,0.0,0.0,25.0,5.0,0.0,5.0,0.0,0
8571,2123,4.0,22,0,2,57,4,2,0.0,0.0,0.0,0.0,42.0,7.0,0.0,7.0,0.0,0
8572,19421,4.0,3,12,4,35,3,4,7.0,0.0,4.0,1.0,10.0,3.0,4.0,3.0,2.0,1
8573,13704,3.0,2,0,3,18,2,2,0.0,0.0,0.0,0.0,8.0,5.0,0.0,4.0,0.0,1
8574,16782,3.0,9,0,2,25,1,0,0.0,0.0,0.0,0.0,20.0,2.0,0.0,2.0,0.0,1
8575,17501,3.0,9,0,2,32,2,4,0.0,0.0,0.0,0.0,20.0,6.0,0.0,5.0,0.0,1
8576,972,3.0,18,0,1,48,3,4,0.0,0.0,0.0,0.0,34.0,7.0,0.0,6.0,0.0,0
8577,8970,3.0,6,0,2,18,2,1,0.0,0.0,0.0,0.0,12.0,3.0,0.0,2.0,0.0,0
8578,2806,4.0,28,0,2,80,3,3,0.0,0.0,0.0,0.0,63.0,8.0,0.0,8.0,0.0,0
8579,19524,4.0,12,2,3,67,4,7,1.0,0.0,0.0,0.0,41.0,11.0,1.0,10.0,2.0,1
8580,2197,4.0,14,0,1,45,3,6,0.0,0.0,0.0,0.0,27.0,9.0,0.0,8.0,0.0,0
8581,4051,3.0,4,0,1,14,2,1,0.0,0.0,0.0,0.0,10.0,2.0,0.0,1.0,0.0,0
8582,1216,4.0,14,22,1,87,3,12,12.0,7.0,2.0,6.0,35.0,10.0,4.0,8.0,2.0,0
8583,7701,3.0,8,0,1,20,2,1,0.0,0.0,0.0,0.0,16.0,2.0,0.0,1.0,0.0,0
8584,11554,3.0,3,1,2,19,2,2,0.0,0.0,1.0,1.0,10.0,3.0,0.0,3.0,0.0,1
8585,17549,3.0,5,1,2,26,2,3,0.0,0.0,1.0,0.0,16.0,4.0,1.0,3.0,0.0,1
8586,725,4.0,13,0,2,44,4,3,0.0,0.0,0.0,0.0,30.0,7.0,0.0,6.0,0.0,0
8587,15637,4.0,19,15,3,94,4,5,7.0,5.0,3.0,1.0,38.0,14.0,7.0,10.0,8.0,1
8588,9170,4.0,11,0,1,33,3,1,0.0,0.0,0.0,0.0,22.0,5.0,0.0,5.0,0.0,0
8589,808,4.0,30,0,2,83,4,6,0.0,0.0,0.0,0.0,58.0,11.0,0.0,11.0,2.0,0
8590,15852,4.0,14,8,2,59,4,4,6.0,0.0,1.0,0.0,34.0,8.0,2.0,7.0,0.0,1
8591,18210,3.0,5,0,1,15,1,0,0.0,0.0,0.0,0.0,12.0,1.0,0.0,1.0,0.0,1
8592,17361,4.0,12,0,3,43,3,4,0.0,0.0,0.0,0.0,28.0,6.0,0.0,6.0,2.0,1
8593,15269,4.0,25,8,4,132,7,7,4.0,0.0,3.0,1.0,80.0,19.0,3.0,19.0,2.0,1
8594,17315,4.0,35,12,3,134,8,3,8.0,0.0,4.0,1.0,78.0,18.0,3.0,19.0,2.0,1
8595,13712,4.0,18,4,3,77,7,3,2.0,0.0,1.0,1.0,47.0,11.0,1.0,11.0,2.0,1
8596,4906,4.0,27,8,7,102,3,3,5.0,0.0,3.0,0.0,64.0,12.0,3.0,12.0,2.0,0
8597,3722,4.0,28,6,2,94,3,6,4.0,0.0,2.0,0.0,59.0,13.0,2.0,13.0,0.0,0
8598,3177,4.0,9,0,2,30,2,1,0.0,0.0,0.0,0.0,24.0,3.0,0.0,2.0,0.0,0
8599,13122,4.0,10,0,4,42,3,3,0.0,0.0,0.0,0.0,27.0,6.0,0.0,6.0,2.0,1
8600,12734,3.0,9,0,2,32,2,3,0.0,0.0,0.0,0.0,22.0,5.0,0.0,4.0,0.0,1
8601,3962,4.0,15,11,2,70,5,3,7.0,3.0,0.0,0.0,40.0,9.0,4.0,5.0,1.0,0
8602,17654,4.0,26,32,4,131,8,3,17.0,0.0,14.0,0.0,53.0,15.0,15.0,14.0,2.0,1
8603,2671,3.0,4,7,1,24,3,2,6.0,0.0,0.0,0.0,9.0,4.0,1.0,3.0,0.0,0
8604,15602,4.0,2,12,4,33,4,3,7.0,0.0,5.0,1.0,8.0,2.0,4.0,3.0,2.0,1
8605,9427,4.0,7,5,2,33,2,2,3.0,1.0,1.0,1.0,19.0,3.0,1.0,3.0,0.0,0
8606,9417,4.0,15,6,1,64,3,5,5.0,0.0,1.0,0.0,42.0,7.0,1.0,7.0,0.0,0
8607,1764,3.0,7,0,1,20,2,1,0.0,0.0,0.0,0.0,16.0,2.0,0.0,1.0,0.0,0
8608,4552,4.0,9,7,2,47,3,3,6.0,0.0,1.0,0.0,28.0,5.0,1.0,5.0,0.0,0
8609,607,4.0,14,23,1,87,3,12,13.0,6.0,3.0,6.0,35.0,9.0,4.0,8.0,2.0,0
8610,15443,4.0,4,11,4,41,3,5,6.0,0.0,5.0,1.0,15.0,3.0,4.0,4.0,2.0,1
8611,15891,3.0,4,11,4,38,3,4,7.0,0.0,4.0,0.0,14.0,3.0,4.0,3.0,2.0,1
8612,16721,3.0,13,0,4,43,2,2,0.0,0.0,0.0,0.0,30.0,6.0,0.0,6.0,0.0,1
8613,3217,4.0,30,8,2,109,4,3,7.0,0.0,1.0,0.0,69.0,15.0,1.0,15.0,0.0,0
8614,5737,4.0,24,12,1,98,3,3,10.0,0.0,1.0,0.0,59.0,13.0,2.0,12.0,0.0,0
8615,8479,4.0,7,4,1,29,4,1,3.0,0.0,0.0,0.0,18.0,3.0,1.0,2.0,1.0,0
8616,2053,4.0,9,0,1,35,3,2,0.0,0.0,0.0,0.0,24.0,5.0,0.0,5.0,0.0,0
8617,11158,4.0,28,4,3,99,7,6,3.0,0.0,1.0,0.0,67.0,12.0,1.0,12.0,2.0,1
8618,3164,4.0,26,5,1,98,5,3,4.0,0.0,0.0,1.0,62.0,14.0,0.0,14.0,2.0,0
8619,3075,4.0,12,8,1,48,3,3,6.0,1.0,0.0,2.0,24.0,7.0,0.0,7.0,0.0,0
8620,6763,4.0,21,28,3,123,8,4,22.0,0.0,6.0,0.0,56.0,15.0,6.0,15.0,2.0,0
8621,2541,4.0,32,7,1,111,4,6,6.0,0.0,1.0,0.0,71.0,15.0,1.0,14.0,2.0,0
8622,1657,4.0,9,0,1,33,6,1,0.0,0.0,0.0,0.0,21.0,5.0,0.0,5.0,1.0,0
8623,19218,4.0,13,1,2,68,7,3,0.0,0.0,1.0,0.0,42.0,11.0,1.0,10.0,2.0,1
8624,8069,4.0,16,0,1,49,5,2,0.0,0.0,0.0,0.0,36.0,6.0,0.0,5.0,1.0,0
8625,19207,3.0,6,0,3,35,3,3,0.0,0.0,0.0,0.0,22.0,5.0,0.0,5.0,2.0,1
8626,8644,4.0,14,16,2,85,4,8,12.0,0.0,4.0,1.0,43.0,9.0,3.0,10.0,2.0,0
8627,2710,4.0,33,87,14,229,3,2,54.0,26.0,7.0,26.0,76.0,16.0,7.0,16.0,0.0,0
8628,6316,4.0,12,2,2,38,3,2,1.0,1.0,0.0,0.0,23.0,6.0,1.0,5.0,0.0,0
8629,7549,5.0,17,29,2,112,5,2,19.0,9.0,1.0,10.0,58.0,7.0,0.0,7.0,0.0,0
8630,4266,4.0,10,19,1,49,3,3,18.0,0.0,0.0,0.0,20.0,5.0,1.0,4.0,0.0,0
8631,18703,4.0,12,0,2,41,3,3,0.0,0.0,0.0,0.0,28.0,6.0,0.0,6.0,0.0,1
8632,6715,4.0,31,0,1,92,8,5,0.0,0.0,0.0,0.0,65.0,12.0,0.0,12.0,2.0,0
8633,422,5.0,33,23,1,131,7,2,16.0,3.0,4.0,3.0,66.0,17.0,4.0,17.0,0.0,0
8634,10972,4.0,23,2,2,97,4,5,1.0,0.0,1.0,0.0,59.0,16.0,1.0,16.0,2.0,1
8635,5316,4.0,29,2,1,103,9,6,0.0,2.0,0.0,0.0,62.0,17.0,2.0,15.0,4.0,0
8636,15217,3.0,4,1,5,30,2,1,0.0,0.0,1.0,1.0,16.0,5.0,0.0,6.0,0.0,1
8637,8849,4.0,19,0,1,52,3,2,0.0,0.0,0.0,0.0,39.0,6.0,0.0,6.0,0.0,0
8638,19903,4.0,10,0,2,42,4,3,0.0,0.0,0.0,0.0,29.0,5.0,0.0,5.0,2.0,1
8639,9673,3.0,5,0,2,16,2,1,0.0,0.0,0.0,0.0,10.0,3.0,0.0,2.0,0.0,0
8640,2845,4.0,14,0,1,43,5,1,0.0,0.0,0.0,0.0,28.0,7.0,0.0,6.0,1.0,0
8641,4066,4.0,25,12,1,107,7,3,2.0,3.0,6.0,4.0,52.0,14.0,6.0,14.0,5.0,0
8642,18823,4.0,24,4,3,90,8,3,2.0,0.0,1.0,0.0,55.0,14.0,2.0,13.0,2.0,1
8643,11576,4.0,5,4,2,27,2,2,3.0,0.0,0.0,1.0,14.0,4.0,0.0,4.0,0.0,1
8644,5244,4.0,43,1,3,144,3,3,0.0,0.0,1.0,1.0,102.0,19.0,0.0,20.0,0.0,0
8645,1001,4.0,22,0,1,67,3,3,0.0,0.0,0.0,0.0,47.0,10.0,0.0,9.0,0.0,0
8646,4198,4.0,9,0,1,32,5,1,0.0,0.0,0.0,0.0,21.0,5.0,0.0,4.0,1.0,0
8647,2418,4.0,14,38,3,90,7,2,36.0,0.0,1.0,1.0,31.0,9.0,1.0,9.0,1.0,0
8648,17736,4.0,5,4,2,27,2,2,3.0,0.0,0.0,1.0,14.0,4.0,0.0,4.0,0.0,1
8649,3575,3.0,12,2,1,35,2,2,1.0,0.0,0.0,0.0,27.0,3.0,1.0,2.0,0.0,0
8650,6726,3.0,12,0,2,30,2,2,0.0,0.0,0.0,0.0,21.0,4.0,0.0,4.0,0.0,0
8651,3847,4.0,22,5,3,72,5,1,3.0,0.0,1.0,1.0,47.0,9.0,1.0,9.0,0.0,0
8652,961,4.0,24,0,2,98,5,7,0.0,0.0,0.0,0.0,64.0,16.0,0.0,15.0,2.0,0
8653,9772,3.0,8,0,1,27,2,2,0.0,0.0,0.0,0.0,20.0,3.0,0.0,3.0,0.0,0
8654,18053,4.0,18,13,2,70,3,6,9.0,0.0,4.0,4.0,34.0,7.0,0.0,11.0,0.0,1
8655,15841,3.0,4,0,2,15,1,0,0.0,0.0,0.0,0.0,10.0,2.0,0.0,2.0,0.0,1
8656,10398,3.0,15,0,2,39,3,2,0.0,0.0,0.0,0.0,28.0,5.0,0.0,5.0,0.0,1
8657,12458,4.0,18,2,4,83,7,5,1.0,0.0,0.0,0.0,53.0,13.0,1.0,12.0,2.0,1
8658,3854,4.0,8,7,3,43,4,2,6.0,0.0,0.0,0.0,22.0,7.0,1.0,6.0,0.0,0
8659,4887,3.0,8,36,2,142,5,5,3.0,3.0,30.0,28.0,19.0,11.0,5.0,36.0,6.0,0
8660,12423,3.0,6,0,3,26,2,2,0.0,0.0,0.0,0.0,15.0,5.0,0.0,5.0,0.0,1
8661,757,4.0,20,0,1,61,4,3,0.0,0.0,0.0,0.0,44.0,8.0,0.0,8.0,0.0,0
8662,13058,4.0,29,3,3,100,8,3,1.0,0.0,1.0,0.0,66.0,14.0,2.0,13.0,2.0,1
8663,18469,4.0,21,6,3,83,7,3,4.0,0.0,1.0,0.0,48.0,13.0,2.0,12.0,2.0,1
8664,5313,4.0,14,5,2,44,3,5,2.0,2.0,0.0,1.0,22.0,8.0,2.0,6.0,0.0,0
8665,2284,4.0,22,18,1,82,3,2,15.0,0.0,2.0,0.0,44.0,9.0,3.0,8.0,0.0,0
8666,18380,4.0,6,4,3,46,3,5,3.0,0.0,1.0,0.0,26.0,6.0,1.0,6.0,2.0,1
8667,16991,4.0,12,3,2,70,4,5,2.0,0.0,1.0,0.0,45.0,9.0,1.0,9.0,2.0,1
8668,15361,4.0,23,26,3,114,7,3,14.0,11.0,0.0,11.0,51.0,12.0,1.0,11.0,2.0,1
8669,13699,4.0,41,10,3,155,7,7,6.0,0.0,4.0,0.0,95.0,22.0,4.0,21.0,2.0,1
8670,13501,3.0,5,3,2,18,1,0,2.0,1.0,0.0,0.0,10.0,2.0,1.0,1.0,0.0,1
8671,14223,4.0,17,0,3,55,4,3,0.0,0.0,0.0,0.0,38.0,7.0,0.0,7.0,2.0,1
8672,4827,4.0,30,8,2,125,3,6,5.0,0.0,3.0,0.0,72.0,21.0,3.0,20.0,0.0,0
8673,15842,4.0,12,0,2,36,3,2,0.0,0.0,0.0,0.0,27.0,4.0,0.0,3.0,1.0,1
8674,8378,4.0,17,0,1,53,5,1,0.0,0.0,0.0,0.0,37.0,7.0,0.0,7.0,1.0,0
8675,807,4.0,17,5,2,54,4,2,4.0,0.0,0.0,0.0,37.0,6.0,1.0,5.0,0.0,0
8676,3907,3.0,7,0,1,27,3,2,0.0,0.0,0.0,0.0,18.0,4.0,0.0,4.0,0.0,0
8677,14333,4.0,14,1,4,56,3,4,0.0,0.0,1.0,0.0,35.0,9.0,1.0,9.0,0.0,1
8678,15984,4.0,3,11,4,36,3,4,7.0,0.0,4.0,0.0,12.0,3.0,4.0,3.0,2.0,1
8679,12750,4.0,6,3,2,40,3,4,1.0,2.0,0.0,2.0,22.0,5.0,0.0,5.0,2.0,1
8680,7023,4.0,11,13,2,44,4,2,12.0,0.0,0.0,0.0,19.0,6.0,1.0,5.0,0.0,0
8681,1956,4.0,15,0,2,39,3,2,0.0,0.0,0.0,0.0,28.0,5.0,0.0,5.0,0.0,0
8682,10637,3.0,8,0,2,32,2,3,0.0,0.0,0.0,0.0,22.0,5.0,0.0,4.0,0.0,1
8683,9343,3.0,5,0,1,19,3,1,0.0,0.0,0.0,0.0,13.0,3.0,0.0,2.0,0.0,0
8684,15161,3.0,12,0,1,33,2,0,0.0,0.0,0.0,0.0,26.0,3.0,0.0,3.0,0.0,1
8685,12229,3.0,17,31,1,99,4,4,8.0,1.0,22.0,16.0,11.0,8.0,7.0,22.0,3.0,1
8686,11404,4.0,14,1,3,52,6,3,0.0,0.0,0.0,0.0,31.0,9.0,1.0,8.0,2.0,1
8687,7331,4.0,5,10,2,39,2,5,6.0,1.0,3.0,0.0,17.0,4.0,4.0,3.0,0.0,0
8688,18101,4.0,14,0,2,53,4,4,0.0,0.0,0.0,0.0,38.0,6.0,0.0,6.0,2.0,1
8689,2402,4.0,28,2,6,100,6,8,0.0,0.0,1.0,2.0,56.0,19.0,0.0,20.0,1.0,0
8690,5184,3.0,14,2,3,36,2,1,0.0,0.0,2.0,2.0,25.0,2.0,0.0,4.0,0.0,0
8691,1073,4.0,17,8,1,84,7,7,5.0,0.0,3.0,0.0,47.0,11.0,3.0,11.0,3.0,0
8692,14698,4.0,42,81,2,234,8,9,49.0,32.0,0.0,31.0,86.0,16.0,1.0,15.0,3.0,1
8693,17158,4.0,34,20,4,134,4,6,13.0,3.0,4.0,3.0,76.0,14.0,4.0,14.0,2.0,1
8694,12432,3.0,5,0,3,22,2,2,0.0,0.0,0.0,0.0,12.0,5.0,0.0,4.0,0.0,1
8695,6524,3.0,3,9,1,22,3,1,8.0,0.0,0.0,0.0,7.0,3.0,1.0,2.0,0.0,0
8696,13628,3.0,6,0,3,28,3,1,0.0,0.0,0.0,0.0,17.0,5.0,0.0,5.0,0.0,1
8697,19154,4.0,3,9,3,31,3,4,5.0,0.0,4.0,0.0,11.0,2.0,4.0,2.0,2.0,1
8698,19698,3.0,3,0,1,12,1,0,0.0,0.0,0.0,0.0,9.0,1.0,0.0,1.0,0.0,1
8699,10283,5.0,44,14,4,210,8,3,1.0,11.0,2.0,4.0,122.0,32.0,9.0,25.0,3.0,1
8700,12719,4.0,16,0,3,58,3,2,0.0,0.0,0.0,0.0,43.0,7.0,0.0,7.0,0.0,1
8701,19994,4.0,23,0,2,67,4,3,0.0,0.0,0.0,0.0,52.0,6.0,0.0,6.0,2.0,1
8702,8095,3.0,5,0,1,13,2,1,0.0,0.0,0.0,0.0,9.0,2.0,0.0,1.0,0.0,0
8703,9890,4.0,18,7,1,62,3,4,6.0,0.0,1.0,0.0,38.0,8.0,1.0,7.0,0.0,0
8704,1635,4.0,13,13,2,50,4,2,12.0,0.0,0.0,0.0,25.0,6.0,1.0,5.0,0.0,0
8705,18367,4.0,25,0,2,87,4,4,0.0,0.0,0.0,0.0,58.0,13.0,0.0,13.0,2.0,1
8706,10130,4.0,25,37,4,135,8,3,21.0,0.0,15.0,1.0,52.0,14.0,15.0,14.0,2.0,1
8707,2466,4.0,22,7,2,67,3,2,5.0,1.0,1.0,1.0,49.0,4.0,1.0,4.0,0.0,0
8708,7504,4.0,12,22,2,72,2,6,13.0,8.0,1.0,7.0,28.0,7.0,2.0,5.0,0.0,0
8709,10658,4.0,10,0,4,38,2,2,0.0,0.0,0.0,0.0,25.0,6.0,0.0,6.0,0.0,1
8710,1003,3.0,6,0,2,23,2,1,0.0,0.0,0.0,0.0,17.0,3.0,0.0,2.0,0.0,0
8711,15086,4.0,15,0,3,63,4,5,0.0,0.0,0.0,0.0,42.0,9.0,0.0,9.0,2.0,1
8712,7658,4.0,19,0,3,61,3,3,0.0,0.0,0.0,0.0,44.0,8.0,0.0,8.0,0.0,0
8713,19119,4.0,18,4,4,67,4,5,2.0,0.0,2.0,0.0,42.0,8.0,2.0,8.0,2.0,1
8714,17161,4.0,19,3,3,74,7,3,2.0,0.0,0.0,0.0,45.0,12.0,1.0,11.0,2.0,1
8715,7566,4.0,16,14,2,58,4,2,13.0,1.0,0.0,0.0,31.0,6.0,1.0,5.0,0.0,0
8716,16235,2.0,3,0,1,9,1,0,0.0,0.0,0.0,0.0,6.0,1.0,0.0,1.0,0.0,1
8717,12843,4.0,7,2,1,25,2,0,1.0,1.0,0.0,0.0,16.0,3.0,1.0,2.0,0.0,1
8718,14719,3.0,3,2,3,24,2,1,1.0,0.0,1.0,1.0,13.0,3.0,0.0,4.0,0.0,1
8719,16245,4.0,4,12,3,35,3,4,8.0,0.0,4.0,0.0,12.0,2.0,4.0,2.0,2.0,1
8720,14348,4.0,9,13,1,44,2,2,12.0,1.0,0.0,0.0,24.0,3.0,1.0,2.0,0.0,1
8721,9677,4.0,26,2,7,104,6,8,0.0,0.0,1.0,2.0,58.0,20.0,0.0,21.0,1.0,0
8722,19265,4.0,21,3,3,73,8,3,1.0,0.0,1.0,0.0,43.0,12.0,2.0,11.0,2.0,1
8723,5368,3.0,10,0,1,35,2,3,0.0,0.0,0.0,0.0,27.0,4.0,0.0,3.0,0.0,0
8724,6928,5.0,21,8,4,111,6,2,2.0,5.0,1.0,6.0,66.0,13.0,0.0,14.0,3.0,0
8725,9603,3.0,10,0,2,46,3,1,0.0,0.0,0.0,0.0,33.0,6.0,0.0,6.0,0.0,0
8726,6289,4.0,25,0,2,68,5,2,0.0,0.0,0.0,0.0,53.0,7.0,0.0,7.0,0.0,0
8727,13041,4.0,14,1,3,49,3,4,0.0,0.0,1.0,1.0,32.0,7.0,0.0,7.0,0.0,1
8728,13759,4.0,31,6,3,115,8,3,3.0,0.0,2.0,0.0,71.0,17.0,3.0,16.0,2.0,1
8729,16325,4.0,7,0,3,27,2,2,0.0,0.0,0.0,0.0,16.0,5.0,0.0,5.0,0.0,1
8730,8901,3.0,11,0,2,37,3,2,0.0,0.0,0.0,0.0,26.0,5.0,0.0,5.0,0.0,0
8731,15629,4.0,5,4,2,27,2,2,3.0,0.0,0.0,1.0,14.0,4.0,0.0,4.0,0.0,1
8732,11795,3.0,8,0,3,40,3,3,0.0,0.0,0.0,0.0,27.0,5.0,0.0,5.0,2.0,1
8733,985,5.0,57,38,3,224,5,4,22.0,15.0,1.0,16.0,121.0,23.0,0.0,24.0,1.0,0
8734,11268,3.0,1,9,4,27,3,3,5.0,0.0,4.0,0.0,7.0,2.0,4.0,2.0,2.0,1
8735,7982,4.0,22,11,2,89,4,1,9.0,0.0,2.0,2.0,55.0,9.0,0.0,11.0,0.0,0
8736,6169,4.0,17,12,2,70,3,5,9.0,0.0,2.0,0.0,32.0,12.0,3.0,11.0,0.0,0
8737,6049,5.0,21,5,2,87,4,2,1.0,4.0,0.0,4.0,65.0,6.0,0.0,6.0,0.0,0
8738,7384,4.0,13,9,2,65,3,2,5.0,3.0,1.0,1.0,41.0,6.0,3.0,4.0,0.0,0
8739,16741,3.0,7,0,2,21,1,0,0.0,0.0,0.0,0.0,16.0,2.0,0.0,2.0,0.0,1
8740,19151,4.0,13,16,3,87,7,5,12.0,0.0,3.0,1.0,39.0,13.0,3.0,13.0,2.0,1
8741,14905,4.0,45,4,3,147,8,3,2.0,0.0,1.0,0.0,106.0,17.0,2.0,16.0,2.0,1
8742,17578,4.0,37,6,6,142,7,3,3.0,0.0,2.0,0.0,88.0,22.0,3.0,21.0,2.0,1
8743,12293,3.0,9,0,1,22,2,0,0.0,0.0,0.0,0.0,17.0,2.0,0.0,2.0,0.0,1
8744,15926,3.0,7,0,1,19,2,2,0.0,0.0,0.0,0.0,13.0,3.0,0.0,2.0,0.0,1
8745,10914,4.0,24,2,4,85,7,3,0.0,0.0,1.0,0.0,52.0,14.0,2.0,13.0,2.0,1
8746,19400,4.0,6,2,2,40,3,4,0.0,1.0,1.0,2.0,24.0,4.0,0.0,5.0,2.0,1
8747,9460,4.0,19,9,1,82,3,4,7.0,0.0,1.0,0.0,50.0,11.0,2.0,10.0,0.0,0
8748,2462,3.0,17,0,1,42,2,3,0.0,0.0,0.0,0.0,33.0,4.0,0.0,4.0,0.0,0
8749,16929,4.0,11,1,3,54,3,4,0.0,1.0,0.0,1.0,36.0,7.0,0.0,7.0,1.0,1
8750,268,3.0,12,0,1,33,3,2,0.0,0.0,0.0,0.0,22.0,5.0,0.0,5.0,0.0,0
8751,7962,4.0,25,0,1,83,4,7,0.0,0.0,0.0,0.0,57.0,12.0,0.0,11.0,2.0,0
8752,3580,4.0,21,14,2,80,3,5,11.0,0.0,2.0,0.0,44.0,10.0,3.0,9.0,0.0,0
8753,12942,4.0,17,20,3,76,4,4,13.0,7.0,0.0,6.0,33.0,7.0,1.0,6.0,2.0,1
8754,11708,4.0,25,0,2,76,4,4,0.0,0.0,0.0,0.0,57.0,8.0,0.0,8.0,2.0,1
8755,71,3.0,7,0,2,24,2,1,0.0,0.0,0.0,0.0,17.0,3.0,0.0,3.0,0.0,0
8756,9454,3.0,9,0,5,45,3,2,0.0,0.0,0.0,0.0,28.0,8.0,0.0,8.0,0.0,0
8757,18074,3.0,16,0,1,44,2,0,0.0,0.0,0.0,0.0,27.0,8.0,0.0,8.0,0.0,1
8758,6509,4.0,12,0,1,41,3,3,0.0,0.0,0.0,0.0,31.0,5.0,0.0,4.0,0.0,0
8759,12450,3.0,1,0,3,23,3,3,0.0,0.0,0.0,0.0,10.0,5.0,0.0,5.0,2.0,1
8760,2821,4.0,20,2,6,91,6,8,0.0,0.0,1.0,2.0,46.0,19.0,0.0,20.0,2.0,0
8761,4524,4.0,15,1,2,47,4,3,0.0,1.0,0.0,0.0,32.0,6.0,1.0,5.0,1.0,0
8762,589,4.0,13,0,1,38,2,5,0.0,0.0,0.0,0.0,26.0,6.0,0.0,5.0,0.0,0
8763,4591,4.0,20,6,2,81,3,5,5.0,0.0,1.0,0.0,51.0,11.0,1.0,11.0,0.0,0
8764,13136,4.0,27,19,2,109,5,5,12.0,4.0,3.0,3.0,65.0,8.0,4.0,7.0,2.0,1
8765,16153,5.0,24,30,2,108,7,3,16.0,11.0,3.0,11.0,45.0,8.0,3.0,8.0,2.0,1
8766,8848,4.0,14,0,2,49,3,4,0.0,0.0,0.0,0.0,34.0,7.0,0.0,7.0,0.0,0
8767,19486,4.0,11,1,3,51,2,4,0.0,1.0,0.0,1.0,34.0,7.0,0.0,7.0,0.0,1
8768,10841,4.0,30,4,3,101,7,3,2.0,0.0,1.0,0.0,66.0,14.0,2.0,13.0,2.0,1
8769,10229,4.0,24,4,4,91,7,3,2.0,0.0,1.0,0.0,56.0,14.0,2.0,13.0,2.0,1
8770,4624,3.0,7,0,1,23,2,1,0.0,0.0,0.0,0.0,19.0,2.0,0.0,1.0,0.0,0
8771,5904,4.0,17,15,1,68,3,3,14.0,0.0,0.0,0.0,35.0,9.0,1.0,8.0,0.0,0
8772,3758,4.0,26,32,11,133,7,4,19.0,10.0,3.0,9.0,57.0,14.0,4.0,13.0,3.0,0
8773,6845,4.0,15,13,1,63,3,6,9.0,1.0,3.0,2.0,27.0,9.0,2.0,9.0,0.0,0
8774,14343,4.0,4,13,4,35,3,3,8.0,0.0,4.0,1.0,11.0,2.0,4.0,2.0,2.0,1
8775,16137,4.0,22,12,1,86,4,7,7.0,1.0,4.0,0.0,44.0,12.0,5.0,10.0,2.0,1
8776,2028,3.0,7,0,1,24,2,1,0.0,0.0,0.0,0.0,20.0,2.0,0.0,1.0,0.0,0
8777,10850,4.0,38,8,3,140,8,3,4.0,0.0,3.0,0.0,87.0,20.0,4.0,19.0,2.0,1
8778,8869,3.0,7,0,3,33,2,1,0.0,0.0,0.0,0.0,24.0,4.0,0.0,4.0,0.0,0
8779,16641,4.0,9,0,2,36,3,1,0.0,0.0,0.0,0.0,23.0,6.0,0.0,6.0,0.0,1
8780,9424,4.0,16,0,1,49,2,5,0.0,0.0,0.0,0.0,37.0,6.0,0.0,5.0,0.0,0
8781,5454,4.0,14,0,2,34,3,2,0.0,0.0,0.0,0.0,23.0,5.0,0.0,5.0,0.0,0
8782,16219,3.0,10,22,1,63,4,4,8.0,0.0,14.0,8.0,8.0,4.0,6.0,11.0,3.0,1
8783,1449,4.0,18,0,2,69,4,3,0.0,0.0,0.0,0.0,54.0,7.0,0.0,7.0,0.0,0
8784,17580,4.0,12,0,2,50,4,4,0.0,0.0,0.0,0.0,33.0,7.0,0.0,7.0,2.0,1
8785,11454,3.0,4,0,1,14,1,0,0.0,0.0,0.0,0.0,11.0,1.0,0.0,1.0,0.0,1
8786,13048,4.0,29,21,3,176,7,4,0.0,12.0,8.0,21.0,96.0,14.0,0.0,22.0,2.0,1
8787,3904,4.0,10,8,2,45,5,2,6.0,0.0,2.0,0.0,24.0,5.0,2.0,5.0,0.0,0
8788,2432,3.0,7,0,2,20,3,1,0.0,0.0,0.0,0.0,12.0,4.0,0.0,3.0,0.0,0
8789,17119,3.0,5,0,3,30,2,1,0.0,0.0,0.0,0.0,21.0,4.0,0.0,4.0,0.0,1
8790,9828,4.0,11,0,2,44,3,2,0.0,0.0,0.0,0.0,31.0,6.0,0.0,6.0,0.0,0
8791,4647,4.0,14,6,2,68,3,5,4.0,0.0,2.0,0.0,41.0,9.0,2.0,9.0,0.0,0
8792,8469,4.0,15,4,2,46,3,2,3.0,0.0,1.0,0.0,28.0,6.0,1.0,6.0,0.0,0
8793,15828,4.0,35,3,2,130,6,4,1.0,0.0,1.0,0.0,78.0,23.0,2.0,22.0,2.0,1
8794,896,4.0,15,4,1,50,3,2,3.0,0.0,1.0,0.0,30.0,7.0,1.0,7.0,0.0,0
8795,9803,4.0,23,6,1,73,3,2,4.0,0.0,2.0,0.0,50.0,7.0,2.0,7.0,0.0,0
8796,7000,5.0,22,17,1,91,8,1,8.0,5.0,3.0,2.0,41.0,14.0,7.0,10.0,0.0,0
8797,1587,3.0,10,1,2,34,2,2,0.0,0.0,1.0,1.0,24.0,3.0,0.0,4.0,0.0,0
8798,6686,4.0,21,4,1,64,3,2,3.0,0.0,1.0,0.0,39.0,10.0,1.0,9.0,0.0,0
8799,13558,4.0,31,25,3,130,5,7,14.0,11.0,0.0,10.0,66.0,13.0,1.0,12.0,2.0,1
8800,12961,4.0,15,3,4,69,5,7,1.0,1.0,1.0,1.0,39.0,10.0,1.0,10.0,4.0,1
8801,1719,3.0,15,1,2,49,3,2,0.0,0.0,1.0,0.0,32.0,7.0,1.0,7.0,0.0,0
8802,6100,3.0,6,3,1,30,3,3,1.0,1.0,1.0,2.0,15.0,4.0,0.0,5.0,0.0,0
8803,15033,4.0,19,0,1,53,4,5,0.0,0.0,0.0,0.0,39.0,6.0,0.0,5.0,2.0,1
8804,3806,4.0,29,6,1,111,3,2,5.0,0.0,1.0,0.0,71.0,16.0,1.0,16.0,0.0,0
8805,8806,4.0,31,8,2,112,3,5,5.0,0.0,3.0,0.0,73.0,14.0,3.0,13.0,0.0,0
8806,2504,3.0,3,9,1,22,3,1,8.0,0.0,0.0,0.0,7.0,3.0,1.0,2.0,0.0,0
8807,12893,4.0,13,3,3,56,3,2,2.0,0.0,1.0,1.0,36.0,7.0,0.0,8.0,0.0,1
8808,3961,4.0,21,0,2,58,3,1,0.0,0.0,0.0,0.0,45.0,6.0,0.0,6.0,0.0,0
8809,8923,4.0,18,10,1,63,3,3,9.0,0.0,0.0,0.0,37.0,8.0,1.0,7.0,0.0,0
8810,18939,4.0,24,0,2,65,2,0,0.0,0.0,0.0,0.0,56.0,4.0,0.0,4.0,0.0,1
8811,7036,3.0,3,1,1,13,2,1,0.0,1.0,0.0,1.0,6.0,2.0,0.0,2.0,0.0,0
8812,13756,4.0,27,3,5,101,7,3,1.0,0.0,1.0,0.0,63.0,16.0,2.0,15.0,2.0,1
8813,13247,4.0,16,2,3,60,3,6,1.0,0.0,1.0,0.0,38.0,9.0,1.0,9.0,0.0,1
8814,6078,4.0,15,4,2,52,2,2,3.0,0.0,1.0,1.0,39.0,3.0,0.0,4.0,0.0,0
8815,14279,4.0,4,12,3,34,3,4,8.0,0.0,4.0,0.0,11.0,2.0,4.0,2.0,2.0,1
8816,890,4.0,14,9,2,50,3,4,6.0,0.0,3.0,0.0,25.0,6.0,3.0,6.0,0.0,0
8817,15741,3.0,5,0,1,17,1,0,0.0,0.0,0.0,0.0,14.0,1.0,0.0,1.0,0.0,1
8818,19142,4.0,26,9,1,91,4,7,5.0,1.0,3.0,0.0,53.0,12.0,4.0,10.0,2.0,1
8819,4006,4.0,17,0,2,51,3,1,0.0,0.0,0.0,0.0,36.0,7.0,0.0,7.0,0.0,0
8820,4939,4.0,15,9,2,57,3,3,8.0,0.0,0.0,0.0,32.0,8.0,1.0,7.0,0.0,0
8821,17872,3.0,5,1,2,32,4,3,0.0,0.0,1.0,1.0,19.0,4.0,0.0,4.0,2.0,1
8822,16227,3.0,6,0,2,20,1,0,0.0,0.0,0.0,0.0,15.0,2.0,0.0,2.0,0.0,1
8823,5898,3.0,16,0,3,56,2,6,0.0,0.0,0.0,0.0,37.0,9.0,0.0,9.0,0.0,0
8824,14365,3.0,3,0,2,13,1,0,0.0,0.0,0.0,0.0,8.0,2.0,0.0,2.0,0.0,1
8825,17404,4.0,12,4,2,44,3,4,2.0,2.0,0.0,1.0,26.0,5.0,1.0,4.0,2.0,1
8826,14011,4.0,33,2,3,116,7,3,0.0,0.0,1.0,0.0,79.0,16.0,2.0,15.0,2.0,1
8827,8551,4.0,24,4,1,80,3,7,3.0,0.0,0.0,0.0,54.0,11.0,1.0,10.0,0.0,0
8828,7616,4.0,26,49,1,155,5,6,15.0,9.0,25.0,16.0,21.0,20.0,18.0,27.0,3.0,0
8829,13825,3.0,6,0,2,28,2,4,0.0,0.0,0.0,0.0,16.0,6.0,0.0,5.0,0.0,1
8830,10991,4.0,45,6,2,152,8,3,2.0,0.0,3.0,0.0,96.0,22.0,4.0,21.0,3.0,1
8831,13882,4.0,10,0,3,43,4,3,0.0,0.0,0.0,0.0,26.0,7.0,0.0,7.0,2.0,1
8832,584,4.0,13,0,3,50,4,1,0.0,0.0,0.0,0.0,37.0,6.0,0.0,6.0,0.0,0
8833,11460,4.0,31,10,4,122,8,3,6.0,0.0,3.0,0.0,73.0,17.0,4.0,16.0,2.0,1
8834,3932,4.0,10,10,1,39,3,3,9.0,0.0,0.0,0.0,17.0,6.0,1.0,5.0,0.0,0
8835,13157,3.0,5,0,1,15,1,0,0.0,0.0,0.0,0.0,12.0,1.0,0.0,1.0,0.0,1
8836,1260,4.0,14,6,1,48,3,3,5.0,0.0,0.0,1.0,31.0,5.0,0.0,5.0,0.0,0
8837,16762,3.0,4,0,3,19,3,1,0.0,0.0,0.0,0.0,8.0,5.0,0.0,5.0,0.0,1
8838,14391,3.0,7,3,2,27,1,0,2.0,1.0,0.0,0.0,19.0,2.0,1.0,1.0,0.0,1
8839,14884,4.0,13,6,3,69,3,10,4.0,0.0,1.0,0.0,38.0,11.0,2.0,10.0,2.0,1
8840,310,4.0,17,24,7,103,6,5,13.0,10.0,1.0,9.0,38.0,14.0,2.0,13.0,2.0,0
8841,1716,3.0,6,0,1,20,3,1,0.0,0.0,0.0,0.0,14.0,3.0,0.0,2.0,0.0,0
8842,11500,4.0,7,2,3,35,3,2,1.0,0.0,1.0,1.0,20.0,5.0,0.0,6.0,0.0,1
8843,6009,3.0,9,0,1,26,2,2,0.0,0.0,0.0,0.0,20.0,3.0,0.0,2.0,0.0,0
8844,2052,4.0,32,8,3,127,3,4,5.0,0.0,3.0,0.0,81.0,17.0,3.0,17.0,0.0,0
8845,18889,4.0,5,4,2,27,2,2,3.0,0.0,0.0,1.0,14.0,4.0,0.0,4.0,0.0,1
8846,4668,4.0,19,10,1,65,3,2,6.0,0.0,4.0,0.0,33.0,9.0,4.0,8.0,0.0,0
8847,4298,4.0,17,27,2,120,6,7,4.0,6.0,17.0,20.0,37.0,8.0,3.0,21.0,3.0,0
8848,6646,4.0,14,5,4,57,4,2,1.0,3.0,0.0,4.0,33.0,7.0,0.0,7.0,1.0,0
8849,3783,4.0,25,8,3,97,4,2,6.0,1.0,1.0,0.0,59.0,14.0,2.0,13.0,0.0,0
8850,1008,3.0,9,0,1,25,2,1,0.0,0.0,0.0,0.0,20.0,2.0,0.0,2.0,0.0,0
8851,7347,4.0,20,0,2,64,3,4,0.0,0.0,0.0,0.0,43.0,10.0,0.0,10.0,0.0,0
8852,18313,3.0,4,0,1,17,2,2,0.0,0.0,0.0,0.0,11.0,3.0,0.0,2.0,0.0,1
8853,10377,4.0,11,4,3,48,4,4,1.0,2.0,1.0,2.0,26.0,6.0,1.0,6.0,2.0,1
8854,7409,3.0,7,0,1,24,3,1,0.0,0.0,0.0,0.0,17.0,3.0,0.0,3.0,0.0,0
8855,11815,3.0,9,0,1,20,1,0,0.0,0.0,0.0,0.0,17.0,1.0,0.0,1.0,0.0,1
8856,17469,3.0,9,0,3,34,3,2,0.0,0.0,0.0,0.0,22.0,5.0,0.0,5.0,1.0,1
8857,8383,4.0,9,0,2,34,3,2,0.0,0.0,0.0,0.0,23.0,5.0,0.0,5.0,0.0,0
8858,9878,3.0,7,0,1,22,2,2,0.0,0.0,0.0,0.0,16.0,3.0,0.0,2.0,0.0,0
8859,13159,4.0,14,6,3,60,3,3,4.0,0.0,2.0,0.0,39.0,6.0,2.0,6.0,0.0,1
8860,2773,4.0,9,4,2,35,2,4,2.0,0.0,1.0,0.0,20.0,5.0,2.0,4.0,0.0,0
8861,13026,4.0,32,17,5,123,4,7,9.0,8.0,0.0,7.0,67.0,15.0,1.0,13.0,2.0,1
8862,4059,3.0,4,0,1,11,2,1,0.0,0.0,0.0,0.0,7.0,2.0,0.0,1.0,0.0,0
8863,12948,3.0,6,0,2,24,2,2,0.0,0.0,0.0,0.0,16.0,4.0,0.0,3.0,0.0,1
8864,8721,4.0,10,10,3,50,3,4,8.0,0.0,1.0,1.0,23.0,7.0,1.0,7.0,1.0,0
8865,90,3.0,8,0,2,28,2,2,0.0,0.0,0.0,0.0,19.0,4.0,0.0,4.0,0.0,0
8866,1987,4.0,4,2,1,25,3,2,1.0,1.0,0.0,0.0,14.0,4.0,1.0,3.0,0.0,0
8867,17052,4.0,24,1,4,86,7,3,0.0,0.0,0.0,0.0,57.0,13.0,1.0,12.0,2.0,1
8868,17784,4.0,13,0,2,41,3,4,0.0,0.0,0.0,0.0,28.0,5.0,0.0,5.0,2.0,1
8869,17745,3.0,11,0,1,23,1,0,0.0,0.0,0.0,0.0,20.0,1.0,0.0,1.0,0.0,1
8870,7279,3.0,7,0,1,20,2,1,0.0,0.0,0.0,0.0,16.0,2.0,0.0,1.0,0.0,0
8871,13162,3.0,4,0,3,26,3,2,0.0,0.0,0.0,0.0,15.0,5.0,0.0,4.0,1.0,1
8872,2672,3.0,11,0,1,32,3,2,0.0,0.0,0.0,0.0,23.0,4.0,0.0,4.0,0.0,0
8873,10309,4.0,25,8,3,100,8,3,5.0,0.0,2.0,0.0,60.0,14.0,3.0,13.0,2.0,1
8874,11129,4.0,13,0,3,49,3,3,0.0,0.0,0.0,0.0,34.0,7.0,0.0,7.0,0.0,1
8875,9080,3.0,8,0,1,33,3,2,0.0,0.0,0.0,0.0,23.0,5.0,0.0,4.0,0.0,0
8876,9175,3.0,10,0,2,30,2,1,0.0,0.0,0.0,0.0,23.0,3.0,0.0,3.0,0.0,0
8877,15124,3.0,2,16,4,34,3,3,11.0,0.0,5.0,0.0,6.0,2.0,5.0,2.0,2.0,1
8878,7192,4.0,29,17,2,107,4,3,12.0,0.0,5.0,0.0,62.0,11.0,5.0,11.0,0.0,0
8879,9517,4.0,7,6,1,31,3,2,4.0,0.0,1.0,1.0,17.0,3.0,1.0,3.0,0.0,0
8880,18691,3.0,5,0,2,22,2,2,0.0,0.0,0.0,0.0,14.0,4.0,0.0,3.0,0.0,1
8881,5043,3.0,12,0,2,27,2,1,0.0,0.0,0.0,0.0,20.0,3.0,0.0,3.0,0.0,0
8882,2925,3.0,9,0,1,29,2,1,0.0,0.0,0.0,0.0,24.0,2.0,0.0,2.0,0.0,0
8883,16342,4.0,11,0,3,51,3,5,0.0,0.0,0.0,0.0,34.0,7.0,0.0,7.0,2.0,1
8884,8185,3.0,9,1,2,27,3,2,0.0,0.0,1.0,1.0,17.0,3.0,0.0,3.0,1.0,0
8885,11406,4.0,6,2,2,38,5,3,1.0,0.0,0.0,0.0,22.0,6.0,1.0,5.0,2.0,1
8886,5884,4.0,15,4,4,52,5,2,3.0,0.0,0.0,0.0,30.0,9.0,1.0,8.0,0.0,0
8887,2341,4.0,27,0,2,96,4,4,0.0,0.0,0.0,0.0,67.0,13.0,0.0,13.0,2.0,0
8888,17656,3.0,10,0,1,23,1,0,0.0,0.0,0.0,0.0,20.0,1.0,0.0,1.0,0.0,1
8889,11744,4.0,8,2,1,38,5,3,1.0,0.0,0.0,0.0,24.0,5.0,1.0,4.0,2.0,1
8890,17465,4.0,9,0,1,56,4,6,0.0,0.0,0.0,0.0,33.0,10.0,0.0,9.0,3.0,1
8891,6589,3.0,6,0,1,19,2,1,0.0,0.0,0.0,0.0,14.0,2.0,0.0,2.0,0.0,0
8892,13780,3.0,5,1,1,21,3,4,0.0,0.0,1.0,1.0,10.0,3.0,0.0,3.0,2.0,1
8893,15591,3.0,8,0,2,36,2,4,0.0,0.0,0.0,0.0,24.0,6.0,0.0,5.0,0.0,1
8894,627,4.0,10,6,2,46,4,2,5.0,0.0,0.0,0.0,28.0,6.0,1.0,5.0,0.0,0
8895,16440,4.0,18,0,4,68,6,3,0.0,0.0,0.0,0.0,45.0,10.0,0.0,10.0,2.0,1
8896,13139,4.0,11,7,3,57,6,3,5.0,0.0,1.0,0.0,27.0,10.0,2.0,9.0,2.0,1
8897,13272,5.0,33,40,3,243,4,5,3.0,28.0,9.0,31.0,113.0,21.0,6.0,24.0,7.0,1
8898,12436,4.0,11,1,3,36,3,2,0.0,0.0,1.0,1.0,23.0,4.0,0.0,5.0,1.0,1
8899,7545,4.0,13,10,1,45,3,3,9.0,0.0,0.0,0.0,23.0,6.0,1.0,5.0,0.0,0
8900,15943,4.0,26,3,3,94,8,3,1.0,0.0,1.0,0.0,58.0,15.0,2.0,14.0,2.0,1
8901,4765,3.0,10,5,2,58,3,3,4.0,0.0,1.0,0.0,37.0,7.0,1.0,7.0,0.0,0
8902,9793,4.0,6,0,2,33,3,1,0.0,0.0,0.0,0.0,22.0,5.0,0.0,5.0,0.0,0
8903,3672,4.0,24,16,1,96,3,10,11.0,0.0,5.0,0.0,55.0,10.0,5.0,9.0,0.0,0
8904,18425,3.0,1,14,3,26,3,3,9.0,0.0,4.0,1.0,3.0,1.0,4.0,1.0,2.0,1
8905,128,3.0,15,0,1,51,3,2,0.0,0.0,0.0,0.0,38.0,6.0,0.0,6.0,0.0,0
8906,17936,4.0,24,2,3,89,7,5,1.0,0.0,0.0,0.0,61.0,12.0,1.0,11.0,2.0,1
8907,16726,4.0,12,0,2,57,4,4,0.0,0.0,0.0,0.0,38.0,8.0,0.0,8.0,2.0,1
8908,18683,4.0,21,3,2,72,4,6,2.0,0.0,0.0,0.0,47.0,10.0,1.0,9.0,2.0,1
8909,4182,3.0,6,0,2,21,2,1,0.0,0.0,0.0,0.0,15.0,3.0,0.0,2.0,0.0,0
8910,7299,3.0,9,0,1,25,3,1,0.0,0.0,0.0,0.0,19.0,3.0,0.0,2.0,0.0,0
8911,13782,3.0,12,0,3,38,4,2,0.0,0.0,0.0,0.0,25.0,5.0,0.0,5.0,2.0,1
8912,12427,3.0,7,0,3,34,2,2,0.0,0.0,0.0,0.0,23.0,5.0,0.0,5.0,0.0,1
8913,6995,4.0,54,206,9,362,5,2,142.0,61.0,2.0,60.0,70.0,12.0,4.0,10.0,0.0,0
8914,16952,4.0,15,2,2,58,4,5,1.0,1.0,0.0,0.0,39.0,7.0,1.0,6.0,2.0,1
8915,2398,3.0,12,0,2,36,2,2,0.0,0.0,0.0,0.0,27.0,4.0,0.0,4.0,0.0,0
8916,6305,4.0,13,6,1,45,3,3,5.0,0.0,0.0,0.0,29.0,5.0,1.0,4.0,0.0,0
8917,18592,4.0,5,4,2,27,2,2,3.0,0.0,0.0,1.0,14.0,4.0,0.0,4.0,0.0,1
8918,16981,4.0,7,4,2,35,3,2,3.0,0.0,1.0,1.0,22.0,2.0,0.0,3.0,2.0,1
8919,12392,4.0,2,15,4,33,3,3,10.0,0.0,5.0,0.0,6.0,2.0,5.0,2.0,2.0,1
8920,12747,4.0,37,17,3,151,8,3,8.0,0.0,9.0,0.0,81.0,20.0,9.0,20.0,3.0,1
8921,1186,4.0,45,4,1,134,3,6,3.0,0.0,1.0,0.0,92.0,18.0,1.0,18.0,0.0,0
8922,270,3.0,6,0,2,26,2,1,0.0,0.0,0.0,0.0,20.0,3.0,0.0,2.0,0.0,0
8923,15472,4.0,28,4,3,104,8,3,2.0,0.0,2.0,0.0,61.0,17.0,2.0,17.0,2.0,1
8924,10703,3.0,6,0,5,33,3,2,0.0,0.0,0.0,0.0,17.0,7.0,0.0,7.0,1.0,1
8925,3354,4.0,9,7,2,42,4,1,6.0,0.0,1.0,0.0,23.0,5.0,1.0,5.0,0.0,0
8926,10169,4.0,35,17,1,122,7,6,11.0,0.0,5.0,0.0,76.0,11.0,6.0,10.0,2.0,1
8927,5314,4.0,36,0,2,96,2,2,0.0,0.0,0.0,0.0,87.0,4.0,0.0,4.0,0.0,0
8928,9220,4.0,7,0,1,30,2,2,0.0,0.0,0.0,0.0,23.0,3.0,0.0,3.0,0.0,0
8929,4247,4.0,14,6,2,45,2,3,4.0,0.0,2.0,2.0,29.0,3.0,0.0,4.0,0.0,0
8930,19571,4.0,22,3,3,80,8,3,1.0,0.0,1.0,1.0,49.0,12.0,1.0,12.0,2.0,1
8931,11273,3.0,16,0,3,39,1,0,0.0,0.0,0.0,0.0,32.0,3.0,0.0,3.0,0.0,1
8932,9107,3.0,12,0,2,35,2,2,0.0,0.0,0.0,0.0,26.0,4.0,0.0,4.0,0.0,0
8933,9497,3.0,5,1,1,15,2,1,0.0,1.0,0.0,1.0,9.0,2.0,0.0,1.0,0.0,0
8934,1096,4.0,11,4,2,41,4,2,3.0,0.0,0.0,0.0,25.0,6.0,1.0,5.0,0.0,0
8935,11241,4.0,17,2,2,58,4,4,1.0,0.0,1.0,0.0,40.0,6.0,1.0,6.0,2.0,1
8936,14965,4.0,10,0,3,50,4,3,0.0,0.0,0.0,0.0,35.0,6.0,0.0,6.0,2.0,1
8937,6653,3.0,13,0,2,31,3,2,0.0,0.0,0.0,0.0,20.0,5.0,0.0,5.0,0.0,0
8938,11159,4.0,48,4,3,157,8,3,2.0,0.0,2.0,0.0,114.0,17.0,2.0,17.0,2.0,1
8939,1273,4.0,16,15,2,58,4,2,13.0,2.0,0.0,1.0,29.0,6.0,1.0,5.0,0.0,0
8940,5698,3.0,7,0,1,17,2,1,0.0,0.0,0.0,0.0,13.0,2.0,0.0,1.0,0.0,0
8941,15137,5.0,17,4,2,99,5,7,0.0,4.0,0.0,3.0,66.0,11.0,1.0,10.0,3.0,1
8942,19859,4.0,10,31,3,78,3,9,27.0,0.0,4.0,0.0,26.0,7.0,4.0,7.0,2.0,1
8943,8728,3.0,5,0,2,23,2,1,0.0,0.0,0.0,0.0,16.0,3.0,0.0,3.0,0.0,0
8944,10988,3.0,7,0,2,26,2,2,0.0,0.0,0.0,0.0,18.0,4.0,0.0,3.0,0.0,1
8945,6797,4.0,45,9,2,132,3,4,6.0,0.0,2.0,0.0,85.0,18.0,3.0,17.0,0.0,0
8946,9590,4.0,19,2,2,68,3,4,0.0,0.0,2.0,0.0,48.0,8.0,2.0,7.0,0.0,0
8947,6615,4.0,13,4,1,57,3,3,2.0,2.0,0.0,2.0,34.0,8.0,0.0,8.0,0.0,0
8948,3358,3.0,7,0,3,31,2,1,0.0,0.0,0.0,0.0,22.0,4.0,0.0,4.0,0.0,0
8949,7755,4.0,21,8,2,78,3,7,5.0,0.0,3.0,0.0,52.0,7.0,3.0,7.0,0.0,0
8950,183,3.0,16,0,1,48,2,4,0.0,0.0,0.0,0.0,37.0,5.0,0.0,5.0,0.0,0
8951,15829,3.0,2,16,4,34,3,3,11.0,0.0,5.0,0.0,6.0,2.0,5.0,2.0,2.0,1
8952,12654,4.0,39,5,2,130,8,3,1.0,1.0,2.0,1.0,76.0,22.0,3.0,21.0,2.0,1
8953,16873,4.0,15,1,3,61,4,5,0.0,0.0,1.0,0.0,42.0,7.0,1.0,7.0,2.0,1
8954,9114,3.0,13,0,1,37,2,4,0.0,0.0,0.0,0.0,26.0,5.0,0.0,5.0,0.0,0
8955,16900,4.0,27,2,6,107,6,12,0.0,1.0,1.0,2.0,59.0,18.0,0.0,19.0,6.0,1
8956,4005,3.0,11,0,1,28,2,2,0.0,0.0,0.0,0.0,21.0,3.0,0.0,3.0,0.0,0
8957,15235,4.0,7,0,3,35,3,3,0.0,0.0,0.0,0.0,22.0,5.0,0.0,5.0,2.0,1
8958,6513,4.0,3,7,2,26,2,2,6.0,0.0,1.0,0.0,11.0,3.0,1.0,3.0,0.0,0
8959,4567,4.0,16,38,2,87,4,2,26.0,10.0,1.0,10.0,29.0,4.0,1.0,4.0,1.0,0
8960,13255,4.0,25,2,4,87,4,6,1.0,0.0,1.0,0.0,55.0,13.0,1.0,13.0,2.0,1
8961,6603,4.0,17,4,2,64,3,3,3.0,0.0,1.0,0.0,44.0,7.0,1.0,7.0,0.0,0
8962,10686,4.0,26,2,4,90,7,3,1.0,0.0,0.0,0.0,60.0,13.0,1.0,12.0,2.0,1
8963,10848,3.0,5,0,1,14,1,0,0.0,0.0,0.0,0.0,11.0,1.0,0.0,1.0,0.0,1
8964,18547,4.0,7,13,2,50,3,7,9.0,1.0,3.0,0.0,21.0,5.0,4.0,4.0,2.0,1
8965,17355,5.0,28,33,3,183,6,6,20.0,10.0,2.0,10.0,116.0,10.0,3.0,9.0,2.0,1
8966,1961,4.0,12,0,1,37,3,2,0.0,0.0,0.0,0.0,26.0,5.0,0.0,5.0,0.0,0
8967,4992,4.0,17,0,1,59,3,3,0.0,0.0,0.0,0.0,40.0,9.0,0.0,9.0,0.0,0
8968,4891,3.0,13,0,1,50,3,4,0.0,0.0,0.0,0.0,35.0,7.0,0.0,7.0,0.0,0
8969,14330,4.0,20,0,5,68,3,5,0.0,0.0,0.0,0.0,47.0,9.0,0.0,9.0,2.0,1
8970,14007,5.0,12,24,1,98,5,4,16.0,7.0,1.0,7.0,52.0,6.0,1.0,5.0,2.0,1
8971,8039,4.0,20,3,2,87,4,6,1.0,1.0,1.0,1.0,51.0,14.0,1.0,14.0,2.0,0
8972,5869,4.0,31,5,2,105,3,2,4.0,0.0,1.0,0.0,72.0,13.0,1.0,13.0,0.0,0
8973,9570,3.0,1,0,1,12,3,1,0.0,0.0,0.0,0.0,6.0,3.0,0.0,2.0,0.0,0
8974,14587,4.0,9,0,2,33,2,2,0.0,0.0,0.0,0.0,24.0,4.0,0.0,4.0,0.0,1
8975,5305,4.0,23,7,1,88,4,7,4.0,0.0,3.0,0.0,54.0,11.0,3.0,10.0,2.0,0
8976,6226,3.0,9,0,4,32,2,1,0.0,0.0,0.0,0.0,21.0,5.0,0.0,5.0,0.0,0
8977,17397,4.0,13,4,3,59,7,3,1.0,0.0,2.0,1.0,36.0,7.0,2.0,7.0,2.0,1
8978,10939,3.0,10,0,3,43,2,4,0.0,0.0,0.0,0.0,28.0,7.0,0.0,7.0,0.0,1
8979,16883,4.0,13,0,2,59,6,5,0.0,0.0,0.0,0.0,38.0,9.0,0.0,9.0,2.0,1
8980,1251,3.0,6,3,3,27,2,1,2.0,0.0,1.0,0.0,16.0,3.0,1.0,3.0,0.0,0
8981,3176,3.0,10,0,1,29,2,1,0.0,0.0,0.0,0.0,25.0,2.0,0.0,1.0,0.0,0
8982,13264,4.0,15,0,3,48,3,3,0.0,0.0,0.0,0.0,35.0,5.0,0.0,5.0,2.0,1
8983,3359,4.0,33,11,2,102,3,4,7.0,0.0,4.0,0.0,68.0,9.0,4.0,9.0,0.0,0
8984,18393,4.0,13,0,3,41,3,2,0.0,0.0,0.0,0.0,28.0,6.0,0.0,6.0,0.0,1
8985,15760,4.0,12,19,3,68,3,8,15.0,0.0,4.0,1.0,29.0,6.0,3.0,7.0,2.0,1
8986,13580,3.0,12,0,3,40,3,3,0.0,0.0,0.0,0.0,26.0,6.0,0.0,6.0,1.0,1
8987,19449,3.0,17,32,1,99,4,4,8.0,3.0,21.0,15.0,10.0,9.0,9.0,20.0,3.0,1
8988,18610,4.0,8,5,3,41,5,3,3.0,0.0,1.0,1.0,20.0,6.0,1.0,6.0,2.0,1
8989,6320,4.0,20,3,2,71,4,7,2.0,0.0,1.0,0.0,44.0,10.0,1.0,10.0,2.0,0
8990,11481,4.0,49,5,3,160,8,3,3.0,0.0,2.0,0.0,110.0,20.0,2.0,20.0,2.0,1
8991,18992,4.0,21,2,2,76,4,5,1.0,0.0,1.0,0.0,54.0,8.0,1.0,8.0,2.0,1
8992,7411,4.0,15,0,1,51,3,2,0.0,0.0,0.0,0.0,38.0,6.0,0.0,6.0,0.0,0
8993,7538,4.0,8,2,1,33,4,2,0.0,1.0,0.0,2.0,20.0,4.0,0.0,4.0,1.0,0
8994,12580,4.0,8,0,3,45,4,3,0.0,0.0,0.0,0.0,30.0,6.0,0.0,6.0,2.0,1
8995,18923,3.0,7,0,1,19,1,0,0.0,0.0,0.0,0.0,16.0,1.0,0.0,1.0,0.0,1
8996,19203,3.0,16,27,1,90,4,4,7.0,3.0,17.0,12.0,11.0,10.0,8.0,18.0,3.0,1
8997,12225,4.0,33,0,4,96,6,4,0.0,0.0,0.0,0.0,67.0,13.0,0.0,13.0,2.0,1
8998,1051,3.0,4,0,1,22,3,1,0.0,0.0,0.0,0.0,13.0,4.0,0.0,4.0,0.0,0
8999,12261,4.0,13,5,3,51,4,4,3.0,2.0,0.0,1.0,28.0,7.0,1.0,6.0,2.0,1
9000,14519,4.0,25,7,2,94,6,4,5.0,0.0,1.0,0.0,61.0,11.0,2.0,10.0,3.0,1
9001,11410,3.0,3,0,3,27,2,2,0.0,0.0,0.0,0.0,16.0,5.0,0.0,5.0,0.0,1
9002,9221,4.0,11,5,1,44,3,5,2.0,1.0,1.0,1.0,23.0,7.0,2.0,6.0,0.0,0
9003,8464,3.0,10,0,2,33,3,1,0.0,0.0,0.0,0.0,21.0,6.0,0.0,5.0,0.0,0
9004,10234,4.0,8,0,2,41,3,3,0.0,0.0,0.0,0.0,30.0,4.0,0.0,4.0,2.0,1
9005,4763,3.0,7,0,3,24,3,2,0.0,0.0,0.0,0.0,13.0,5.0,0.0,4.0,1.0,0
9006,9062,4.0,20,8,2,67,3,2,6.0,0.0,2.0,0.0,46.0,5.0,2.0,5.0,0.0,0
9007,1874,4.0,13,1,2,43,4,3,0.0,0.0,0.0,0.0,28.0,7.0,1.0,6.0,0.0,0
9008,16682,4.0,7,16,2,67,4,5,9.0,0.0,7.0,0.0,25.0,8.0,7.0,8.0,2.0,1
9009,9278,3.0,7,0,3,27,3,1,0.0,0.0,0.0,0.0,17.0,5.0,0.0,4.0,0.0,0
9010,9665,4.0,22,0,2,63,3,2,0.0,0.0,0.0,0.0,46.0,8.0,0.0,8.0,0.0,0
9011,7282,4.0,20,8,2,68,4,1,6.0,1.0,0.0,2.0,48.0,5.0,0.0,5.0,0.0,0
9012,11412,4.0,9,6,3,49,5,3,5.0,0.0,0.0,0.0,27.0,7.0,1.0,6.0,2.0,1
9013,9008,4.0,36,1,1,109,9,5,0.0,0.0,1.0,0.0,78.0,12.0,1.0,12.0,4.0,0
9014,6999,4.0,12,9,2,48,3,3,7.0,0.0,2.0,0.0,28.0,4.0,2.0,4.0,0.0,0
9015,10378,4.0,17,0,4,71,6,6,0.0,0.0,0.0,0.0,45.0,11.0,0.0,11.0,3.0,1
9016,13682,3.0,10,2,2,39,3,4,1.0,0.0,1.0,0.0,24.0,6.0,1.0,5.0,0.0,1
9017,4322,4.0,13,16,3,64,3,5,13.0,0.0,2.0,0.0,32.0,7.0,3.0,6.0,0.0,0
9018,19289,4.0,56,6,3,164,8,3,3.0,0.0,2.0,0.0,106.0,24.0,3.0,23.0,2.0,1
9019,9448,4.0,22,7,1,90,4,4,6.0,0.0,1.0,0.0,55.0,12.0,1.0,12.0,2.0,0
9020,5831,3.0,10,0,1,31,2,3,0.0,0.0,0.0,0.0,23.0,4.0,0.0,3.0,0.0,0
9021,18062,3.0,13,0,1,45,3,5,0.0,0.0,0.0,0.0,32.0,5.0,0.0,5.0,2.0,1
9022,16473,4.0,6,4,4,38,2,2,3.0,0.0,1.0,1.0,21.0,5.0,0.0,6.0,0.0,1
9023,15931,4.0,24,15,6,97,3,7,10.0,0.0,5.0,0.0,60.0,7.0,5.0,7.0,2.0,1
9024,8684,4.0,13,3,3,50,4,5,2.0,0.0,1.0,0.0,29.0,7.0,1.0,7.0,2.0,0
9025,8100,4.0,22,1,7,81,5,3,0.0,1.0,0.0,0.0,47.0,16.0,1.0,15.0,0.0,0
9026,12901,3.0,15,0,4,56,2,0,0.0,0.0,0.0,0.0,32.0,6.0,0.0,6.0,11.0,1
9027,13233,4.0,8,0,4,38,3,2,0.0,0.0,0.0,0.0,24.0,6.0,0.0,6.0,1.0,1
9028,12629,4.0,21,4,1,79,7,3,2.0,0.0,2.0,0.0,51.0,10.0,2.0,9.0,2.0,1
9029,4485,4.0,19,9,2,63,3,4,8.0,0.0,0.0,1.0,35.0,9.0,0.0,9.0,0.0,0
9030,9783,4.0,9,1,1,39,6,2,0.0,0.0,0.0,0.0,23.0,7.0,1.0,6.0,1.0,0
9031,11670,3.0,5,0,3,26,2,1,0.0,0.0,0.0,0.0,17.0,4.0,0.0,4.0,0.0,1
9032,8615,3.0,11,0,2,32,3,2,0.0,0.0,0.0,0.0,21.0,5.0,0.0,5.0,0.0,0
9033,3924,4.0,11,15,1,48,3,3,14.0,0.0,0.0,0.0,23.0,5.0,1.0,4.0,0.0,0
9034,9940,4.0,14,8,2,52,3,5,5.0,0.0,3.0,0.0,29.0,6.0,3.0,5.0,0.0,0
9035,19498,4.0,24,4,3,91,8,3,2.0,0.0,1.0,0.0,56.0,14.0,2.0,13.0,2.0,1
9036,18723,4.0,12,4,1,47,4,4,3.0,0.0,0.0,0.0,25.0,8.0,1.0,7.0,2.0,1
9037,16424,5.0,38,33,3,266,8,3,4.0,29.0,0.0,28.0,175.0,14.0,1.0,12.0,2.0,1
9038,15658,4.0,3,8,3,30,3,4,4.0,0.0,4.0,0.0,11.0,2.0,4.0,2.0,2.0,1
9039,17561,4.0,40,5,3,146,7,3,1.0,0.0,3.0,0.0,91.0,22.0,4.0,21.0,3.0,1
9040,15198,4.0,24,3,3,89,7,4,1.0,0.0,1.0,0.0,55.0,14.0,2.0,13.0,2.0,1
9041,7850,3.0,10,0,1,31,3,1,0.0,0.0,0.0,0.0,22.0,4.0,0.0,4.0,0.0,0
9042,10854,3.0,8,0,4,48,4,4,0.0,0.0,0.0,0.0,29.0,8.0,0.0,8.0,2.0,1
9043,12426,4.0,24,4,3,96,7,7,1.0,3.0,0.0,2.0,60.0,13.0,1.0,12.0,3.0,1
9044,18845,3.0,6,0,1,13,1,0,0.0,0.0,0.0,0.0,10.0,1.0,0.0,1.0,0.0,1
9045,3113,3.0,4,5,1,29,2,5,3.0,0.0,2.0,1.0,13.0,4.0,1.0,4.0,0.0,0
9046,3303,4.0,22,4,1,68,3,4,3.0,0.0,1.0,0.0,41.0,11.0,1.0,10.0,0.0,0
9047,14442,4.0,9,8,2,40,3,4,7.0,0.0,1.0,0.0,20.0,4.0,1.0,4.0,2.0,1
9048,9536,4.0,23,4,1,60,4,2,3.0,0.0,0.0,0.0,40.0,8.0,1.0,7.0,0.0,0
9049,13579,3.0,2,16,4,34,3,3,11.0,0.0,5.0,0.0,6.0,2.0,5.0,2.0,2.0,1
9050,15549,4.0,11,4,1,55,3,6,3.0,0.0,1.0,1.0,37.0,5.0,0.0,5.0,2.0,1
9051,1690,4.0,27,17,2,110,6,5,16.0,0.0,0.0,0.0,61.0,15.0,1.0,14.0,2.0,0
9052,15779,4.0,4,14,1,39,4,3,8.0,0.0,5.0,0.0,12.0,3.0,6.0,2.0,2.0,1
9053,11143,5.0,26,14,3,155,6,5,2.0,12.0,0.0,12.0,104.0,11.0,0.0,11.0,2.0,1
9054,5048,4.0,13,5,1,48,5,2,4.0,0.0,0.0,0.0,30.0,6.0,1.0,5.0,1.0,0
9055,17384,2.0,4,0,1,13,1,0,0.0,0.0,0.0,0.0,10.0,1.0,0.0,1.0,0.0,1
9056,7117,4.0,10,26,1,52,2,1,15.0,10.0,0.0,10.0,12.0,2.0,1.0,1.0,0.0,0
9057,3308,4.0,20,6,2,70,3,3,5.0,0.0,1.0,0.0,44.0,9.0,1.0,9.0,0.0,0
9058,1504,4.0,23,14,1,103,3,6,9.0,0.0,5.0,0.0,52.0,16.0,5.0,15.0,0.0,0
9059,14475,4.0,14,0,3,57,4,6,0.0,0.0,0.0,0.0,36.0,9.0,0.0,9.0,2.0,1
9060,1806,4.0,22,7,3,80,3,3,4.0,0.0,3.0,0.0,53.0,8.0,3.0,8.0,0.0,0
9061,3871,3.0,8,0,3,39,2,1,0.0,0.0,0.0,0.0,30.0,4.0,0.0,4.0,0.0,0
9062,16492,3.0,20,0,3,60,5,2,0.0,0.0,0.0,0.0,43.0,8.0,0.0,8.0,0.0,1
9063,3791,4.0,18,10,1,69,5,3,7.0,2.0,0.0,0.0,43.0,8.0,3.0,5.0,0.0,0
9064,18796,4.0,53,101,4,270,8,9,64.0,34.0,2.0,35.0,95.0,17.0,2.0,17.0,3.0,1
9065,14154,4.0,13,4,3,54,2,4,3.0,0.0,1.0,1.0,35.0,6.0,0.0,7.0,0.0,1
9066,2786,4.0,17,0,2,47,2,4,0.0,0.0,0.0,0.0,34.0,6.0,0.0,6.0,0.0,0
9067,9259,4.0,34,5,2,113,3,5,2.0,1.0,2.0,0.0,79.0,13.0,3.0,12.0,0.0,0
9068,18312,4.0,18,1,2,76,7,4,0.0,0.0,1.0,0.0,48.0,12.0,1.0,11.0,2.0,1
9069,13678,4.0,29,4,2,107,8,3,2.0,0.0,2.0,0.0,68.0,15.0,2.0,15.0,2.0,1
9070,1717,4.0,12,2,2,44,3,3,1.0,0.0,1.0,0.0,30.0,5.0,1.0,5.0,0.0,0
9071,2696,4.0,10,0,1,38,3,2,0.0,0.0,0.0,0.0,25.0,6.0,0.0,6.0,0.0,0
9072,14643,4.0,15,1,3,65,4,6,0.0,1.0,0.0,1.0,42.0,9.0,0.0,9.0,2.0,1
9073,1848,4.0,8,9,2,46,5,2,7.0,0.0,1.0,1.0,23.0,6.0,1.0,6.0,0.0,0
9074,4512,4.0,25,1,5,104,5,4,0.0,0.0,1.0,0.0,66.0,17.0,1.0,17.0,1.0,0
9075,17281,3.0,9,0,2,27,2,3,0.0,0.0,0.0,0.0,17.0,5.0,0.0,4.0,0.0,1
9076,14003,4.0,24,4,3,86,7,4,1.0,0.0,2.0,1.0,51.0,13.0,2.0,13.0,2.0,1
9077,10623,4.0,27,4,3,88,7,3,2.0,0.0,1.0,0.0,55.0,13.0,2.0,12.0,2.0,1
9078,16084,4.0,12,0,3,49,3,2,0.0,0.0,0.0,0.0,36.0,6.0,0.0,6.0,0.0,1
9079,12852,4.0,24,5,4,89,7,3,3.0,0.0,1.0,0.0,53.0,14.0,2.0,13.0,2.0,1
9080,6622,3.0,8,0,1,24,2,1,0.0,0.0,0.0,0.0,20.0,2.0,0.0,1.0,0.0,0
9081,3435,3.0,6,5,1,24,5,1,4.0,0.0,0.0,0.0,10.0,4.0,1.0,3.0,1.0,0
9082,18236,4.0,15,2,4,63,4,4,1.0,0.0,1.0,0.0,41.0,8.0,1.0,8.0,2.0,1
9083,15539,4.0,13,5,2,56,4,5,2.0,3.0,0.0,1.0,31.0,8.0,2.0,6.0,2.0,1
9084,13512,4.0,10,2,2,38,4,2,1.0,0.0,1.0,1.0,25.0,3.0,0.0,4.0,2.0,1
9085,142,3.0,8,0,1,20,2,1,0.0,0.0,0.0,0.0,16.0,2.0,0.0,1.0,0.0,0
9086,6771,3.0,7,0,1,23,2,1,0.0,0.0,0.0,0.0,19.0,2.0,0.0,1.0,0.0,0
9087,17428,3.0,7,0,2,26,2,1,0.0,0.0,0.0,0.0,19.0,3.0,0.0,3.0,0.0,1
9088,11175,4.0,7,2,3,41,5,3,1.0,0.0,0.0,0.0,23.0,7.0,1.0,6.0,2.0,1
9089,6992,4.0,13,0,1,38,3,3,0.0,0.0,0.0,0.0,28.0,5.0,0.0,4.0,0.0,0
9090,16088,4.0,5,4,2,27,2,2,3.0,0.0,0.0,1.0,14.0,4.0,0.0,4.0,0.0,1
9091,1647,3.0,9,0,1,30,2,3,0.0,0.0,0.0,0.0,21.0,4.0,0.0,4.0,0.0,0
9092,18177,4.0,19,0,3,64,4,4,0.0,0.0,0.0,0.0,45.0,8.0,0.0,8.0,2.0,1
9093,14941,4.0,4,10,4,34,3,4,6.0,0.0,4.0,0.0,11.0,3.0,4.0,3.0,2.0,1
9094,14292,4.0,2,16,4,34,3,3,11.0,0.0,5.0,0.0,6.0,2.0,5.0,2.0,2.0,1
9095,13482,3.0,12,21,1,66,4,4,7.0,0.0,14.0,9.0,9.0,5.0,5.0,13.0,3.0,1
9096,16169,5.0,41,23,3,247,7,5,1.0,22.0,0.0,22.0,171.0,14.0,0.0,13.0,3.0,1
9097,11601,4.0,26,3,3,81,4,4,2.0,0.0,1.0,0.0,54.0,10.0,1.0,10.0,2.0,1
9098,1117,3.0,10,0,2,32,2,2,0.0,0.0,0.0,0.0,24.0,4.0,0.0,3.0,0.0,0
9099,14573,4.0,13,6,3,67,6,5,5.0,0.0,1.0,0.0,37.0,10.0,1.0,10.0,2.0,1
9100,1756,4.0,9,0,2,35,2,3,0.0,0.0,0.0,0.0,24.0,5.0,0.0,5.0,0.0,0
9101,497,4.0,15,0,2,42,2,2,0.0,0.0,0.0,0.0,33.0,4.0,0.0,4.0,0.0,0
9102,6751,3.0,13,0,2,44,3,2,0.0,0.0,0.0,0.0,32.0,5.0,0.0,5.0,1.0,0
9103,12300,4.0,2,16,4,34,3,3,11.0,0.0,5.0,0.0,6.0,2.0,5.0,2.0,2.0,1
9104,870,3.0,6,0,1,18,3,1,0.0,0.0,0.0,0.0,11.0,3.0,0.0,3.0,0.0,0
9105,3357,3.0,4,0,1,13,2,1,0.0,0.0,0.0,0.0,9.0,2.0,0.0,1.0,0.0,0
9106,9104,3.0,5,0,1,19,3,1,0.0,0.0,0.0,0.0,13.0,3.0,0.0,2.0,0.0,0
9107,7678,4.0,18,0,4,67,4,6,0.0,0.0,0.0,0.0,45.0,10.0,0.0,10.0,1.0,0
9108,721,4.0,21,8,1,58,3,5,7.0,0.0,1.0,0.0,36.0,6.0,1.0,6.0,0.0,0
9109,10997,3.0,8,0,2,34,3,1,0.0,0.0,0.0,0.0,25.0,4.0,0.0,4.0,0.0,1
9110,11265,4.0,7,0,3,44,3,4,0.0,0.0,0.0,0.0,29.0,6.0,0.0,6.0,2.0,1
9111,886,4.0,6,0,1,25,3,1,0.0,0.0,0.0,0.0,17.0,4.0,0.0,3.0,0.0,0
9112,19615,4.0,8,0,2,31,4,2,0.0,0.0,0.0,0.0,20.0,4.0,0.0,4.0,2.0,1
9113,17878,4.0,21,0,4,76,4,5,0.0,0.0,0.0,0.0,52.0,10.0,0.0,10.0,3.0,1
9114,18624,4.0,6,12,3,40,2,3,9.0,0.0,3.0,1.0,17.0,3.0,2.0,4.0,0.0,1
9115,8347,4.0,13,0,2,49,3,4,0.0,0.0,0.0,0.0,31.0,9.0,0.0,8.0,0.0,0
9116,9712,3.0,7,0,1,21,2,1,0.0,0.0,0.0,0.0,17.0,2.0,0.0,1.0,0.0,0
9117,15588,4.0,7,9,2,32,1,0,7.0,1.0,1.0,1.0,18.0,1.0,1.0,1.0,0.0,1
9118,8102,4.0,32,15,2,132,3,4,13.0,1.0,0.0,0.0,85.0,16.0,2.0,14.0,0.0,0
9119,4876,4.0,28,4,2,79,3,3,3.0,0.0,1.0,0.0,53.0,10.0,1.0,10.0,0.0,0
9120,10938,3.0,10,0,3,32,2,1,0.0,0.0,0.0,0.0,23.0,4.0,0.0,4.0,0.0,1
9121,16583,4.0,19,0,1,66,4,7,0.0,0.0,0.0,0.0,48.0,8.0,0.0,7.0,2.0,1
9122,16650,4.0,25,4,4,100,7,3,2.0,0.0,1.0,0.0,61.0,16.0,2.0,15.0,2.0,1
9123,314,4.0,22,9,1,93,4,6,6.0,0.0,2.0,1.0,53.0,13.0,2.0,13.0,2.0,0
9124,18329,4.0,18,1,5,88,5,12,0.0,0.0,1.0,1.0,46.0,16.0,0.0,17.0,6.0,1
9125,18954,4.0,14,2,3,67,4,4,1.0,0.0,1.0,0.0,44.0,8.0,1.0,8.0,3.0,1
9126,16565,4.0,12,0,3,47,4,3,0.0,0.0,0.0,0.0,28.0,8.0,0.0,8.0,2.0,1
9127,17538,4.0,17,0,1,54,4,4,0.0,0.0,0.0,0.0,41.0,5.0,0.0,5.0,2.0,1
9128,4204,4.0,14,10,1,60,3,3,9.0,0.0,0.0,0.0,34.0,8.0,1.0,7.0,0.0,0
9129,5850,4.0,8,0,2,26,3,1,0.0,0.0,0.0,0.0,18.0,4.0,0.0,3.0,0.0,0
9130,6129,4.0,5,0,2,33,2,2,0.0,0.0,0.0,0.0,24.0,4.0,0.0,4.0,0.0,0
9131,5447,4.0,11,0,2,41,2,3,0.0,0.0,0.0,0.0,30.0,5.0,0.0,5.0,0.0,0
9132,3129,4.0,8,0,2,31,3,1,0.0,0.0,0.0,0.0,23.0,4.0,0.0,3.0,0.0,0
9133,15632,4.0,11,1,4,54,3,4,0.0,0.0,0.0,0.0,37.0,7.0,1.0,6.0,2.0,1
9134,1996,4.0,16,0,2,49,5,1,0.0,0.0,0.0,0.0,32.0,8.0,0.0,8.0,0.0,0
9135,910,3.0,8,0,1,31,3,2,0.0,0.0,0.0,0.0,22.0,4.0,0.0,4.0,0.0,0
9136,3968,3.0,8,0,2,31,2,1,0.0,0.0,0.0,0.0,25.0,3.0,0.0,2.0,0.0,0
9137,16628,4.0,17,0,2,58,4,4,0.0,0.0,0.0,0.0,39.0,8.0,0.0,8.0,2.0,1
9138,2979,3.0,7,0,2,27,2,1,0.0,0.0,0.0,0.0,21.0,3.0,0.0,2.0,0.0,0
9139,10165,4.0,5,4,3,37,5,3,3.0,0.0,0.0,0.0,17.0,7.0,1.0,6.0,2.0,1
9140,336,3.0,5,0,1,18,5,1,0.0,0.0,0.0,0.0,9.0,4.0,0.0,3.0,1.0,0
9141,10956,4.0,11,6,1,47,5,4,5.0,0.0,0.0,1.0,26.0,6.0,0.0,6.0,2.0,1
9142,2547,3.0,13,0,1,32,2,3,0.0,0.0,0.0,0.0,24.0,4.0,0.0,3.0,0.0,0
9143,18354,4.0,14,6,2,65,4,8,4.0,0.0,2.0,0.0,37.0,9.0,2.0,8.0,2.0,1
9144,16706,4.0,19,8,2,121,7,5,0.0,6.0,1.0,8.0,78.0,12.0,0.0,13.0,2.0,1
9145,2985,4.0,21,28,3,123,8,4,22.0,0.0,6.0,0.0,56.0,15.0,6.0,15.0,2.0,0
9146,10878,3.0,13,1,2,40,3,3,0.0,0.0,1.0,1.0,26.0,5.0,0.0,6.0,0.0,1
9147,4620,4.0,6,7,1,30,3,3,5.0,1.0,1.0,1.0,12.0,4.0,1.0,4.0,0.0,0
9148,6531,4.0,22,2,6,93,6,8,0.0,0.0,1.0,2.0,50.0,18.0,0.0,19.0,2.0,0
9149,11669,3.0,10,0,2,30,2,0,0.0,0.0,0.0,0.0,21.0,4.0,0.0,4.0,0.0,1
9150,16128,4.0,45,7,3,164,8,3,3.0,0.0,3.0,0.0,99.0,26.0,4.0,25.0,3.0,1
9151,3558,4.0,16,9,3,65,5,2,8.0,0.0,1.0,0.0,38.0,8.0,1.0,8.0,0.0,0
9152,13907,4.0,35,12,3,134,8,3,8.0,0.0,4.0,1.0,78.0,18.0,3.0,19.0,2.0,1
9153,11001,4.0,18,2,3,72,4,5,1.0,0.0,1.0,0.0,50.0,8.0,1.0,8.0,2.0,1
9154,4820,4.0,10,0,1,31,4,1,0.0,0.0,0.0,0.0,22.0,4.0,0.0,4.0,0.0,0
9155,13053,3.0,5,0,1,18,1,0,0.0,0.0,0.0,0.0,15.0,1.0,0.0,1.0,0.0,1
9156,18121,4.0,13,5,3,51,4,4,3.0,2.0,0.0,1.0,28.0,7.0,1.0,6.0,2.0,1
9157,14248,3.0,6,0,2,19,1,0,0.0,0.0,0.0,0.0,14.0,2.0,0.0,2.0,0.0,1
9158,13438,4.0,32,8,2,107,8,3,5.0,0.0,3.0,1.0,64.0,14.0,2.0,15.0,2.0,1
9159,3416,4.0,12,5,1,44,3,3,4.0,0.0,0.0,0.0,29.0,5.0,1.0,4.0,0.0,0
9160,307,3.0,11,0,2,29,3,2,0.0,0.0,0.0,0.0,19.0,5.0,0.0,4.0,0.0,0
9161,7869,4.0,23,22,4,108,6,2,16.0,0.0,5.0,4.0,52.0,12.0,2.0,15.0,1.0,0
9162,12100,4.0,6,44,4,104,4,4,26.0,16.0,2.0,16.0,25.0,7.0,2.0,7.0,2.0,1
9163,17478,4.0,18,0,2,71,4,4,0.0,0.0,0.0,0.0,52.0,8.0,0.0,8.0,2.0,1
9164,348,3.0,7,0,1,23,2,1,0.0,0.0,0.0,0.0,19.0,2.0,0.0,1.0,0.0,0
9165,5918,4.0,7,0,1,24,2,2,0.0,0.0,0.0,0.0,18.0,3.0,0.0,2.0,0.0,0
9166,18805,4.0,12,16,2,67,4,5,9.0,0.0,6.0,0.0,29.0,7.0,7.0,6.0,2.0,1
9167,13488,3.0,12,0,2,53,2,4,0.0,0.0,0.0,0.0,41.0,6.0,0.0,5.0,0.0,1
9168,7243,4.0,13,4,3,52,4,3,3.0,0.0,0.0,0.0,32.0,8.0,1.0,7.0,0.0,0
9169,19521,4.0,10,2,2,40,3,4,1.0,1.0,0.0,0.0,25.0,5.0,1.0,4.0,2.0,1
9170,14079,4.0,6,0,2,32,3,3,0.0,0.0,0.0,0.0,21.0,4.0,0.0,4.0,2.0,1
9171,4482,4.0,22,2,2,72,3,3,1.0,0.0,1.0,1.0,49.0,9.0,0.0,10.0,0.0,0
9172,11145,4.0,15,0,2,56,4,4,0.0,0.0,0.0,0.0,37.0,8.0,0.0,8.0,2.0,1
9173,11874,4.0,25,3,3,86,7,3,2.0,0.0,0.0,0.0,53.0,14.0,1.0,13.0,2.0,1
9174,9759,4.0,26,0,1,83,3,6,0.0,0.0,0.0,0.0,59.0,12.0,0.0,11.0,0.0,0
9175,9421,4.0,19,0,2,58,3,3,0.0,0.0,0.0,0.0,45.0,6.0,0.0,6.0,0.0,0
9176,10245,4.0,13,1,3,45,3,3,0.0,0.0,1.0,1.0,29.0,6.0,0.0,7.0,0.0,1
9177,14520,3.0,16,31,1,99,4,4,8.0,2.0,21.0,15.0,11.0,9.0,8.0,21.0,3.0,1
9178,14141,4.0,7,0,3,38,3,3,0.0,0.0,0.0,0.0,25.0,5.0,0.0,5.0,2.0,1
9179,8263,4.0,8,0,1,25,2,1,0.0,0.0,0.0,0.0,20.0,2.0,0.0,2.0,0.0,0
9180,16467,4.0,16,4,2,65,7,4,3.0,0.0,0.0,0.0,35.0,12.0,1.0,11.0,2.0,1
9181,6855,4.0,11,9,2,58,3,2,7.0,0.0,2.0,0.0,32.0,7.0,2.0,7.0,0.0,0
9182,14757,4.0,11,0,2,35,4,3,0.0,0.0,0.0,0.0,23.0,4.0,0.0,4.0,3.0,1
9183,15356,4.0,9,8,2,40,3,4,7.0,0.0,1.0,0.0,20.0,4.0,1.0,4.0,2.0,1
9184,14943,4.0,25,8,5,110,5,6,6.0,2.0,0.0,2.0,72.0,12.0,0.0,12.0,3.0,1
9185,8597,3.0,3,0,1,15,2,1,0.0,0.0,0.0,0.0,11.0,2.0,0.0,1.0,0.0,0
9186,16973,3.0,12,2,1,43,3,4,1.0,1.0,0.0,1.0,29.0,4.0,0.0,4.0,2.0,1
9187,2785,3.0,7,0,1,17,2,1,0.0,0.0,0.0,0.0,13.0,2.0,0.0,1.0,0.0,0
9188,6901,4.0,16,13,1,69,3,3,11.0,1.0,0.0,0.0,35.0,10.0,2.0,8.0,1.0,0
9189,13548,4.0,5,0,2,25,2,2,0.0,0.0,0.0,0.0,17.0,4.0,0.0,3.0,0.0,1
9190,1666,4.0,17,0,3,57,2,4,0.0,0.0,0.0,0.0,42.0,7.0,0.0,7.0,0.0,0
9191,7579,4.0,24,0,2,73,3,2,0.0,0.0,0.0,0.0,50.0,11.0,0.0,11.0,0.0,0
9192,5570,4.0,28,7,2,107,6,1,4.0,0.0,3.0,0.0,60.0,17.0,3.0,17.0,2.0,0
9193,9949,3.0,10,0,1,27,2,1,0.0,0.0,0.0,0.0,22.0,2.0,0.0,2.0,0.0,0
9194,52,4.0,16,17,3,101,5,3,8.0,1.0,8.0,3.0,43.0,13.0,6.0,15.0,3.0,0
9195,16320,4.0,29,35,2,133,4,6,9.0,1.0,25.0,16.0,26.0,14.0,10.0,28.0,3.0,1
9196,6263,4.0,13,0,1,43,3,2,0.0,0.0,0.0,0.0,32.0,5.0,0.0,5.0,0.0,0
9197,1445,4.0,38,0,2,107,4,6,0.0,0.0,0.0,0.0,74.0,15.0,0.0,15.0,2.0,0
9198,16109,4.0,21,3,3,57,2,3,1.0,0.0,2.0,2.0,41.0,4.0,0.0,6.0,0.0,1
9199,14821,4.0,7,0,2,34,3,3,0.0,0.0,0.0,0.0,23.0,4.0,0.0,4.0,2.0,1
9200,3258,4.0,14,5,2,47,4,2,4.0,0.0,0.0,0.0,30.0,6.0,1.0,5.0,0.0,0
9201,1695,4.0,21,0,1,71,3,3,0.0,0.0,0.0,0.0,50.0,9.0,0.0,9.0,2.0,0
9202,11084,4.0,27,3,2,88,7,3,1.0,0.0,1.0,0.0,58.0,12.0,2.0,11.0,2.0,1
9203,13383,3.0,11,0,2,45,2,4,0.0,0.0,0.0,0.0,33.0,6.0,0.0,5.0,0.0,1
9204,1574,4.0,9,1,1,31,5,1,0.0,1.0,0.0,1.0,18.0,5.0,0.0,5.0,0.0,0
9205,17264,4.0,15,1,2,58,4,4,0.0,1.0,0.0,0.0,42.0,6.0,1.0,5.0,2.0,1
9206,11395,3.0,11,0,2,40,4,3,0.0,0.0,0.0,0.0,26.0,7.0,0.0,6.0,0.0,1
9207,4405,4.0,26,6,3,70,2,6,5.0,0.0,1.0,1.0,45.0,8.0,0.0,9.0,0.0,0
9208,1630,4.0,11,0,3,44,2,2,0.0,0.0,0.0,0.0,33.0,5.0,0.0,5.0,0.0,0
9209,269,4.0,18,11,2,79,2,8,5.0,6.0,0.0,5.0,43.0,10.0,1.0,8.0,0.0,0
9210,1881,4.0,16,1,4,49,3,3,0.0,0.0,1.0,1.0,31.0,7.0,0.0,8.0,0.0,0
9211,14523,4.0,10,8,3,58,4,8,5.0,0.0,3.0,0.0,30.0,7.0,3.0,6.0,3.0,1
9212,13304,3.0,9,0,3,34,3,3,0.0,0.0,0.0,0.0,22.0,5.0,0.0,4.0,2.0,1
9213,13900,5.0,23,8,1,118,3,5,1.0,6.0,1.0,7.0,92.0,4.0,0.0,4.0,2.0,1
9214,5074,3.0,8,3,2,25,2,1,1.0,0.0,2.0,2.0,16.0,1.0,0.0,2.0,0.0,0
9215,5509,3.0,5,1,2,19,2,1,0.0,0.0,1.0,1.0,12.0,2.0,0.0,2.0,0.0,0
9216,18841,3.0,7,0,2,33,4,3,0.0,0.0,0.0,0.0,20.0,5.0,0.0,5.0,2.0,1
9217,16525,4.0,7,6,3,50,4,6,4.0,0.0,2.0,1.0,23.0,7.0,1.0,8.0,3.0,1
9218,9040,4.0,21,0,1,69,3,2,0.0,0.0,0.0,0.0,44.0,12.0,0.0,12.0,0.0,0
9219,16793,4.0,11,0,3,39,3,2,0.0,0.0,0.0,0.0,27.0,5.0,0.0,5.0,1.0,1
9220,16914,4.0,13,0,5,69,3,7,0.0,0.0,0.0,0.0,44.0,11.0,0.0,11.0,2.0,1
9221,2535,4.0,8,13,3,42,2,1,11.0,0.0,2.0,1.0,21.0,2.0,1.0,3.0,0.0,0
9222,11069,4.0,10,0,3,42,3,4,0.0,0.0,0.0,0.0,25.0,8.0,0.0,8.0,0.0,1
9223,18677,4.0,23,2,3,100,4,6,0.0,0.0,2.0,0.0,67.0,13.0,2.0,13.0,2.0,1
9224,14680,4.0,35,6,3,124,8,3,3.0,0.0,3.0,0.0,74.0,19.0,3.0,19.0,2.0,1
9225,186,4.0,30,7,2,91,3,2,5.0,0.0,1.0,0.0,55.0,14.0,2.0,13.0,0.0,0
9226,11971,5.0,28,21,2,143,5,4,6.0,14.0,1.0,15.0,90.0,7.0,0.0,7.0,2.0,1
9227,10022,4.0,14,4,2,68,6,4,3.0,0.0,1.0,1.0,40.0,9.0,0.0,10.0,3.0,1
9228,5558,3.0,7,0,1,23,3,1,0.0,0.0,0.0,0.0,16.0,3.0,0.0,3.0,0.0,0
9229,19598,4.0,25,6,2,101,8,3,3.0,1.0,2.0,0.0,62.0,14.0,3.0,13.0,2.0,1
9230,7185,3.0,10,0,1,30,2,1,0.0,0.0,0.0,0.0,25.0,2.0,0.0,2.0,0.0,0
9231,4143,4.0,10,7,2,40,2,3,6.0,0.0,1.0,0.0,23.0,4.0,1.0,4.0,0.0,0
9232,17590,4.0,9,3,3,39,3,1,2.0,0.0,1.0,1.0,25.0,4.0,0.0,5.0,0.0,1
9233,18092,4.0,13,0,3,51,4,3,0.0,0.0,0.0,0.0,36.0,6.0,0.0,6.0,2.0,1
9234,13638,4.0,26,4,4,93,7,3,2.0,0.0,1.0,0.0,58.0,14.0,2.0,13.0,2.0,1
9235,6587,5.0,66,56,3,345,9,3,14.0,38.0,4.0,35.0,205.0,21.0,7.0,18.0,2.0,0
9236,1234,4.0,20,8,1,76,3,4,6.0,0.0,2.0,0.0,41.0,12.0,2.0,12.0,0.0,0
9237,3109,3.0,10,0,2,39,3,2,0.0,0.0,0.0,0.0,25.0,7.0,0.0,6.0,0.0,0
9238,19955,4.0,9,0,2,39,3,4,0.0,0.0,0.0,0.0,26.0,6.0,0.0,5.0,1.0,1
9239,3915,5.0,17,7,2,90,6,2,1.0,5.0,1.0,6.0,60.0,8.0,0.0,8.0,0.0,0
9240,446,3.0,6,0,1,20,3,1,0.0,0.0,0.0,0.0,14.0,3.0,0.0,2.0,0.0,0
9241,18856,4.0,3,13,5,37,4,3,8.0,0.0,5.0,0.0,8.0,4.0,5.0,4.0,2.0,1
9242,14031,4.0,2,16,4,34,3,3,11.0,0.0,5.0,0.0,6.0,2.0,5.0,2.0,2.0,1
9243,844,3.0,5,0,1,18,2,1,0.0,0.0,0.0,0.0,14.0,2.0,0.0,1.0,0.0,0
9244,5201,4.0,7,7,1,29,2,3,5.0,0.0,2.0,0.0,16.0,2.0,2.0,1.0,0.0,0
9245,7124,3.0,6,0,3,27,2,1,0.0,0.0,0.0,0.0,19.0,4.0,0.0,3.0,0.0,0
9246,11994,3.0,1,16,4,30,3,3,11.0,0.0,5.0,0.0,3.0,1.0,5.0,1.0,3.0,1
9247,18320,4.0,20,18,4,73,4,4,11.0,7.0,0.0,7.0,29.0,8.0,0.0,8.0,2.0,1
9248,18100,4.0,35,5,3,126,8,3,2.0,0.0,2.0,0.0,81.0,18.0,3.0,17.0,2.0,1
9249,17616,4.0,48,6,3,159,8,4,2.0,0.0,3.0,0.0,103.0,22.0,4.0,21.0,3.0,1
9250,2440,4.0,19,10,1,66,3,3,9.0,0.0,0.0,0.0,40.0,8.0,1.0,7.0,0.0,0
9251,3103,4.0,9,0,3,37,2,2,0.0,0.0,0.0,0.0,26.0,5.0,0.0,5.0,0.0,0
9252,11088,4.0,11,1,3,43,3,3,0.0,0.0,1.0,0.0,28.0,6.0,1.0,6.0,0.0,1
9253,7692,4.0,39,17,2,146,8,4,3.0,4.0,10.0,7.0,66.0,20.0,7.0,23.0,5.0,0
9254,4774,4.0,26,8,1,95,4,8,5.0,0.0,3.0,0.0,56.0,13.0,3.0,12.0,2.0,0
9255,9718,4.0,9,2,2,40,3,3,1.0,0.0,1.0,0.0,26.0,5.0,1.0,5.0,0.0,0
9256,6974,4.0,11,8,2,65,3,7,5.0,0.0,3.0,0.0,35.0,9.0,3.0,9.0,0.0,0
9257,6094,4.0,9,7,1,42,3,3,6.0,0.0,1.0,0.0,25.0,4.0,1.0,4.0,0.0,0
9258,9486,3.0,6,7,1,27,2,3,6.0,0.0,1.0,1.0,11.0,3.0,0.0,4.0,0.0,0
9259,2153,5.0,32,48,3,199,8,3,13.0,31.0,3.0,34.0,87.0,12.0,1.0,14.0,3.0,0
9260,5518,4.0,18,0,2,54,5,1,0.0,0.0,0.0,0.0,39.0,7.0,0.0,7.0,0.0,0
9261,17963,3.0,15,0,2,45,3,3,0.0,0.0,0.0,0.0,32.0,6.0,0.0,6.0,0.0,1
9262,13223,3.0,9,0,1,25,2,0,0.0,0.0,0.0,0.0,18.0,3.0,0.0,3.0,0.0,1
9263,5067,3.0,11,0,2,28,2,2,0.0,0.0,0.0,0.0,19.0,4.0,0.0,4.0,0.0,0
9264,11634,4.0,13,6,3,67,6,5,5.0,0.0,1.0,0.0,37.0,10.0,1.0,10.0,2.0,1
9265,18423,4.0,9,0,2,34,2,2,0.0,0.0,0.0,0.0,26.0,4.0,0.0,3.0,0.0,1
9266,687,4.0,12,2,2,35,3,1,1.0,1.0,0.0,1.0,23.0,4.0,0.0,4.0,0.0,0
9267,5208,4.0,31,8,2,112,3,5,5.0,0.0,3.0,0.0,73.0,14.0,3.0,13.0,0.0,0
9268,11029,3.0,8,0,3,34,3,1,0.0,0.0,0.0,0.0,23.0,5.0,0.0,5.0,0.0,1
9269,776,4.0,22,7,1,73,3,3,6.0,0.0,1.0,1.0,44.0,10.0,0.0,10.0,0.0,0
9270,8417,3.0,4,0,2,22,2,2,0.0,0.0,0.0,0.0,13.0,4.0,0.0,4.0,0.0,0
9271,6327,4.0,14,16,3,64,3,5,13.0,0.0,2.0,0.0,32.0,7.0,3.0,6.0,0.0,0
9272,6324,3.0,8,0,1,28,2,2,0.0,0.0,0.0,0.0,21.0,3.0,0.0,3.0,0.0,0
9273,10345,4.0,25,5,3,92,7,3,2.0,0.0,2.0,1.0,56.0,13.0,2.0,13.0,2.0,1
9274,13750,4.0,30,4,3,105,7,3,2.0,0.0,2.0,0.0,68.0,14.0,2.0,14.0,2.0,1
9275,4920,4.0,24,8,3,112,8,3,0.0,7.0,1.0,1.0,68.0,15.0,7.0,9.0,3.0,0
9276,18712,3.0,3,1,2,16,2,1,0.0,0.0,1.0,1.0,8.0,2.0,0.0,3.0,0.0,1
9277,9182,3.0,7,0,1,21,2,1,0.0,0.0,0.0,0.0,16.0,2.0,0.0,2.0,0.0,0
9278,2782,3.0,3,0,2,20,2,2,0.0,0.0,0.0,0.0,11.0,4.0,0.0,4.0,0.0,0
9279,3318,4.0,11,0,2,47,2,4,0.0,0.0,0.0,0.0,34.0,6.0,0.0,6.0,0.0,0
9280,3136,4.0,23,7,1,86,7,6,0.0,4.0,2.0,2.0,48.0,12.0,5.0,9.0,3.0,0
9281,18402,4.0,17,0,3,55,5,2,0.0,0.0,0.0,0.0,36.0,9.0,0.0,9.0,0.0,1
9282,5462,4.0,12,0,2,48,2,4,0.0,0.0,0.0,0.0,35.0,6.0,0.0,6.0,0.0,0
9283,13757,3.0,4,0,1,15,1,0,0.0,0.0,0.0,0.0,12.0,1.0,0.0,1.0,0.0,1
9284,17746,4.0,2,15,4,33,3,3,10.0,0.0,5.0,0.0,6.0,2.0,5.0,2.0,2.0,1
9285,3183,3.0,9,0,2,29,2,1,0.0,0.0,0.0,0.0,22.0,3.0,0.0,3.0,0.0,0
9286,18557,3.0,10,1,3,44,4,4,0.0,0.0,0.0,0.0,25.0,8.0,1.0,7.0,2.0,1
9287,7522,4.0,54,11,2,170,3,2,8.0,1.0,1.0,1.0,110.0,23.0,2.0,22.0,1.0,0
9288,17309,4.0,13,0,1,51,3,7,0.0,0.0,0.0,0.0,34.0,7.0,0.0,7.0,2.0,1
9289,6381,4.0,33,8,1,122,4,4,6.0,0.0,2.0,1.0,72.0,18.0,1.0,19.0,2.0,0
9290,3199,4.0,7,6,1,33,4,1,5.0,0.0,0.0,0.0,19.0,4.0,1.0,3.0,0.0,0
9291,17457,4.0,16,23,3,74,3,6,17.0,5.0,1.0,5.0,28.0,7.0,1.0,7.0,2.0,1
9292,1289,3.0,6,0,2,21,3,1,0.0,0.0,0.0,0.0,13.0,4.0,0.0,3.0,0.0,0
9293,12773,3.0,5,0,1,18,1,0,0.0,0.0,0.0,0.0,15.0,1.0,0.0,1.0,0.0,1
9294,18620,4.0,20,1,3,68,7,3,0.0,0.0,0.0,0.0,43.0,11.0,1.0,10.0,2.0,1
9295,10692,4.0,36,9,4,130,8,3,5.0,0.0,3.0,0.0,76.0,20.0,4.0,19.0,2.0,1
9296,19535,4.0,27,7,2,106,8,3,3.0,0.0,3.0,1.0,59.0,17.0,3.0,17.0,2.0,1
9297,10335,4.0,24,4,2,87,8,3,2.0,0.0,1.0,0.0,54.0,13.0,2.0,12.0,2.0,1
9298,19564,4.0,9,17,2,81,7,3,7.0,0.0,9.0,1.0,28.0,12.0,9.0,12.0,2.0,1
9299,17296,4.0,11,6,3,45,3,4,4.0,0.0,2.0,1.0,25.0,4.0,1.0,5.0,2.0,1
9300,19068,4.0,26,3,3,94,8,3,1.0,0.0,1.0,0.0,58.0,15.0,2.0,14.0,2.0,1
9301,7542,3.0,11,0,1,30,2,1,0.0,0.0,0.0,0.0,25.0,2.0,0.0,2.0,0.0,0
9302,12318,4.0,9,0,2,38,4,4,0.0,0.0,0.0,0.0,23.0,6.0,0.0,6.0,2.0,1
9303,11905,4.0,29,3,3,119,8,3,0.0,0.0,2.0,0.0,78.0,17.0,3.0,16.0,2.0,1
9304,19611,4.0,5,0,3,32,3,3,0.0,0.0,0.0,0.0,18.0,6.0,0.0,6.0,1.0,1
9305,15830,3.0,1,11,3,27,3,3,7.0,0.0,4.0,0.0,7.0,1.0,4.0,1.0,2.0,1
9306,15735,4.0,43,3,3,143,4,4,2.0,0.0,1.0,0.0,108.0,14.0,1.0,14.0,2.0,1
9307,12158,3.0,4,0,1,14,1,0,0.0,0.0,0.0,0.0,11.0,1.0,0.0,1.0,0.0,1
9308,1879,4.0,27,22,2,115,4,7,18.0,3.0,1.0,3.0,68.0,10.0,1.0,10.0,0.0,0
9309,18490,3.0,9,0,3,31,2,1,0.0,0.0,0.0,0.0,22.0,4.0,0.0,4.0,0.0,1
9310,12453,4.0,18,0,3,65,7,3,0.0,0.0,0.0,0.0,42.0,10.0,0.0,10.0,2.0,1
9311,6079,3.0,6,7,1,31,2,3,6.0,0.0,1.0,1.0,15.0,3.0,0.0,4.0,0.0,0
9312,5457,3.0,8,3,1,31,3,3,1.0,2.0,0.0,2.0,13.0,6.0,0.0,6.0,0.0,0
9313,16913,3.0,6,0,1,28,3,3,0.0,0.0,0.0,0.0,20.0,3.0,0.0,2.0,2.0,1
9314,18790,4.0,14,3,2,63,8,3,2.0,0.0,0.0,0.0,38.0,10.0,1.0,9.0,2.0,1
9315,11349,3.0,5,0,1,13,1,0,0.0,0.0,0.0,0.0,10.0,1.0,0.0,1.0,0.0,1
9316,12057,4.0,21,3,2,76,4,6,1.0,0.0,2.0,0.0,52.0,8.0,2.0,8.0,2.0,1
9317,2148,3.0,12,0,2,33,3,2,0.0,0.0,0.0,0.0,22.0,5.0,0.0,5.0,0.0,0
9318,4131,3.0,11,0,3,33,2,1,0.0,0.0,0.0,0.0,25.0,4.0,0.0,3.0,0.0,0
9319,1036,4.0,14,0,2,43,3,2,0.0,0.0,0.0,0.0,33.0,5.0,0.0,4.0,0.0,0
9320,8828,3.0,8,0,2,29,2,2,0.0,0.0,0.0,0.0,20.0,4.0,0.0,4.0,0.0,0
9321,19549,4.0,43,7,3,138,8,3,4.0,0.0,2.0,0.0,87.0,20.0,3.0,19.0,2.0,1
9322,15408,4.0,25,1,4,88,7,3,0.0,0.0,0.0,0.0,59.0,13.0,1.0,12.0,2.0,1
9323,16468,3.0,8,1,3,34,3,1,0.0,0.0,1.0,1.0,22.0,4.0,0.0,5.0,0.0,1
9324,4134,4.0,44,6,1,149,10,5,2.0,3.0,1.0,0.0,95.0,21.0,4.0,18.0,4.0,0
9325,649,3.0,10,0,2,34,2,1,0.0,0.0,0.0,0.0,28.0,3.0,0.0,2.0,0.0,0
9326,9275,4.0,20,14,11,89,3,2,9.0,0.0,4.0,0.0,49.0,11.0,5.0,10.0,0.0,0
9327,6711,4.0,17,0,3,47,2,2,0.0,0.0,0.0,0.0,36.0,5.0,0.0,5.0,0.0,0
9328,861,4.0,9,7,2,47,3,3,6.0,0.0,1.0,0.0,28.0,5.0,1.0,5.0,0.0,0
9329,13404,3.0,9,0,2,29,2,3,0.0,0.0,0.0,0.0,19.0,5.0,0.0,4.0,0.0,1
9330,9095,4.0,15,6,2,58,5,3,5.0,0.0,1.0,0.0,34.0,8.0,1.0,8.0,0.0,0
9331,191,4.0,13,4,1,54,3,5,0.0,2.0,2.0,1.0,26.0,10.0,3.0,9.0,0.0,0
9332,8301,4.0,23,0,3,80,3,7,0.0,0.0,0.0,0.0,57.0,11.0,0.0,11.0,0.0,0
9333,6026,4.0,61,93,2,334,8,3,27.0,14.0,52.0,29.0,76.0,38.0,37.0,53.0,7.0,0
9334,19308,4.0,5,12,4,38,3,4,7.0,0.0,4.0,1.0,13.0,3.0,4.0,3.0,2.0,1
9335,1942,3.0,5,6,1,23,2,2,5.0,0.0,0.0,0.0,11.0,3.0,1.0,2.0,0.0,0
9336,10295,4.0,13,6,2,66,3,10,4.0,0.0,1.0,0.0,37.0,10.0,2.0,9.0,2.0,1
9337,4331,3.0,8,0,1,22,2,1,0.0,0.0,0.0,0.0,18.0,2.0,0.0,1.0,0.0,0
9338,19139,4.0,25,4,3,94,7,3,2.0,0.0,1.0,0.0,61.0,13.0,2.0,12.0,2.0,1
9339,8775,4.0,24,5,6,93,6,8,2.0,1.0,1.0,2.0,49.0,17.0,1.0,17.0,2.0,0
9340,14119,4.0,5,4,4,36,4,1,3.0,0.0,0.0,0.0,18.0,7.0,1.0,6.0,0.0,1
9341,10232,4.0,14,0,3,52,4,4,0.0,0.0,0.0,0.0,34.0,8.0,0.0,8.0,1.0,1
9342,7972,4.0,12,0,2,36,3,3,0.0,0.0,0.0,0.0,24.0,6.0,0.0,5.0,0.0,0
9343,3970,4.0,13,0,1,44,3,2,0.0,0.0,0.0,0.0,31.0,6.0,0.0,6.0,0.0,0
9344,18406,4.0,11,0,3,36,2,2,0.0,0.0,0.0,0.0,25.0,5.0,0.0,5.0,0.0,1
9345,6628,4.0,15,0,3,41,3,1,0.0,0.0,0.0,0.0,30.0,5.0,0.0,5.0,0.0,0
9346,17916,4.0,10,0,3,45,3,3,0.0,0.0,0.0,0.0,32.0,5.0,0.0,5.0,2.0,1
9347,12851,4.0,11,2,2,51,5,4,1.0,0.0,0.0,0.0,33.0,7.0,1.0,6.0,2.0,1
9348,15263,3.0,6,0,1,19,2,2,0.0,0.0,0.0,0.0,13.0,3.0,0.0,2.0,0.0,1
9349,13193,4.0,16,3,3,74,7,3,2.0,0.0,1.0,0.0,49.0,9.0,1.0,9.0,2.0,1
9350,2775,3.0,7,0,2,26,3,1,0.0,0.0,0.0,0.0,17.0,4.0,0.0,4.0,0.0,0
9351,17124,4.0,37,6,3,123,8,3,3.0,0.0,2.0,0.0,75.0,19.0,3.0,18.0,2.0,1
9352,4145,4.0,39,15,2,140,4,7,11.0,0.0,4.0,0.0,83.0,18.0,4.0,17.0,2.0,0
9353,10515,4.0,13,0,2,44,3,3,0.0,0.0,0.0,0.0,33.0,4.0,0.0,4.0,2.0,1
9354,8954,4.0,17,8,2,57,2,2,7.0,1.0,0.0,0.0,40.0,4.0,1.0,3.0,0.0,0
9355,18234,2.0,3,0,2,13,1,0,0.0,0.0,0.0,0.0,8.0,2.0,0.0,2.0,0.0,1
9356,2617,4.0,21,0,2,58,3,3,0.0,0.0,0.0,0.0,41.0,8.0,0.0,8.0,0.0,0
9357,2411,4.0,22,6,1,68,3,3,5.0,0.0,1.0,0.0,43.0,9.0,1.0,8.0,0.0,0
9358,1094,4.0,27,9,1,105,4,8,5.0,0.0,4.0,0.0,58.0,16.0,4.0,15.0,2.0,0
9359,6065,3.0,16,0,1,46,3,2,0.0,0.0,0.0,0.0,35.0,5.0,0.0,5.0,0.0,0
9360,15457,3.0,9,0,2,27,2,1,0.0,0.0,0.0,0.0,20.0,3.0,0.0,3.0,0.0,1
9361,1546,3.0,11,0,1,30,3,1,0.0,0.0,0.0,0.0,21.0,4.0,0.0,4.0,0.0,0
9362,4589,4.0,14,8,2,52,3,1,7.0,0.0,1.0,0.0,28.0,7.0,1.0,7.0,0.0,0
9363,6034,3.0,6,0,1,17,2,1,0.0,0.0,0.0,0.0,13.0,2.0,0.0,1.0,0.0,0
9364,9116,4.0,24,10,1,92,4,5,9.0,0.0,1.0,0.0,49.0,15.0,1.0,14.0,2.0,0
9365,15709,4.0,28,27,3,117,7,3,18.0,8.0,0.0,8.0,56.0,12.0,1.0,11.0,2.0,1
9366,6953,3.0,3,0,1,14,2,1,0.0,0.0,0.0,0.0,10.0,2.0,0.0,1.0,0.0,0
9367,3135,4.0,24,8,1,87,5,6,7.0,0.0,0.0,0.0,53.0,12.0,1.0,11.0,2.0,0
9368,3856,4.0,6,0,2,24,2,1,0.0,0.0,0.0,0.0,17.0,3.0,0.0,3.0,0.0,0
9369,13232,4.0,6,0,3,36,3,3,0.0,0.0,0.0,0.0,23.0,5.0,0.0,5.0,2.0,1
9370,15627,4.0,16,0,2,52,5,5,0.0,0.0,0.0,0.0,33.0,8.0,0.0,8.0,2.0,1
9371,19248,4.0,13,0,1,51,4,6,0.0,0.0,0.0,0.0,34.0,7.0,0.0,7.0,2.0,1
9372,13620,3.0,9,0,1,26,2,0,0.0,0.0,0.0,0.0,21.0,2.0,0.0,2.0,0.0,1
9373,14715,4.0,33,2,2,124,4,6,1.0,0.0,1.0,0.0,84.0,17.0,1.0,17.0,2.0,1
9374,6419,3.0,7,2,1,31,3,3,0.0,1.0,1.0,2.0,17.0,4.0,0.0,5.0,0.0,0
9375,14701,4.0,22,1,4,88,4,5,0.0,0.0,0.0,0.0,59.0,13.0,1.0,12.0,2.0,1
9376,3805,4.0,17,10,2,71,4,4,9.0,0.0,0.0,0.0,45.0,8.0,1.0,7.0,0.0,0
9377,18731,4.0,8,3,3,41,5,1,2.0,0.0,0.0,0.0,24.0,7.0,1.0,6.0,0.0,1
9378,10846,3.0,7,0,1,16,1,0,0.0,0.0,0.0,0.0,13.0,1.0,0.0,1.0,0.0,1
9379,16239,4.0,10,0,3,48,4,4,0.0,0.0,0.0,0.0,31.0,7.0,0.0,7.0,2.0,1
9380,7431,5.0,12,19,2,82,6,2,7.0,7.0,4.0,8.0,32.0,9.0,4.0,9.0,1.0,0
9381,15160,3.0,4,0,2,14,1,0,0.0,0.0,0.0,0.0,9.0,2.0,0.0,2.0,0.0,1
9382,6774,4.0,7,13,1,37,4,1,12.0,0.0,0.0,0.0,16.0,4.0,1.0,3.0,0.0,0
9383,18802,4.0,30,4,4,104,7,3,2.0,0.0,1.0,0.0,65.0,16.0,2.0,15.0,2.0,1
9384,14062,3.0,10,21,1,66,4,4,7.0,1.0,13.0,8.0,9.0,6.0,6.0,12.0,3.0,1
9385,464,4.0,16,10,1,56,3,3,8.0,0.0,2.0,0.0,31.0,6.0,2.0,6.0,0.0,0
9386,1257,3.0,5,3,2,24,2,1,2.0,0.0,1.0,1.0,14.0,2.0,0.0,3.0,0.0,0
9387,10020,4.0,39,1,2,123,3,6,0.0,0.0,0.0,0.0,86.0,18.0,1.0,17.0,0.0,1
9388,2259,5.0,165,110,12,927,9,11,15.0,92.0,3.0,71.0,583.0,68.0,24.0,47.0,23.0,0
9389,17446,4.0,7,14,2,51,4,4,8.0,0.0,5.0,0.0,18.0,6.0,6.0,5.0,2.0,1
9390,15266,3.0,10,0,3,27,1,0,0.0,0.0,0.0,0.0,20.0,3.0,0.0,3.0,0.0,1
9391,13384,4.0,22,0,2,61,5,5,0.0,0.0,0.0,0.0,42.0,8.0,0.0,8.0,2.0,1
9392,5630,3.0,4,7,1,25,2,3,6.0,0.0,1.0,1.0,10.0,3.0,0.0,3.0,0.0,0
9393,3327,4.0,16,9,3,65,3,4,8.0,0.0,1.0,0.0,40.0,7.0,1.0,7.0,0.0,0
9394,6231,4.0,20,6,2,85,4,3,5.0,0.0,1.0,0.0,49.0,13.0,1.0,13.0,2.0,0
9395,7382,4.0,16,11,3,76,3,3,7.0,1.0,3.0,2.0,47.0,6.0,2.0,7.0,0.0,0
9396,13492,4.0,19,0,3,61,4,2,0.0,0.0,0.0,0.0,46.0,7.0,0.0,7.0,0.0,1
9397,10394,4.0,14,0,3,53,4,5,0.0,0.0,0.0,0.0,34.0,8.0,0.0,8.0,2.0,1
9398,16865,4.0,11,5,3,49,4,4,2.0,2.0,1.0,2.0,26.0,6.0,1.0,6.0,2.0,1
9399,5047,4.0,8,0,2,28,2,1,0.0,0.0,0.0,0.0,21.0,3.0,0.0,3.0,0.0,0
9400,1262,4.0,36,0,2,114,4,7,0.0,0.0,0.0,0.0,77.0,17.0,0.0,17.0,2.0,0
9401,19010,4.0,10,0,2,41,3,2,0.0,0.0,0.0,0.0,30.0,5.0,0.0,5.0,0.0,1
9402,7212,2.0,1,0,1,10,2,1,0.0,0.0,0.0,0.0,6.0,2.0,0.0,1.0,0.0,0
9403,975,3.0,8,0,2,27,2,1,0.0,0.0,0.0,0.0,21.0,3.0,0.0,2.0,0.0,0
9404,2566,4.0,27,4,2,110,6,4,2.0,0.0,2.0,0.0,64.0,17.0,2.0,16.0,6.0,0
9405,5866,4.0,9,0,2,32,2,2,0.0,0.0,0.0,0.0,23.0,4.0,0.0,4.0,0.0,0
9406,13117,3.0,9,0,1,30,2,3,0.0,0.0,0.0,0.0,22.0,4.0,0.0,3.0,0.0,1
9407,9133,4.0,42,35,8,169,3,9,22.0,12.0,1.0,12.0,87.0,17.0,1.0,16.0,0.0,0
9408,13455,4.0,16,3,3,69,4,7,1.0,0.0,2.0,1.0,44.0,8.0,1.0,9.0,2.0,1
9409,6582,4.0,19,4,1,61,3,4,3.0,0.0,1.0,0.0,42.0,7.0,1.0,6.0,0.0,0
9410,12915,4.0,4,5,3,36,3,3,3.0,1.0,1.0,2.0,17.0,4.0,0.0,5.0,2.0,1
9411,2387,3.0,11,0,2,34,2,2,0.0,0.0,0.0,0.0,25.0,4.0,0.0,4.0,0.0,0
9412,19748,4.0,32,6,3,118,8,3,3.0,0.0,2.0,0.0,74.0,17.0,3.0,16.0,2.0,1
9413,5021,3.0,6,0,1,24,2,3,0.0,0.0,0.0,0.0,16.0,4.0,0.0,3.0,0.0,0
9414,7129,4.0,12,7,2,60,3,5,4.0,0.0,3.0,0.0,33.0,8.0,3.0,8.0,0.0,0
9415,12583,4.0,10,0,3,43,3,3,0.0,0.0,0.0,0.0,30.0,5.0,0.0,5.0,2.0,1
9416,13340,4.0,13,6,2,66,6,5,2.0,0.0,3.0,1.0,36.0,9.0,3.0,9.0,2.0,1
9417,7175,4.0,15,0,3,56,3,3,0.0,0.0,0.0,0.0,37.0,9.0,0.0,9.0,0.0,0
9418,14995,4.0,6,24,3,69,4,8,15.0,1.0,8.0,4.0,24.0,3.0,5.0,6.0,2.0,1
9419,11413,4.0,52,6,3,176,8,3,3.0,0.0,2.0,0.0,116.0,25.0,3.0,24.0,2.0,1
9420,3882,4.0,8,0,2,31,2,1,0.0,0.0,0.0,0.0,24.0,3.0,0.0,3.0,0.0,0
9421,6055,4.0,23,41,4,147,6,4,24.0,16.0,0.0,16.0,62.0,13.0,1.0,12.0,2.0,0
9422,11115,3.0,2,15,4,33,3,3,10.0,0.0,5.0,0.0,6.0,2.0,5.0,2.0,2.0,1
9423,8135,4.0,15,15,3,61,4,2,13.0,1.0,0.0,1.0,31.0,7.0,1.0,6.0,0.0,0
9424,9802,3.0,5,0,1,18,2,1,0.0,0.0,0.0,0.0,14.0,2.0,0.0,1.0,0.0,0
9425,15897,4.0,27,3,3,94,5,5,2.0,0.0,0.0,0.0,71.0,9.0,1.0,8.0,2.0,1
9426,7605,4.0,3,10,1,23,3,1,9.0,0.0,0.0,0.0,7.0,3.0,1.0,2.0,0.0,0
9427,3875,4.0,24,8,1,99,4,7,5.0,0.0,3.0,0.0,60.0,13.0,3.0,12.0,2.0,0
9428,14145,4.0,25,2,3,85,7,4,1.0,0.0,0.0,0.0,55.0,13.0,1.0,12.0,2.0,1
9429,2789,4.0,16,4,2,46,3,4,3.0,0.0,1.0,0.0,29.0,6.0,1.0,5.0,0.0,0
9430,9136,4.0,9,0,1,31,3,1,0.0,0.0,0.0,0.0,22.0,4.0,0.0,4.0,0.0,0
9431,18897,4.0,8,0,4,38,3,3,0.0,0.0,0.0,0.0,23.0,6.0,0.0,6.0,2.0,1
9432,1857,4.0,16,0,2,48,5,2,0.0,0.0,0.0,0.0,31.0,8.0,0.0,7.0,1.0,0
9433,18682,3.0,8,0,1,24,2,3,0.0,0.0,0.0,0.0,16.0,4.0,0.0,3.0,0.0,1
9434,4108,4.0,27,8,5,118,8,5,0.0,6.0,2.0,2.0,57.0,20.0,6.0,16.0,8.0,0
9435,5213,4.0,27,4,2,81,3,3,2.0,2.0,0.0,2.0,62.0,6.0,0.0,6.0,0.0,0
9436,8281,4.0,18,2,2,69,4,1,1.0,0.0,1.0,0.0,47.0,9.0,1.0,9.0,0.0,0
9437,3255,4.0,10,4,1,36,3,2,2.0,0.0,2.0,0.0,22.0,4.0,1.0,4.0,0.0,0
9438,7323,3.0,16,0,2,40,3,2,0.0,0.0,0.0,0.0,29.0,5.0,0.0,5.0,0.0,0
9439,2690,4.0,8,4,1,27,4,1,3.0,0.0,0.0,0.0,15.0,4.0,1.0,3.0,0.0,0
9440,14501,4.0,10,2,3,47,4,4,1.0,0.0,1.0,0.0,29.0,6.0,1.0,6.0,2.0,1
9441,7389,4.0,13,6,4,77,3,7,2.0,2.0,2.0,1.0,35.0,16.0,3.0,15.0,0.0,0
9442,4627,4.0,10,14,4,70,5,2,11.0,0.0,3.0,0.0,24.0,14.0,3.0,14.0,0.0,0
9443,17310,4.0,5,13,4,43,3,4,8.0,0.0,4.0,1.0,17.0,3.0,4.0,3.0,2.0,1
9444,1319,4.0,23,13,4,98,6,1,7.0,2.0,3.0,2.0,52.0,14.0,4.0,13.0,0.0,0
9445,17899,4.0,10,1,3,47,5,4,0.0,0.0,0.0,0.0,28.0,8.0,1.0,7.0,2.0,1
9446,19888,4.0,35,7,4,135,7,3,3.0,0.0,3.0,1.0,84.0,19.0,3.0,19.0,2.0,1
9447,5162,4.0,16,8,1,59,3,3,7.0,0.0,0.0,0.0,35.0,8.0,1.0,7.0,0.0,0
9448,7226,3.0,6,0,1,17,2,1,0.0,0.0,0.0,0.0,13.0,2.0,0.0,1.0,0.0,0
9449,16688,4.0,19,28,3,114,7,3,17.0,10.0,0.0,10.0,50.0,12.0,1.0,11.0,2.0,1
9450,12192,3.0,4,0,1,15,2,0,0.0,0.0,0.0,0.0,10.0,2.0,0.0,2.0,0.0,1
9451,1135,3.0,6,0,1,19,2,1,0.0,0.0,0.0,0.0,15.0,2.0,0.0,1.0,0.0,0
9452,4529,3.0,5,0,2,25,2,1,0.0,0.0,0.0,0.0,19.0,3.0,0.0,2.0,0.0,0
9453,11667,4.0,20,2,2,93,4,5,0.0,0.0,2.0,0.0,58.0,14.0,2.0,14.0,2.0,1
9454,3505,4.0,16,4,2,60,5,2,3.0,0.0,1.0,0.0,41.0,7.0,1.0,6.0,0.0,0
9455,4749,4.0,18,6,2,69,3,5,4.0,0.0,2.0,0.0,42.0,9.0,2.0,9.0,0.0,0
9456,10669,4.0,39,19,2,158,8,3,9.0,0.0,9.0,0.0,85.0,21.0,10.0,20.0,3.0,1
9457,12380,4.0,27,4,1,91,4,7,1.0,0.0,3.0,1.0,64.0,8.0,2.0,9.0,2.0,1
9458,15056,4.0,7,0,2,34,3,3,0.0,0.0,0.0,0.0,22.0,6.0,0.0,5.0,0.0,1
9459,7086,3.0,9,0,3,24,2,1,0.0,0.0,0.0,0.0,16.0,4.0,0.0,3.0,0.0,0
9460,12017,4.0,22,6,3,84,7,3,4.0,0.0,1.0,0.0,49.0,13.0,2.0,12.0,2.0,1
9461,9941,4.0,10,0,3,38,5,2,0.0,0.0,0.0,0.0,21.0,8.0,0.0,8.0,0.0,0
9462,17802,3.0,8,0,2,30,3,3,0.0,0.0,0.0,0.0,20.0,4.0,0.0,3.0,2.0,1
9463,16293,4.0,2,16,4,34,3,3,11.0,0.0,5.0,0.0,6.0,2.0,5.0,2.0,2.0,1
9464,19877,3.0,5,0,2,26,2,2,0.0,0.0,0.0,0.0,18.0,4.0,0.0,3.0,0.0,1
9465,6336,4.0,14,10,1,52,3,3,9.0,0.0,0.0,0.0,30.0,6.0,1.0,5.0,0.0,0
9466,7427,4.0,11,0,2,34,3,2,0.0,0.0,0.0,0.0,24.0,5.0,0.0,4.0,0.0,0
9467,6982,4.0,21,9,2,67,3,4,8.0,0.0,0.0,1.0,37.0,10.0,0.0,10.0,0.0,0
9468,15423,4.0,44,8,4,146,8,3,5.0,0.0,2.0,0.0,92.0,21.0,3.0,20.0,2.0,1
9469,13120,3.0,9,0,1,24,1,0,0.0,0.0,0.0,0.0,21.0,1.0,0.0,1.0,0.0,1
9470,10066,3.0,10,0,3,41,3,4,0.0,0.0,0.0,0.0,26.0,6.0,0.0,6.0,2.0,1
9471,917,4.0,18,2,2,72,5,5,1.0,1.0,0.0,0.0,49.0,9.0,1.0,8.0,2.0,0
9472,2505,4.0,18,0,1,58,3,2,0.0,0.0,0.0,0.0,43.0,7.0,0.0,7.0,0.0,0
9473,17748,4.0,10,3,3,56,7,3,1.0,0.0,1.0,1.0,31.0,9.0,1.0,9.0,2.0,1
9474,13288,5.0,65,49,3,285,10,9,20.0,19.0,10.0,22.0,155.0,21.0,7.0,24.0,6.0,1
9475,2904,4.0,26,2,6,102,6,8,0.0,0.0,1.0,2.0,59.0,18.0,0.0,19.0,2.0,0
9476,15870,3.0,2,3,2,20,2,2,2.0,0.0,1.0,1.0,9.0,3.0,0.0,3.0,0.0,1
9477,570,3.0,5,3,1,20,2,1,2.0,0.0,1.0,1.0,13.0,1.0,0.0,1.0,0.0,0
9478,1448,4.0,17,6,3,68,3,3,4.0,0.0,2.0,0.0,47.0,6.0,2.0,6.0,0.0,0
9479,3414,3.0,9,0,1,31,2,1,0.0,0.0,0.0,0.0,26.0,2.0,0.0,2.0,0.0,0
9480,18000,4.0,23,2,3,83,4,5,1.0,0.0,1.0,0.0,53.0,12.0,1.0,12.0,2.0,1
9481,18419,3.0,13,0,3,44,2,1,0.0,0.0,0.0,0.0,35.0,4.0,0.0,4.0,0.0,1
9482,17328,4.0,27,0,3,78,4,6,0.0,0.0,0.0,0.0,56.0,10.0,0.0,9.0,2.0,1
9483,9290,4.0,11,0,1,36,3,2,0.0,0.0,0.0,0.0,27.0,4.0,0.0,4.0,0.0,0
9484,14806,3.0,4,0,1,11,1,0,0.0,0.0,0.0,0.0,8.0,1.0,0.0,1.0,0.0,1
9485,7031,4.0,17,2,2,60,4,2,1.0,0.0,0.0,0.0,46.0,6.0,1.0,5.0,0.0,0
9486,14033,3.0,8,0,2,40,3,5,0.0,0.0,0.0,0.0,26.0,6.0,0.0,5.0,2.0,1
9487,6837,4.0,13,6,3,51,4,3,4.0,0.0,1.0,1.0,29.0,7.0,1.0,7.0,0.0,0
9488,13878,4.0,3,9,2,42,2,0,0.0,8.0,1.0,8.0,13.0,5.0,0.0,6.0,0.0,1
9489,3226,4.0,13,5,2,57,5,2,3.0,0.0,1.0,0.0,37.0,7.0,2.0,6.0,0.0,0
9490,19758,3.0,18,30,1,99,4,4,8.0,1.0,21.0,15.0,12.0,9.0,7.0,22.0,3.0,1
9491,14524,4.0,19,4,3,78,7,3,2.0,0.0,1.0,1.0,48.0,11.0,1.0,11.0,2.0,1
9492,12170,4.0,19,3,2,74,4,4,2.0,0.0,0.0,0.0,45.0,12.0,1.0,11.0,2.0,1
9493,4383,4.0,8,3,2,37,2,5,1.0,0.0,2.0,0.0,21.0,5.0,2.0,5.0,0.0,0
9494,14026,4.0,14,0,4,67,4,7,0.0,0.0,0.0,0.0,42.0,11.0,0.0,11.0,2.0,1
9495,9229,4.0,9,2,1,31,4,1,0.0,1.0,0.0,2.0,19.0,4.0,0.0,4.0,0.0,0
9496,14232,3.0,10,0,2,38,3,3,0.0,0.0,0.0,0.0,27.0,4.0,0.0,4.0,2.0,1
9497,7845,4.0,20,24,2,92,3,4,15.0,5.0,4.0,5.0,40.0,9.0,4.0,9.0,0.0,0
9498,3539,3.0,7,2,1,38,3,3,1.0,1.0,0.0,1.0,20.0,7.0,0.0,7.0,0.0,0
9499,2217,4.0,9,4,2,40,4,2,3.0,0.0,0.0,0.0,24.0,6.0,1.0,5.0,0.0,0
9500,18975,4.0,12,0,3,50,4,4,0.0,0.0,0.0,0.0,34.0,6.0,0.0,6.0,3.0,1
9501,19593,3.0,14,0,1,38,2,0,0.0,0.0,0.0,0.0,31.0,3.0,0.0,3.0,0.0,1
9502,16708,3.0,9,0,1,23,2,0,0.0,0.0,0.0,0.0,16.0,3.0,0.0,3.0,0.0,1
9503,13873,4.0,23,4,3,86,7,3,2.0,0.0,1.0,0.0,53.0,13.0,2.0,12.0,2.0,1
9504,2827,4.0,9,5,1,40,4,4,3.0,0.0,1.0,0.0,22.0,6.0,2.0,5.0,0.0,0
9505,5780,4.0,19,8,1,73,3,4,5.0,0.0,3.0,0.0,42.0,10.0,3.0,9.0,0.0,0
9506,17271,4.0,22,2,2,80,7,3,0.0,0.0,1.0,0.0,51.0,12.0,2.0,11.0,2.0,1
9507,4996,4.0,13,0,2,45,3,1,0.0,0.0,0.0,0.0,30.0,7.0,0.0,7.0,0.0,0
9508,1338,4.0,10,9,3,45,2,3,6.0,0.0,3.0,2.0,24.0,3.0,1.0,5.0,0.0,0
9509,3262,3.0,7,0,1,27,2,3,0.0,0.0,0.0,0.0,18.0,4.0,0.0,4.0,0.0,0
9510,7876,4.0,24,2,7,103,6,8,0.0,0.0,1.0,2.0,57.0,20.0,0.0,21.0,1.0,0
9511,2587,4.0,23,6,1,83,4,5,5.0,0.0,1.0,0.0,51.0,11.0,1.0,11.0,2.0,0
9512,6838,4.0,10,6,2,50,3,4,5.0,1.0,0.0,0.0,27.0,8.0,1.0,7.0,0.0,0
9513,18632,4.0,10,7,3,62,7,4,3.0,1.0,3.0,2.0,34.0,6.0,2.0,7.0,3.0,1
9514,5741,3.0,9,0,1,24,2,1,0.0,0.0,0.0,0.0,20.0,2.0,0.0,1.0,0.0,0
9515,650,4.0,12,0,2,40,2,3,0.0,0.0,0.0,0.0,30.0,5.0,0.0,4.0,0.0,0
9516,6039,4.0,16,5,1,56,3,3,4.0,0.0,1.0,0.0,36.0,7.0,1.0,6.0,0.0,0
9517,11094,4.0,31,16,3,131,8,3,11.0,0.0,4.0,1.0,74.0,17.0,4.0,17.0,2.0,1
9518,2258,4.0,21,12,1,75,4,5,6.0,0.0,6.0,2.0,38.0,8.0,4.0,9.0,1.0,0
9519,15407,3.0,2,2,2,23,3,3,1.0,0.0,1.0,1.0,10.0,3.0,0.0,4.0,2.0,1
9520,5395,4.0,25,6,1,91,4,5,5.0,0.0,1.0,0.0,51.0,15.0,1.0,15.0,2.0,0
9521,18752,4.0,24,4,3,91,8,3,2.0,0.0,1.0,0.0,56.0,14.0,2.0,13.0,2.0,1
9522,7082,4.0,22,7,1,85,4,5,6.0,0.0,1.0,0.0,54.0,10.0,1.0,10.0,2.0,0
9523,17688,4.0,33,6,4,138,6,11,4.0,0.0,2.0,0.0,90.0,16.0,2.0,15.0,8.0,1
9524,14409,4.0,21,4,3,84,7,3,2.0,0.0,1.0,0.0,51.0,13.0,2.0,12.0,2.0,1
9525,3521,4.0,15,1,3,61,4,4,0.0,0.0,1.0,1.0,39.0,9.0,0.0,10.0,0.0,0
9526,10922,4.0,41,9,3,136,4,6,3.0,4.0,2.0,6.0,80.0,18.0,0.0,20.0,2.0,1
9527,17394,3.0,15,31,1,90,4,4,8.0,3.0,20.0,14.0,8.0,7.0,9.0,17.0,3.0,1
9528,4478,4.0,10,8,1,55,3,5,5.0,0.0,3.0,0.0,28.0,8.0,3.0,7.0,0.0,0
9529,5660,3.0,7,0,2,20,2,1,0.0,0.0,0.0,0.0,14.0,3.0,0.0,2.0,0.0,0
9530,9788,4.0,19,6,2,68,3,3,4.0,0.0,2.0,0.0,41.0,9.0,2.0,9.0,0.0,0
9531,67,4.0,27,7,1,113,3,12,2.0,4.0,1.0,5.0,72.0,14.0,0.0,14.0,0.0,0
9532,10776,3.0,5,0,2,26,3,3,0.0,0.0,0.0,0.0,15.0,4.0,0.0,4.0,2.0,1
9533,12626,4.0,18,4,3,82,7,3,2.0,0.0,2.0,1.0,46.0,13.0,1.0,14.0,2.0,1
9534,19140,4.0,23,23,3,123,7,5,13.0,10.0,0.0,10.0,63.0,12.0,0.0,12.0,2.0,1
9535,11388,4.0,26,2,8,118,7,12,0.0,0.0,1.0,2.0,60.0,24.0,0.0,25.0,5.0,1
9536,19406,4.0,11,3,6,42,1,0,0.0,3.0,0.0,3.0,23.0,6.0,0.0,6.0,0.0,1
9537,13519,4.0,9,1,2,33,3,3,0.0,0.0,1.0,1.0,21.0,4.0,0.0,4.0,1.0,1
9538,17876,5.0,24,20,3,207,6,5,2.0,18.0,0.0,18.0,142.0,12.0,0.0,11.0,3.0,1
9539,16331,3.0,4,1,1,17,2,3,0.0,1.0,0.0,1.0,7.0,4.0,0.0,3.0,0.0,1
9540,7609,3.0,12,0,2,35,3,2,0.0,0.0,0.0,0.0,22.0,6.0,0.0,6.0,0.0,0
9541,1258,4.0,13,6,2,67,3,3,4.0,0.0,2.0,0.0,44.0,7.0,2.0,7.0,0.0,0
9542,3839,4.0,12,6,1,41,3,3,5.0,0.0,0.0,0.0,25.0,5.0,1.0,4.0,0.0,0
9543,14542,3.0,8,0,1,23,1,0,0.0,0.0,0.0,0.0,20.0,1.0,0.0,1.0,0.0,1
9544,16054,3.0,10,0,2,47,3,3,0.0,0.0,0.0,0.0,33.0,7.0,0.0,6.0,0.0,1
9545,6047,4.0,6,4,2,34,3,1,3.0,1.0,0.0,0.0,21.0,4.0,0.0,4.0,0.0,0
9546,15715,4.0,9,0,3,33,2,1,0.0,0.0,0.0,0.0,24.0,4.0,0.0,4.0,0.0,1
9547,991,3.0,8,0,2,27,2,1,0.0,0.0,0.0,0.0,21.0,3.0,0.0,2.0,0.0,0
9548,3504,3.0,9,0,1,29,2,2,0.0,0.0,0.0,0.0,22.0,3.0,0.0,3.0,0.0,0
9549,8305,3.0,19,0,1,51,3,2,0.0,0.0,0.0,0.0,42.0,4.0,0.0,4.0,0.0,0
9550,919,4.0,10,4,2,40,2,3,3.0,0.0,1.0,1.0,25.0,4.0,0.0,5.0,0.0,0
9551,10701,4.0,24,7,4,128,7,7,3.0,0.0,3.0,0.0,78.0,19.0,4.0,18.0,2.0,1
9552,11678,4.0,26,3,2,106,6,4,1.0,0.0,2.0,0.0,65.0,15.0,2.0,14.0,6.0,1
9553,165,3.0,6,2,3,28,2,2,0.0,0.0,2.0,2.0,16.0,3.0,0.0,4.0,0.0,0
9554,17851,4.0,19,0,3,63,4,4,0.0,0.0,0.0,0.0,46.0,7.0,0.0,7.0,2.0,1
9555,16167,4.0,9,1,3,32,2,2,0.0,0.0,1.0,1.0,20.0,4.0,0.0,5.0,0.0,1
9556,6644,4.0,8,12,2,49,5,1,9.0,0.0,2.0,1.0,22.0,6.0,2.0,6.0,0.0,0
9557,17471,4.0,10,0,2,33,3,2,0.0,0.0,0.0,0.0,23.0,5.0,0.0,4.0,0.0,1
9558,12795,4.0,6,1,1,33,3,4,0.0,1.0,0.0,1.0,20.0,4.0,0.0,4.0,2.0,1
9559,14334,3.0,4,0,2,14,1,0,0.0,0.0,0.0,0.0,9.0,2.0,0.0,2.0,0.0,1
9560,14282,4.0,31,6,2,107,7,3,3.0,0.0,2.0,0.0,67.0,15.0,3.0,14.0,2.0,1
9561,9141,3.0,8,0,2,27,2,1,0.0,0.0,0.0,0.0,20.0,3.0,0.0,3.0,0.0,0
9562,4594,4.0,13,5,2,46,2,4,4.0,0.0,0.0,0.0,29.0,6.0,1.0,5.0,0.0,0
9563,18052,3.0,7,2,1,24,2,0,1.0,0.0,1.0,0.0,16.0,2.0,0.0,3.0,0.0,1
9564,11962,4.0,5,0,2,28,3,2,0.0,0.0,0.0,0.0,18.0,5.0,0.0,4.0,0.0,1
9565,10698,4.0,18,0,2,49,3,4,0.0,0.0,0.0,0.0,36.0,5.0,0.0,5.0,2.0,1
9566,13299,3.0,10,0,4,38,3,1,0.0,0.0,0.0,0.0,23.0,7.0,0.0,7.0,0.0,1
9567,2850,4.0,13,4,2,54,6,2,3.0,0.0,1.0,0.0,32.0,8.0,1.0,8.0,0.0,0
9568,14192,4.0,23,3,2,81,7,3,1.0,0.0,1.0,0.0,51.0,12.0,2.0,11.0,2.0,1
9569,17109,3.0,6,0,3,30,2,1,0.0,0.0,0.0,0.0,21.0,4.0,0.0,4.0,0.0,1
9570,19979,4.0,42,57,20,216,4,3,46.0,6.0,4.0,10.0,101.0,21.0,1.0,24.0,2.0,1
9571,16315,4.0,1,12,3,30,3,4,7.0,1.0,4.0,1.0,6.0,2.0,4.0,2.0,2.0,1
9572,17706,4.0,2,17,4,35,3,3,12.0,0.0,5.0,0.0,6.0,2.0,5.0,2.0,2.0,1
9573,12638,4.0,15,0,4,66,3,5,0.0,0.0,0.0,0.0,45.0,10.0,0.0,10.0,0.0,1
9574,19912,3.0,10,0,2,38,3,3,0.0,0.0,0.0,0.0,27.0,4.0,0.0,4.0,2.0,1
9575,7002,4.0,7,1,2,30,5,2,0.0,0.0,0.0,1.0,15.0,6.0,0.0,6.0,1.0,0
9576,4460,4.0,26,0,1,74,4,2,0.0,0.0,0.0,0.0,50.0,11.0,0.0,11.0,1.0,0
9577,1474,4.0,17,10,1,66,3,3,9.0,0.0,0.0,0.0,40.0,8.0,1.0,7.0,0.0,0
9578,10697,4.0,4,10,3,33,3,4,6.0,0.0,4.0,0.0,12.0,2.0,4.0,2.0,2.0,1
9579,14908,4.0,20,4,3,80,7,3,2.0,0.0,1.0,0.0,47.0,13.0,2.0,12.0,2.0,1
9580,6623,4.0,10,3,1,32,3,2,2.0,1.0,0.0,0.0,20.0,4.0,0.0,4.0,0.0,0
9581,9306,4.0,17,9,1,67,3,5,5.0,0.0,4.0,1.0,37.0,8.0,3.0,8.0,0.0,0
9582,15134,3.0,7,0,3,31,2,1,0.0,0.0,0.0,0.0,22.0,4.0,0.0,4.0,0.0,1
9583,19923,4.0,17,0,2,49,2,3,0.0,0.0,0.0,0.0,39.0,5.0,0.0,4.0,0.0,1
9584,8490,4.0,23,6,2,78,3,2,4.0,0.0,2.0,0.0,51.0,9.0,2.0,9.0,0.0,0
9585,9867,4.0,9,3,1,32,2,5,2.0,0.0,1.0,0.0,18.0,5.0,0.0,5.0,0.0,0
9586,11539,4.0,8,0,2,29,3,2,0.0,0.0,0.0,0.0,20.0,3.0,0.0,3.0,2.0,1
9587,14362,4.0,23,3,3,89,7,3,1.0,0.0,1.0,0.0,57.0,13.0,2.0,12.0,2.0,1
9588,2735,4.0,21,0,2,65,3,2,0.0,0.0,0.0,0.0,48.0,8.0,0.0,8.0,0.0,0
9589,5669,4.0,16,0,2,44,3,3,0.0,0.0,0.0,0.0,29.0,7.0,0.0,7.0,0.0,0
9590,12031,4.0,47,6,3,160,7,3,3.0,0.0,3.0,0.0,107.0,21.0,3.0,20.0,2.0,1
9591,4988,3.0,6,0,1,21,2,1,0.0,0.0,0.0,0.0,17.0,2.0,0.0,1.0,0.0,0
9592,1205,4.0,16,0,2,58,3,1,0.0,0.0,0.0,0.0,43.0,7.0,0.0,7.0,0.0,0
9593,2378,4.0,28,15,2,110,4,7,11.0,0.0,4.0,0.0,59.0,15.0,4.0,14.0,2.0,0
9594,15623,4.0,11,0,3,52,4,6,0.0,0.0,0.0,0.0,31.0,9.0,0.0,9.0,2.0,1
9595,15617,4.0,22,3,3,90,8,3,1.0,0.0,1.0,0.0,56.0,14.0,2.0,13.0,2.0,1
9596,16718,3.0,3,2,1,25,3,3,0.0,1.0,0.0,2.0,13.0,3.0,0.0,3.0,2.0,1
9597,12517,4.0,10,4,3,39,2,3,2.0,1.0,1.0,2.0,21.0,5.0,0.0,6.0,0.0,1
9598,4172,4.0,11,0,2,39,2,3,0.0,0.0,0.0,0.0,28.0,5.0,0.0,5.0,0.0,0
9599,12391,3.0,8,0,3,32,2,2,0.0,0.0,0.0,0.0,22.0,5.0,0.0,4.0,0.0,1
9600,12742,4.0,18,4,4,67,4,5,2.0,0.0,2.0,0.0,42.0,8.0,2.0,8.0,2.0,1
9601,8092,4.0,11,0,2,44,2,3,0.0,0.0,0.0,0.0,33.0,5.0,0.0,5.0,0.0,0
9602,16126,4.0,13,0,3,40,2,4,0.0,0.0,0.0,0.0,26.0,7.0,0.0,6.0,0.0,1
9603,16103,3.0,10,3,2,39,2,3,2.0,0.0,1.0,1.0,26.0,4.0,0.0,4.0,0.0,1
9604,16349,3.0,4,0,1,22,3,2,0.0,0.0,0.0,0.0,15.0,2.0,0.0,2.0,2.0,1
9605,14010,3.0,12,0,3,39,2,2,0.0,0.0,0.0,0.0,28.0,5.0,0.0,5.0,0.0,1
9606,365,3.0,4,1,1,19,2,1,0.0,1.0,0.0,1.0,12.0,2.0,0.0,2.0,0.0,0
9607,2103,3.0,4,0,1,14,3,1,0.0,0.0,0.0,0.0,8.0,3.0,0.0,2.0,0.0,0
9608,13528,4.0,26,15,7,108,3,7,11.0,0.0,4.0,0.0,68.0,9.0,4.0,9.0,2.0,1
9609,11141,4.0,10,0,1,47,4,4,0.0,0.0,0.0,0.0,30.0,7.0,0.0,7.0,2.0,1
9610,3759,3.0,17,0,1,43,2,3,0.0,0.0,0.0,0.0,34.0,4.0,0.0,4.0,0.0,0
9611,689,4.0,14,4,2,53,5,1,3.0,0.0,0.0,0.0,35.0,7.0,1.0,6.0,0.0,0
9612,1837,3.0,13,0,2,41,3,2,0.0,0.0,0.0,0.0,30.0,5.0,0.0,5.0,0.0,0
9613,17973,4.0,31,10,3,124,5,10,6.0,0.0,4.0,0.0,77.0,15.0,4.0,15.0,2.0,1
9614,18272,4.0,19,3,3,76,7,3,2.0,0.0,0.0,0.0,47.0,12.0,1.0,11.0,2.0,1
9615,9732,3.0,9,0,1,27,2,2,0.0,0.0,0.0,0.0,20.0,3.0,0.0,3.0,0.0,0
9616,5710,4.0,18,6,1,59,3,2,5.0,0.0,0.0,0.0,39.0,7.0,1.0,6.0,0.0,0
9617,16034,4.0,22,3,3,82,7,3,1.0,0.0,2.0,1.0,53.0,10.0,1.0,11.0,2.0,1
9618,8799,4.0,16,15,1,72,3,3,14.0,0.0,0.0,0.0,39.0,9.0,1.0,8.0,0.0,0
9619,4500,4.0,21,17,1,102,8,5,14.0,1.0,1.0,0.0,50.0,16.0,3.0,14.0,2.0,0
9620,15228,3.0,10,0,2,29,2,2,0.0,0.0,0.0,0.0,21.0,4.0,0.0,3.0,0.0,1
9621,1093,4.0,19,34,1,100,3,3,23.0,10.0,1.0,9.0,41.0,7.0,2.0,6.0,0.0,0
9622,16396,3.0,6,0,3,35,3,3,0.0,0.0,0.0,0.0,22.0,5.0,0.0,5.0,2.0,1
9623,6718,4.0,9,12,1,45,3,3,11.0,0.0,0.0,0.0,23.0,5.0,1.0,4.0,0.0,0
9624,19852,4.0,29,2,2,91,7,3,0.0,0.0,1.0,0.0,62.0,12.0,2.0,11.0,2.0,1
9625,8960,4.0,21,0,1,58,3,3,0.0,0.0,0.0,0.0,42.0,8.0,0.0,7.0,0.0,0
9626,12679,4.0,28,4,2,106,8,3,2.0,0.0,2.0,0.0,67.0,15.0,2.0,15.0,2.0,1
9627,15899,4.0,14,0,3,44,2,2,0.0,0.0,0.0,0.0,33.0,5.0,0.0,5.0,0.0,1
9628,160,4.0,12,26,1,61,3,1,20.0,5.0,0.0,5.0,22.0,4.0,1.0,3.0,0.0,0
9629,203,4.0,14,0,2,44,3,2,0.0,0.0,0.0,0.0,33.0,5.0,0.0,5.0,0.0,0
9630,6483,3.0,13,0,2,43,2,2,0.0,0.0,0.0,0.0,34.0,4.0,0.0,4.0,0.0,0
9631,3940,4.0,10,0,1,38,3,4,0.0,0.0,0.0,0.0,24.0,7.0,0.0,6.0,0.0,0
9632,9555,4.0,14,6,4,51,2,3,5.0,0.0,1.0,0.0,31.0,6.0,1.0,6.0,0.0,0
9633,18957,4.0,6,4,1,34,4,4,3.0,0.0,1.0,0.0,18.0,4.0,1.0,4.0,2.0,1
9634,4933,4.0,11,0,2,39,3,2,0.0,0.0,0.0,0.0,27.0,5.0,0.0,5.0,1.0,0
9635,11126,4.0,25,4,2,89,7,3,2.0,0.0,2.0,0.0,54.0,13.0,2.0,13.0,2.0,1
9636,10006,4.0,24,4,2,93,8,3,1.0,0.0,2.0,0.0,57.0,14.0,3.0,13.0,2.0,1
9637,7647,3.0,9,0,1,30,2,1,0.0,0.0,0.0,0.0,26.0,2.0,0.0,1.0,0.0,0
9638,19963,4.0,8,0,3,33,2,2,0.0,0.0,0.0,0.0,22.0,5.0,0.0,5.0,0.0,1
9639,1230,3.0,7,0,3,29,2,1,0.0,0.0,0.0,0.0,21.0,4.0,0.0,3.0,0.0,0
9640,9166,3.0,9,0,3,31,3,1,0.0,0.0,0.0,0.0,19.0,6.0,0.0,5.0,0.0,0
9641,15796,3.0,2,13,4,31,3,3,8.0,0.0,5.0,0.0,6.0,2.0,5.0,2.0,2.0,1
9642,3046,4.0,15,0,2,53,2,4,0.0,0.0,0.0,0.0,40.0,6.0,0.0,6.0,0.0,0
9643,13897,4.0,22,3,2,77,8,3,1.0,0.0,1.0,0.0,45.0,13.0,2.0,12.0,2.0,1
9644,7957,4.0,8,2,1,31,4,1,0.0,2.0,0.0,2.0,18.0,4.0,0.0,4.0,0.0,0
9645,11142,4.0,12,0,3,57,4,4,0.0,0.0,0.0,0.0,40.0,7.0,0.0,7.0,2.0,1
9646,2915,3.0,8,0,2,28,2,1,0.0,0.0,0.0,0.0,22.0,3.0,0.0,2.0,0.0,0
9647,19100,4.0,11,9,4,74,5,8,5.0,0.0,3.0,3.0,37.0,10.0,1.0,12.0,2.0,1
9648,17887,4.0,11,0,2,40,2,4,0.0,0.0,0.0,0.0,27.0,6.0,0.0,6.0,0.0,1
9649,15981,3.0,5,0,2,33,2,3,0.0,0.0,0.0,0.0,23.0,5.0,0.0,4.0,0.0,1
9650,15737,4.0,14,0,4,49,3,3,0.0,0.0,0.0,0.0,30.0,9.0,0.0,9.0,0.0,1
9651,17046,4.0,12,0,3,53,4,3,0.0,0.0,0.0,0.0,34.0,8.0,0.0,8.0,2.0,1
9652,4251,3.0,9,0,1,28,2,2,0.0,0.0,0.0,0.0,22.0,3.0,0.0,2.0,0.0,0
9653,6111,3.0,12,0,2,45,3,2,0.0,0.0,0.0,0.0,34.0,5.0,0.0,5.0,0.0,0
9654,15020,4.0,15,0,2,54,4,4,0.0,0.0,0.0,0.0,37.0,7.0,0.0,7.0,2.0,1
9655,15325,4.0,12,8,2,43,3,4,5.0,0.0,3.0,0.0,22.0,5.0,3.0,4.0,0.0,1
9656,13440,5.0,29,21,2,202,7,3,4.0,17.0,0.0,17.0,137.0,12.0,0.0,11.0,3.0,1
9657,6204,4.0,23,19,1,106,6,4,0.0,1.0,18.0,18.0,30.0,8.0,1.0,25.0,4.0,0
9658,18974,4.0,11,0,3,41,4,1,0.0,0.0,0.0,0.0,28.0,6.0,0.0,6.0,0.0,1
9659,12226,4.0,12,0,3,49,4,4,0.0,0.0,0.0,0.0,30.0,8.0,0.0,8.0,2.0,1
9660,2725,4.0,12,9,2,48,3,3,7.0,0.0,2.0,0.0,28.0,4.0,2.0,4.0,0.0,0
9661,4290,3.0,9,0,2,25,2,1,0.0,0.0,0.0,0.0,18.0,3.0,0.0,3.0,0.0,0
9662,4334,4.0,13,6,1,44,5,2,5.0,0.0,0.0,0.0,26.0,6.0,1.0,5.0,0.0,0
9663,10744,4.0,12,0,2,48,4,4,0.0,0.0,0.0,0.0,33.0,6.0,0.0,6.0,2.0,1
9664,12069,4.0,21,5,3,81,4,6,3.0,0.0,2.0,0.0,53.0,9.0,2.0,9.0,2.0,1
9665,19526,3.0,13,2,3,43,2,2,1.0,1.0,0.0,0.0,30.0,5.0,1.0,4.0,0.0,1
9666,383,4.0,19,1,2,58,3,4,0.0,1.0,0.0,1.0,40.0,8.0,0.0,7.0,0.0,0
9667,13680,3.0,4,0,1,13,1,0,0.0,0.0,0.0,0.0,10.0,1.0,0.0,1.0,0.0,1
9668,15071,4.0,10,0,3,44,4,4,0.0,0.0,0.0,0.0,27.0,7.0,0.0,7.0,2.0,1
9669,7485,3.0,11,0,1,34,3,2,0.0,0.0,0.0,0.0,22.0,6.0,0.0,5.0,0.0,0
9670,12945,4.0,23,34,2,124,8,3,19.0,0.0,14.0,0.0,48.0,13.0,15.0,12.0,2.0,1
9671,4886,4.0,22,14,14,104,3,5,10.0,0.0,4.0,1.0,54.0,14.0,3.0,15.0,2.0,0
9672,857,4.0,15,0,2,59,5,4,0.0,0.0,0.0,0.0,42.0,7.0,0.0,7.0,2.0,0
9673,370,4.0,51,21,1,186,3,8,16.0,0.0,5.0,0.0,120.0,20.0,5.0,19.0,0.0,0
9674,6539,4.0,23,8,2,86,4,5,6.0,0.0,2.0,0.0,47.0,13.0,2.0,13.0,2.0,0
9675,11441,3.0,13,0,3,48,4,4,0.0,0.0,0.0,0.0,29.0,8.0,0.0,8.0,2.0,1
9676,2561,3.0,7,4,1,23,3,1,2.0,0.0,1.0,1.0,13.0,2.0,1.0,2.0,0.0,0
9677,3801,3.0,5,0,1,24,5,1,0.0,0.0,0.0,0.0,14.0,4.0,0.0,4.0,1.0,0
9678,10832,4.0,10,1,2,31,2,2,0.0,0.0,1.0,1.0,22.0,3.0,0.0,3.0,0.0,1
9679,5455,4.0,17,1,2,55,3,4,0.0,0.0,0.0,1.0,37.0,8.0,0.0,8.0,0.0,0
9680,16534,3.0,8,0,3,50,3,5,0.0,0.0,0.0,0.0,33.0,7.0,0.0,7.0,2.0,1
9681,12682,4.0,11,0,3,41,3,3,0.0,0.0,0.0,0.0,28.0,5.0,0.0,5.0,2.0,1
9682,10539,4.0,19,3,2,70,4,5,2.0,0.0,1.0,0.0,49.0,7.0,1.0,7.0,2.0,1
9683,8841,4.0,41,1,1,102,4,9,0.0,0.0,1.0,1.0,72.0,12.0,0.0,13.0,2.0,0
9684,6859,4.0,18,1,1,48,3,2,0.0,0.0,1.0,0.0,34.0,6.0,1.0,5.0,0.0,0
9685,10973,3.0,1,10,3,26,3,3,5.0,1.0,4.0,1.0,6.0,1.0,4.0,1.0,2.0,1
9686,16573,4.0,13,2,5,61,5,5,1.0,1.0,0.0,0.0,34.0,11.0,1.0,10.0,2.0,1
9687,10625,4.0,5,4,2,27,2,2,3.0,0.0,0.0,1.0,14.0,4.0,0.0,4.0,0.0,1
9688,954,4.0,13,15,1,56,5,3,14.0,0.0,1.0,0.0,27.0,6.0,1.0,6.0,0.0,0
9689,7404,4.0,21,8,3,86,3,5,6.0,0.0,2.0,1.0,52.0,11.0,1.0,12.0,0.0,0
9690,15399,2.0,4,0,1,14,2,0,0.0,0.0,0.0,0.0,9.0,2.0,0.0,2.0,0.0,1
9691,5944,4.0,7,0,2,27,2,1,0.0,0.0,0.0,0.0,20.0,3.0,0.0,3.0,0.0,0
9692,13370,4.0,15,3,2,43,1,0,2.0,1.0,0.0,0.0,35.0,2.0,1.0,1.0,0.0,1
9693,615,5.0,24,44,3,174,3,3,12.0,30.0,1.0,32.0,85.0,6.0,0.0,7.0,0.0,0
9694,11783,4.0,25,6,1,72,3,7,3.0,2.0,1.0,2.0,49.0,6.0,1.0,5.0,2.0,1
9695,2575,4.0,17,31,7,103,6,5,23.0,7.0,1.0,6.0,34.0,14.0,2.0,13.0,2.0,0
9696,53,4.0,13,6,1,48,3,4,5.0,0.0,1.0,0.0,30.0,5.0,1.0,5.0,0.0,0
9697,6410,3.0,6,0,1,18,2,1,0.0,0.0,0.0,0.0,14.0,2.0,0.0,1.0,0.0,0
9698,3340,4.0,8,3,1,31,5,1,0.0,2.0,1.0,2.0,16.0,4.0,1.0,4.0,0.0,0
9699,3516,3.0,2,6,1,15,2,1,5.0,0.0,0.0,0.0,5.0,2.0,1.0,1.0,0.0,0
9700,9897,4.0,18,4,2,52,3,2,3.0,0.0,1.0,0.0,34.0,6.0,1.0,6.0,0.0,0
9701,19078,4.0,16,1,3,69,6,3,0.0,0.0,0.0,0.0,48.0,9.0,1.0,8.0,2.0,1
9702,16474,3.0,4,3,2,34,1,0,2.0,1.0,0.0,0.0,26.0,2.0,1.0,1.0,0.0,1
9703,16429,4.0,23,4,3,88,7,3,2.0,0.0,1.0,0.0,55.0,13.0,2.0,12.0,2.0,1
9704,9685,4.0,16,6,3,71,3,5,4.0,0.0,2.0,0.0,44.0,9.0,2.0,9.0,0.0,0
9705,5876,4.0,14,1,1,51,3,3,0.0,1.0,0.0,1.0,32.0,8.0,0.0,8.0,0.0,0
9706,11748,4.0,19,83,12,244,3,3,26.0,56.0,1.0,56.0,76.0,13.0,1.0,12.0,2.0,1
9707,489,3.0,8,0,1,27,3,2,0.0,0.0,0.0,0.0,18.0,4.0,0.0,4.0,0.0,0
9708,8995,4.0,22,18,3,91,5,2,9.0,9.0,0.0,9.0,45.0,9.0,0.0,9.0,0.0,0
9709,13145,4.0,26,5,3,94,4,8,2.0,0.0,2.0,0.0,61.0,12.0,3.0,11.0,2.0,1
9710,15935,4.0,9,1,5,34,2,1,0.0,0.0,1.0,1.0,20.0,5.0,0.0,6.0,0.0,1
9711,1812,3.0,5,0,2,17,2,1,0.0,0.0,0.0,0.0,11.0,3.0,0.0,2.0,0.0,0
9712,18058,3.0,9,0,4,33,2,3,0.0,0.0,0.0,0.0,19.0,7.0,0.0,6.0,0.0,1
9713,990,5.0,16,7,2,94,6,2,1.0,5.0,1.0,6.0,62.0,9.0,0.0,9.0,0.0,0
9714,19661,3.0,10,0,3,44,2,2,0.0,0.0,0.0,0.0,33.0,5.0,0.0,5.0,0.0,1
9715,11663,4.0,10,0,2,34,2,3,0.0,0.0,0.0,0.0,24.0,5.0,0.0,4.0,0.0,1
9716,17601,4.0,9,0,3,40,4,1,0.0,0.0,0.0,0.0,27.0,6.0,0.0,6.0,0.0,1
9717,11705,4.0,2,8,4,29,3,3,4.0,0.0,4.0,0.0,10.0,2.0,4.0,2.0,2.0,1
9718,2972,4.0,23,6,3,105,4,4,5.0,0.0,1.0,0.0,55.0,20.0,1.0,20.0,2.0,0
9719,18497,4.0,10,0,3,32,4,1,0.0,0.0,0.0,0.0,19.0,6.0,0.0,6.0,0.0,1
9720,8411,4.0,16,0,1,48,3,2,0.0,0.0,0.0,0.0,36.0,6.0,0.0,5.0,0.0,0
9721,2942,4.0,13,3,2,44,4,2,2.0,1.0,0.0,0.0,28.0,6.0,0.0,6.0,0.0,0
9722,9480,4.0,10,0,1,35,2,3,0.0,0.0,0.0,0.0,26.0,4.0,0.0,4.0,0.0,0
9723,3163,4.0,12,10,1,55,3,3,9.0,0.0,0.0,0.0,29.0,8.0,1.0,7.0,0.0,0
9724,4678,4.0,15,0,2,52,3,3,0.0,0.0,0.0,0.0,37.0,7.0,0.0,7.0,0.0,0
9725,2618,3.0,10,0,3,31,2,3,0.0,0.0,0.0,0.0,18.0,6.0,0.0,6.0,0.0,0
9726,3612,3.0,12,0,2,30,2,2,0.0,0.0,0.0,0.0,21.0,4.0,0.0,4.0,0.0,0
9727,8235,3.0,8,0,1,21,2,1,0.0,0.0,0.0,0.0,16.0,2.0,0.0,2.0,0.0,0
9728,7871,4.0,51,21,2,175,3,7,16.0,0.0,5.0,0.0,101.0,24.0,5.0,23.0,0.0,0
9729,17945,3.0,4,0,1,15,1,0,0.0,0.0,0.0,0.0,12.0,1.0,0.0,1.0,0.0,1
9730,19880,4.0,28,6,3,99,8,3,3.0,0.0,2.0,1.0,62.0,13.0,2.0,13.0,2.0,1
9731,11618,3.0,4,0,2,15,2,1,0.0,0.0,0.0,0.0,8.0,3.0,0.0,3.0,0.0,1
9732,3792,4.0,19,0,1,49,3,2,0.0,0.0,0.0,0.0,40.0,4.0,0.0,4.0,0.0,0
9733,11763,4.0,18,5,3,71,4,5,3.0,0.0,2.0,0.0,41.0,10.0,2.0,10.0,2.0,1
9734,11577,4.0,19,3,3,59,3,3,1.0,1.0,1.0,1.0,41.0,6.0,1.0,6.0,0.0,1
9735,9695,4.0,12,0,3,45,3,2,0.0,0.0,0.0,0.0,30.0,7.0,0.0,7.0,0.0,0
9736,2854,4.0,31,5,1,102,3,3,4.0,0.0,1.0,0.0,65.0,15.0,1.0,15.0,0.0,0
9737,10045,4.0,3,11,3,31,3,4,6.0,0.0,4.0,1.0,9.0,2.0,4.0,2.0,2.0,1
9738,15788,4.0,50,5,2,159,7,3,2.0,0.0,3.0,0.0,103.0,23.0,3.0,22.0,2.0,1
9739,3439,4.0,11,4,2,43,3,3,3.0,0.0,1.0,0.0,27.0,5.0,1.0,5.0,0.0,0
9740,1892,4.0,12,2,2,49,3,3,1.0,0.0,1.0,1.0,34.0,5.0,0.0,6.0,0.0,0
9741,6457,3.0,7,0,2,32,2,2,0.0,0.0,0.0,0.0,23.0,4.0,0.0,4.0,0.0,0
9742,249,3.0,5,0,1,16,2,1,0.0,0.0,0.0,0.0,12.0,2.0,0.0,1.0,0.0,0
9743,15560,3.0,4,0,1,12,1,0,0.0,0.0,0.0,0.0,9.0,1.0,0.0,1.0,0.0,1
9744,5255,4.0,12,6,2,55,3,4,5.0,1.0,0.0,0.0,32.0,8.0,1.0,7.0,0.0,0
9745,19072,3.0,13,32,1,90,4,4,9.0,4.0,19.0,12.0,8.0,8.0,11.0,15.0,3.0,1
9746,15768,3.0,7,0,2,19,1,0,0.0,0.0,0.0,0.0,14.0,2.0,0.0,2.0,0.0,1
9747,5167,4.0,21,0,2,69,3,1,0.0,0.0,0.0,0.0,50.0,9.0,0.0,9.0,0.0,0
9748,13006,4.0,30,6,3,119,7,3,3.0,0.0,2.0,0.0,77.0,16.0,3.0,15.0,2.0,1
9749,11767,4.0,14,0,2,45,2,2,0.0,0.0,0.0,0.0,36.0,4.0,0.0,4.0,0.0,1
9750,6460,4.0,7,5,2,33,3,2,4.0,0.0,1.0,0.0,18.0,4.0,1.0,4.0,0.0,0
9751,1505,4.0,28,6,1,101,4,5,5.0,0.0,1.0,0.0,59.0,16.0,1.0,16.0,2.0,0
9752,16681,4.0,24,3,2,82,7,3,0.0,0.0,2.0,1.0,52.0,11.0,2.0,11.0,2.0,1
9753,670,4.0,14,2,4,53,2,4,1.0,0.0,1.0,1.0,34.0,7.0,0.0,8.0,0.0,0
9754,19458,4.0,15,23,3,76,4,4,12.0,10.0,1.0,10.0,27.0,6.0,1.0,6.0,2.0,1
9755,15240,3.0,5,4,2,27,2,2,3.0,0.0,0.0,1.0,14.0,4.0,0.0,4.0,0.0,1
9756,14896,4.0,19,2,3,66,6,3,1.0,0.0,0.0,0.0,40.0,12.0,1.0,11.0,0.0,1
9757,9471,3.0,7,3,1,24,4,1,2.0,0.0,0.0,0.0,14.0,3.0,1.0,2.0,1.0,0
9758,17476,4.0,13,0,3,37,2,3,0.0,0.0,0.0,0.0,25.0,6.0,0.0,5.0,0.0,1
9759,897,5.0,62,51,3,341,9,3,10.0,39.0,2.0,36.0,204.0,22.0,5.0,19.0,3.0,0
9760,3306,4.0,25,0,4,77,5,3,0.0,0.0,0.0,0.0,54.0,11.0,0.0,11.0,0.0,0
9761,15773,3.0,5,4,2,27,2,2,3.0,0.0,0.0,1.0,14.0,4.0,0.0,4.0,0.0,1
9762,8026,4.0,13,15,1,50,3,3,14.0,0.0,0.0,0.0,25.0,5.0,1.0,4.0,0.0,0
9763,6239,4.0,22,15,2,102,4,7,11.0,0.0,4.0,0.0,45.0,18.0,4.0,17.0,2.0,0
9764,10858,4.0,39,5,2,140,8,3,2.0,0.0,2.0,0.0,95.0,18.0,3.0,17.0,2.0,1
9765,15838,3.0,17,0,3,47,2,0,0.0,0.0,0.0,0.0,36.0,5.0,0.0,5.0,0.0,1
9766,11385,3.0,9,0,2,31,3,1,0.0,0.0,0.0,0.0,22.0,4.0,0.0,4.0,0.0,1
9767,2890,4.0,13,1,2,41,7,1,0.0,0.0,1.0,0.0,23.0,8.0,1.0,7.0,0.0,0
9768,6003,4.0,40,0,3,131,2,6,0.0,0.0,0.0,0.0,112.0,9.0,0.0,9.0,0.0,0
9769,7739,4.0,13,11,6,79,7,5,8.0,0.0,3.0,1.0,36.0,12.0,2.0,13.0,3.0,0
9770,18581,4.0,13,8,2,71,6,3,3.0,2.0,3.0,2.0,33.0,11.0,3.0,11.0,2.0,1
9771,12931,4.0,21,5,2,77,7,3,3.0,0.0,1.0,0.0,45.0,12.0,2.0,11.0,2.0,1
9772,10813,4.0,21,4,2,83,7,3,2.0,0.0,1.0,0.0,52.0,12.0,2.0,11.0,2.0,1
9773,15286,5.0,59,46,3,255,8,10,23.0,20.0,2.0,23.0,132.0,24.0,0.0,26.0,4.0,1
9774,14394,4.0,34,6,3,125,8,3,3.0,0.0,2.0,0.0,81.0,17.0,3.0,16.0,2.0,1
9775,16804,4.0,16,0,2,46,4,3,0.0,0.0,0.0,0.0,33.0,6.0,0.0,5.0,1.0,1
9776,19136,4.0,5,4,2,27,2,2,3.0,0.0,0.0,1.0,14.0,4.0,0.0,4.0,0.0,1
9777,8397,4.0,7,5,3,34,2,1,4.0,0.0,1.0,0.0,21.0,3.0,1.0,3.0,0.0,0
9778,14005,4.0,7,6,3,43,3,5,4.0,0.0,2.0,0.0,22.0,5.0,2.0,5.0,2.0,1
9779,2,4.0,8,0,1,37,3,3,0.0,0.0,0.0,0.0,24.0,6.0,0.0,6.0,0.0,0
9780,14162,4.0,26,0,3,97,4,5,0.0,0.0,0.0,0.0,72.0,11.0,0.0,11.0,2.0,1
9781,10562,4.0,7,0,3,36,3,3,0.0,0.0,0.0,0.0,23.0,5.0,0.0,5.0,2.0,1
9782,11996,4.0,23,4,3,90,7,3,2.0,0.0,2.0,0.0,53.0,14.0,2.0,14.0,2.0,1
9783,9961,3.0,12,0,1,38,3,4,0.0,0.0,0.0,0.0,26.0,6.0,0.0,5.0,0.0,0
9784,634,3.0,8,1,3,34,2,1,0.0,0.0,1.0,1.0,24.0,3.0,0.0,4.0,0.0,0
9785,12508,4.0,19,25,3,100,4,5,14.0,9.0,2.0,9.0,47.0,7.0,2.0,7.0,2.0,1
9786,18629,3.0,5,0,1,11,1,0,0.0,0.0,0.0,0.0,8.0,1.0,0.0,1.0,0.0,1
9787,6476,4.0,13,14,3,71,3,7,10.0,0.0,4.0,1.0,35.0,8.0,3.0,9.0,0.0,0
9788,15169,4.0,12,0,2,43,4,3,0.0,0.0,0.0,0.0,29.0,6.0,0.0,5.0,2.0,1
9789,4177,4.0,7,7,1,33,2,3,6.0,0.0,1.0,1.0,17.0,3.0,0.0,4.0,0.0,0
9790,18470,3.0,9,0,1,31,2,0,0.0,0.0,0.0,0.0,26.0,2.0,0.0,2.0,0.0,1
9791,19724,4.0,10,17,4,83,6,6,10.0,1.0,6.0,3.0,39.0,7.0,4.0,9.0,3.0,1
9792,11064,3.0,10,0,2,42,4,3,0.0,0.0,0.0,0.0,29.0,5.0,0.0,5.0,2.0,1
9793,10531,4.0,9,11,4,64,5,8,7.0,0.0,3.0,2.0,26.0,10.0,2.0,11.0,2.0,1
9794,5991,3.0,10,0,1,35,3,3,0.0,0.0,0.0,0.0,25.0,5.0,0.0,4.0,0.0,0
9795,16694,4.0,33,7,3,117,8,3,4.0,0.0,2.0,0.0,72.0,17.0,3.0,16.0,2.0,1
9796,2581,4.0,9,0,2,31,4,1,0.0,0.0,0.0,0.0,20.0,5.0,0.0,5.0,0.0,0
9797,18318,4.0,16,11,4,54,3,4,6.0,0.0,4.0,1.0,30.0,3.0,4.0,3.0,2.0,1
9798,11999,4.0,25,4,3,90,7,4,2.0,0.0,1.0,0.0,55.0,14.0,2.0,13.0,2.0,1
9799,8385,4.0,12,2,2,38,4,1,1.0,0.0,0.0,1.0,26.0,4.0,0.0,4.0,1.0,0
9800,10674,3.0,3,11,4,35,3,4,7.0,0.0,4.0,0.0,11.0,3.0,4.0,3.0,2.0,1
9801,9447,4.0,3,9,1,22,3,1,8.0,0.0,0.0,0.0,7.0,3.0,1.0,2.0,0.0,0
9802,2104,3.0,4,0,2,25,3,1,0.0,0.0,0.0,0.0,16.0,4.0,0.0,4.0,0.0,0
9803,19333,4.0,18,0,3,77,6,6,0.0,0.0,0.0,0.0,52.0,11.0,0.0,11.0,2.0,1
9804,17243,3.0,16,0,2,40,2,1,0.0,0.0,0.0,0.0,33.0,3.0,0.0,3.0,0.0,1
9805,3764,4.0,18,0,1,47,3,3,0.0,0.0,0.0,0.0,35.0,6.0,0.0,5.0,0.0,0
9806,4234,4.0,6,5,3,37,4,2,4.0,0.0,0.0,0.0,18.0,7.0,1.0,6.0,0.0,0
9807,4994,3.0,12,0,2,33,2,2,0.0,0.0,0.0,0.0,24.0,4.0,0.0,4.0,0.0,0
9808,5057,4.0,25,82,12,199,3,1,44.0,37.0,1.0,36.0,54.0,13.0,2.0,11.0,0.0,0
9809,4434,4.0,12,5,2,50,6,1,4.0,0.0,0.0,0.0,27.0,9.0,1.0,8.0,0.0,0
9810,11676,3.0,7,0,1,24,2,3,0.0,0.0,0.0,0.0,16.0,4.0,0.0,3.0,0.0,1
9811,717,4.0,6,0,2,32,5,2,0.0,0.0,0.0,0.0,18.0,6.0,0.0,6.0,1.0,0
9812,3816,3.0,4,7,1,25,2,3,6.0,0.0,1.0,1.0,10.0,3.0,0.0,3.0,0.0,0
9813,6773,3.0,7,1,1,20,2,1,0.0,1.0,0.0,1.0,14.0,2.0,0.0,1.0,0.0,0
9814,11186,4.0,21,0,3,67,4,4,0.0,0.0,0.0,0.0,46.0,9.0,0.0,9.0,2.0,1
9815,10738,4.0,23,3,3,90,7,3,1.0,0.0,1.0,0.0,54.0,15.0,2.0,14.0,2.0,1
9816,14671,4.0,13,0,3,57,4,4,0.0,0.0,0.0,0.0,36.0,9.0,0.0,9.0,2.0,1
9817,9813,4.0,24,8,3,90,3,6,5.0,0.0,3.0,0.0,55.0,12.0,3.0,11.0,0.0,0
9818,19947,4.0,22,3,4,82,4,6,2.0,0.0,1.0,0.0,53.0,11.0,1.0,11.0,2.0,1
9819,9288,4.0,14,0,3,50,3,4,0.0,0.0,0.0,0.0,33.0,8.0,0.0,8.0,0.0,0
9820,6811,4.0,11,3,1,32,2,2,2.0,0.0,0.0,1.0,22.0,3.0,0.0,3.0,0.0,0
9821,3893,4.0,11,0,2,40,2,3,0.0,0.0,0.0,0.0,29.0,5.0,0.0,5.0,0.0,0
9822,9359,3.0,6,4,2,29,3,1,3.0,0.0,1.0,0.0,17.0,3.0,1.0,3.0,0.0,0
9823,15129,4.0,19,2,2,74,7,3,1.0,0.0,0.0,0.0,52.0,9.0,1.0,8.0,2.0,1
9824,10655,3.0,4,0,1,14,2,2,0.0,0.0,0.0,0.0,8.0,3.0,0.0,2.0,0.0,1
9825,3700,4.0,19,6,2,62,3,2,5.0,0.0,1.0,0.0,40.0,7.0,1.0,7.0,0.0,0
9826,7374,4.0,5,2,2,33,2,2,1.0,1.0,0.0,1.0,21.0,4.0,0.0,4.0,0.0,0
9827,6314,4.0,12,2,1,43,4,2,1.0,0.0,1.0,0.0,27.0,6.0,1.0,6.0,0.0,0
9828,12816,3.0,13,0,3,47,4,3,0.0,0.0,0.0,0.0,32.0,6.0,0.0,6.0,2.0,1
9829,3645,5.0,88,42,3,371,9,3,8.0,30.0,4.0,24.0,238.0,29.0,10.0,23.0,4.0,0
9830,192,4.0,15,4,2,53,2,2,3.0,1.0,0.0,1.0,39.0,4.0,0.0,4.0,0.0,0
9831,13414,3.0,5,0,1,13,1,0,0.0,0.0,0.0,0.0,10.0,1.0,0.0,1.0,0.0,1
9832,816,3.0,7,0,1,23,2,1,0.0,0.0,0.0,0.0,19.0,2.0,0.0,1.0,0.0,0
9833,19281,4.0,17,1,3,70,4,5,0.0,0.0,1.0,0.0,51.0,7.0,1.0,7.0,2.0,1
9834,15810,3.0,8,0,1,23,2,2,0.0,0.0,0.0,0.0,17.0,3.0,0.0,2.0,0.0,1
9835,6160,4.0,14,7,3,59,5,1,6.0,0.0,0.0,0.0,36.0,8.0,1.0,7.0,0.0,0
9836,15641,4.0,13,1,3,55,3,4,0.0,0.0,1.0,1.0,37.0,7.0,0.0,8.0,0.0,1
9837,4390,4.0,14,2,1,42,3,4,1.0,0.0,1.0,0.0,27.0,6.0,1.0,5.0,0.0,0
9838,11164,3.0,9,0,3,37,3,3,0.0,0.0,0.0,0.0,24.0,5.0,0.0,5.0,2.0,1
9839,4927,4.0,13,8,1,45,3,4,7.0,0.0,1.0,0.0,24.0,6.0,1.0,5.0,0.0,0
9840,5552,3.0,7,0,1,21,3,1,0.0,0.0,0.0,0.0,14.0,3.0,0.0,3.0,0.0,0
9841,10799,3.0,4,0,1,24,4,2,0.0,0.0,0.0,0.0,15.0,3.0,0.0,3.0,2.0,1
9842,17723,5.0,19,6,2,83,5,7,0.0,6.0,0.0,5.0,50.0,10.0,1.0,8.0,2.0,1
9843,238,3.0,13,0,2,39,3,2,0.0,0.0,0.0,0.0,28.0,5.0,0.0,5.0,0.0,0
9844,12207,4.0,12,4,2,44,3,4,2.0,2.0,0.0,1.0,26.0,5.0,1.0,4.0,2.0,1
9845,19302,4.0,47,6,4,150,8,3,3.0,0.0,2.0,0.0,98.0,21.0,3.0,20.0,2.0,1
9846,11169,5.0,29,3,2,114,8,4,0.0,2.0,0.0,2.0,81.0,13.0,1.0,12.0,2.0,1
9847,19258,4.0,12,3,4,55,5,2,1.0,1.0,1.0,0.0,33.0,8.0,2.0,7.0,1.0,1
9848,4236,4.0,28,9,2,104,7,3,4.0,4.0,1.0,0.0,63.0,15.0,5.0,11.0,0.0,0
9849,5618,4.0,25,4,3,86,3,7,3.0,0.0,1.0,0.0,54.0,13.0,1.0,13.0,0.0,0
9850,17050,4.0,12,10,4,56,4,4,6.0,0.0,4.0,0.0,31.0,4.0,4.0,4.0,2.0,1
9851,8640,4.0,10,1,3,32,3,1,0.0,0.0,0.0,1.0,20.0,5.0,0.0,5.0,0.0,0
9852,5097,4.0,20,21,2,104,4,4,18.0,0.0,3.0,1.0,42.0,17.0,2.0,18.0,2.0,0
9853,14665,4.0,17,0,4,63,3,4,0.0,0.0,0.0,0.0,45.0,8.0,0.0,8.0,1.0,1
9854,2242,4.0,21,7,3,80,3,3,5.0,0.0,2.0,0.0,44.0,13.0,2.0,13.0,0.0,0
9855,17492,4.0,12,0,2,46,2,4,0.0,0.0,0.0,0.0,34.0,6.0,0.0,5.0,0.0,1
9856,3552,4.0,15,0,2,50,3,2,0.0,0.0,0.0,0.0,39.0,5.0,0.0,5.0,0.0,0
9857,19290,4.0,41,0,2,115,4,8,0.0,0.0,0.0,0.0,88.0,12.0,0.0,12.0,2.0,1
9858,8328,4.0,14,11,7,82,7,5,8.0,0.0,3.0,1.0,37.0,13.0,2.0,14.0,3.0,0
9859,5628,4.0,25,0,2,71,5,2,0.0,0.0,0.0,0.0,49.0,10.0,0.0,10.0,1.0,0
9860,10602,4.0,25,3,4,91,7,3,1.0,0.0,1.0,0.0,57.0,14.0,2.0,13.0,2.0,1
9861,4507,4.0,25,0,5,90,4,5,0.0,0.0,0.0,0.0,66.0,11.0,0.0,11.0,1.0,0
9862,18441,4.0,34,3,4,127,7,3,0.0,0.0,2.0,0.0,82.0,19.0,3.0,18.0,2.0,1
9863,12174,4.0,13,0,3,47,2,2,0.0,0.0,0.0,0.0,36.0,5.0,0.0,5.0,0.0,1
9864,14453,3.0,6,0,2,22,2,1,0.0,0.0,0.0,0.0,15.0,3.0,0.0,3.0,0.0,1
9865,15093,4.0,11,2,2,41,4,4,1.0,1.0,0.0,0.0,24.0,6.0,1.0,5.0,2.0,1
9866,17217,3.0,6,2,2,26,2,2,1.0,0.0,1.0,1.0,16.0,3.0,0.0,3.0,0.0,1
9867,2294,3.0,12,0,3,33,3,1,0.0,0.0,0.0,0.0,22.0,5.0,0.0,5.0,0.0,0
9868,11803,4.0,14,1,3,57,6,3,0.0,1.0,0.0,0.0,36.0,8.0,1.0,7.0,3.0,1
9869,19851,3.0,10,0,2,35,3,3,0.0,0.0,0.0,0.0,23.0,6.0,0.0,5.0,0.0,1
9870,18430,3.0,6,0,3,41,2,3,0.0,0.0,0.0,0.0,28.0,6.0,0.0,6.0,0.0,1
9871,14318,4.0,6,0,2,37,3,4,0.0,0.0,0.0,0.0,24.0,5.0,0.0,5.0,2.0,1
9872,17005,4.0,4,3,3,30,2,3,1.0,0.0,2.0,2.0,15.0,4.0,0.0,5.0,0.0,1
9873,8690,4.0,19,0,2,64,4,2,0.0,0.0,0.0,0.0,45.0,9.0,0.0,9.0,0.0,0
9874,7081,3.0,8,0,1,21,2,1,0.0,0.0,0.0,0.0,17.0,2.0,0.0,1.0,0.0,0
9875,4733,4.0,20,18,1,90,3,5,13.0,0.0,5.0,0.0,52.0,7.0,5.0,7.0,0.0,0
9876,8912,3.0,4,7,1,25,2,3,6.0,0.0,1.0,1.0,10.0,3.0,0.0,3.0,0.0,0
9877,13045,4.0,13,6,3,67,6,5,5.0,0.0,1.0,0.0,37.0,10.0,1.0,10.0,2.0,1
9878,16618,4.0,26,20,2,119,8,3,11.0,0.0,9.0,0.0,57.0,15.0,9.0,15.0,2.0,1
9879,19193,4.0,11,0,3,40,3,2,0.0,0.0,0.0,0.0,28.0,5.0,0.0,5.0,1.0,1
9880,11281,4.0,14,11,4,80,6,8,8.0,0.0,2.0,1.0,40.0,12.0,2.0,12.0,2.0,1
9881,14955,3.0,1,14,4,28,3,3,9.0,0.0,5.0,0.0,3.0,1.0,5.0,1.0,3.0,1
9882,19195,3.0,6,0,2,17,1,0,0.0,0.0,0.0,0.0,12.0,2.0,0.0,2.0,0.0,1
9883,19110,3.0,4,0,2,20,2,2,0.0,0.0,0.0,0.0,11.0,4.0,0.0,4.0,0.0,1
9884,11510,4.0,22,3,3,93,7,3,1.0,0.0,2.0,0.0,55.0,15.0,2.0,15.0,2.0,1
9885,5520,4.0,16,3,2,52,4,2,1.0,1.0,1.0,1.0,34.0,6.0,1.0,6.0,0.0,0
9886,11821,4.0,16,3,3,70,5,6,1.0,0.0,1.0,1.0,45.0,9.0,1.0,9.0,2.0,1
9887,2700,4.0,15,30,1,76,4,3,23.0,5.0,2.0,5.0,31.0,4.0,2.0,3.0,0.0,0
9888,1700,3.0,14,0,1,40,2,4,0.0,0.0,0.0,0.0,29.0,5.0,0.0,5.0,0.0,0
9889,13596,3.0,12,0,3,48,2,3,0.0,0.0,0.0,0.0,35.0,6.0,0.0,6.0,0.0,1
9890,6968,4.0,14,4,2,54,6,2,3.0,0.0,1.0,0.0,32.0,8.0,1.0,8.0,0.0,0
9891,18635,4.0,7,1,2,34,2,3,0.0,0.0,1.0,1.0,23.0,4.0,0.0,4.0,0.0,1
9892,16322,4.0,10,0,2,47,5,1,0.0,0.0,0.0,0.0,32.0,7.0,0.0,7.0,0.0,1
9893,6219,4.0,26,0,3,100,6,7,0.0,0.0,0.0,0.0,69.0,15.0,0.0,14.0,1.0,0
9894,16986,4.0,13,0,1,36,2,2,0.0,0.0,0.0,0.0,29.0,3.0,0.0,3.0,0.0,1
9895,86,4.0,12,0,2,54,6,2,0.0,0.0,0.0,0.0,30.0,11.0,0.0,11.0,1.0,0
9896,18146,4.0,9,3,3,49,4,4,2.0,0.0,1.0,0.0,28.0,7.0,1.0,7.0,2.0,1
9897,18126,4.0,12,3,2,33,2,0,2.0,1.0,0.0,1.0,22.0,3.0,0.0,3.0,0.0,1
9898,15346,4.0,26,12,3,109,7,3,7.0,1.0,3.0,2.0,60.0,15.0,3.0,15.0,2.0,1
9899,136,4.0,43,103,10,254,7,4,66.0,33.0,3.0,34.0,80.0,16.0,3.0,16.0,2.0,0
9900,6972,3.0,9,0,1,28,2,2,0.0,0.0,0.0,0.0,21.0,3.0,0.0,3.0,0.0,0
9901,11087,3.0,9,0,2,22,1,0,0.0,0.0,0.0,0.0,17.0,2.0,0.0,2.0,0.0,1
9902,15721,4.0,24,3,3,86,7,3,1.0,0.0,1.0,0.0,54.0,13.0,2.0,12.0,2.0,1
9903,1200,4.0,3,10,1,23,3,1,9.0,0.0,0.0,0.0,7.0,3.0,1.0,2.0,0.0,0
9904,6121,4.0,12,0,1,40,3,2,0.0,0.0,0.0,0.0,29.0,5.0,0.0,5.0,0.0,0
9905,15748,4.0,8,0,2,44,4,4,0.0,0.0,0.0,0.0,29.0,6.0,0.0,6.0,2.0,1
9906,12127,3.0,16,29,1,99,4,4,7.0,4.0,18.0,13.0,12.0,12.0,9.0,20.0,3.0,1
9907,17606,3.0,7,2,2,23,1,0,1.0,0.0,1.0,1.0,16.0,1.0,0.0,2.0,0.0,1
9908,14125,4.0,7,2,1,40,5,3,1.0,0.0,0.0,0.0,26.0,5.0,1.0,4.0,2.0,1
9909,13622,4.0,24,3,2,91,8,3,2.0,0.0,1.0,0.0,62.0,11.0,1.0,11.0,2.0,1
9910,6296,3.0,6,0,1,16,2,1,0.0,0.0,0.0,0.0,11.0,2.0,0.0,2.0,0.0,0
9911,3927,3.0,6,4,1,24,4,1,3.0,0.0,0.0,0.0,13.0,3.0,1.0,2.0,1.0,0
9912,14387,4.0,11,1,3,47,2,3,0.0,0.0,1.0,1.0,33.0,5.0,0.0,6.0,0.0,1
9913,18847,4.0,34,3,2,111,5,9,2.0,0.0,1.0,1.0,81.0,11.0,0.0,12.0,2.0,1
9914,3606,2.0,6,0,2,15,2,1,0.0,0.0,0.0,0.0,9.0,3.0,0.0,2.0,0.0,0
9915,2330,4.0,28,8,1,96,4,7,5.0,0.0,3.0,0.0,59.0,12.0,3.0,11.0,2.0,0
9916,11707,3.0,8,0,3,43,2,3,0.0,0.0,0.0,0.0,30.0,6.0,0.0,6.0,0.0,1
9917,2187,3.0,14,0,1,40,2,5,0.0,0.0,0.0,0.0,28.0,6.0,0.0,5.0,0.0,0
9918,195,3.0,8,1,2,29,3,1,0.0,0.0,1.0,1.0,20.0,3.0,0.0,3.0,0.0,0
9919,12356,4.0,4,6,3,41,4,4,4.0,1.0,1.0,0.0,19.0,6.0,2.0,5.0,2.0,1
9920,15954,4.0,21,5,3,81,7,3,3.0,0.0,1.0,0.0,47.0,13.0,2.0,12.0,2.0,1
9921,14638,4.0,25,4,4,92,8,3,2.0,0.0,1.0,0.0,55.0,15.0,2.0,14.0,2.0,1
9922,2668,3.0,18,0,2,53,3,4,0.0,0.0,0.0,0.0,39.0,7.0,0.0,6.0,0.0,0
9923,15195,4.0,5,0,4,34,3,3,0.0,0.0,0.0,0.0,19.0,6.0,0.0,6.0,2.0,1
9924,2761,4.0,26,7,2,92,6,4,6.0,0.0,1.0,0.0,62.0,9.0,1.0,9.0,3.0,0
9925,2032,4.0,8,0,1,27,5,1,0.0,0.0,0.0,0.0,15.0,5.0,0.0,5.0,1.0,0
9926,5103,4.0,10,2,2,45,3,2,0.0,1.0,1.0,2.0,29.0,5.0,0.0,6.0,0.0,0
9927,13652,4.0,8,27,4,73,3,6,15.0,7.0,5.0,7.0,23.0,4.0,5.0,4.0,2.0,1
9928,1637,3.0,8,0,1,24,2,1,0.0,0.0,0.0,0.0,19.0,2.0,0.0,2.0,0.0,0
9929,8312,4.0,27,1,1,88,4,4,0.0,0.0,1.0,1.0,58.0,12.0,0.0,13.0,2.0,0
9930,11173,3.0,6,0,3,31,3,1,0.0,0.0,0.0,0.0,20.0,5.0,0.0,5.0,0.0,1
9931,18591,3.0,8,1,2,30,3,2,0.0,0.0,1.0,0.0,20.0,4.0,1.0,3.0,0.0,1
9932,3074,4.0,15,0,2,40,5,2,0.0,0.0,0.0,0.0,25.0,7.0,0.0,6.0,1.0,0
9933,7296,5.0,18,28,2,111,5,2,19.0,8.0,1.0,9.0,60.0,6.0,0.0,7.0,0.0,0
9934,3278,4.0,23,0,7,71,3,5,0.0,0.0,0.0,0.0,44.0,13.0,0.0,13.0,0.0,0
9935,8003,4.0,20,5,2,65,5,5,3.0,1.0,1.0,0.0,36.0,10.0,2.0,9.0,2.0,0
9936,16919,4.0,3,10,4,34,3,4,6.0,0.0,4.0,0.0,11.0,3.0,4.0,3.0,2.0,1
9937,8326,3.0,8,0,1,22,2,1,0.0,0.0,0.0,0.0,17.0,2.0,0.0,2.0,0.0,0
9938,13516,4.0,33,0,4,116,4,6,0.0,0.0,0.0,0.0,80.0,16.0,0.0,16.0,3.0,1
9939,7352,3.0,20,0,2,58,3,4,0.0,0.0,0.0,0.0,42.0,8.0,0.0,7.0,0.0,0
9940,13450,3.0,11,0,2,32,1,0,0.0,0.0,0.0,0.0,27.0,2.0,0.0,2.0,0.0,1
9941,10751,3.0,9,0,2,26,2,3,0.0,0.0,0.0,0.0,16.0,5.0,0.0,4.0,0.0,1
9942,7829,4.0,10,9,3,45,4,2,8.0,0.0,0.0,0.0,22.0,7.0,1.0,6.0,0.0,0
9943,16446,3.0,3,4,2,19,1,0,2.0,1.0,1.0,2.0,9.0,1.0,0.0,2.0,0.0,1
9944,7697,4.0,11,5,7,56,4,1,0.0,1.0,4.0,4.0,21.0,8.0,1.0,11.0,5.0,0
9945,14427,4.0,23,4,4,92,7,4,2.0,0.0,1.0,0.0,55.0,15.0,2.0,14.0,2.0,1
9946,5668,4.0,11,0,2,40,3,2,0.0,0.0,0.0,0.0,29.0,5.0,0.0,5.0,0.0,0
9947,17064,4.0,19,4,4,79,7,3,2.0,0.0,1.0,0.0,44.0,14.0,2.0,13.0,2.0,1
9948,10659,4.0,9,0,3,37,3,1,0.0,0.0,0.0,0.0,26.0,5.0,0.0,5.0,0.0,1
9949,8933,4.0,18,21,3,112,3,8,16.0,4.0,1.0,4.0,61.0,12.0,1.0,12.0,0.0,0
9950,5307,3.0,6,0,1,21,2,1,0.0,0.0,0.0,0.0,17.0,2.0,0.0,1.0,0.0,0
9951,17274,3.0,3,13,3,30,3,3,8.0,0.0,4.0,1.0,8.0,1.0,4.0,1.0,2.0,1
9952,18507,3.0,4,0,2,11,1,0,0.0,0.0,0.0,0.0,6.0,2.0,0.0,2.0,0.0,1
9953,12855,4.0,24,5,2,81,7,3,3.0,0.0,1.0,0.0,49.0,12.0,2.0,11.0,2.0,1
9954,11035,4.0,20,6,2,71,4,4,4.0,0.0,1.0,0.0,44.0,9.0,2.0,8.0,2.0,1
9955,5488,3.0,5,0,1,17,2,1,0.0,0.0,0.0,0.0,13.0,2.0,0.0,1.0,0.0,0
9956,8024,3.0,16,2,2,56,2,3,1.0,0.0,1.0,1.0,43.0,4.0,0.0,5.0,0.0,0
9957,10748,4.0,30,5,3,114,8,3,3.0,0.0,1.0,0.0,72.0,17.0,2.0,16.0,2.0,1
9958,690,4.0,9,0,4,37,3,2,0.0,0.0,0.0,0.0,22.0,7.0,0.0,7.0,0.0,0
9959,12013,3.0,5,0,1,18,1,0,0.0,0.0,0.0,0.0,15.0,1.0,0.0,1.0,0.0,1
9960,10103,4.0,16,0,4,68,4,5,0.0,0.0,0.0,0.0,45.0,10.0,0.0,10.0,2.0,1
9961,1014,4.0,26,8,1,86,4,7,6.0,0.0,2.0,0.0,56.0,9.0,2.0,8.0,2.0,0
9962,869,4.0,13,9,2,62,3,6,5.0,1.0,3.0,0.0,32.0,9.0,3.0,8.0,0.0,0
9963,1993,4.0,15,8,1,54,3,3,7.0,0.0,1.0,0.0,32.0,6.0,1.0,6.0,0.0,0
9964,10626,5.0,35,15,3,215,6,5,1.0,14.0,0.0,14.0,160.0,12.0,0.0,11.0,2.0,1
9965,11949,4.0,1,11,3,28,3,4,6.0,0.0,5.0,1.0,6.0,1.0,4.0,2.0,2.0,1
9966,14839,4.0,7,3,3,42,6,3,2.0,0.0,0.0,0.0,21.0,8.0,1.0,7.0,2.0,1
9967,14924,4.0,8,1,3,43,5,3,0.0,0.0,0.0,0.0,26.0,7.0,1.0,6.0,2.0,1
9968,10558,4.0,39,4,5,139,7,3,1.0,0.0,2.0,0.0,89.0,21.0,3.0,20.0,2.0,1
9969,7610,4.0,14,22,1,66,6,3,20.0,0.0,1.0,0.0,29.0,7.0,2.0,6.0,0.0,0
9970,5283,4.0,27,8,1,97,7,4,5.0,2.0,1.0,2.0,60.0,11.0,1.0,11.0,3.0,0
9971,4370,3.0,1,3,1,8,2,1,2.0,0.0,1.0,0.0,2.0,1.0,0.0,1.0,0.0,0
9972,1361,4.0,21,0,1,63,3,2,0.0,0.0,0.0,0.0,39.0,12.0,0.0,11.0,0.0,0
9973,1629,4.0,8,6,1,36,3,5,2.0,1.0,2.0,1.0,17.0,5.0,3.0,4.0,0.0,0
9974,12625,4.0,17,0,3,72,5,6,0.0,0.0,0.0,0.0,49.0,9.0,0.0,9.0,4.0,1
9975,1551,3.0,6,0,1,17,2,1,0.0,0.0,0.0,0.0,13.0,2.0,0.0,1.0,0.0,0
9976,8252,3.0,13,0,1,34,3,1,0.0,0.0,0.0,0.0,25.0,4.0,0.0,4.0,0.0,0
9977,10442,3.0,2,11,3,28,3,3,7.0,0.0,4.0,0.0,8.0,1.0,4.0,1.0,2.0,1
9978,14631,4.0,21,9,1,84,4,7,5.0,1.0,3.0,0.0,46.0,12.0,4.0,10.0,2.0,1
9979,5039,4.0,20,8,2,90,6,5,6.0,0.0,1.0,0.0,49.0,15.0,2.0,14.0,2.0,0
9980,19325,4.0,8,11,2,45,2,6,8.0,0.0,2.0,0.0,20.0,6.0,3.0,5.0,0.0,1
9981,5694,3.0,3,2,1,13,2,1,1.0,0.0,1.0,1.0,7.0,1.0,0.0,1.0,0.0,0
9982,5119,4.0,12,4,4,48,4,2,3.0,0.0,0.0,0.0,28.0,8.0,1.0,7.0,0.0,0
9983,1134,4.0,21,12,3,84,3,7,9.0,0.0,3.0,0.0,46.0,11.0,3.0,11.0,0.0,0
9984,10996,4.0,38,5,2,134,8,3,2.0,0.0,2.0,0.0,85.0,20.0,3.0,19.0,2.0,1
9985,10278,4.0,28,2,4,102,8,3,0.0,0.0,1.0,0.0,65.0,16.0,2.0,15.0,2.0,1
9986,10451,3.0,12,30,1,84,4,4,9.0,3.0,18.0,11.0,8.0,7.0,10.0,14.0,3.0,1
9987,4017,4.0,17,0,1,44,5,2,0.0,0.0,0.0,0.0,33.0,5.0,0.0,4.0,1.0,0
9988,10409,5.0,24,11,3,163,7,5,0.0,11.0,0.0,11.0,113.0,13.0,0.0,12.0,2.0,1
9989,2424,4.0,12,0,2,39,2,1,0.0,0.0,0.0,0.0,32.0,3.0,0.0,3.0,0.0,0
9990,4138,4.0,14,4,3,49,2,4,3.0,1.0,0.0,1.0,29.0,7.0,0.0,7.0,0.0,0
9991,12048,4.0,9,0,2,46,3,4,0.0,0.0,0.0,0.0,30.0,8.0,0.0,7.0,0.0,1
9992,859,3.0,11,0,3,37,2,1,0.0,0.0,0.0,0.0,28.0,4.0,0.0,4.0,0.0,0
9993,2962,4.0,14,0,2,53,3,4,0.0,0.0,0.0,0.0,38.0,7.0,0.0,7.0,0.0,0
9994,2426,3.0,12,0,2,32,3,2,0.0,0.0,0.0,0.0,21.0,5.0,0.0,5.0,0.0,0
9995,18565,4.0,25,6,3,91,7,3,4.0,0.0,1.0,0.0,56.0,13.0,2.0,12.0,2.0,1
9996,7674,4.0,19,2,2,64,3,3,1.0,0.0,1.0,1.0,45.0,7.0,0.0,8.0,0.0,0
9997,19167,3.0,6,0,1,21,1,0,0.0,0.0,0.0,0.0,18.0,1.0,0.0,1.0,0.0,1
9998,4937,4.0,27,8,1,103,3,6,5.0,0.0,3.0,0.0,66.0,13.0,3.0,12.0,0.0,0
9999,10896,3.0,12,31,1,90,4,4,10.0,3.0,18.0,10.0,10.0,9.0,11.0,15.0,3.0,1
10000,5285,3.0,3,0,1,15,2,1,0.0,0.0,0.0,0.0,11.0,2.0,0.0,1.0,0.0,0
10001,8367,3.0,18,0,2,52,2,1,0.0,0.0,0.0,0.0,45.0,3.0,0.0,3.0,0.0,0
10002,12905,4.0,4,13,4,37,3,4,8.0,0.0,4.0,1.0,11.0,3.0,4.0,3.0,2.0,1
10003,2093,4.0,5,8,2,34,2,3,7.0,0.0,1.0,0.0,16.0,4.0,1.0,4.0,0.0,0
10004,18424,4.0,10,1,1,45,3,6,0.0,0.0,0.0,0.0,30.0,6.0,1.0,5.0,2.0,1
10005,11336,4.0,40,3,3,142,7,3,0.0,0.0,2.0,0.0,94.0,20.0,3.0,19.0,3.0,1
10006,11683,3.0,7,6,2,28,1,0,4.0,1.0,1.0,1.0,17.0,1.0,1.0,1.0,0.0,1
10007,7817,3.0,12,0,2,32,3,2,0.0,0.0,0.0,0.0,22.0,5.0,0.0,4.0,0.0,0
10008,1920,4.0,15,0,1,48,2,4,0.0,0.0,0.0,0.0,37.0,5.0,0.0,5.0,0.0,0
10009,82,4.0,11,10,1,47,2,4,9.0,0.0,1.0,0.0,28.0,4.0,1.0,3.0,0.0,0
10010,13318,4.0,12,5,1,45,3,6,4.0,0.0,0.0,0.0,26.0,6.0,1.0,5.0,2.0,1
10011,17657,4.0,24,0,2,85,4,7,0.0,0.0,0.0,0.0,60.0,11.0,0.0,11.0,2.0,1
10012,4396,4.0,17,12,3,75,6,2,9.0,0.0,2.0,2.0,35.0,12.0,1.0,13.0,0.0,0
10013,8475,4.0,20,7,2,81,3,3,6.0,0.0,1.0,0.0,48.0,12.0,1.0,12.0,0.0,0
10014,1813,4.0,8,5,1,40,4,4,3.0,0.0,1.0,0.0,22.0,6.0,2.0,5.0,0.0,0
10015,1271,4.0,14,0,2,52,3,4,0.0,0.0,0.0,0.0,37.0,7.0,0.0,7.0,0.0,0
10016,15226,4.0,20,11,3,93,9,3,6.0,1.0,4.0,0.0,47.0,14.0,5.0,13.0,2.0,1
10017,2994,4.0,7,3,1,36,3,3,2.0,1.0,0.0,1.0,19.0,6.0,0.0,6.0,0.0,0
10018,18999,3.0,6,0,3,29,2,1,0.0,0.0,0.0,0.0,20.0,4.0,0.0,4.0,0.0,1
10019,15674,4.0,41,11,5,168,8,3,8.0,0.0,3.0,0.0,105.0,23.0,3.0,23.0,2.0,1
10020,15438,4.0,16,0,1,57,4,6,0.0,0.0,0.0,0.0,40.0,7.0,0.0,7.0,2.0,1
10021,18407,4.0,42,6,3,146,8,3,3.0,0.0,2.0,0.0,90.0,23.0,3.0,22.0,2.0,1
10022,18369,4.0,14,3,2,63,8,3,2.0,0.0,0.0,0.0,38.0,10.0,1.0,9.0,2.0,1
10023,2642,4.0,8,8,2,39,2,4,5.0,0.0,3.0,0.0,22.0,3.0,3.0,2.0,0.0,0
10024,9280,4.0,17,16,1,62,3,3,14.0,0.0,1.0,0.0,31.0,7.0,2.0,6.0,0.0,0
10025,16719,4.0,11,1,2,60,6,3,0.0,0.0,1.0,0.0,38.0,9.0,1.0,8.0,2.0,1
10026,4195,3.0,6,0,1,18,2,1,0.0,0.0,0.0,0.0,14.0,2.0,0.0,1.0,0.0,0
10027,13032,3.0,11,28,1,81,4,4,8.0,3.0,17.0,11.0,8.0,7.0,9.0,14.0,3.0,1
10028,12768,4.0,7,13,4,47,4,4,8.0,0.0,4.0,1.0,19.0,4.0,4.0,4.0,2.0,1
10029,12360,4.0,14,0,1,53,4,5,0.0,0.0,0.0,0.0,37.0,7.0,0.0,6.0,2.0,1
10030,3849,4.0,8,6,1,37,3,5,3.0,1.0,2.0,0.0,18.0,5.0,3.0,4.0,0.0,0
10031,19857,4.0,23,4,3,86,7,4,2.0,0.0,1.0,0.0,51.0,14.0,2.0,13.0,2.0,1
10032,18372,5.0,21,10,3,133,6,5,0.0,10.0,0.0,10.0,88.0,11.0,0.0,11.0,2.0,1
10033,16194,2.0,5,0,1,14,1,0,0.0,0.0,0.0,0.0,11.0,1.0,0.0,1.0,0.0,1
10034,15253,3.0,14,0,1,28,1,0,0.0,0.0,0.0,0.0,25.0,1.0,0.0,1.0,0.0,1
10035,16193,4.0,13,0,2,41,2,2,0.0,0.0,0.0,0.0,32.0,4.0,0.0,4.0,0.0,1
10036,3554,4.0,14,0,2,58,3,3,0.0,0.0,0.0,0.0,41.0,8.0,0.0,8.0,0.0,0
10037,13237,3.0,7,1,2,22,2,3,0.0,0.0,1.0,1.0,11.0,4.0,0.0,4.0,0.0,1
10038,2600,4.0,9,8,2,37,3,2,7.0,0.0,1.0,1.0,19.0,4.0,0.0,4.0,0.0,0
10039,17272,4.0,29,4,4,104,7,3,2.0,0.0,1.0,0.0,67.0,15.0,2.0,14.0,2.0,1
10040,1518,3.0,7,1,1,30,3,3,0.0,1.0,0.0,1.0,18.0,5.0,0.0,4.0,0.0,0
10041,4117,4.0,10,9,2,44,3,2,8.0,0.0,1.0,0.0,22.0,6.0,1.0,5.0,0.0,0
10042,10825,4.0,8,0,3,36,2,2,0.0,0.0,0.0,0.0,25.0,5.0,0.0,5.0,0.0,1
10043,5755,5.0,36,36,8,180,7,6,20.0,16.0,0.0,15.0,85.0,21.0,1.0,20.0,1.0,0
10044,5633,4.0,23,2,2,63,5,2,1.0,1.0,0.0,0.0,46.0,7.0,1.0,6.0,0.0,0
10045,8399,4.0,18,6,2,70,3,3,4.0,0.0,2.0,0.0,45.0,8.0,2.0,8.0,0.0,0
10046,18163,4.0,9,14,8,69,6,5,8.0,0.0,5.0,1.0,25.0,11.0,5.0,11.0,2.0,1
10047,13065,4.0,10,3,4,48,5,3,2.0,0.0,0.0,0.0,27.0,8.0,1.0,7.0,2.0,1
10048,7162,3.0,14,0,2,36,3,2,0.0,0.0,0.0,0.0,25.0,5.0,0.0,5.0,0.0,0
10049,14256,4.0,17,20,3,76,4,4,13.0,7.0,0.0,6.0,33.0,7.0,1.0,6.0,2.0,1
10050,11737,4.0,6,30,4,74,4,7,21.0,4.0,5.0,5.0,17.0,7.0,4.0,8.0,2.0,1
10051,15441,4.0,19,5,3,92,5,11,3.0,1.0,1.0,2.0,53.0,14.0,0.0,15.0,2.0,1
10052,1988,3.0,6,0,1,16,2,2,0.0,0.0,0.0,0.0,10.0,3.0,0.0,2.0,0.0,0
10053,7737,4.0,2,12,1,29,2,4,10.0,0.0,2.0,0.0,9.0,3.0,2.0,2.0,0.0,0
10054,10561,3.0,7,0,1,20,1,0,0.0,0.0,0.0,0.0,17.0,1.0,0.0,1.0,0.0,1
10055,201,3.0,9,0,3,36,3,2,0.0,0.0,0.0,0.0,23.0,6.0,0.0,5.0,1.0,0
10056,19103,4.0,15,4,2,54,3,5,3.0,1.0,0.0,0.0,35.0,6.0,1.0,5.0,2.0,1
10057,15166,4.0,14,2,2,59,5,6,1.0,1.0,0.0,0.0,36.0,7.0,1.0,6.0,6.0,1
10058,4855,4.0,31,18,1,115,3,5,11.0,2.0,5.0,0.0,68.0,12.0,7.0,9.0,0.0,0
10059,18875,3.0,6,0,1,34,3,4,0.0,0.0,0.0,0.0,24.0,4.0,0.0,3.0,2.0,1
10060,9741,4.0,16,0,3,55,3,1,0.0,0.0,0.0,0.0,42.0,6.0,0.0,6.0,0.0,0
10061,12502,3.0,10,0,3,36,3,3,0.0,0.0,0.0,0.0,23.0,5.0,0.0,5.0,2.0,1
10062,15950,3.0,3,0,1,13,1,0,0.0,0.0,0.0,0.0,10.0,1.0,0.0,1.0,0.0,1
10063,3765,4.0,13,4,3,49,3,4,3.0,0.0,1.0,1.0,29.0,6.0,0.0,7.0,1.0,0
10064,17367,3.0,10,0,1,22,1,0,0.0,0.0,0.0,0.0,19.0,1.0,0.0,1.0,0.0,1
10065,13452,4.0,22,6,3,84,7,3,4.0,0.0,1.0,0.0,49.0,13.0,2.0,12.0,2.0,1
10066,6432,4.0,14,0,1,42,7,1,0.0,0.0,0.0,0.0,26.0,7.0,0.0,7.0,1.0,0
10067,7846,4.0,20,7,2,78,3,2,3.0,3.0,1.0,2.0,47.0,10.0,2.0,9.0,0.0,0
10068,12253,4.0,32,23,2,154,8,7,16.0,7.0,0.0,6.0,80.0,21.0,1.0,20.0,2.0,1
10069,16402,3.0,6,0,1,18,1,0,0.0,0.0,0.0,0.0,15.0,1.0,0.0,1.0,0.0,1
10070,16433,4.0,11,3,2,53,5,4,2.0,0.0,0.0,0.0,34.0,7.0,1.0,6.0,2.0,1
10071,887,5.0,19,24,2,108,4,2,15.0,8.0,1.0,9.0,63.0,5.0,0.0,5.0,1.0,0
10072,6261,3.0,6,1,3,26,2,1,0.0,1.0,0.0,0.0,16.0,4.0,1.0,3.0,0.0,0
10073,6989,4.0,21,6,2,62,5,2,5.0,0.0,0.0,0.0,36.0,10.0,1.0,9.0,0.0,0
10074,6043,4.0,24,2,2,67,5,2,1.0,1.0,0.0,0.0,50.0,7.0,1.0,6.0,0.0,0
10075,10808,4.0,12,16,2,67,4,5,9.0,0.0,6.0,0.0,29.0,7.0,7.0,6.0,2.0,1
10076,1424,4.0,10,9,3,64,6,3,6.0,0.0,2.0,0.0,32.0,9.0,3.0,8.0,3.0,0
10077,16523,3.0,12,0,3,43,2,2,0.0,0.0,0.0,0.0,32.0,5.0,0.0,5.0,0.0,1
10078,15924,4.0,11,0,3,52,4,3,0.0,0.0,0.0,0.0,33.0,8.0,0.0,8.0,2.0,1
10079,112,4.0,35,1,1,122,6,3,0.0,0.0,0.0,0.0,77.0,21.0,1.0,20.0,2.0,0
10080,8160,4.0,12,9,1,40,3,3,8.0,0.0,0.0,0.0,21.0,5.0,1.0,4.0,0.0,0
10081,18692,4.0,29,4,3,105,8,3,2.0,0.0,1.0,0.0,70.0,14.0,2.0,13.0,2.0,1
10082,16199,4.0,20,0,4,77,3,5,0.0,0.0,0.0,0.0,58.0,8.0,0.0,8.0,2.0,1
10083,4559,4.0,13,1,2,45,3,3,0.0,0.0,1.0,0.0,32.0,5.0,1.0,5.0,0.0,0
10084,17628,4.0,17,0,3,63,4,5,0.0,0.0,0.0,0.0,42.0,9.0,0.0,9.0,2.0,1
10085,11442,4.0,26,4,4,90,7,3,2.0,0.0,1.0,0.0,55.0,14.0,2.0,13.0,2.0,1
10086,11254,4.0,7,0,3,40,4,3,0.0,0.0,0.0,0.0,25.0,6.0,0.0,6.0,2.0,1
10087,17910,4.0,10,2,3,52,4,5,1.0,0.0,1.0,0.0,32.0,7.0,1.0,7.0,2.0,1
10088,8566,3.0,6,2,2,23,3,2,1.0,0.0,1.0,1.0,11.0,4.0,0.0,4.0,0.0,0
10089,16311,4.0,25,2,3,89,7,3,0.0,0.0,1.0,0.0,58.0,13.0,2.0,12.0,2.0,1
10090,10758,3.0,12,18,1,63,4,4,5.0,1.0,12.0,9.0,9.0,6.0,4.0,13.0,3.0,1
10091,3731,3.0,13,0,1,28,2,1,0.0,0.0,0.0,0.0,23.0,2.0,0.0,2.0,0.0,0
10092,18967,4.0,24,2,1,79,4,6,1.0,0.0,0.0,0.0,55.0,10.0,1.0,9.0,2.0,1
10093,4986,4.0,25,8,3,104,4,4,6.0,0.0,2.0,0.0,51.0,20.0,2.0,20.0,2.0,0
10094,2763,3.0,10,0,2,30,2,1,0.0,0.0,0.0,0.0,24.0,3.0,0.0,2.0,0.0,0
10095,13794,4.0,19,3,3,75,7,3,1.0,0.0,1.0,1.0,46.0,11.0,1.0,11.0,2.0,1
10096,18305,4.0,11,0,2,44,3,4,0.0,0.0,0.0,0.0,31.0,5.0,0.0,5.0,2.0,1
10097,1855,4.0,32,52,14,165,3,1,30.0,20.0,2.0,20.0,63.0,14.0,2.0,13.0,0.0,0
10098,15599,3.0,7,0,3,37,3,2,0.0,0.0,0.0,0.0,24.0,6.0,0.0,6.0,0.0,1
10099,12812,4.0,29,4,4,104,7,3,2.0,0.0,1.0,0.0,67.0,15.0,2.0,14.0,2.0,1
10100,999,3.0,7,0,2,29,2,2,0.0,0.0,0.0,0.0,20.0,4.0,0.0,4.0,0.0,0
10101,389,5.0,76,49,3,345,9,3,10.0,35.0,4.0,33.0,215.0,20.0,6.0,18.0,3.0,0
10102,11599,4.0,7,3,4,42,3,3,2.0,0.0,1.0,1.0,22.0,7.0,0.0,8.0,0.0,1
10103,6426,3.0,4,0,1,16,2,1,0.0,0.0,0.0,0.0,12.0,2.0,0.0,1.0,0.0,0
10104,10578,3.0,3,0,2,20,2,2,0.0,0.0,0.0,0.0,12.0,4.0,0.0,3.0,0.0,1
10105,19160,4.0,17,20,3,76,4,4,13.0,7.0,0.0,6.0,33.0,7.0,1.0,6.0,2.0,1
10106,8112,4.0,9,10,3,48,2,3,9.0,0.0,1.0,0.0,26.0,5.0,1.0,5.0,0.0,0
10107,4997,4.0,16,3,2,67,5,1,2.0,0.0,0.0,0.0,40.0,12.0,1.0,11.0,0.0,0
10108,14211,4.0,9,0,3,35,3,1,0.0,0.0,0.0,0.0,24.0,5.0,0.0,5.0,0.0,1
10109,19205,4.0,14,0,5,62,3,6,0.0,0.0,0.0,0.0,39.0,10.0,0.0,10.0,2.0,1
10110,4796,3.0,19,0,2,55,3,3,0.0,0.0,0.0,0.0,41.0,7.0,0.0,6.0,0.0,0
10111,4769,4.0,13,0,2,41,3,2,0.0,0.0,0.0,0.0,28.0,6.0,0.0,6.0,0.0,0
10112,11065,4.0,7,2,2,30,3,2,1.0,0.0,1.0,1.0,19.0,2.0,0.0,3.0,2.0,1
10113,4173,4.0,11,6,1,39,3,4,4.0,0.0,2.0,0.0,19.0,6.0,2.0,5.0,0.0,0
10114,19153,4.0,16,3,6,84,6,7,0.0,0.0,2.0,0.0,51.0,13.0,3.0,12.0,2.0,1
10115,1907,4.0,14,0,3,46,2,3,0.0,0.0,0.0,0.0,33.0,6.0,0.0,6.0,0.0,0
10116,4946,4.0,7,4,2,30,3,1,3.0,0.0,1.0,0.0,17.0,4.0,0.0,4.0,0.0,0
10117,8560,4.0,13,0,2,51,3,1,0.0,0.0,0.0,0.0,34.0,8.0,0.0,8.0,0.0,0
10118,6033,4.0,13,0,3,50,3,3,0.0,0.0,0.0,0.0,30.0,8.0,0.0,8.0,3.0,0
10119,7619,4.0,13,2,2,48,3,3,1.0,0.0,1.0,1.0,33.0,5.0,0.0,6.0,0.0,0
10120,1151,4.0,25,3,3,90,8,3,0.0,2.0,0.0,0.0,55.0,15.0,3.0,12.0,2.0,0
10121,18239,3.0,8,0,3,39,2,1,0.0,0.0,0.0,0.0,30.0,4.0,0.0,4.0,0.0,1
10122,9689,3.0,8,1,2,28,2,1,0.0,0.0,1.0,1.0,21.0,2.0,0.0,2.0,0.0,0
10123,7106,4.0,28,8,1,104,3,6,5.0,0.0,3.0,0.0,67.0,13.0,3.0,12.0,0.0,0
10124,18860,4.0,12,0,2,48,4,5,0.0,0.0,0.0,0.0,30.0,8.0,0.0,7.0,2.0,1
10125,4287,3.0,12,0,2,32,3,2,0.0,0.0,0.0,0.0,21.0,5.0,0.0,5.0,0.0,0
10126,2230,4.0,12,5,2,49,4,2,4.0,0.0,0.0,0.0,32.0,6.0,1.0,5.0,0.0,0
10127,174,4.0,14,0,3,56,3,3,0.0,0.0,0.0,0.0,37.0,9.0,0.0,9.0,0.0,0
10128,8752,4.0,15,0,1,49,5,2,0.0,0.0,0.0,0.0,35.0,6.0,0.0,6.0,1.0,0
10129,3408,4.0,15,0,1,54,3,3,0.0,0.0,0.0,0.0,38.0,8.0,0.0,7.0,0.0,0
10130,1538,4.0,8,8,3,45,2,4,5.0,0.0,3.0,0.0,25.0,4.0,3.0,4.0,0.0,0
10131,2292,4.0,12,25,2,72,2,6,15.0,9.0,1.0,8.0,24.0,7.0,2.0,5.0,0.0,0
10132,9523,4.0,8,1,1,31,4,1,0.0,1.0,0.0,1.0,20.0,4.0,0.0,4.0,0.0,0
10133,1363,3.0,10,1,1,38,3,3,0.0,1.0,0.0,1.0,23.0,6.0,0.0,6.0,0.0,0
10134,4357,4.0,16,7,2,60,5,2,6.0,0.0,0.0,0.0,39.0,7.0,1.0,6.0,0.0,0
10135,680,3.0,4,0,2,15,2,1,0.0,0.0,0.0,0.0,9.0,3.0,0.0,2.0,0.0,0
10136,13050,4.0,23,3,3,86,7,3,1.0,0.0,1.0,0.0,54.0,13.0,2.0,12.0,2.0,1
10137,3664,4.0,7,0,1,26,3,2,0.0,0.0,0.0,0.0,17.0,4.0,0.0,4.0,0.0,0
10138,508,4.0,12,0,3,37,3,2,0.0,0.0,0.0,0.0,23.0,6.0,0.0,6.0,1.0,0
10139,166,4.0,14,5,2,54,3,2,4.0,0.0,1.0,0.0,32.0,7.0,1.0,7.0,1.0,0
10140,13689,5.0,26,19,2,183,7,3,4.0,14.0,0.0,15.0,125.0,11.0,0.0,11.0,2.0,1
10141,18245,4.0,6,2,4,33,3,3,1.0,0.0,1.0,1.0,16.0,5.0,0.0,6.0,2.0,1
10142,1914,4.0,13,0,1,38,3,2,0.0,0.0,0.0,0.0,29.0,4.0,0.0,4.0,0.0,0
10143,7263,4.0,4,4,1,20,4,1,3.0,0.0,0.0,0.0,9.0,3.0,1.0,2.0,1.0,0
10144,10728,4.0,24,4,2,78,3,6,3.0,0.0,1.0,1.0,57.0,6.0,0.0,7.0,2.0,1
10145,1104,4.0,9,0,1,31,4,1,0.0,0.0,0.0,0.0,22.0,4.0,0.0,4.0,0.0,0
10146,12067,3.0,12,0,2,36,2,3,0.0,0.0,0.0,0.0,26.0,5.0,0.0,4.0,0.0,1
10147,2610,4.0,23,5,1,87,5,3,4.0,0.0,0.0,1.0,53.0,13.0,0.0,13.0,2.0,0
10148,9944,4.0,28,0,2,81,3,5,0.0,0.0,0.0,0.0,59.0,11.0,0.0,10.0,0.0,0
10149,5310,4.0,26,4,2,94,7,5,1.0,0.0,2.0,1.0,63.0,11.0,2.0,11.0,2.0,0
10150,18619,4.0,31,20,3,141,7,3,11.0,0.0,9.0,0.0,74.0,18.0,9.0,17.0,2.0,1
10151,11108,4.0,10,0,3,42,3,4,0.0,0.0,0.0,0.0,28.0,6.0,0.0,5.0,2.0,1
10152,11156,4.0,8,2,3,41,5,3,1.0,0.0,0.0,0.0,23.0,7.0,1.0,6.0,2.0,1
10153,152,3.0,5,0,1,18,2,2,0.0,0.0,0.0,0.0,12.0,3.0,0.0,2.0,0.0,0
10154,13422,4.0,5,4,2,27,2,2,3.0,0.0,0.0,1.0,14.0,4.0,0.0,4.0,0.0,1
10155,2832,4.0,8,5,2,46,4,3,4.0,0.0,0.0,0.0,27.0,7.0,1.0,6.0,0.0,0
10156,19898,4.0,36,6,16,149,4,3,0.0,6.0,0.0,6.0,97.0,18.0,0.0,18.0,3.0,1
10157,16858,4.0,12,0,4,57,3,6,0.0,0.0,0.0,0.0,37.0,8.0,0.0,8.0,3.0,1
10158,3551,4.0,14,1,4,48,2,4,0.0,1.0,0.0,1.0,29.0,8.0,0.0,8.0,0.0,0
10159,17462,3.0,15,34,1,99,4,4,9.0,3.0,22.0,15.0,9.0,8.0,10.0,19.0,3.0,1
10160,18545,3.0,9,0,1,23,1,0,0.0,0.0,0.0,0.0,20.0,1.0,0.0,1.0,0.0,1
10161,12541,4.0,9,1,3,37,2,5,0.0,0.0,1.0,0.0,20.0,7.0,1.0,7.0,0.0,1
10162,4538,4.0,21,15,2,88,4,7,11.0,0.0,4.0,0.0,43.0,12.0,4.0,11.0,2.0,0
10163,14367,3.0,11,22,1,72,4,4,6.0,1.0,15.0,11.0,9.0,6.0,5.0,15.0,3.0,1
10164,18186,4.0,6,2,1,33,3,4,0.0,2.0,0.0,2.0,18.0,4.0,0.0,4.0,2.0,1
10165,10014,3.0,5,4,2,27,2,2,3.0,0.0,0.0,1.0,14.0,4.0,0.0,4.0,0.0,1
10166,12278,4.0,34,20,3,151,8,3,13.0,0.0,6.0,1.0,84.0,19.0,6.0,19.0,2.0,1
10167,17403,3.0,5,3,2,26,2,2,2.0,0.0,0.0,1.0,14.0,4.0,0.0,4.0,0.0,1
10168,15088,4.0,40,6,3,150,8,3,2.0,0.0,3.0,0.0,92.0,23.0,4.0,22.0,3.0,1
10169,19027,4.0,6,1,3,35,4,3,0.0,0.0,0.0,0.0,20.0,6.0,1.0,5.0,2.0,1
10170,5141,4.0,13,3,2,38,3,2,2.0,0.0,1.0,0.0,23.0,5.0,1.0,5.0,0.0,0
10171,11814,4.0,13,7,3,68,6,5,6.0,0.0,1.0,0.0,37.0,10.0,1.0,10.0,2.0,1
10172,18718,3.0,8,0,2,28,2,2,0.0,0.0,0.0,0.0,20.0,4.0,0.0,3.0,0.0,1
10173,3450,4.0,11,6,2,44,2,3,4.0,2.0,0.0,0.0,27.0,5.0,2.0,3.0,0.0,0
10174,16589,4.0,25,5,4,101,7,3,3.0,0.0,2.0,0.0,61.0,15.0,2.0,15.0,2.0,1
10175,13156,4.0,32,8,3,122,7,3,4.0,0.0,4.0,1.0,74.0,16.0,3.0,17.0,2.0,1
10176,2749,4.0,15,4,1,40,3,2,3.0,0.0,0.0,0.0,24.0,6.0,1.0,5.0,0.0,0
10177,12707,4.0,37,7,3,130,8,3,4.0,0.0,3.0,0.0,79.0,19.0,3.0,19.0,2.0,1
10178,13131,4.0,10,0,3,47,4,4,0.0,0.0,0.0,0.0,30.0,7.0,0.0,7.0,2.0,1
10179,12251,4.0,16,0,2,46,2,2,0.0,0.0,0.0,0.0,38.0,4.0,0.0,3.0,0.0,1
10180,10179,3.0,7,0,3,35,2,1,0.0,0.0,0.0,0.0,26.0,4.0,0.0,4.0,0.0,1
10181,5810,4.0,10,2,2,37,2,3,1.0,0.0,1.0,1.0,24.0,4.0,0.0,5.0,0.0,0
10182,5634,4.0,26,4,1,87,3,2,3.0,0.0,1.0,0.0,56.0,13.0,1.0,12.0,0.0,0
10183,11580,3.0,8,0,2,30,2,2,0.0,0.0,0.0,0.0,22.0,4.0,0.0,3.0,0.0,1
10184,13926,4.0,49,7,3,150,8,4,4.0,0.0,2.0,0.0,101.0,19.0,3.0,18.0,2.0,1
10185,19164,4.0,14,6,2,67,4,6,4.0,0.0,2.0,0.0,40.0,8.0,2.0,8.0,2.0,1
10186,1380,3.0,12,0,2,28,2,2,0.0,0.0,0.0,0.0,19.0,4.0,0.0,4.0,0.0,0
10187,18637,4.0,28,4,3,96,8,3,2.0,0.0,1.0,0.0,61.0,14.0,2.0,13.0,2.0,1
10188,14901,3.0,11,0,1,34,2,3,0.0,0.0,0.0,0.0,26.0,4.0,0.0,3.0,0.0,1
10189,3832,4.0,33,4,1,111,3,6,3.0,0.0,1.0,0.0,76.0,15.0,1.0,14.0,0.0,0
10190,4776,4.0,15,2,2,48,3,1,1.0,1.0,0.0,0.0,35.0,5.0,1.0,4.0,0.0,0
10191,4276,3.0,10,1,2,34,2,2,0.0,0.0,1.0,1.0,24.0,3.0,0.0,4.0,0.0,0
10192,4958,4.0,12,8,1,54,3,2,6.0,0.0,1.0,0.0,33.0,6.0,2.0,5.0,0.0,0
10193,17621,4.0,25,4,3,86,7,3,2.0,0.0,1.0,0.0,53.0,13.0,2.0,12.0,2.0,1
10194,16662,4.0,8,0,3,45,3,3,0.0,0.0,0.0,0.0,32.0,5.0,0.0,5.0,2.0,1
10195,7415,3.0,7,0,1,24,3,1,0.0,0.0,0.0,0.0,17.0,3.0,0.0,3.0,0.0,0
10196,3252,4.0,6,10,3,42,2,2,9.0,0.0,1.0,0.0,22.0,4.0,1.0,4.0,0.0,0
10197,16960,4.0,27,7,3,97,7,3,5.0,0.0,1.0,0.0,59.0,14.0,2.0,13.0,2.0,1
10198,16673,4.0,8,2,2,64,6,5,0.0,0.0,2.0,0.0,35.0,10.0,2.0,9.0,5.0,1
10199,19637,4.0,12,0,4,45,3,3,0.0,0.0,0.0,0.0,28.0,8.0,0.0,8.0,0.0,1
10200,17811,4.0,13,10,2,71,5,6,7.0,2.0,1.0,0.0,37.0,10.0,3.0,8.0,2.0,1
10201,14300,5.0,38,26,2,237,7,3,4.0,22.0,0.0,22.0,163.0,12.0,0.0,11.0,2.0,1
10202,15523,4.0,10,0,3,39,3,3,0.0,0.0,0.0,0.0,26.0,5.0,0.0,5.0,2.0,1
10203,14270,4.0,12,2,3,68,7,3,1.0,0.0,0.0,0.0,40.0,12.0,1.0,11.0,2.0,1
10204,12327,4.0,26,3,3,87,7,3,1.0,0.0,1.0,0.0,55.0,13.0,2.0,12.0,2.0,1
10205,11546,4.0,9,5,3,42,1,0,3.0,1.0,1.0,2.0,29.0,2.0,0.0,3.0,0.0,1
10206,15639,4.0,9,0,3,51,4,3,0.0,0.0,0.0,0.0,30.0,9.0,0.0,9.0,2.0,1
10207,15042,4.0,3,7,2,39,3,5,5.0,0.0,2.0,0.0,19.0,4.0,2.0,4.0,2.0,1
10208,14208,4.0,21,0,2,71,4,8,0.0,0.0,0.0,0.0,49.0,10.0,0.0,9.0,2.0,1
10209,2468,3.0,13,0,2,32,3,2,0.0,0.0,0.0,0.0,21.0,5.0,0.0,5.0,0.0,0
10210,17903,4.0,9,7,3,44,2,4,6.0,0.0,1.0,0.0,24.0,6.0,1.0,5.0,0.0,1
10211,16654,5.0,21,26,3,116,8,3,18.0,7.0,0.0,8.0,54.0,13.0,0.0,13.0,2.0,1
10212,11757,3.0,8,19,1,63,4,4,6.0,1.0,12.0,8.0,9.0,6.0,5.0,12.0,3.0,1
10213,13869,4.0,45,7,3,164,8,4,3.0,0.0,3.0,0.0,101.0,25.0,4.0,24.0,3.0,1
10214,9583,4.0,15,17,1,73,3,3,14.0,0.0,2.0,0.0,35.0,9.0,3.0,8.0,1.0,0
10215,6696,4.0,11,5,1,44,2,3,4.0,0.0,0.0,1.0,30.0,4.0,0.0,4.0,0.0,0
10216,3180,4.0,11,0,1,38,3,2,0.0,0.0,0.0,0.0,27.0,5.0,0.0,5.0,0.0,0
10217,15089,3.0,1,0,1,11,1,0,0.0,0.0,0.0,0.0,8.0,1.0,0.0,1.0,0.0,1
10218,8275,4.0,15,9,3,60,3,1,7.0,0.0,2.0,1.0,37.0,5.0,1.0,6.0,0.0,0
10219,9065,3.0,8,0,1,20,2,1,0.0,0.0,0.0,0.0,16.0,2.0,0.0,1.0,0.0,0
10220,11030,3.0,2,16,4,34,3,3,11.0,0.0,5.0,0.0,6.0,2.0,5.0,2.0,2.0,1
10221,17837,4.0,18,0,3,78,4,5,0.0,0.0,0.0,0.0,55.0,10.0,0.0,10.0,2.0,1
10222,4557,4.0,7,0,2,33,2,1,0.0,0.0,0.0,0.0,26.0,3.0,0.0,3.0,0.0,0
10223,7812,4.0,12,5,1,41,3,3,3.0,0.0,1.0,0.0,23.0,6.0,2.0,5.0,0.0,0
10224,12839,3.0,13,0,3,68,3,6,0.0,0.0,0.0,0.0,49.0,8.0,0.0,8.0,2.0,1
10225,6297,3.0,17,0,7,50,3,1,0.0,0.0,0.0,0.0,31.0,9.0,0.0,9.0,0.0,0
10226,19860,3.0,11,0,1,32,2,3,0.0,0.0,0.0,0.0,24.0,4.0,0.0,3.0,0.0,1
10227,14534,4.0,15,0,3,58,4,6,0.0,0.0,0.0,0.0,37.0,9.0,0.0,9.0,2.0,1
10228,19708,3.0,2,16,4,34,3,3,11.0,0.0,5.0,0.0,6.0,2.0,5.0,2.0,2.0,1
10229,1132,4.0,7,0,2,25,2,1,0.0,0.0,0.0,0.0,19.0,3.0,0.0,2.0,0.0,0
10230,10642,4.0,11,0,1,38,4,4,0.0,0.0,0.0,0.0,25.0,5.0,0.0,5.0,2.0,1
10231,10521,4.0,9,13,3,64,3,4,4.0,7.0,2.0,8.0,30.0,4.0,1.0,5.0,2.0,1
10232,19678,4.0,18,1,3,69,7,3,0.0,0.0,0.0,0.0,42.0,12.0,1.0,11.0,2.0,1
10233,2871,4.0,16,0,3,56,3,1,0.0,0.0,0.0,0.0,43.0,6.0,0.0,6.0,0.0,0
10234,12996,4.0,23,6,3,88,7,3,4.0,0.0,1.0,0.0,53.0,13.0,2.0,12.0,2.0,1
10235,1772,4.0,9,6,1,36,3,3,5.0,0.0,0.0,1.0,19.0,5.0,0.0,5.0,0.0,0
10236,10593,2.0,3,0,1,11,1,0,0.0,0.0,0.0,0.0,8.0,1.0,0.0,1.0,0.0,1
10237,1913,3.0,4,7,1,24,2,3,6.0,0.0,1.0,1.0,9.0,3.0,0.0,3.0,0.0,0
10238,14212,3.0,7,2,3,26,2,2,1.0,0.0,1.0,1.0,14.0,4.0,0.0,4.0,0.0,1
10239,9256,5.0,78,48,3,371,9,3,10.0,35.0,3.0,30.0,234.0,26.0,8.0,21.0,3.0,0
10240,12602,4.0,9,3,3,51,5,3,2.0,0.0,0.0,0.0,32.0,7.0,1.0,6.0,2.0,1
10241,14188,4.0,24,3,3,89,7,3,1.0,0.0,1.0,0.0,57.0,13.0,2.0,12.0,2.0,1
10242,15417,4.0,9,2,2,30,4,3,1.0,1.0,0.0,0.0,16.0,5.0,1.0,3.0,2.0,1
10243,1105,4.0,33,7,1,111,3,5,6.0,0.0,1.0,1.0,74.0,14.0,0.0,14.0,0.0,0
10244,17759,4.0,2,16,4,34,3,3,11.0,0.0,5.0,0.0,6.0,2.0,5.0,2.0,2.0,1
10245,4956,4.0,20,17,2,77,4,1,6.0,1.0,10.0,4.0,31.0,7.0,7.0,10.0,0.0,0
10246,8307,3.0,9,0,2,30,2,1,0.0,0.0,0.0,0.0,23.0,3.0,0.0,3.0,0.0,0
10247,19447,4.0,29,4,3,107,7,3,1.0,0.0,2.0,0.0,69.0,15.0,3.0,14.0,2.0,1
10248,3696,3.0,13,0,2,35,3,2,0.0,0.0,0.0,0.0,24.0,5.0,0.0,5.0,0.0,0
10249,7778,4.0,11,0,2,40,3,2,0.0,0.0,0.0,0.0,25.0,7.0,0.0,7.0,0.0,0
10250,17041,3.0,19,35,1,99,4,4,10.0,5.0,20.0,12.0,9.0,10.0,13.0,16.0,3.0,1
10251,628,4.0,21,30,1,153,7,1,24.0,2.0,3.0,0.0,62.0,28.0,6.0,25.0,2.0,0
10252,2451,4.0,22,19,2,104,4,3,14.0,0.0,5.0,1.0,54.0,11.0,4.0,12.0,2.0,0
10253,16953,3.0,7,0,2,31,3,3,0.0,0.0,0.0,0.0,19.0,6.0,0.0,5.0,0.0,1
10254,19962,3.0,11,0,2,27,1,0,0.0,0.0,0.0,0.0,22.0,2.0,0.0,2.0,0.0,1
10255,2176,3.0,7,0,2,25,2,1,0.0,0.0,0.0,0.0,19.0,3.0,0.0,2.0,0.0,0
10256,17838,4.0,13,5,3,56,2,5,4.0,0.0,1.0,0.0,35.0,7.0,1.0,7.0,0.0,1
10257,2787,4.0,12,1,2,58,3,5,0.0,0.0,1.0,0.0,41.0,7.0,1.0,7.0,0.0,0
10258,12297,4.0,17,3,2,56,4,4,1.0,0.0,2.0,2.0,35.0,6.0,0.0,7.0,2.0,1
10259,1196,3.0,7,0,2,31,2,1,0.0,0.0,0.0,0.0,24.0,3.0,0.0,3.0,0.0,0
10260,7618,3.0,7,0,2,29,2,1,0.0,0.0,0.0,0.0,22.0,3.0,0.0,3.0,0.0,0
10261,4444,4.0,10,15,1,46,3,3,14.0,0.0,0.0,0.0,21.0,5.0,1.0,4.0,0.0,0
10262,11128,3.0,12,31,1,90,4,4,10.0,3.0,18.0,10.0,10.0,9.0,11.0,15.0,3.0,1
10263,15514,4.0,20,4,2,81,4,5,2.0,0.0,2.0,1.0,51.0,10.0,1.0,11.0,2.0,1
10264,5722,4.0,15,5,3,69,3,2,4.0,0.0,1.0,0.0,44.0,9.0,1.0,9.0,0.0,0
10265,17705,4.0,54,7,3,179,8,3,4.0,0.0,2.0,0.0,122.0,23.0,3.0,22.0,2.0,1
10266,10695,4.0,25,2,1,80,6,5,1.0,0.0,1.0,0.0,56.0,9.0,1.0,9.0,2.0,1
10267,4967,4.0,16,6,3,73,3,3,4.0,0.0,2.0,0.0,42.0,11.0,2.0,11.0,0.0,0
10268,10410,3.0,9,0,2,31,3,3,0.0,0.0,0.0,0.0,19.0,6.0,0.0,5.0,0.0,1
10269,4009,4.0,17,2,4,47,3,2,1.0,0.0,1.0,0.0,26.0,8.0,1.0,8.0,1.0,0
10270,15515,4.0,68,5,4,221,8,3,1.0,0.0,3.0,0.0,142.0,34.0,4.0,33.0,3.0,1
10271,3583,3.0,3,4,1,18,4,1,2.0,1.0,0.0,1.0,6.0,3.0,1.0,2.0,1.0,0
10272,19794,4.0,10,0,2,46,4,2,0.0,0.0,0.0,0.0,32.0,7.0,0.0,6.0,0.0,1
10273,12424,3.0,10,0,3,33,2,0,0.0,0.0,0.0,0.0,22.0,5.0,0.0,5.0,0.0,1
10274,8277,4.0,14,0,1,43,3,2,0.0,0.0,0.0,0.0,34.0,4.0,0.0,4.0,0.0,0
10275,3667,4.0,16,0,1,39,2,4,0.0,0.0,0.0,0.0,29.0,5.0,0.0,4.0,0.0,0
10276,12474,3.0,6,0,1,15,1,0,0.0,0.0,0.0,0.0,12.0,1.0,0.0,1.0,0.0,1
10277,12782,4.0,21,10,3,92,8,3,6.0,0.0,3.0,0.0,51.0,13.0,4.0,12.0,2.0,1
10278,10211,3.0,1,10,3,28,3,4,5.0,1.0,4.0,1.0,6.0,2.0,4.0,2.0,2.0,1
10279,3423,3.0,10,0,2,39,2,1,0.0,0.0,0.0,0.0,32.0,3.0,0.0,3.0,0.0,0
10280,10717,4.0,5,3,3,37,5,3,1.0,1.0,0.0,1.0,17.0,7.0,1.0,6.0,2.0,1
10281,8199,4.0,10,8,3,45,2,3,5.0,1.0,2.0,1.0,25.0,4.0,2.0,4.0,0.0,0
10282,18563,4.0,7,1,3,43,5,3,0.0,0.0,0.0,0.0,26.0,7.0,1.0,6.0,2.0,1
10283,5366,4.0,13,7,1,58,4,3,6.0,0.0,0.0,0.0,35.0,8.0,1.0,7.0,0.0,0
10284,2895,3.0,10,0,1,30,2,1,0.0,0.0,0.0,0.0,26.0,2.0,0.0,1.0,0.0,0
10285,14122,4.0,5,0,1,28,3,4,0.0,0.0,0.0,0.0,18.0,4.0,0.0,3.0,2.0,1
10286,1296,4.0,7,7,3,44,4,3,6.0,0.0,0.0,0.0,21.0,8.0,1.0,7.0,0.0,0
10287,3642,4.0,21,7,2,95,5,4,3.0,0.0,3.0,3.0,52.0,15.0,1.0,17.0,0.0,0
10288,17206,4.0,1,10,4,28,3,3,6.0,0.0,4.0,0.0,7.0,2.0,4.0,2.0,2.0,1
10289,18370,4.0,14,0,2,52,4,4,0.0,0.0,0.0,0.0,35.0,7.0,0.0,7.0,2.0,1
10290,19703,4.0,15,0,4,62,4,4,0.0,0.0,0.0,0.0,41.0,9.0,0.0,9.0,2.0,1
10291,19520,4.0,58,11,4,184,8,3,7.0,0.0,3.0,1.0,113.0,27.0,3.0,27.0,2.0,1
10292,8548,3.0,15,0,1,39,3,4,0.0,0.0,0.0,0.0,25.0,7.0,0.0,6.0,0.0,0
10293,5451,4.0,13,31,2,93,7,3,22.0,8.0,1.0,8.0,30.0,10.0,1.0,10.0,2.0,0
10294,10685,4.0,35,12,2,129,8,4,8.0,0.0,3.0,0.0,76.0,18.0,4.0,17.0,2.0,1
10295,15449,5.0,19,12,2,85,8,3,6.0,0.0,5.0,3.0,43.0,9.0,3.0,11.0,4.0,1
10296,7866,4.0,22,3,5,69,3,3,2.0,0.0,1.0,1.0,48.0,7.0,0.0,8.0,1.0,0
10297,12867,4.0,11,4,3,48,4,4,1.0,2.0,1.0,2.0,26.0,6.0,1.0,6.0,2.0,1
10298,14607,4.0,14,0,3,48,3,1,0.0,0.0,0.0,0.0,35.0,6.0,0.0,6.0,0.0,1
10299,9797,4.0,15,4,2,56,3,1,2.0,2.0,0.0,1.0,34.0,8.0,1.0,7.0,0.0,0
10300,11755,4.0,21,7,2,76,4,5,5.0,0.0,1.0,1.0,51.0,7.0,1.0,7.0,2.0,1
10301,13979,4.0,18,3,2,70,4,5,2.0,0.0,1.0,0.0,49.0,7.0,1.0,7.0,2.0,1
10302,9738,4.0,16,14,2,64,3,1,12.0,0.0,2.0,0.0,33.0,7.0,2.0,7.0,0.0,0
10303,14385,4.0,9,0,3,40,4,4,0.0,0.0,0.0,0.0,23.0,7.0,0.0,7.0,2.0,1
10304,6474,3.0,9,0,1,22,3,1,0.0,0.0,0.0,0.0,15.0,3.0,0.0,3.0,0.0,0
10305,8811,4.0,13,0,2,40,3,2,0.0,0.0,0.0,0.0,29.0,5.0,0.0,5.0,0.0,0
10306,492,3.0,8,0,2,24,4,1,0.0,0.0,0.0,0.0,13.0,5.0,0.0,5.0,0.0,0
10307,11691,3.0,6,0,1,19,1,0,0.0,0.0,0.0,0.0,16.0,1.0,0.0,1.0,0.0,1
10308,17941,4.0,2,14,4,32,3,3,9.0,0.0,5.0,0.0,6.0,2.0,5.0,2.0,2.0,1
10309,1116,3.0,6,4,2,32,3,1,3.0,1.0,0.0,0.0,19.0,4.0,1.0,3.0,0.0,0
10310,5637,4.0,32,2,1,105,4,4,1.0,0.0,1.0,0.0,65.0,17.0,1.0,17.0,2.0,0
10311,5085,4.0,13,1,1,47,3,3,0.0,1.0,0.0,1.0,30.0,7.0,0.0,7.0,0.0,0
10312,1757,4.0,14,160,12,235,3,1,131.0,22.0,7.0,25.0,26.0,8.0,4.0,11.0,0.0,0
10313,11486,4.0,19,0,2,60,3,5,0.0,0.0,0.0,0.0,45.0,6.0,0.0,6.0,2.0,1
10314,17252,4.0,16,3,3,74,4,7,1.0,0.0,2.0,1.0,47.0,9.0,1.0,10.0,2.0,1
10315,19060,4.0,7,0,2,33,3,3,0.0,0.0,0.0,0.0,22.0,4.0,0.0,4.0,2.0,1
10316,6353,4.0,14,0,2,39,2,3,0.0,0.0,0.0,0.0,28.0,5.0,0.0,5.0,0.0,0
10317,19901,3.0,5,0,2,26,3,3,0.0,0.0,0.0,0.0,15.0,4.0,0.0,4.0,2.0,1
10318,19982,4.0,5,10,4,32,3,3,6.0,0.0,4.0,0.0,11.0,2.0,4.0,2.0,2.0,1
10319,3644,4.0,20,11,1,80,6,3,9.0,0.0,2.0,0.0,44.0,9.0,2.0,8.0,5.0,0
10320,14350,4.0,9,0,3,45,3,5,0.0,0.0,0.0,0.0,28.0,7.0,0.0,7.0,2.0,1
10321,12001,4.0,12,9,3,56,4,4,3.0,5.0,1.0,5.0,26.0,6.0,1.0,6.0,2.0,1
10322,11185,4.0,6,0,2,42,3,6,0.0,0.0,0.0,0.0,26.0,7.0,0.0,6.0,2.0,1
10323,1696,3.0,5,0,1,21,3,1,0.0,0.0,0.0,0.0,14.0,3.0,0.0,3.0,0.0,0
10324,2295,3.0,4,0,1,14,2,1,0.0,0.0,0.0,0.0,10.0,2.0,0.0,1.0,0.0,0
10325,14794,4.0,7,2,2,43,4,4,1.0,0.0,1.0,0.0,25.0,6.0,1.0,6.0,2.0,1
10326,14696,4.0,45,2,8,126,1,0,0.0,1.0,1.0,2.0,106.0,7.0,0.0,8.0,0.0,1
10327,5939,4.0,16,13,2,64,3,4,11.0,0.0,1.0,1.0,31.0,9.0,1.0,9.0,0.0,0
10328,18997,4.0,14,0,2,50,6,3,0.0,0.0,0.0,0.0,34.0,7.0,0.0,6.0,2.0,1
10329,9968,3.0,3,1,2,14,2,1,0.0,0.0,1.0,1.0,7.0,2.0,0.0,2.0,0.0,0
10330,11033,4.0,23,7,3,106,7,5,4.0,0.0,3.0,0.0,60.0,17.0,3.0,16.0,2.0,1
10331,3313,3.0,6,0,2,25,2,2,0.0,0.0,0.0,0.0,16.0,4.0,0.0,4.0,0.0,0
10332,14824,4.0,15,1,7,55,3,4,0.0,1.0,0.0,1.0,29.0,11.0,0.0,11.0,1.0,1
10333,9784,4.0,12,6,1,60,3,5,5.0,0.0,1.0,0.0,40.0,6.0,1.0,6.0,0.0,0
10334,9915,4.0,42,7,2,162,6,2,4.0,0.0,2.0,0.0,101.0,23.0,3.0,22.0,6.0,0
10335,215,4.0,13,12,2,58,3,5,8.0,0.0,4.0,0.0,32.0,5.0,4.0,4.0,0.0,0
10336,1072,4.0,14,0,2,47,3,2,0.0,0.0,0.0,0.0,34.0,6.0,0.0,6.0,0.0,0
10337,8682,4.0,35,17,1,120,3,5,11.0,1.0,5.0,1.0,69.0,14.0,5.0,13.0,0.0,0
10338,7006,4.0,8,5,1,40,4,4,3.0,0.0,1.0,0.0,22.0,6.0,2.0,5.0,0.0,0
10339,13379,4.0,11,0,3,44,4,3,0.0,0.0,0.0,0.0,29.0,6.0,0.0,6.0,2.0,1
10340,8652,4.0,18,0,2,52,2,3,0.0,0.0,0.0,0.0,41.0,5.0,0.0,5.0,0.0,0
10341,13705,3.0,5,0,2,35,3,4,0.0,0.0,0.0,0.0,22.0,5.0,0.0,5.0,2.0,1
10342,15384,4.0,22,28,4,126,6,6,17.0,10.0,0.0,10.0,60.0,13.0,1.0,12.0,2.0,1
10343,25,4.0,19,0,2,68,5,4,0.0,0.0,0.0,0.0,48.0,8.0,0.0,8.0,3.0,0
10344,19442,4.0,10,7,5,56,4,5,5.0,1.0,1.0,1.0,26.0,9.0,1.0,9.0,2.0,1
10345,10601,4.0,34,9,4,138,7,3,6.0,0.0,2.0,0.0,85.0,20.0,3.0,19.0,2.0,1
10346,7659,3.0,5,5,1,23,2,2,4.0,0.0,0.0,0.0,12.0,3.0,1.0,2.0,0.0,0
10347,13401,3.0,3,0,3,29,3,3,0.0,0.0,0.0,0.0,16.0,5.0,0.0,5.0,2.0,1
10348,5690,4.0,9,3,1,31,4,1,0.0,2.0,0.0,2.0,18.0,4.0,1.0,3.0,0.0,0
10349,9744,4.0,12,7,2,58,3,6,4.0,0.0,3.0,0.0,31.0,8.0,3.0,8.0,0.0,0
10350,19231,4.0,9,0,3,37,3,3,0.0,0.0,0.0,0.0,24.0,5.0,0.0,5.0,2.0,1
10351,18627,4.0,13,0,3,51,2,2,0.0,0.0,0.0,0.0,40.0,5.0,0.0,5.0,0.0,1
10352,12721,4.0,18,0,1,52,4,4,0.0,0.0,0.0,0.0,37.0,6.0,0.0,6.0,2.0,1
10353,9171,4.0,8,3,2,38,3,3,1.0,0.0,2.0,0.0,24.0,4.0,2.0,4.0,0.0,0
10354,10847,4.0,22,9,3,104,5,8,5.0,0.0,4.0,0.0,64.0,12.0,4.0,12.0,2.0,1
10355,11908,3.0,6,0,1,16,1,0,0.0,0.0,0.0,0.0,13.0,1.0,0.0,1.0,0.0,1
10356,630,4.0,22,8,1,97,4,7,5.0,0.0,3.0,0.0,58.0,13.0,3.0,12.0,2.0,0
10357,18686,3.0,6,0,1,18,1,0,0.0,0.0,0.0,0.0,15.0,1.0,0.0,1.0,0.0,1
10358,8707,4.0,8,2,1,31,4,1,0.0,2.0,0.0,1.0,19.0,4.0,1.0,3.0,0.0,0
10359,17583,4.0,11,3,2,35,2,0,2.0,1.0,0.0,0.0,23.0,4.0,1.0,3.0,0.0,1
10360,6614,4.0,23,8,1,82,3,5,5.0,0.0,3.0,0.0,55.0,8.0,3.0,7.0,0.0,0
10361,5243,4.0,14,15,1,52,3,3,14.0,0.0,0.0,0.0,27.0,5.0,1.0,4.0,0.0,0
10362,1102,4.0,16,0,2,44,3,2,0.0,0.0,0.0,0.0,33.0,5.0,0.0,5.0,0.0,0
10363,2204,3.0,4,7,1,24,2,3,6.0,0.0,1.0,1.0,9.0,3.0,0.0,3.0,0.0,0
10364,19802,4.0,2,15,4,33,3,3,10.0,0.0,5.0,0.0,6.0,2.0,5.0,2.0,2.0,1
10365,12903,4.0,13,2,3,62,6,4,1.0,0.0,1.0,0.0,38.0,9.0,1.0,9.0,2.0,1
10366,11477,4.0,13,2,4,64,8,3,1.0,0.0,0.0,0.0,36.0,12.0,1.0,11.0,2.0,1
10367,11308,4.0,5,1,2,33,4,5,0.0,0.0,1.0,1.0,16.0,6.0,0.0,6.0,2.0,1
10368,13767,3.0,12,0,2,36,2,2,0.0,0.0,0.0,0.0,28.0,4.0,0.0,3.0,0.0,1
10369,15064,3.0,8,0,2,27,2,4,0.0,0.0,0.0,0.0,15.0,6.0,0.0,5.0,0.0,1
10370,12512,4.0,20,6,3,83,7,3,2.0,0.0,3.0,2.0,46.0,12.0,2.0,13.0,2.0,1
10371,19992,3.0,0,9,3,20,3,3,5.0,0.0,4.0,0.0,3.0,1.0,4.0,0.0,2.0,1
10372,14890,3.0,16,0,1,43,2,0,0.0,0.0,0.0,0.0,38.0,2.0,0.0,2.0,0.0,1
10373,719,3.0,8,0,1,23,2,1,0.0,0.0,0.0,0.0,19.0,2.0,0.0,1.0,0.0,0
10374,13839,3.0,6,0,1,16,1,0,0.0,0.0,0.0,0.0,13.0,1.0,0.0,1.0,0.0,1
10375,6155,4.0,27,3,2,110,6,4,1.0,0.0,2.0,0.0,65.0,17.0,2.0,16.0,6.0,0
10376,4025,4.0,22,6,1,90,4,6,4.0,0.0,2.0,0.0,56.0,12.0,2.0,11.0,2.0,0
10377,8224,4.0,27,0,1,90,3,3,0.0,0.0,0.0,0.0,60.0,15.0,0.0,14.0,0.0,0
10378,15493,3.0,12,2,1,44,4,6,1.0,0.0,1.0,0.0,27.0,6.0,1.0,5.0,2.0,1
10379,16093,4.0,31,1,3,112,8,10,0.0,0.0,1.0,1.0,72.0,17.0,0.0,17.0,3.0,1
10380,5818,4.0,12,0,3,43,3,2,0.0,0.0,0.0,0.0,30.0,6.0,0.0,6.0,0.0,0
10381,11956,4.0,15,0,3,60,7,3,0.0,0.0,0.0,0.0,37.0,10.0,0.0,10.0,2.0,1
10382,3866,3.0,7,4,2,30,2,1,3.0,0.0,1.0,1.0,20.0,2.0,0.0,2.0,0.0,0
10383,2745,3.0,10,0,1,33,3,3,0.0,0.0,0.0,0.0,23.0,5.0,0.0,4.0,0.0,0
10384,11867,4.0,9,0,3,45,4,3,0.0,0.0,0.0,0.0,30.0,6.0,0.0,6.0,2.0,1
10385,10343,4.0,7,8,4,42,2,4,6.0,0.0,2.0,0.0,19.0,6.0,2.0,6.0,0.0,1
10386,17493,4.0,3,7,2,39,3,5,5.0,0.0,2.0,0.0,19.0,4.0,2.0,4.0,2.0,1
10387,11950,3.0,7,0,3,32,2,2,0.0,0.0,0.0,0.0,21.0,5.0,0.0,5.0,0.0,1
10388,18099,3.0,5,4,2,27,2,2,3.0,0.0,0.0,1.0,14.0,4.0,0.0,4.0,0.0,1
10389,4214,4.0,24,7,1,96,3,6,6.0,0.0,1.0,0.0,61.0,13.0,1.0,13.0,0.0,0
10390,12096,4.0,13,16,3,66,4,2,11.0,0.0,5.0,2.0,32.0,5.0,3.0,7.0,0.0,1
10391,15193,4.0,17,0,3,65,3,5,0.0,0.0,0.0,0.0,48.0,7.0,0.0,7.0,2.0,1
10392,1401,3.0,9,1,4,32,2,1,0.0,1.0,0.0,0.0,20.0,5.0,1.0,4.0,0.0,0
10393,12828,4.0,9,0,2,38,4,3,0.0,0.0,0.0,0.0,24.0,6.0,0.0,5.0,2.0,1
10394,3253,4.0,3,10,1,23,3,1,9.0,0.0,0.0,0.0,7.0,3.0,1.0,2.0,0.0,0
10395,18642,3.0,10,0,2,33,2,2,0.0,0.0,0.0,0.0,24.0,4.0,0.0,4.0,0.0,1
10396,2158,4.0,13,2,1,55,3,3,1.0,1.0,0.0,0.0,37.0,8.0,1.0,6.0,0.0,0
10397,8578,3.0,6,1,3,42,2,3,0.0,0.0,1.0,1.0,28.0,5.0,0.0,6.0,0.0,0
10398,17497,3.0,5,0,3,30,3,3,0.0,0.0,0.0,0.0,17.0,5.0,0.0,5.0,2.0,1
10399,7011,4.0,7,5,2,32,3,1,4.0,0.0,1.0,1.0,16.0,4.0,0.0,5.0,0.0,0
10400,17181,4.0,12,0,2,62,4,8,0.0,0.0,0.0,0.0,40.0,10.0,0.0,9.0,2.0,1
10401,10197,4.0,13,1,3,62,3,7,0.0,0.0,1.0,1.0,40.0,8.0,0.0,9.0,2.0,1
10402,3841,4.0,23,5,1,89,5,6,4.0,0.0,0.0,0.0,56.0,13.0,1.0,12.0,2.0,0
10403,11849,3.0,6,0,2,17,1,0,0.0,0.0,0.0,0.0,12.0,2.0,0.0,2.0,0.0,1
10404,2100,4.0,6,2,2,28,3,1,1.0,0.0,1.0,1.0,16.0,4.0,0.0,4.0,0.0,0
10405,1673,4.0,15,6,3,54,2,5,4.0,0.0,2.0,0.0,33.0,6.0,2.0,6.0,0.0,0
10406,10293,3.0,5,4,2,27,2,2,3.0,0.0,0.0,1.0,14.0,4.0,0.0,4.0,0.0,1
10407,4213,4.0,16,12,3,63,5,2,10.0,0.0,1.0,0.0,34.0,8.0,2.0,7.0,0.0,0
10408,7480,3.0,12,0,2,34,2,2,0.0,0.0,0.0,0.0,25.0,4.0,0.0,4.0,0.0,0
10409,14562,4.0,14,3,3,69,4,4,2.0,0.0,1.0,0.0,45.0,8.0,1.0,8.0,3.0,1
10410,17045,2.0,2,0,1,10,2,0,0.0,0.0,0.0,0.0,5.0,2.0,0.0,2.0,0.0,1
10411,11515,4.0,21,1,2,76,8,3,0.0,0.0,0.0,0.0,49.0,12.0,1.0,11.0,2.0,1
10412,8547,4.0,7,1,1,31,4,1,0.0,1.0,0.0,0.0,21.0,4.0,1.0,3.0,0.0,0
10413,14823,4.0,27,5,3,95,8,3,3.0,0.0,1.0,0.0,59.0,14.0,2.0,13.0,2.0,1
10414,16923,3.0,7,0,1,17,1,0,0.0,0.0,0.0,0.0,14.0,1.0,0.0,1.0,0.0,1
10415,16363,5.0,67,9,3,231,12,3,7.0,0.0,2.0,0.0,145.0,31.0,2.0,30.0,13.0,1
10416,14609,4.0,8,2,2,64,6,5,0.0,0.0,2.0,0.0,35.0,10.0,2.0,9.0,5.0,1
10417,9388,4.0,9,5,2,41,2,2,4.0,0.0,1.0,0.0,28.0,3.0,1.0,3.0,0.0,0
10418,10070,4.0,21,0,1,71,4,5,0.0,0.0,0.0,0.0,47.0,11.0,0.0,10.0,2.0,1
10419,10860,4.0,29,5,3,110,4,8,2.0,0.0,3.0,2.0,81.0,8.0,1.0,10.0,2.0,1
10420,2005,4.0,25,3,2,103,4,5,1.0,0.0,2.0,0.0,59.0,18.0,2.0,18.0,2.0,0
10421,15887,4.0,38,8,3,133,8,3,4.0,0.0,3.0,0.0,82.0,19.0,4.0,18.0,2.0,1
10422,15233,4.0,7,2,3,43,5,3,1.0,0.0,0.0,0.0,25.0,7.0,1.0,6.0,2.0,1
10423,13411,4.0,9,3,4,59,5,9,1.0,0.0,2.0,2.0,26.0,10.0,0.0,12.0,5.0,1
10424,2257,4.0,13,21,2,87,4,4,18.0,0.0,3.0,1.0,33.0,13.0,2.0,14.0,2.0,0
10425,17120,4.0,19,4,3,74,4,7,2.0,0.0,2.0,0.0,43.0,11.0,2.0,11.0,2.0,1
10426,5574,4.0,21,2,2,58,3,2,1.0,1.0,0.0,1.0,44.0,5.0,0.0,5.0,0.0,0
10427,9083,3.0,15,2,2,53,4,2,1.0,0.0,1.0,1.0,38.0,5.0,0.0,6.0,0.0,0
10428,5355,4.0,26,0,1,69,3,2,0.0,0.0,0.0,0.0,50.0,9.0,0.0,9.0,0.0,0
10429,6093,4.0,15,0,2,54,3,4,0.0,0.0,0.0,0.0,38.0,8.0,0.0,7.0,0.0,0
10430,7935,4.0,19,0,2,71,4,4,0.0,0.0,0.0,0.0,49.0,11.0,0.0,10.0,0.0,0
10431,1519,4.0,22,39,1,123,6,1,22.0,17.0,0.0,16.0,49.0,8.0,1.0,7.0,2.0,0
10432,1378,3.0,7,0,3,26,2,1,0.0,0.0,0.0,0.0,17.0,4.0,0.0,4.0,0.0,0
10433,15206,3.0,17,1,1,53,3,4,0.0,0.0,1.0,1.0,42.0,3.0,0.0,3.0,2.0,1
10434,13200,3.0,17,0,3,42,1,0,0.0,0.0,0.0,0.0,35.0,3.0,0.0,3.0,0.0,1
10435,18191,4.0,8,0,2,35,3,3,0.0,0.0,0.0,0.0,24.0,4.0,0.0,4.0,2.0,1
10436,5842,4.0,25,5,2,97,4,1,4.0,0.0,1.0,0.0,64.0,13.0,1.0,13.0,0.0,0
10437,7122,3.0,8,0,1,22,2,1,0.0,0.0,0.0,0.0,18.0,2.0,0.0,1.0,0.0,0
10438,16211,3.0,9,0,1,21,1,0,0.0,0.0,0.0,0.0,18.0,1.0,0.0,1.0,0.0,1
10439,12820,4.0,11,6,3,54,4,4,4.0,0.0,2.0,0.0,31.0,6.0,2.0,6.0,2.0,1
10440,5832,4.0,42,8,1,124,3,5,5.0,0.0,3.0,0.0,79.0,17.0,3.0,16.0,0.0,0
10441,9821,3.0,12,0,1,31,2,2,0.0,0.0,0.0,0.0,24.0,3.0,0.0,3.0,0.0,0
10442,12718,4.0,25,24,4,123,6,6,14.0,10.0,0.0,9.0,61.0,13.0,1.0,12.0,2.0,1
10443,522,3.0,9,0,2,26,2,1,0.0,0.0,0.0,0.0,20.0,3.0,0.0,2.0,0.0,0
10444,15372,4.0,26,4,3,105,8,4,1.0,0.0,2.0,0.0,61.0,18.0,3.0,17.0,2.0,1
10445,234,3.0,7,0,1,21,2,1,0.0,0.0,0.0,0.0,17.0,2.0,0.0,1.0,0.0,0
10446,12180,3.0,8,0,2,26,2,2,0.0,0.0,0.0,0.0,18.0,4.0,0.0,3.0,0.0,1
10447,6318,4.0,17,8,1,65,3,5,5.0,0.0,3.0,0.0,38.0,8.0,3.0,7.0,0.0,0
10448,11992,3.0,8,0,1,30,2,3,0.0,0.0,0.0,0.0,22.0,4.0,0.0,3.0,0.0,1
10449,18554,3.0,6,0,3,29,2,1,0.0,0.0,0.0,0.0,20.0,4.0,0.0,4.0,0.0,1
10450,1948,4.0,12,0,2,35,3,2,0.0,0.0,0.0,0.0,24.0,5.0,0.0,5.0,0.0,0
10451,6361,3.0,16,0,1,52,3,2,0.0,0.0,0.0,0.0,39.0,6.0,0.0,6.0,0.0,0
10452,19432,4.0,26,4,4,105,7,4,2.0,0.0,2.0,0.0,64.0,16.0,2.0,16.0,2.0,1
10453,18527,4.0,7,0,2,25,2,1,0.0,0.0,0.0,0.0,18.0,3.0,0.0,3.0,0.0,1
10454,11684,4.0,29,7,2,105,8,3,4.0,0.0,2.0,0.0,62.0,16.0,3.0,15.0,2.0,1
10455,15927,4.0,6,10,5,45,3,5,6.0,0.0,4.0,0.0,19.0,5.0,4.0,4.0,2.0,1
10456,19106,3.0,9,0,1,21,1,0,0.0,0.0,0.0,0.0,18.0,1.0,0.0,1.0,0.0,1
10457,2224,4.0,15,4,2,49,3,2,3.0,1.0,0.0,0.0,30.0,7.0,1.0,6.0,0.0,0
10458,19057,3.0,15,0,4,65,4,6,0.0,0.0,0.0,0.0,42.0,10.0,0.0,10.0,2.0,1
10459,15246,3.0,5,2,3,35,4,2,1.0,1.0,0.0,0.0,18.0,6.0,1.0,5.0,2.0,1
10460,16209,3.0,3,0,1,10,2,0,0.0,0.0,0.0,0.0,5.0,2.0,0.0,2.0,0.0,1
10461,5571,4.0,17,1,5,71,5,5,0.0,0.0,1.0,1.0,43.0,12.0,0.0,13.0,0.0,0
10462,4523,4.0,14,0,1,41,4,2,0.0,0.0,0.0,0.0,30.0,5.0,0.0,5.0,0.0,0
10463,5793,3.0,10,0,2,37,2,1,0.0,0.0,0.0,0.0,30.0,3.0,0.0,3.0,0.0,0
10464,5738,4.0,12,2,2,50,5,2,1.0,0.0,0.0,0.0,30.0,9.0,1.0,8.0,0.0,0
10465,4728,4.0,9,6,2,36,5,1,5.0,0.0,0.0,0.0,18.0,6.0,1.0,5.0,0.0,0
10466,7818,4.0,16,6,1,56,3,4,5.0,0.0,1.0,0.0,33.0,8.0,1.0,7.0,0.0,0
10467,8859,4.0,14,0,2,37,5,1,0.0,0.0,0.0,0.0,25.0,5.0,0.0,5.0,1.0,0
10468,19924,4.0,18,0,2,67,4,5,0.0,0.0,0.0,0.0,50.0,7.0,0.0,7.0,2.0,1
10469,15275,3.0,2,16,4,34,3,3,11.0,0.0,5.0,0.0,6.0,2.0,5.0,2.0,2.0,1
10470,2437,4.0,16,4,3,62,3,5,3.0,0.0,1.0,0.0,38.0,9.0,1.0,9.0,0.0,0
10471,14087,4.0,13,3,3,61,6,3,1.0,0.0,1.0,0.0,35.0,10.0,2.0,9.0,2.0,1
10472,11989,4.0,39,0,2,117,6,8,0.0,0.0,0.0,0.0,90.0,12.0,0.0,12.0,2.0,1
10473,3167,4.0,18,2,7,77,3,3,1.0,0.0,1.0,0.0,49.0,11.0,1.0,11.0,2.0,0
10474,13752,3.0,8,0,1,20,1,0,0.0,0.0,0.0,0.0,17.0,1.0,0.0,1.0,0.0,1
10475,15920,4.0,16,10,4,53,3,4,6.0,0.0,4.0,0.0,30.0,3.0,4.0,3.0,2.0,1
10476,14027,4.0,27,5,3,95,8,3,3.0,0.0,1.0,0.0,59.0,14.0,2.0,13.0,2.0,1
10477,7016,4.0,8,0,1,25,2,2,0.0,0.0,0.0,0.0,18.0,3.0,0.0,3.0,0.0,0
10478,13386,4.0,5,6,2,40,3,4,4.0,2.0,0.0,2.0,19.0,5.0,0.0,5.0,2.0,1
10479,15998,4.0,21,5,3,81,7,3,3.0,0.0,1.0,0.0,47.0,13.0,2.0,12.0,2.0,1
10480,12641,4.0,31,0,2,110,4,4,0.0,0.0,0.0,0.0,73.0,17.0,0.0,17.0,2.0,1
10481,17709,4.0,9,0,3,36,3,1,0.0,0.0,0.0,0.0,25.0,5.0,0.0,5.0,0.0,1
10482,4945,5.0,10,22,1,95,2,4,10.0,9.0,3.0,12.0,53.0,2.0,0.0,5.0,0.0,0
10483,15649,4.0,25,2,4,88,7,3,0.0,0.0,1.0,0.0,55.0,14.0,2.0,13.0,2.0,1
10484,12237,4.0,27,3,3,96,7,3,1.0,0.0,1.0,0.0,62.0,14.0,2.0,13.0,2.0,1
10485,6046,4.0,30,27,2,129,7,4,22.0,0.0,4.0,3.0,68.0,12.0,2.0,14.0,3.0,0
10486,9227,3.0,13,0,2,34,3,2,0.0,0.0,0.0,0.0,23.0,5.0,0.0,5.0,0.0,0
10487,5585,4.0,18,8,2,63,3,1,7.0,0.0,1.0,0.0,39.0,7.0,1.0,7.0,0.0,0
10488,5590,4.0,14,0,2,58,2,6,0.0,0.0,0.0,0.0,41.0,8.0,0.0,8.0,0.0,0
10489,1228,3.0,11,0,1,29,2,1,0.0,0.0,0.0,0.0,24.0,2.0,0.0,2.0,0.0,0
10490,13341,3.0,5,0,2,16,1,0,0.0,0.0,0.0,0.0,11.0,2.0,0.0,2.0,0.0,1
10491,13333,4.0,30,3,3,100,7,3,1.0,0.0,1.0,0.0,66.0,14.0,2.0,13.0,2.0,1
10492,14743,4.0,12,0,2,42,4,3,0.0,0.0,0.0,0.0,30.0,5.0,0.0,4.0,2.0,1
10493,8244,3.0,6,0,2,23,2,1,0.0,0.0,0.0,0.0,17.0,3.0,0.0,2.0,0.0,0
10494,17643,4.0,11,0,4,42,3,1,0.0,0.0,0.0,0.0,27.0,7.0,0.0,7.0,0.0,1
10495,16237,4.0,11,0,3,39,2,0,0.0,0.0,0.0,0.0,30.0,4.0,0.0,4.0,0.0,1
10496,6555,4.0,28,7,2,106,4,1,6.0,0.0,1.0,0.0,71.0,13.0,1.0,13.0,0.0,0
10497,15373,4.0,29,11,2,101,4,10,7.0,3.0,1.0,4.0,60.0,11.0,0.0,12.0,2.0,1
10498,12145,4.0,31,0,1,95,4,4,0.0,0.0,0.0,0.0,70.0,11.0,0.0,11.0,2.0,1
10499,159,4.0,16,0,1,49,3,2,0.0,0.0,0.0,0.0,32.0,8.0,0.0,8.0,0.0,0
10500,1589,4.0,22,9,3,79,3,1,6.0,0.0,3.0,0.0,50.0,8.0,3.0,8.0,0.0,0
10501,15369,4.0,10,3,3,38,2,2,2.0,0.0,1.0,0.0,25.0,4.0,1.0,4.0,0.0,1
10502,5565,4.0,24,14,1,96,3,2,10.0,0.0,3.0,0.0,55.0,12.0,4.0,11.0,0.0,0
10503,7190,4.0,36,0,1,103,4,8,0.0,0.0,0.0,0.0,73.0,14.0,0.0,13.0,2.0,0
10504,17401,4.0,5,2,2,40,3,4,1.0,1.0,0.0,1.0,24.0,5.0,0.0,5.0,2.0,1
10505,10576,4.0,9,8,3,45,2,4,7.0,0.0,1.0,0.0,23.0,6.0,1.0,6.0,0.0,1
10506,15061,3.0,9,0,1,21,1,0,0.0,0.0,0.0,0.0,18.0,1.0,0.0,1.0,0.0,1
10507,13364,3.0,7,0,3,29,2,1,0.0,0.0,0.0,0.0,20.0,4.0,0.0,4.0,0.0,1
10508,1556,4.0,48,53,3,238,7,11,31.0,20.0,1.0,21.0,118.0,22.0,1.0,22.0,1.0,0
10509,2828,4.0,24,0,1,71,3,3,0.0,0.0,0.0,0.0,49.0,11.0,0.0,10.0,0.0,0
10510,436,4.0,12,15,1,59,3,6,11.0,0.0,4.0,3.0,23.0,7.0,1.0,9.0,0.0,0
10511,15592,3.0,5,4,2,27,2,2,3.0,0.0,0.0,1.0,14.0,4.0,0.0,4.0,0.0,1
10512,19669,4.0,12,0,4,51,3,4,0.0,0.0,0.0,0.0,34.0,7.0,0.0,7.0,2.0,1
10513,2780,4.0,14,0,2,45,3,2,0.0,0.0,0.0,0.0,33.0,6.0,0.0,5.0,0.0,0
10514,3701,4.0,29,1,8,111,6,4,0.0,0.0,1.0,0.0,64.0,22.0,1.0,21.0,1.0,0
10515,5686,4.0,19,0,2,68,3,4,0.0,0.0,0.0,0.0,47.0,10.0,0.0,10.0,0.0,0
10516,4727,4.0,8,2,1,31,5,1,0.0,2.0,0.0,1.0,17.0,5.0,1.0,4.0,0.0,0
10517,2951,4.0,15,6,1,50,2,4,5.0,0.0,0.0,0.0,34.0,5.0,1.0,4.0,0.0,0
10518,2555,3.0,9,0,2,25,2,1,0.0,0.0,0.0,0.0,18.0,3.0,0.0,3.0,0.0,0
10519,10350,4.0,31,6,3,105,7,4,4.0,0.0,1.0,0.0,64.0,16.0,2.0,15.0,2.0,1
10520,17172,4.0,23,0,3,71,4,4,0.0,0.0,0.0,0.0,48.0,10.0,0.0,10.0,2.0,1
10521,12737,4.0,10,15,3,66,4,3,8.0,1.0,6.0,2.0,32.0,4.0,5.0,5.0,2.0,1
10522,6465,5.0,69,48,3,337,7,3,10.0,34.0,3.0,35.0,212.0,18.0,2.0,19.0,3.0,0
10523,7355,3.0,11,0,2,36,2,1,0.0,0.0,0.0,0.0,29.0,3.0,0.0,3.0,0.0,0
10524,15717,4.0,41,4,2,147,8,3,1.0,0.0,2.0,0.0,101.0,19.0,3.0,18.0,2.0,1
10525,7823,3.0,5,6,1,24,2,2,5.0,0.0,0.0,0.0,12.0,3.0,1.0,2.0,0.0,0
10526,12449,3.0,8,8,5,39,2,2,6.0,2.0,0.0,0.0,16.0,7.0,2.0,5.0,0.0,1
10527,18566,3.0,8,0,4,31,2,1,0.0,0.0,0.0,0.0,20.0,5.0,0.0,5.0,0.0,1
10528,15271,4.0,14,5,3,52,4,4,4.0,1.0,0.0,0.0,30.0,7.0,1.0,6.0,2.0,1
10529,5185,4.0,9,5,2,42,3,5,3.0,0.0,1.0,1.0,21.0,7.0,1.0,7.0,0.0,0
10530,8549,4.0,8,0,2,27,2,1,0.0,0.0,0.0,0.0,21.0,3.0,0.0,2.0,0.0,0
10531,5242,3.0,12,0,1,33,2,1,0.0,0.0,0.0,0.0,29.0,2.0,0.0,1.0,0.0,0
10532,2092,3.0,4,7,1,24,2,3,6.0,0.0,1.0,1.0,9.0,3.0,0.0,3.0,0.0,0
10533,10207,4.0,17,20,3,76,4,4,13.0,7.0,0.0,6.0,33.0,7.0,1.0,6.0,2.0,1
10534,11948,4.0,7,3,2,40,3,4,0.0,3.0,0.0,3.0,21.0,5.0,0.0,5.0,2.0,1
10535,187,4.0,12,0,2,44,3,2,0.0,0.0,0.0,0.0,29.0,7.0,0.0,7.0,0.0,0
10536,17356,3.0,3,0,1,10,1,0,0.0,0.0,0.0,0.0,7.0,1.0,0.0,1.0,0.0,1
10537,17566,4.0,16,12,1,67,4,7,7.0,1.0,4.0,0.0,33.0,8.0,5.0,6.0,2.0,1
10538,1381,4.0,16,0,2,57,3,3,0.0,0.0,0.0,0.0,43.0,7.0,0.0,6.0,0.0,0
10539,17726,3.0,2,15,4,33,3,3,10.0,0.0,5.0,0.0,6.0,2.0,5.0,2.0,2.0,1
10540,8605,4.0,14,3,2,48,2,3,2.0,0.0,1.0,0.0,35.0,4.0,1.0,4.0,0.0,0
10541,15743,4.0,13,1,3,61,3,7,0.0,0.0,1.0,1.0,39.0,8.0,0.0,9.0,2.0,1
10542,11528,3.0,7,0,3,43,3,4,0.0,0.0,0.0,0.0,28.0,6.0,0.0,6.0,2.0,1
10543,15038,4.0,22,0,3,72,4,6,0.0,0.0,0.0,0.0,47.0,11.0,0.0,11.0,2.0,1
10544,18510,3.0,11,0,2,33,2,2,0.0,0.0,0.0,0.0,25.0,4.0,0.0,3.0,0.0,1
10545,8448,4.0,10,0,1,33,2,2,0.0,0.0,0.0,0.0,27.0,3.0,0.0,2.0,0.0,0
10546,11390,4.0,9,3,2,42,3,5,2.0,0.0,0.0,0.0,25.0,6.0,1.0,5.0,2.0,1
10547,19906,3.0,10,0,3,27,3,2,0.0,0.0,0.0,0.0,16.0,5.0,0.0,4.0,1.0,1
10548,7295,4.0,9,0,1,33,2,2,0.0,0.0,0.0,0.0,26.0,3.0,0.0,3.0,0.0,0
10549,8068,4.0,14,16,3,70,3,5,13.0,0.0,2.0,0.0,34.0,9.0,3.0,8.0,0.0,0
10550,12935,4.0,2,16,4,34,3,3,11.0,0.0,5.0,0.0,6.0,2.0,5.0,2.0,2.0,1
10551,9959,3.0,2,0,2,11,2,1,0.0,0.0,0.0,0.0,5.0,3.0,0.0,2.0,0.0,0
10552,9764,4.0,12,10,1,54,3,3,8.0,0.0,1.0,0.0,29.0,7.0,2.0,6.0,0.0,0
10553,24,4.0,15,4,2,54,5,1,3.0,0.0,0.0,0.0,38.0,6.0,1.0,5.0,0.0,0
10554,3363,4.0,18,0,1,56,3,5,0.0,0.0,0.0,0.0,42.0,7.0,0.0,6.0,0.0,0
10555,1088,4.0,15,4,2,51,4,2,2.0,1.0,0.0,0.0,30.0,8.0,2.0,6.0,1.0,0
10556,12866,4.0,21,0,3,73,5,5,0.0,0.0,0.0,0.0,53.0,8.0,0.0,8.0,3.0,1
10557,10886,3.0,1,16,4,30,3,3,11.0,0.0,5.0,0.0,3.0,1.0,5.0,1.0,3.0,1
10558,11590,4.0,15,0,2,64,4,4,0.0,0.0,0.0,0.0,45.0,8.0,0.0,8.0,2.0,1
10559,19179,4.0,11,0,3,44,3,3,0.0,0.0,0.0,0.0,31.0,5.0,0.0,5.0,2.0,1
10560,10503,3.0,7,0,1,21,1,0,0.0,0.0,0.0,0.0,18.0,1.0,0.0,1.0,0.0,1
10561,12306,4.0,13,5,5,61,1,0,1.0,4.0,0.0,4.0,41.0,5.0,0.0,5.0,0.0,1
10562,17079,4.0,20,0,2,59,4,4,0.0,0.0,0.0,0.0,44.0,6.0,0.0,6.0,2.0,1
10563,15906,3.0,12,1,4,33,1,0,0.0,0.0,1.0,1.0,23.0,3.0,0.0,4.0,0.0,1
10564,11944,3.0,6,0,2,25,2,2,0.0,0.0,0.0,0.0,16.0,4.0,0.0,4.0,0.0,1
10565,6337,4.0,16,6,1,60,3,2,5.0,0.0,0.0,1.0,32.0,10.0,0.0,10.0,1.0,0
10566,276,4.0,15,0,1,50,3,2,0.0,0.0,0.0,0.0,36.0,7.0,0.0,6.0,0.0,0
10567,12413,3.0,4,0,3,20,3,2,0.0,0.0,0.0,0.0,9.0,5.0,0.0,4.0,1.0,1
10568,3906,3.0,7,3,1,29,3,2,2.0,1.0,0.0,0.0,17.0,4.0,0.0,4.0,0.0,0
10569,5845,4.0,11,0,1,33,4,2,0.0,0.0,0.0,0.0,23.0,4.0,0.0,4.0,1.0,0
10570,19713,4.0,12,0,3,52,3,4,0.0,0.0,0.0,0.0,37.0,6.0,0.0,6.0,2.0,1
10571,1137,4.0,21,1,3,71,5,3,0.0,1.0,0.0,0.0,47.0,11.0,1.0,10.0,0.0,0
10572,13324,4.0,8,3,2,41,3,4,2.0,0.0,0.0,0.0,26.0,5.0,1.0,4.0,2.0,1
10573,2490,4.0,46,0,3,134,4,9,0.0,0.0,0.0,0.0,91.0,20.0,0.0,20.0,2.0,0
10574,16165,4.0,15,3,2,70,6,4,2.0,0.0,1.0,0.0,45.0,9.0,1.0,9.0,2.0,1
10575,7742,4.0,11,4,1,48,3,3,3.0,0.0,1.0,0.0,29.0,7.0,1.0,6.0,0.0,0
10576,14482,4.0,11,1,4,54,3,4,0.0,0.0,0.0,0.0,37.0,7.0,1.0,6.0,2.0,1
10577,13127,4.0,13,0,1,40,5,3,0.0,0.0,0.0,0.0,28.0,5.0,0.0,4.0,2.0,1
10578,3935,4.0,11,0,2,35,3,3,0.0,0.0,0.0,0.0,22.0,6.0,0.0,6.0,0.0,0
10579,15072,3.0,6,0,1,24,3,3,0.0,0.0,0.0,0.0,15.0,3.0,0.0,3.0,2.0,1
10580,2384,4.0,12,0,3,36,2,1,0.0,0.0,0.0,0.0,27.0,4.0,0.0,4.0,0.0,0
10581,8016,4.0,13,7,3,54,5,2,6.0,0.0,0.0,0.0,29.0,9.0,1.0,8.0,0.0,0
10582,7084,2.0,7,0,1,19,2,1,0.0,0.0,0.0,0.0,15.0,2.0,0.0,1.0,0.0,0
10583,16499,4.0,22,22,2,95,5,4,13.0,8.0,0.0,8.0,49.0,7.0,1.0,6.0,2.0,1
10584,1863,3.0,6,0,1,23,2,1,0.0,0.0,0.0,0.0,19.0,2.0,0.0,1.0,0.0,0
10585,15688,3.0,5,0,1,13,1,0,0.0,0.0,0.0,0.0,10.0,1.0,0.0,1.0,0.0,1
10586,364,4.0,17,0,1,50,3,3,0.0,0.0,0.0,0.0,40.0,5.0,0.0,4.0,0.0,0
10587,9094,3.0,6,0,5,27,3,1,0.0,0.0,0.0,0.0,13.0,7.0,0.0,6.0,0.0,0
10588,17518,4.0,7,5,3,38,2,2,3.0,0.0,2.0,1.0,23.0,3.0,1.0,4.0,0.0,1
10589,3802,3.0,5,0,1,18,2,1,0.0,0.0,0.0,0.0,13.0,2.0,0.0,2.0,0.0,0
10590,15309,3.0,8,0,3,29,2,1,0.0,0.0,0.0,0.0,20.0,4.0,0.0,4.0,0.0,1
10591,3536,4.0,13,10,1,41,3,3,9.0,0.0,0.0,0.0,21.0,5.0,1.0,4.0,0.0,0
10592,3825,5.0,68,57,3,345,9,3,17.0,37.0,3.0,34.0,201.0,23.0,6.0,20.0,3.0,0
10593,6642,4.0,10,3,1,30,3,1,2.0,0.0,0.0,0.0,19.0,4.0,1.0,3.0,0.0,0
10594,18657,4.0,10,0,4,43,3,3,0.0,0.0,0.0,0.0,28.0,6.0,0.0,6.0,2.0,1
10595,12991,3.0,13,28,1,90,4,4,8.0,1.0,19.0,13.0,11.0,8.0,7.0,19.0,3.0,1
10596,17528,3.0,9,0,2,28,2,2,0.0,0.0,0.0,0.0,20.0,4.0,0.0,3.0,0.0,1
10597,13527,3.0,1,13,4,28,3,3,8.0,1.0,4.0,1.0,3.0,2.0,4.0,2.0,2.0,1
10598,7269,4.0,8,3,1,31,4,1,1.0,2.0,0.0,2.0,17.0,4.0,0.0,4.0,0.0,0
10599,17720,4.0,11,0,3,52,4,3,0.0,0.0,0.0,0.0,35.0,7.0,0.0,7.0,2.0,1
10600,7929,4.0,27,3,2,106,6,4,1.0,0.0,2.0,0.0,61.0,17.0,2.0,16.0,6.0,0
10601,12982,4.0,5,2,1,33,3,4,0.0,2.0,0.0,2.0,18.0,4.0,0.0,4.0,2.0,1
10602,7166,3.0,7,0,1,22,2,1,0.0,0.0,0.0,0.0,18.0,2.0,0.0,1.0,0.0,0
10603,12869,3.0,8,0,4,35,2,2,0.0,0.0,0.0,0.0,22.0,6.0,0.0,6.0,0.0,1
10604,5867,4.0,17,4,2,64,4,5,3.0,0.0,0.0,0.0,42.0,9.0,1.0,8.0,0.0,0
10605,4761,2.0,3,0,1,9,2,1,0.0,0.0,0.0,0.0,5.0,2.0,0.0,1.0,0.0,0
10606,882,4.0,11,0,1,38,2,4,0.0,0.0,0.0,0.0,27.0,5.0,0.0,5.0,0.0,0
10607,13893,5.0,28,50,2,186,6,9,28.0,20.0,2.0,16.0,80.0,18.0,6.0,13.0,2.0,1
10608,18571,4.0,26,0,3,87,2,6,0.0,0.0,0.0,0.0,68.0,9.0,0.0,9.0,0.0,1
10609,557,4.0,17,30,1,85,4,7,27.0,0.0,3.0,1.0,34.0,7.0,2.0,8.0,2.0,0
10610,1960,4.0,12,10,1,43,3,3,9.0,0.0,0.0,0.0,23.0,5.0,1.0,4.0,0.0,0
10611,13331,3.0,5,3,2,26,2,2,2.0,0.0,0.0,1.0,14.0,4.0,0.0,4.0,0.0,1
10612,1207,4.0,18,0,2,62,2,3,0.0,0.0,0.0,0.0,51.0,5.0,0.0,5.0,0.0,0
10613,7684,5.0,73,51,3,371,9,3,11.0,34.0,6.0,31.0,227.0,26.0,9.0,23.0,3.0,0
10614,16859,4.0,26,1,3,88,7,4,0.0,0.0,0.0,0.0,57.0,14.0,1.0,13.0,2.0,1
10615,12021,4.0,7,2,2,26,5,1,1.0,0.0,0.0,0.0,13.0,5.0,1.0,4.0,1.0,1
10616,10485,3.0,2,16,4,34,3,3,11.0,0.0,5.0,0.0,6.0,2.0,5.0,2.0,2.0,1
10617,3630,3.0,8,0,1,26,2,1,0.0,0.0,0.0,0.0,22.0,2.0,0.0,1.0,0.0,0
10618,1708,4.0,21,10,1,85,4,3,9.0,0.0,0.0,0.0,47.0,13.0,1.0,12.0,2.0,0
10619,1140,4.0,16,0,1,49,3,2,0.0,0.0,0.0,0.0,34.0,7.0,0.0,7.0,0.0,0
10620,6207,4.0,22,0,3,69,3,3,0.0,0.0,0.0,0.0,52.0,8.0,0.0,8.0,0.0,0
10621,18400,4.0,26,3,4,97,8,4,1.0,0.0,1.0,0.0,63.0,14.0,2.0,13.0,2.0,1
10622,17634,4.0,7,3,2,31,3,3,2.0,0.0,1.0,1.0,17.0,3.0,0.0,4.0,2.0,1
10623,2660,3.0,20,51,1,164,5,6,9.0,1.0,41.0,33.0,17.0,6.0,9.0,38.0,9.0,0
10624,14852,3.0,13,0,3,41,3,2,0.0,0.0,0.0,0.0,28.0,6.0,0.0,6.0,0.0,1
10625,1307,4.0,12,19,1,58,3,3,17.0,0.0,1.0,0.0,26.0,6.0,2.0,5.0,0.0,0
10626,16212,4.0,10,21,2,66,4,4,15.0,6.0,0.0,5.0,25.0,6.0,1.0,5.0,2.0,1
10627,12452,3.0,10,0,2,33,2,2,0.0,0.0,0.0,0.0,25.0,4.0,0.0,3.0,0.0,1
10628,6905,4.0,27,1,1,89,4,2,0.0,1.0,0.0,0.0,57.0,15.0,1.0,14.0,0.0,0
10629,11927,5.0,29,11,2,137,8,7,0.0,9.0,1.0,9.0,80.0,16.0,2.0,15.0,4.0,1
10630,14072,4.0,51,12,2,174,8,3,9.0,0.0,3.0,0.0,116.0,20.0,3.0,20.0,2.0,1
10631,9429,4.0,13,0,2,39,5,2,0.0,0.0,0.0,0.0,26.0,6.0,0.0,5.0,1.0,0
10632,2151,4.0,8,15,2,42,4,1,14.0,0.0,0.0,0.0,17.0,5.0,1.0,4.0,0.0,0
10633,18167,3.0,9,0,3,31,2,1,0.0,0.0,0.0,0.0,22.0,4.0,0.0,4.0,0.0,1
10634,13283,3.0,4,0,1,13,2,1,0.0,0.0,0.0,0.0,8.0,2.0,0.0,2.0,0.0,1
10635,5004,4.0,26,0,3,91,3,4,0.0,0.0,0.0,0.0,60.0,15.0,0.0,15.0,0.0,0
10636,15996,3.0,9,0,1,23,1,0,0.0,0.0,0.0,0.0,20.0,1.0,0.0,1.0,0.0,1
10637,1627,4.0,18,0,2,57,3,2,0.0,0.0,0.0,0.0,42.0,7.0,0.0,7.0,0.0,0
10638,9714,4.0,20,8,2,71,3,1,7.0,0.0,1.0,0.0,41.0,10.0,1.0,10.0,0.0,0
10639,358,4.0,16,6,1,54,3,4,5.0,0.0,1.0,0.0,36.0,5.0,1.0,5.0,0.0,0
10640,138,4.0,5,14,2,40,3,3,11.0,0.0,3.0,0.0,14.0,4.0,3.0,4.0,0.0,0
10641,8491,4.0,15,6,1,65,3,5,4.0,0.0,2.0,0.0,39.0,9.0,2.0,8.0,0.0,0
10642,16766,4.0,6,2,1,33,3,4,1.0,1.0,0.0,1.0,19.0,4.0,0.0,4.0,2.0,1
10643,11181,4.0,10,0,3,37,4,3,0.0,0.0,0.0,0.0,22.0,6.0,0.0,6.0,2.0,1
10644,340,4.0,6,7,3,39,4,2,6.0,0.0,0.0,0.0,18.0,7.0,1.0,6.0,0.0,0
10645,4857,4.0,11,15,1,46,3,3,14.0,0.0,0.0,0.0,21.0,5.0,1.0,4.0,0.0,0
10646,9569,4.0,18,21,5,93,3,2,9.0,12.0,0.0,12.0,40.0,10.0,0.0,9.0,0.0,0
10647,13865,4.0,20,6,3,82,7,3,3.0,0.0,2.0,1.0,47.0,12.0,2.0,12.0,2.0,1
10648,10582,4.0,17,8,3,91,7,5,5.0,0.0,2.0,0.0,51.0,14.0,3.0,13.0,2.0,1
10649,5498,4.0,17,8,2,82,3,8,5.0,0.0,3.0,0.0,46.0,12.0,3.0,12.0,0.0,0
10650,8556,4.0,9,0,1,34,5,1,0.0,0.0,0.0,0.0,21.0,6.0,0.0,5.0,1.0,0
10651,10913,4.0,19,2,2,64,7,3,1.0,0.0,0.0,0.0,38.0,11.0,1.0,10.0,2.0,1
10652,1932,4.0,23,7,1,84,4,5,6.0,0.0,1.0,0.0,49.0,12.0,1.0,12.0,2.0,0
10653,2352,4.0,18,5,2,62,4,2,4.0,0.0,1.0,0.0,43.0,6.0,1.0,6.0,0.0,0
10654,15848,3.0,2,15,4,33,3,3,10.0,0.0,5.0,0.0,6.0,2.0,5.0,2.0,2.0,1
10655,3236,4.0,18,0,2,68,3,2,0.0,0.0,0.0,0.0,41.0,13.0,0.0,13.0,0.0,0
10656,12355,4.0,16,0,2,52,4,4,0.0,0.0,0.0,0.0,37.0,6.0,0.0,6.0,2.0,1
10657,9493,3.0,11,0,1,30,2,1,0.0,0.0,0.0,0.0,25.0,2.0,0.0,2.0,0.0,0
10658,18230,4.0,12,20,2,72,3,5,11.0,9.0,0.0,9.0,29.0,6.0,0.0,5.0,2.0,1
10659,3807,4.0,18,14,2,71,3,5,11.0,0.0,2.0,0.0,37.0,9.0,3.0,8.0,0.0,0
10660,1936,4.0,14,0,2,40,3,2,0.0,0.0,0.0,0.0,29.0,5.0,0.0,5.0,0.0,0
10661,5619,4.0,13,2,5,57,3,3,1.0,0.0,1.0,1.0,36.0,8.0,0.0,9.0,0.0,0
10662,14973,4.0,25,7,2,89,7,3,4.0,0.0,2.0,0.0,54.0,12.0,3.0,11.0,2.0,1
10663,17548,4.0,12,0,3,57,3,4,0.0,0.0,0.0,0.0,42.0,6.0,0.0,6.0,2.0,1
10664,6139,4.0,23,12,2,73,3,3,8.0,4.0,0.0,2.0,46.0,6.0,2.0,4.0,0.0,0
10665,785,4.0,12,0,2,33,3,2,0.0,0.0,0.0,0.0,22.0,5.0,0.0,5.0,0.0,0
10666,8036,4.0,22,8,2,88,3,8,5.0,0.0,3.0,0.0,54.0,11.0,3.0,11.0,0.0,0
10667,8315,4.0,17,4,3,62,3,3,3.0,0.0,0.0,0.0,44.0,7.0,1.0,6.0,0.0,0
10668,19484,3.0,5,0,3,26,2,1,0.0,0.0,0.0,0.0,17.0,4.0,0.0,4.0,0.0,1
10669,2169,4.0,20,8,1,77,3,5,5.0,0.0,3.0,0.0,42.0,12.0,3.0,11.0,0.0,0
10670,14138,4.0,35,3,2,130,6,4,1.0,0.0,1.0,0.0,78.0,23.0,2.0,22.0,2.0,1
10671,11826,5.0,33,62,14,225,7,6,48.0,3.0,10.0,0.0,97.0,26.0,14.0,22.0,4.0,1
10672,16346,5.0,23,10,3,144,6,5,1.0,9.0,0.0,9.0,98.0,12.0,0.0,11.0,3.0,1
10673,6591,4.0,8,4,2,38,2,2,3.0,1.0,0.0,0.0,25.0,4.0,1.0,3.0,0.0,0
10674,4458,4.0,25,8,2,93,3,5,5.0,0.0,3.0,0.0,64.0,9.0,3.0,8.0,0.0,0
10675,14325,4.0,8,0,4,40,4,3,0.0,0.0,0.0,0.0,20.0,9.0,0.0,9.0,1.0,1
10676,7597,4.0,14,5,2,54,3,5,4.0,0.0,1.0,0.0,34.0,7.0,1.0,6.0,0.0,0
10677,9370,4.0,29,10,2,117,3,4,8.0,0.0,2.0,0.0,72.0,16.0,2.0,16.0,0.0,0
10678,4652,3.0,6,0,1,20,2,1,0.0,0.0,0.0,0.0,16.0,2.0,0.0,1.0,0.0,0
10679,442,4.0,12,0,1,35,3,2,0.0,0.0,0.0,0.0,24.0,5.0,0.0,5.0,0.0,0
10680,9591,3.0,7,0,2,27,3,1,0.0,0.0,0.0,0.0,19.0,4.0,0.0,3.0,0.0,0
10681,18763,3.0,5,0,1,23,2,0,0.0,0.0,0.0,0.0,13.0,4.0,0.0,4.0,1.0,1
10682,17560,4.0,29,17,2,126,7,3,8.0,0.0,9.0,0.0,66.0,16.0,9.0,15.0,2.0,1
10683,9649,4.0,11,4,2,44,3,3,3.0,0.0,1.0,0.0,28.0,5.0,1.0,5.0,0.0,0
10684,5744,3.0,20,71,1,210,5,6,15.0,2.0,54.0,40.0,19.0,9.0,16.0,47.0,7.0,0
10685,15747,4.0,17,1,4,69,7,3,0.0,0.0,0.0,0.0,43.0,11.0,1.0,10.0,3.0,1
10686,15845,3.0,3,14,3,40,3,3,8.0,2.0,4.0,1.0,16.0,1.0,5.0,0.0,2.0,1
10687,11951,3.0,5,0,2,17,2,2,0.0,0.0,0.0,0.0,9.0,4.0,0.0,3.0,0.0,1
10688,929,4.0,11,0,2,42,3,2,0.0,0.0,0.0,0.0,29.0,6.0,0.0,6.0,0.0,0
10689,19186,4.0,10,3,2,41,4,4,2.0,0.0,0.0,0.0,24.0,6.0,1.0,5.0,2.0,1
10690,8767,3.0,6,6,1,26,2,2,5.0,0.0,0.0,1.0,13.0,3.0,0.0,3.0,0.0,0
10691,11120,3.0,5,10,4,35,3,4,6.0,0.0,4.0,0.0,12.0,3.0,4.0,3.0,2.0,1
10692,14730,4.0,17,20,3,76,4,4,13.0,7.0,0.0,6.0,33.0,7.0,1.0,6.0,2.0,1
10693,11738,4.0,8,5,3,43,3,4,1.0,3.0,1.0,3.0,21.0,5.0,1.0,5.0,2.0,1
10694,13790,4.0,8,6,2,49,4,6,4.0,0.0,2.0,0.0,26.0,6.0,2.0,6.0,2.0,1
10695,19113,3.0,8,0,2,40,3,4,0.0,0.0,0.0,0.0,28.0,5.0,0.0,4.0,2.0,1
10696,2011,5.0,15,14,2,67,6,1,12.0,0.0,1.0,0.0,36.0,8.0,2.0,7.0,0.0,0
10697,17297,3.0,6,0,2,28,3,3,0.0,0.0,0.0,0.0,17.0,4.0,0.0,4.0,2.0,1
10698,7611,4.0,14,0,2,48,3,1,0.0,0.0,0.0,0.0,35.0,6.0,0.0,6.0,0.0,0
10699,16028,2.0,2,0,1,7,1,0,0.0,0.0,0.0,0.0,4.0,1.0,0.0,1.0,0.0,1
10700,17607,3.0,21,0,2,47,2,2,0.0,0.0,0.0,0.0,36.0,5.0,0.0,5.0,0.0,1
10701,19806,3.0,5,0,1,13,1,0,0.0,0.0,0.0,0.0,10.0,1.0,0.0,1.0,0.0,1
10702,6564,4.0,18,0,1,48,3,2,0.0,0.0,0.0,0.0,33.0,7.0,0.0,7.0,0.0,0
10703,18666,5.0,25,24,1,131,5,7,16.0,8.0,0.0,8.0,80.0,8.0,0.0,7.0,3.0,1
10704,16390,3.0,7,0,1,20,2,0,0.0,0.0,0.0,0.0,15.0,2.0,0.0,2.0,0.0,1
10705,11172,3.0,6,0,1,18,1,0,0.0,0.0,0.0,0.0,15.0,1.0,0.0,1.0,0.0,1
10706,7835,4.0,55,106,11,284,7,2,66.0,39.0,1.0,39.0,100.0,18.0,1.0,18.0,1.0,0
10707,3361,4.0,12,0,2,34,2,1,0.0,0.0,0.0,0.0,27.0,3.0,0.0,3.0,0.0,0
10708,12966,3.0,7,0,2,23,2,3,0.0,0.0,0.0,0.0,13.0,5.0,0.0,4.0,0.0,1
10709,10135,3.0,9,0,3,31,3,3,0.0,0.0,0.0,0.0,18.0,5.0,0.0,5.0,2.0,1
10710,1141,3.0,11,0,1,38,3,3,0.0,0.0,0.0,0.0,26.0,6.0,0.0,5.0,0.0,0
10711,18614,3.0,14,0,2,50,4,4,0.0,0.0,0.0,0.0,33.0,7.0,0.0,7.0,2.0,1
10712,18745,4.0,29,8,2,108,7,3,5.0,0.0,2.0,0.0,66.0,15.0,3.0,14.0,2.0,1
10713,15007,3.0,14,0,1,38,2,0,0.0,0.0,0.0,0.0,31.0,3.0,0.0,3.0,0.0,1
10714,15434,4.0,16,3,2,59,4,4,2.0,0.0,1.0,0.0,36.0,8.0,1.0,8.0,2.0,1
10715,16743,4.0,27,26,4,116,6,8,13.0,11.0,2.0,12.0,48.0,11.0,1.0,12.0,5.0,1
10716,3134,3.0,5,4,1,20,2,2,3.0,0.0,1.0,0.0,11.0,2.0,1.0,1.0,0.0,0
10717,6990,4.0,19,0,2,59,4,2,0.0,0.0,0.0,0.0,45.0,7.0,0.0,6.0,0.0,0
10718,18226,4.0,21,0,2,67,4,5,0.0,0.0,0.0,0.0,48.0,8.0,0.0,8.0,2.0,1
10719,1823,4.0,15,16,3,71,3,3,11.0,1.0,4.0,0.0,38.0,6.0,4.0,6.0,0.0,0
10720,10081,4.0,27,3,3,117,7,5,1.0,0.0,2.0,0.0,82.0,14.0,2.0,13.0,2.0,1
10721,3259,4.0,20,0,1,54,3,3,0.0,0.0,0.0,0.0,36.0,9.0,0.0,8.0,0.0,0
10722,10213,3.0,7,0,1,18,1,0,0.0,0.0,0.0,0.0,15.0,1.0,0.0,1.0,0.0,1
10723,4020,3.0,1,0,1,13,2,1,0.0,0.0,0.0,0.0,8.0,2.0,0.0,2.0,0.0,0
10724,18852,4.0,16,0,2,45,3,4,0.0,0.0,0.0,0.0,32.0,5.0,0.0,5.0,2.0,1
10725,3500,4.0,17,0,2,51,3,2,0.0,0.0,0.0,0.0,33.0,8.0,0.0,8.0,1.0,0
10726,2658,3.0,1,0,2,10,2,1,0.0,0.0,0.0,0.0,4.0,3.0,0.0,2.0,0.0,0
10727,13749,4.0,27,7,4,108,6,7,1.0,3.0,2.0,4.0,65.0,14.0,2.0,14.0,2.0,1
10728,10516,3.0,0,16,3,29,4,3,10.0,0.0,5.0,1.0,3.0,1.0,5.0,1.0,2.0,1
10729,1819,3.0,9,0,3,30,2,1,0.0,0.0,0.0,0.0,22.0,4.0,0.0,3.0,0.0,0
10730,7461,4.0,26,6,1,105,3,4,4.0,0.0,2.0,0.0,73.0,12.0,2.0,11.0,0.0,0
10731,5624,3.0,18,0,4,59,2,4,0.0,0.0,0.0,0.0,42.0,8.0,0.0,8.0,0.0,0
10732,18108,4.0,12,2,3,60,4,5,1.0,0.0,1.0,0.0,36.0,9.0,1.0,9.0,2.0,1
10733,7064,4.0,26,38,2,119,7,2,26.0,12.0,0.0,11.0,48.0,10.0,1.0,9.0,1.0,0
10734,9342,3.0,9,0,2,29,2,2,0.0,0.0,0.0,0.0,20.0,4.0,0.0,4.0,0.0,0
10735,12336,4.0,27,7,3,108,7,4,4.0,0.0,2.0,0.0,67.0,15.0,3.0,14.0,2.0,1
10736,4669,4.0,6,7,1,33,2,4,5.0,0.0,1.0,0.0,17.0,4.0,2.0,3.0,0.0,0
10737,9428,2.0,1,0,1,9,2,1,0.0,0.0,0.0,0.0,5.0,2.0,0.0,1.0,0.0,0
10738,5476,4.0,31,18,3,119,4,7,13.0,4.0,1.0,0.0,70.0,14.0,5.0,10.0,1.0,0
10739,19849,4.0,10,0,4,48,4,4,0.0,0.0,0.0,0.0,29.0,8.0,0.0,8.0,2.0,1
10740,15670,4.0,17,0,3,60,3,5,0.0,0.0,0.0,0.0,43.0,7.0,0.0,7.0,2.0,1
10741,1856,4.0,7,1,1,31,4,1,0.0,1.0,0.0,1.0,20.0,4.0,0.0,4.0,0.0,0
10742,2282,4.0,8,0,1,32,3,2,0.0,0.0,0.0,0.0,23.0,4.0,0.0,4.0,0.0,0
10743,13392,4.0,7,1,2,41,4,4,0.0,1.0,0.0,1.0,24.0,6.0,0.0,6.0,2.0,1
10744,6439,4.0,8,0,1,32,3,2,0.0,0.0,0.0,0.0,23.0,4.0,0.0,4.0,0.0,0
10745,6031,4.0,6,0,1,23,3,2,0.0,0.0,0.0,0.0,15.0,4.0,0.0,3.0,0.0,0
10746,386,4.0,33,7,3,115,3,3,6.0,0.0,1.0,0.0,74.0,16.0,1.0,16.0,0.0,0
10747,1628,3.0,13,0,1,45,2,4,0.0,0.0,0.0,0.0,35.0,5.0,0.0,4.0,0.0,0
10748,11777,4.0,9,0,4,39,3,3,0.0,0.0,0.0,0.0,24.0,6.0,0.0,6.0,2.0,1
10749,19358,4.0,15,4,2,65,4,6,2.0,0.0,2.0,0.0,40.0,8.0,2.0,7.0,3.0,1
10750,13851,4.0,11,2,1,42,5,4,1.0,1.0,0.0,0.0,24.0,6.0,1.0,5.0,3.0,1
10751,7718,4.0,10,1,3,44,2,3,0.0,0.0,1.0,1.0,30.0,5.0,0.0,6.0,0.0,0
10752,7544,3.0,7,0,2,24,3,1,0.0,0.0,0.0,0.0,16.0,4.0,0.0,3.0,0.0,0
10753,11381,4.0,44,4,3,147,8,3,1.0,0.0,2.0,0.0,95.0,22.0,3.0,21.0,2.0,1
10754,4658,3.0,6,0,1,22,2,1,0.0,0.0,0.0,0.0,18.0,2.0,0.0,1.0,0.0,0
10755,12497,4.0,11,2,2,48,4,4,1.0,0.0,1.0,1.0,31.0,5.0,0.0,6.0,2.0,1
10756,9101,4.0,34,6,1,118,4,5,5.0,0.0,1.0,0.0,72.0,18.0,1.0,18.0,2.0,0
10757,10058,4.0,5,1,2,40,3,4,0.0,1.0,0.0,1.0,25.0,5.0,0.0,5.0,2.0,1
10758,1842,4.0,14,8,2,70,3,8,5.0,0.0,3.0,0.0,43.0,8.0,3.0,7.0,0.0,0
10759,16585,4.0,9,2,1,46,4,5,1.0,1.0,0.0,0.0,29.0,6.0,1.0,5.0,2.0,1
10760,3868,4.0,15,0,2,48,3,2,0.0,0.0,0.0,0.0,37.0,5.0,0.0,5.0,0.0,0
10761,5054,4.0,42,8,1,141,3,5,5.0,0.0,3.0,0.0,91.0,19.0,3.0,19.0,0.0,0
10762,5889,4.0,7,0,2,24,2,1,0.0,0.0,0.0,0.0,17.0,3.0,0.0,3.0,0.0,0
10763,14376,4.0,8,0,3,29,3,2,0.0,0.0,0.0,0.0,18.0,5.0,0.0,4.0,1.0,1
10764,19044,4.0,12,0,2,53,4,5,0.0,0.0,0.0,0.0,36.0,7.0,0.0,7.0,2.0,1
10765,16715,3.0,8,2,3,28,1,0,0.0,0.0,2.0,2.0,19.0,1.0,0.0,3.0,0.0,1
10766,3808,4.0,12,7,2,54,4,1,6.0,0.0,1.0,0.0,31.0,7.0,1.0,7.0,0.0,0
10767,18102,4.0,13,0,1,37,3,4,0.0,0.0,0.0,0.0,27.0,4.0,0.0,3.0,2.0,1
10768,935,3.0,15,0,2,57,3,2,0.0,0.0,0.0,0.0,44.0,6.0,0.0,6.0,0.0,0
10769,10651,4.0,25,4,3,92,8,3,2.0,0.0,1.0,0.0,57.0,14.0,2.0,13.0,2.0,1
10770,1774,4.0,17,21,1,78,6,3,19.0,0.0,1.0,0.0,36.0,10.0,2.0,9.0,0.0,0
10771,17808,3.0,7,0,2,30,2,3,0.0,0.0,0.0,0.0,20.0,5.0,0.0,4.0,0.0,1
10772,3744,4.0,4,4,2,29,2,4,1.0,0.0,3.0,3.0,13.0,3.0,0.0,5.0,0.0,0
10773,5443,3.0,5,0,2,20,2,1,0.0,0.0,0.0,0.0,14.0,3.0,0.0,2.0,0.0,0
10774,18303,4.0,10,26,1,65,3,5,20.0,5.0,1.0,5.0,23.0,4.0,1.0,3.0,2.0,1
10775,13969,4.0,28,4,3,101,7,3,2.0,0.0,1.0,0.0,64.0,15.0,2.0,14.0,2.0,1
10776,1875,3.0,11,0,1,29,3,1,0.0,0.0,0.0,0.0,22.0,3.0,0.0,3.0,0.0,0
10777,3760,4.0,21,7,2,62,3,3,6.0,0.0,1.0,1.0,40.0,6.0,0.0,7.0,0.0,0
10778,18717,3.0,16,0,2,50,4,3,0.0,0.0,0.0,0.0,35.0,6.0,0.0,6.0,2.0,1
10779,3052,3.0,10,1,1,28,2,3,0.0,0.0,1.0,1.0,19.0,3.0,0.0,3.0,0.0,0
10780,13654,4.0,38,19,4,156,8,3,14.0,0.0,4.0,0.0,91.0,20.0,5.0,19.0,2.0,1
10781,13146,4.0,9,2,3,51,6,3,1.0,0.0,0.0,0.0,29.0,9.0,1.0,8.0,2.0,1
10782,18736,4.0,26,4,4,93,7,3,2.0,0.0,1.0,0.0,58.0,14.0,2.0,13.0,2.0,1
10783,4615,3.0,30,117,1,341,5,6,21.0,6.0,89.0,73.0,19.0,15.0,23.0,81.0,13.0,0
10784,15812,4.0,9,5,5,50,3,3,3.0,2.0,0.0,2.0,27.0,7.0,0.0,6.0,2.0,1
10785,3321,4.0,8,1,1,31,4,1,0.0,1.0,0.0,1.0,20.0,4.0,0.0,4.0,0.0,0
10786,18171,4.0,12,9,3,56,4,4,3.0,5.0,1.0,5.0,26.0,6.0,1.0,6.0,2.0,1
10787,3311,4.0,25,7,1,84,3,3,6.0,0.0,1.0,0.0,56.0,10.0,1.0,9.0,0.0,0
10788,17695,4.0,21,4,3,81,7,3,2.0,0.0,1.0,0.0,48.0,13.0,2.0,12.0,2.0,1
10789,18159,4.0,5,1,2,29,3,3,0.0,0.0,1.0,1.0,18.0,3.0,0.0,3.0,2.0,1
10790,17800,4.0,17,0,2,57,3,5,0.0,0.0,0.0,0.0,42.0,6.0,0.0,6.0,2.0,1
10791,12743,4.0,7,6,2,31,1,0,4.0,1.0,1.0,1.0,20.0,1.0,1.0,1.0,0.0,1
10792,12871,4.0,17,13,7,97,6,9,7.0,0.0,5.0,1.0,46.0,15.0,5.0,15.0,2.0,1
10793,11595,4.0,10,0,3,39,3,1,0.0,0.0,0.0,0.0,28.0,5.0,0.0,5.0,0.0,1
10794,8210,4.0,22,6,3,73,3,3,4.0,0.0,2.0,0.0,46.0,9.0,2.0,9.0,0.0,0
10795,11431,4.0,25,6,3,89,7,3,4.0,0.0,1.0,0.0,54.0,13.0,2.0,12.0,2.0,1
10796,16018,3.0,5,3,2,26,2,2,2.0,0.0,0.0,1.0,14.0,4.0,0.0,4.0,0.0,1
10797,1517,4.0,31,137,3,246,4,5,96.0,39.0,1.0,40.0,50.0,9.0,1.0,9.0,0.0,0
10798,19039,4.0,24,3,3,92,7,3,1.0,0.0,1.0,0.0,60.0,13.0,2.0,12.0,2.0,1
10799,4492,4.0,18,3,3,79,6,5,2.0,0.0,1.0,0.0,48.0,13.0,1.0,13.0,0.0,0
10800,3112,4.0,10,1,1,31,6,1,0.0,1.0,0.0,1.0,16.0,6.0,0.0,6.0,0.0,0
10801,16566,4.0,22,4,3,73,3,3,3.0,0.0,1.0,0.0,49.0,9.0,1.0,9.0,0.0,1
10802,16294,4.0,67,9,3,231,12,3,7.0,0.0,2.0,0.0,145.0,31.0,2.0,30.0,13.0,1
10803,11834,4.0,9,1,3,30,1,0,0.0,1.0,0.0,0.0,22.0,3.0,0.0,3.0,0.0,1
10804,2866,4.0,7,10,1,40,2,4,9.0,0.0,1.0,0.0,21.0,4.0,1.0,3.0,0.0,0
10805,855,3.0,7,0,1,26,3,2,0.0,0.0,0.0,0.0,17.0,4.0,0.0,4.0,0.0,0
10806,18414,4.0,5,11,4,44,3,4,6.0,0.0,4.0,1.0,20.0,3.0,4.0,3.0,2.0,1
10807,4912,4.0,38,7,3,123,4,5,6.0,0.0,1.0,0.0,84.0,14.0,1.0,14.0,2.0,0
10808,13860,3.0,13,0,2,46,2,4,0.0,0.0,0.0,0.0,34.0,6.0,0.0,5.0,0.0,1
10809,5463,4.0,20,5,2,59,3,2,4.0,0.0,1.0,0.0,38.0,7.0,1.0,7.0,0.0,0
10810,5482,4.0,17,6,1,45,3,2,5.0,0.0,1.0,0.0,31.0,3.0,1.0,3.0,0.0,0
10811,12605,4.0,24,4,3,85,7,3,2.0,0.0,1.0,0.0,52.0,13.0,2.0,12.0,2.0,1
10812,18301,4.0,8,4,3,35,2,2,2.0,2.0,0.0,0.0,20.0,5.0,2.0,3.0,0.0,1
10813,3828,4.0,8,1,2,29,4,1,0.0,0.0,1.0,1.0,17.0,4.0,0.0,5.0,0.0,0
10814,18094,4.0,20,3,1,73,4,8,2.0,0.0,1.0,1.0,50.0,8.0,0.0,8.0,2.0,1
10815,4697,4.0,10,0,1,36,3,2,0.0,0.0,0.0,0.0,27.0,4.0,0.0,4.0,0.0,0
10816,15200,3.0,13,2,3,54,2,4,1.0,0.0,1.0,1.0,37.0,6.0,0.0,7.0,0.0,1
10817,4987,4.0,12,3,4,44,4,1,2.0,0.0,0.0,0.0,27.0,7.0,1.0,6.0,0.0,0
10818,4650,4.0,9,10,3,46,3,4,8.0,0.0,2.0,0.0,21.0,6.0,2.0,6.0,0.0,0
10819,10288,3.0,7,0,2,26,2,2,0.0,0.0,0.0,0.0,18.0,4.0,0.0,3.0,0.0,1
10820,6796,4.0,49,113,14,311,7,1,63.0,50.0,0.0,49.0,107.0,20.0,1.0,19.0,1.0,0
10821,5808,4.0,10,0,2,29,2,1,0.0,0.0,0.0,0.0,23.0,3.0,0.0,2.0,0.0,0
10822,5410,3.0,8,0,1,21,2,1,0.0,0.0,0.0,0.0,17.0,2.0,0.0,1.0,0.0,0
10823,8333,4.0,17,2,1,58,4,6,1.0,0.0,1.0,0.0,33.0,10.0,1.0,9.0,2.0,0
10824,2800,4.0,28,5,2,112,6,4,3.0,0.0,2.0,0.0,65.0,17.0,2.0,16.0,6.0,0
10825,9836,4.0,9,10,1,48,3,3,9.0,0.0,0.0,0.0,24.0,7.0,1.0,6.0,0.0,0
10826,10332,3.0,5,0,1,17,2,0,0.0,0.0,0.0,0.0,10.0,3.0,0.0,3.0,0.0,1
10827,12728,4.0,22,0,2,87,4,5,0.0,0.0,0.0,0.0,60.0,12.0,0.0,12.0,2.0,1
10828,13778,4.0,30,6,2,136,7,3,1.0,0.0,4.0,0.0,80.0,22.0,5.0,21.0,2.0,1
10829,7815,4.0,15,0,2,43,3,2,0.0,0.0,0.0,0.0,28.0,7.0,0.0,7.0,0.0,0
10830,4378,4.0,34,0,15,126,2,8,0.0,0.0,0.0,0.0,80.0,23.0,0.0,22.0,0.0,0
10831,8921,4.0,11,0,2,43,6,2,0.0,0.0,0.0,0.0,25.0,8.0,0.0,8.0,1.0,0
10832,6716,4.0,11,4,2,47,6,2,3.0,0.0,0.0,0.0,25.0,9.0,1.0,8.0,0.0,0
10833,2261,3.0,10,0,1,37,2,2,0.0,0.0,0.0,0.0,31.0,3.0,0.0,2.0,0.0,0
10834,7429,4.0,9,22,1,55,2,5,20.0,0.0,2.0,0.0,23.0,4.0,2.0,3.0,0.0,0
10835,9302,4.0,20,4,1,76,3,2,3.0,0.0,1.0,0.0,49.0,11.0,1.0,10.0,0.0,0
10836,18989,4.0,9,0,3,40,4,3,0.0,0.0,0.0,0.0,25.0,6.0,0.0,6.0,2.0,1
10837,11190,4.0,11,0,4,42,3,3,0.0,0.0,0.0,0.0,27.0,6.0,0.0,6.0,2.0,1
10838,2007,4.0,10,0,1,28,2,1,0.0,0.0,0.0,0.0,23.0,2.0,0.0,2.0,0.0,0
10839,193,4.0,11,4,2,45,4,2,3.0,0.0,0.0,0.0,29.0,6.0,1.0,5.0,0.0,0
10840,13803,4.0,10,7,3,54,4,3,4.0,2.0,0.0,2.0,31.0,6.0,1.0,5.0,2.0,1
10841,18915,3.0,12,0,2,45,2,4,0.0,0.0,0.0,0.0,33.0,6.0,0.0,5.0,0.0,1
10842,8770,4.0,23,6,3,75,3,3,4.0,0.0,2.0,0.0,52.0,7.0,2.0,7.0,0.0,0
10843,16300,3.0,8,0,1,21,1,0,0.0,0.0,0.0,0.0,18.0,1.0,0.0,1.0,0.0,1
10844,771,4.0,18,4,1,64,3,3,3.0,0.0,1.0,0.0,46.0,6.0,1.0,6.0,0.0,0
10845,10587,4.0,16,3,2,66,4,7,2.0,0.0,1.0,1.0,42.0,8.0,0.0,9.0,2.0,1
10846,12466,3.0,15,28,2,96,4,4,6.0,3.0,19.0,14.0,13.0,9.0,8.0,20.0,3.0,1
10847,17938,4.0,37,3,3,126,7,6,1.0,0.0,2.0,0.0,81.0,19.0,2.0,18.0,2.0,1
10848,14868,4.0,30,17,2,126,6,6,7.0,10.0,0.0,10.0,74.0,11.0,0.0,11.0,2.0,1
10849,14567,4.0,13,0,2,45,4,3,0.0,0.0,0.0,0.0,32.0,5.0,0.0,5.0,2.0,1
10850,16789,4.0,14,0,5,52,2,4,0.0,0.0,0.0,0.0,34.0,9.0,0.0,8.0,0.0,1
10851,19726,3.0,11,27,1,81,4,4,8.0,0.0,19.0,13.0,9.0,5.0,6.0,17.0,3.0,1
10852,10088,4.0,19,3,2,74,7,3,1.0,0.0,1.0,0.0,44.0,12.0,2.0,11.0,2.0,1
10853,16910,3.0,6,0,1,14,1,0,0.0,0.0,0.0,0.0,11.0,1.0,0.0,1.0,0.0,1
10854,6317,4.0,26,6,1,84,3,5,4.0,0.0,2.0,0.0,54.0,11.0,2.0,10.0,0.0,0
10855,11851,3.0,6,0,3,32,3,3,0.0,0.0,0.0,0.0,19.0,5.0,0.0,5.0,2.0,1
10856,6581,4.0,19,0,2,54,3,3,0.0,0.0,0.0,0.0,39.0,7.0,0.0,7.0,0.0,0
10857,1447,4.0,8,10,3,49,2,3,9.0,0.0,1.0,0.0,27.0,5.0,1.0,5.0,0.0,0
10858,342,3.0,11,0,1,40,3,3,0.0,0.0,0.0,0.0,30.0,5.0,0.0,4.0,0.0,0
10859,13319,4.0,3,5,2,30,4,2,4.0,0.0,1.0,0.0,15.0,4.0,1.0,3.0,1.0,1
10860,11328,4.0,25,2,3,80,7,4,1.0,0.0,0.0,0.0,52.0,12.0,1.0,11.0,2.0,1
10861,17111,3.0,8,2,1,20,1,0,1.0,0.0,1.0,1.0,15.0,0.0,0.0,1.0,0.0,1
10862,9168,4.0,27,1,2,86,4,8,0.0,0.0,1.0,1.0,54.0,13.0,0.0,14.0,2.0,0
10863,19048,3.0,7,0,2,28,2,1,0.0,0.0,0.0,0.0,21.0,3.0,0.0,3.0,0.0,1
10864,7368,3.0,11,2,1,33,2,2,1.0,0.0,1.0,1.0,24.0,2.0,0.0,3.0,0.0,0
10865,2044,3.0,2,19,1,33,2,3,17.0,0.0,2.0,0.0,8.0,2.0,2.0,1.0,0.0,0
10866,7156,4.0,33,17,3,116,3,9,7.0,10.0,0.0,10.0,63.0,13.0,0.0,12.0,0.0,0
10867,16288,3.0,10,0,3,33,2,1,0.0,0.0,0.0,0.0,24.0,4.0,0.0,4.0,0.0,1
10868,7851,4.0,9,0,1,29,3,2,0.0,0.0,0.0,0.0,20.0,4.0,0.0,4.0,0.0,0
10869,10178,3.0,10,0,2,29,2,2,0.0,0.0,0.0,0.0,21.0,4.0,0.0,3.0,0.0,1
10870,12132,4.0,27,2,4,89,7,3,0.0,0.0,1.0,0.0,56.0,14.0,2.0,13.0,2.0,1
10871,13615,3.0,5,0,1,16,2,0,0.0,0.0,0.0,0.0,11.0,2.0,0.0,2.0,0.0,1
10872,17044,4.0,13,16,3,87,7,5,12.0,0.0,3.0,1.0,39.0,13.0,3.0,13.0,2.0,1
10873,1492,3.0,2,12,1,29,2,4,10.0,0.0,2.0,0.0,9.0,3.0,2.0,2.0,0.0,0
10874,778,4.0,14,0,2,54,3,1,0.0,0.0,0.0,0.0,39.0,7.0,0.0,7.0,0.0,0
10875,9885,4.0,25,38,2,135,7,3,26.0,9.0,2.0,0.0,59.0,18.0,12.0,8.0,0.0,0
10876,9277,4.0,13,4,2,44,4,1,3.0,0.0,0.0,0.0,30.0,5.0,1.0,4.0,0.0,0
10877,2524,4.0,22,0,1,66,3,2,0.0,0.0,0.0,0.0,48.0,9.0,0.0,8.0,0.0,0
10878,5374,4.0,15,16,4,82,2,3,8.0,7.0,1.0,7.0,46.0,5.0,1.0,5.0,1.0,0
10879,19122,4.0,16,0,5,73,4,6,0.0,0.0,0.0,0.0,48.0,11.0,0.0,11.0,2.0,1
10880,16232,3.0,10,0,1,32,2,2,0.0,0.0,0.0,0.0,25.0,3.0,0.0,3.0,0.0,1
10881,14849,3.0,8,0,1,24,1,0,0.0,0.0,0.0,0.0,21.0,1.0,0.0,1.0,0.0,1
10882,17371,4.0,28,3,3,101,8,8,2.0,0.0,1.0,1.0,64.0,14.0,0.0,15.0,3.0,1
10883,8259,3.0,9,0,1,31,3,2,0.0,0.0,0.0,0.0,22.0,4.0,0.0,4.0,0.0,0
10884,17980,4.0,17,20,3,76,4,4,13.0,7.0,0.0,6.0,33.0,7.0,1.0,6.0,2.0,1
10885,40,4.0,25,13,2,93,6,3,11.0,0.0,1.0,0.0,55.0,12.0,2.0,11.0,0.0,0
10886,11240,4.0,13,2,3,57,6,4,1.0,0.0,0.0,0.0,35.0,9.0,1.0,8.0,2.0,1
10887,18371,4.0,18,4,3,66,7,3,1.0,0.0,2.0,1.0,37.0,10.0,2.0,10.0,2.0,1
10888,14424,4.0,23,0,1,67,3,8,0.0,0.0,0.0,0.0,49.0,8.0,0.0,7.0,2.0,1
10889,11639,3.0,10,0,1,31,2,3,0.0,0.0,0.0,0.0,23.0,4.0,0.0,3.0,0.0,1
10890,6816,4.0,11,0,1,34,2,2,0.0,0.0,0.0,0.0,27.0,3.0,0.0,3.0,0.0,0
10891,17587,3.0,7,0,1,17,1,0,0.0,0.0,0.0,0.0,14.0,1.0,0.0,1.0,0.0,1
10892,18104,4.0,18,0,1,53,3,5,0.0,0.0,0.0,0.0,41.0,5.0,0.0,4.0,2.0,1
10893,10704,4.0,9,4,2,43,5,3,3.0,0.0,0.0,0.0,25.0,6.0,1.0,5.0,2.0,1
10894,14140,4.0,37,8,4,125,7,3,1.0,3.0,3.0,4.0,80.0,14.0,3.0,14.0,2.0,1
10895,1460,4.0,22,13,2,81,4,1,10.0,0.0,3.0,2.0,44.0,9.0,1.0,11.0,0.0,0
10896,18577,4.0,22,2,2,78,7,3,1.0,0.0,0.0,0.0,48.0,13.0,1.0,12.0,2.0,1
10897,4493,4.0,20,7,3,73,3,3,4.0,1.0,2.0,1.0,46.0,8.0,2.0,8.0,0.0,0
10898,13074,4.0,24,4,3,99,8,3,1.0,0.0,2.0,0.0,59.0,16.0,3.0,15.0,2.0,1
10899,13686,4.0,7,3,4,33,2,1,2.0,0.0,1.0,1.0,19.0,4.0,0.0,5.0,0.0,1
10900,13947,4.0,6,0,4,37,3,2,0.0,0.0,0.0,0.0,23.0,6.0,0.0,6.0,1.0,1
10901,11002,4.0,5,3,3,36,5,3,2.0,0.0,0.0,0.0,17.0,7.0,1.0,6.0,2.0,1
10902,15432,4.0,35,3,3,117,8,3,0.0,0.0,2.0,0.0,72.0,19.0,3.0,18.0,2.0,1
10903,7230,4.0,12,0,1,40,3,2,0.0,0.0,0.0,0.0,31.0,4.0,0.0,4.0,0.0,0
10904,15686,4.0,11,3,3,60,4,4,1.0,2.0,0.0,2.0,36.0,8.0,0.0,8.0,2.0,1
10905,10412,3.0,2,14,4,32,3,3,9.0,0.0,5.0,0.0,6.0,2.0,5.0,2.0,2.0,1
10906,5075,3.0,16,0,2,62,3,1,0.0,0.0,0.0,0.0,45.0,8.0,0.0,8.0,0.0,0
10907,9641,4.0,13,0,3,48,3,3,0.0,0.0,0.0,0.0,34.0,7.0,0.0,6.0,0.0,0
10908,18900,4.0,15,0,2,63,4,6,0.0,0.0,0.0,0.0,45.0,8.0,0.0,7.0,2.0,1
10909,4088,3.0,7,1,3,34,2,3,0.0,0.0,1.0,1.0,20.0,5.0,0.0,6.0,0.0,0
10910,18825,4.0,57,4,2,188,8,3,0.0,0.0,3.0,0.0,128.0,25.0,4.0,24.0,3.0,1
10911,14949,3.0,6,0,2,28,3,3,0.0,0.0,0.0,0.0,16.0,6.0,0.0,5.0,0.0,1
10912,4249,4.0,13,4,3,55,2,4,3.0,0.0,1.0,1.0,36.0,6.0,0.0,7.0,0.0,0
10913,16807,3.0,10,0,3,39,3,5,0.0,0.0,0.0,0.0,22.0,7.0,0.0,7.0,2.0,1
10914,19306,4.0,33,24,5,132,7,7,11.0,7.0,5.0,9.0,62.0,15.0,4.0,16.0,2.0,1
10915,10096,3.0,9,0,1,25,1,0,0.0,0.0,0.0,0.0,22.0,1.0,0.0,1.0,0.0,1
10916,19525,2.0,2,0,1,7,1,0,0.0,0.0,0.0,0.0,4.0,1.0,0.0,1.0,0.0,1
10917,12109,4.0,12,0,3,41,2,2,0.0,0.0,0.0,0.0,30.0,5.0,0.0,5.0,0.0,1
10918,6142,4.0,25,17,2,102,4,3,12.0,0.0,5.0,0.0,57.0,11.0,5.0,11.0,0.0,0
10919,5661,4.0,7,3,1,31,4,1,0.0,3.0,0.0,3.0,16.0,4.0,0.0,4.0,0.0,0
10920,13970,4.0,10,0,3,38,2,3,0.0,0.0,0.0,0.0,25.0,6.0,0.0,6.0,0.0,1
10921,15037,3.0,4,0,2,22,2,2,0.0,0.0,0.0,0.0,14.0,4.0,0.0,3.0,0.0,1
10922,9031,4.0,42,7,1,140,5,2,6.0,0.0,0.0,0.0,98.0,16.0,1.0,15.0,3.0,0
10923,2659,4.0,29,0,2,82,3,2,0.0,0.0,0.0,0.0,61.0,10.0,0.0,10.0,0.0,0
10924,141,4.0,18,18,1,87,2,8,9.0,8.0,1.0,8.0,44.0,8.0,1.0,7.0,0.0,0
10925,2597,4.0,15,0,3,48,3,2,0.0,0.0,0.0,0.0,33.0,7.0,0.0,7.0,0.0,0
10926,6701,3.0,6,0,1,19,2,2,0.0,0.0,0.0,0.0,13.0,3.0,0.0,2.0,0.0,0
10927,15223,4.0,30,5,3,106,8,3,3.0,0.0,1.0,0.0,66.0,16.0,2.0,15.0,2.0,1
10928,19902,4.0,21,3,1,90,4,6,1.0,0.0,2.0,0.0,59.0,12.0,2.0,11.0,2.0,1
10929,7418,3.0,11,0,2,38,2,1,0.0,0.0,0.0,0.0,31.0,3.0,0.0,3.0,0.0,0
10930,17522,2.0,3,0,1,10,1,0,0.0,0.0,0.0,0.0,7.0,1.0,0.0,1.0,0.0,1
10931,10449,4.0,17,0,4,72,4,6,0.0,0.0,0.0,0.0,45.0,12.0,0.0,12.0,2.0,1
10932,12130,4.0,22,3,1,80,4,5,2.0,0.0,1.0,1.0,52.0,10.0,0.0,11.0,2.0,1
10933,17972,3.0,9,1,2,36,2,4,0.0,0.0,1.0,1.0,23.0,5.0,0.0,5.0,0.0,1
10934,16843,3.0,16,27,1,90,4,4,7.0,3.0,17.0,12.0,11.0,10.0,8.0,18.0,3.0,1
10935,16013,4.0,5,0,4,33,3,3,0.0,0.0,0.0,0.0,18.0,6.0,0.0,6.0,2.0,1
10936,8179,3.0,9,0,1,29,3,2,0.0,0.0,0.0,0.0,19.0,5.0,0.0,4.0,0.0,0
10937,11565,4.0,12,0,2,44,3,4,0.0,0.0,0.0,0.0,31.0,5.0,0.0,5.0,2.0,1
10938,17332,4.0,5,1,2,30,3,3,0.0,1.0,0.0,0.0,18.0,4.0,1.0,3.0,2.0,1
10939,9528,4.0,17,8,2,61,3,1,7.0,0.0,1.0,0.0,35.0,8.0,1.0,8.0,0.0,0
10940,6370,4.0,19,17,1,85,3,5,14.0,0.0,2.0,0.0,44.0,11.0,3.0,10.0,0.0,0
10941,4628,4.0,9,0,1,33,3,2,0.0,0.0,0.0,0.0,24.0,4.0,0.0,4.0,0.0,0
10942,14478,4.0,28,5,4,103,7,3,3.0,0.0,1.0,0.0,65.0,15.0,2.0,14.0,2.0,1
10943,441,4.0,37,6,2,112,4,5,5.0,0.0,1.0,0.0,78.0,12.0,1.0,12.0,2.0,0
10944,9794,4.0,13,7,1,57,3,3,4.0,0.0,3.0,0.0,29.0,9.0,3.0,8.0,0.0,0
10945,9046,4.0,13,0,1,44,3,2,0.0,0.0,0.0,0.0,31.0,6.0,0.0,6.0,0.0,0
10946,3830,3.0,10,0,1,31,3,2,0.0,0.0,0.0,0.0,22.0,4.0,0.0,4.0,0.0,0
10947,19069,3.0,11,0,2,41,3,3,0.0,0.0,0.0,0.0,31.0,4.0,0.0,3.0,2.0,1
10948,6344,3.0,11,0,1,27,2,1,0.0,0.0,0.0,0.0,23.0,2.0,0.0,1.0,0.0,0
10949,18258,4.0,13,0,3,61,4,5,0.0,0.0,0.0,0.0,40.0,9.0,0.0,9.0,2.0,1
10950,1958,4.0,20,2,6,95,6,8,0.0,0.0,1.0,2.0,52.0,18.0,0.0,19.0,2.0,0
10951,155,3.0,7,0,1,18,2,1,0.0,0.0,0.0,0.0,14.0,2.0,0.0,1.0,0.0,0
10952,10487,4.0,30,14,5,131,8,3,8.0,0.0,5.0,0.0,74.0,18.0,6.0,17.0,2.0,1
10953,18518,4.0,10,0,3,43,4,3,0.0,0.0,0.0,0.0,28.0,6.0,0.0,6.0,2.0,1
10954,4578,4.0,17,15,2,87,4,3,12.0,0.0,3.0,1.0,45.0,10.0,2.0,11.0,2.0,0
10955,1089,3.0,4,0,1,25,2,3,0.0,0.0,0.0,0.0,17.0,4.0,0.0,3.0,0.0,0
10956,12576,4.0,9,4,3,40,5,3,2.0,0.0,1.0,1.0,20.0,6.0,1.0,6.0,2.0,1
10957,9122,4.0,15,4,2,51,3,4,0.0,2.0,2.0,4.0,24.0,8.0,0.0,10.0,0.0,0
10958,7950,3.0,10,0,2,35,2,3,0.0,0.0,0.0,0.0,25.0,5.0,0.0,4.0,0.0,0
10959,11101,5.0,40,16,2,167,7,8,3.0,10.0,2.0,13.0,102.0,16.0,0.0,18.0,2.0,1
10960,18357,4.0,10,0,2,35,2,2,0.0,0.0,0.0,0.0,26.0,4.0,0.0,4.0,0.0,1
10961,6416,4.0,15,0,2,52,3,1,0.0,0.0,0.0,0.0,33.0,9.0,0.0,9.0,0.0,0
10962,16021,4.0,4,10,3,33,3,4,6.0,0.0,4.0,0.0,12.0,2.0,4.0,2.0,2.0,1
10963,9087,4.0,8,1,1,31,4,1,0.0,1.0,0.0,1.0,20.0,4.0,0.0,4.0,0.0,0
10964,11439,4.0,17,13,7,97,6,9,7.0,0.0,5.0,1.0,46.0,15.0,5.0,15.0,2.0,1
10965,7096,4.0,22,1,6,88,5,8,0.0,0.0,1.0,1.0,50.0,17.0,0.0,17.0,1.0,0
10966,1098,4.0,16,4,2,58,2,3,2.0,0.0,2.0,2.0,43.0,3.0,0.0,5.0,0.0,0
10967,5433,3.0,8,0,1,26,3,2,0.0,0.0,0.0,0.0,18.0,4.0,0.0,3.0,0.0,0
10968,13230,4.0,37,8,4,125,7,3,1.0,3.0,3.0,4.0,80.0,14.0,3.0,14.0,2.0,1
10969,6450,4.0,16,4,3,63,5,3,0.0,4.0,0.0,4.0,36.0,9.0,0.0,9.0,0.0,0
10970,12328,3.0,12,0,3,43,2,1,0.0,0.0,0.0,0.0,34.0,4.0,0.0,4.0,0.0,1
10971,10785,4.0,18,0,2,50,4,2,0.0,0.0,0.0,0.0,39.0,4.0,0.0,4.0,2.0,1
10972,3348,3.0,3,0,1,13,2,1,0.0,0.0,0.0,0.0,9.0,2.0,0.0,1.0,0.0,0
10973,4079,4.0,17,0,3,57,3,5,0.0,0.0,0.0,0.0,38.0,9.0,0.0,9.0,0.0,0
10974,9177,4.0,12,0,2,35,3,2,0.0,0.0,0.0,0.0,24.0,5.0,0.0,5.0,0.0,0
10975,19383,4.0,34,6,4,135,7,3,2.0,0.0,4.0,0.0,85.0,19.0,4.0,18.0,2.0,1
10976,587,4.0,21,0,3,64,3,4,0.0,0.0,0.0,0.0,47.0,8.0,0.0,8.0,0.0,0
10977,9346,3.0,13,0,2,33,3,2,0.0,0.0,0.0,0.0,22.0,5.0,0.0,5.0,0.0,0
10978,13269,3.0,9,0,1,28,1,0,0.0,0.0,0.0,0.0,25.0,1.0,0.0,1.0,0.0,1
10979,13537,2.0,6,0,1,13,1,0,0.0,0.0,0.0,0.0,10.0,1.0,0.0,1.0,0.0,1
10980,17816,4.0,22,2,3,82,4,4,1.0,0.0,1.0,0.0,60.0,8.0,1.0,8.0,2.0,1
10981,10964,3.0,12,0,1,43,4,4,0.0,0.0,0.0,0.0,28.0,6.0,0.0,6.0,2.0,1
10982,13675,3.0,2,14,4,32,3,3,9.0,0.0,5.0,0.0,6.0,2.0,5.0,2.0,2.0,1
10983,16299,4.0,21,2,3,85,7,3,0.0,0.0,2.0,0.0,50.0,14.0,2.0,14.0,2.0,1
10984,645,4.0,23,8,1,78,3,4,6.0,0.0,2.0,1.0,47.0,10.0,1.0,10.0,0.0,0
10985,11749,4.0,9,0,1,41,3,4,0.0,0.0,0.0,0.0,30.0,4.0,0.0,4.0,2.0,1
10986,9587,4.0,30,0,7,95,4,8,0.0,0.0,0.0,0.0,63.0,15.0,0.0,15.0,1.0,0
10987,16648,4.0,11,3,3,49,4,3,2.0,0.0,1.0,0.0,30.0,6.0,1.0,6.0,2.0,1
10988,11739,3.0,5,0,2,21,2,1,0.0,0.0,0.0,0.0,14.0,3.0,0.0,3.0,0.0,1
10989,15036,4.0,13,1,2,66,7,3,0.0,0.0,1.0,0.0,42.0,10.0,1.0,9.0,2.0,1
10990,226,4.0,15,14,6,92,7,5,10.0,0.0,3.0,2.0,43.0,14.0,2.0,15.0,2.0,0
10991,3864,4.0,13,0,1,43,3,3,0.0,0.0,0.0,0.0,29.0,7.0,0.0,6.0,0.0,0
10992,10592,4.0,16,2,2,59,4,4,1.0,0.0,1.0,0.0,37.0,8.0,1.0,8.0,2.0,1
10993,18695,4.0,25,0,2,81,4,3,0.0,0.0,0.0,0.0,60.0,9.0,0.0,9.0,2.0,1
10994,19823,3.0,6,0,3,28,2,1,0.0,0.0,0.0,0.0,19.0,4.0,0.0,4.0,0.0,1
10995,16154,4.0,16,4,2,56,4,4,3.0,0.0,1.0,0.0,36.0,6.0,1.0,6.0,2.0,1
10996,8438,4.0,27,0,2,86,3,2,0.0,0.0,0.0,0.0,60.0,13.0,0.0,12.0,0.0,0
10997,1529,4.0,15,0,2,63,4,8,0.0,0.0,0.0,0.0,38.0,11.0,0.0,11.0,2.0,0
10998,18158,4.0,12,0,3,34,2,2,0.0,0.0,0.0,0.0,24.0,5.0,0.0,4.0,0.0,1
10999,923,4.0,7,14,2,48,5,1,8.0,0.0,5.0,0.0,19.0,5.0,6.0,4.0,0.0,0
11000,17777,4.0,26,4,3,94,7,3,2.0,0.0,1.0,0.0,59.0,14.0,2.0,13.0,2.0,1
11001,17053,4.0,23,5,2,87,8,3,3.0,0.0,1.0,0.0,53.0,13.0,2.0,12.0,2.0,1
11002,10102,4.0,20,4,3,84,7,3,2.0,0.0,1.0,0.0,51.0,13.0,2.0,12.0,2.0,1
11003,7183,3.0,8,0,1,24,2,1,0.0,0.0,0.0,0.0,19.0,2.0,0.0,2.0,0.0,0
11004,12150,3.0,6,0,3,28,2,1,0.0,0.0,0.0,0.0,19.0,4.0,0.0,4.0,0.0,1
11005,18945,4.0,17,0,3,54,3,2,0.0,0.0,0.0,0.0,39.0,7.0,0.0,7.0,0.0,1
11006,2591,3.0,4,7,1,25,2,3,6.0,0.0,1.0,1.0,10.0,3.0,0.0,3.0,0.0,0
11007,5906,4.0,29,0,1,103,4,7,0.0,0.0,0.0,0.0,76.0,12.0,0.0,12.0,2.0,0
11008,11205,5.0,31,25,3,243,7,3,5.0,20.0,0.0,20.0,170.0,13.0,0.0,12.0,2.0,1
11009,7133,3.0,4,1,2,20,2,1,0.0,0.0,1.0,1.0,12.0,2.0,0.0,3.0,0.0,0
11010,2307,3.0,7,0,1,24,2,2,0.0,0.0,0.0,0.0,17.0,3.0,0.0,3.0,0.0,0
11011,17071,3.0,7,0,2,26,2,3,0.0,0.0,0.0,0.0,16.0,5.0,0.0,4.0,0.0,1
11012,14203,5.0,45,19,11,200,5,4,5.0,11.0,3.0,14.0,132.0,15.0,0.0,17.0,2.0,1
11013,612,4.0,17,10,1,68,5,3,7.0,2.0,0.0,0.0,42.0,8.0,3.0,5.0,0.0,0
11014,11168,4.0,34,3,3,125,7,3,1.0,0.0,2.0,0.0,80.0,19.0,2.0,18.0,2.0,1
11015,6629,3.0,9,1,1,43,3,3,0.0,1.0,0.0,1.0,28.0,6.0,0.0,6.0,0.0,0
11016,4135,4.0,28,7,1,102,5,6,6.0,0.0,0.0,0.0,67.0,13.0,1.0,12.0,2.0,0
11017,1898,4.0,12,0,2,36,2,1,0.0,0.0,0.0,0.0,29.0,3.0,0.0,3.0,0.0,0
11018,13937,4.0,17,0,3,63,4,3,0.0,0.0,0.0,0.0,44.0,8.0,0.0,8.0,2.0,1
11019,282,4.0,16,4,2,55,3,4,3.0,0.0,1.0,0.0,37.0,6.0,1.0,6.0,0.0,0
11020,258,3.0,7,0,1,22,2,1,0.0,0.0,0.0,0.0,18.0,2.0,0.0,1.0,0.0,0
11021,11116,4.0,12,3,3,45,4,1,2.0,0.0,0.0,0.0,30.0,6.0,1.0,5.0,0.0,1
11022,19460,4.0,27,2,3,94,7,3,1.0,0.0,0.0,0.0,62.0,14.0,1.0,13.0,2.0,1
11023,4943,4.0,23,1,1,64,3,2,0.0,0.0,0.0,0.0,49.0,7.0,1.0,6.0,0.0,0
11024,14721,3.0,7,0,2,27,2,2,0.0,0.0,0.0,0.0,19.0,4.0,0.0,3.0,0.0,1
11025,11531,4.0,44,20,2,152,6,9,13.0,7.0,0.0,6.0,92.0,15.0,1.0,14.0,3.0,1
11026,6971,4.0,17,10,2,71,4,4,9.0,0.0,0.0,0.0,45.0,8.0,1.0,7.0,0.0,0
11027,14889,4.0,10,0,2,39,2,3,0.0,0.0,0.0,0.0,28.0,5.0,0.0,5.0,0.0,1
11028,13521,4.0,15,1,2,71,7,3,0.0,0.0,1.0,0.0,45.0,11.0,1.0,10.0,2.0,1
11029,5223,4.0,20,6,1,79,3,4,4.0,0.0,2.0,0.0,45.0,13.0,2.0,12.0,0.0,0
11030,2285,4.0,14,14,2,62,6,1,12.0,0.0,1.0,0.0,31.0,8.0,2.0,7.0,0.0,0
11031,8078,4.0,24,2,6,98,6,8,0.0,0.0,1.0,2.0,55.0,18.0,0.0,19.0,2.0,0
11032,6710,4.0,22,0,2,76,3,2,0.0,0.0,0.0,0.0,55.0,10.0,0.0,10.0,0.0,0
11033,19362,4.0,5,12,4,37,3,4,7.0,1.0,4.0,1.0,11.0,3.0,4.0,3.0,2.0,1
11034,10403,4.0,7,13,2,44,2,5,9.0,0.0,4.0,0.0,20.0,3.0,4.0,3.0,0.0,1
11035,475,4.0,9,0,2,36,3,2,0.0,0.0,0.0,0.0,23.0,6.0,0.0,6.0,0.0,0
11036,16391,4.0,11,10,7,63,3,5,7.0,1.0,2.0,2.0,29.0,9.0,1.0,9.0,2.0,1
11037,6411,4.0,12,0,3,48,2,3,0.0,0.0,0.0,0.0,35.0,6.0,0.0,6.0,0.0,0
11038,2551,4.0,6,8,1,34,3,3,7.0,0.0,1.0,0.0,16.0,4.0,1.0,4.0,0.0,0
11039,6852,3.0,21,0,2,56,3,3,0.0,0.0,0.0,0.0,41.0,7.0,0.0,7.0,0.0,0
11040,5546,4.0,11,6,3,54,3,3,4.0,0.0,2.0,0.0,35.0,5.0,2.0,5.0,0.0,0
11041,13489,3.0,7,0,3,27,2,2,0.0,0.0,0.0,0.0,17.0,5.0,0.0,4.0,0.0,1
11042,18059,5.0,18,6,2,99,5,7,0.0,6.0,0.0,5.0,63.0,11.0,1.0,10.0,2.0,1
11043,9203,3.0,5,0,1,18,2,1,0.0,0.0,0.0,0.0,14.0,2.0,0.0,1.0,0.0,0
11044,10183,4.0,8,11,2,45,2,6,8.0,0.0,2.0,0.0,20.0,6.0,3.0,5.0,0.0,1
11045,13565,3.0,7,0,2,25,2,2,0.0,0.0,0.0,0.0,17.0,4.0,0.0,3.0,0.0,1
11046,16280,3.0,4,0,2,18,2,2,0.0,0.0,0.0,0.0,10.0,4.0,0.0,3.0,0.0,1
11047,18401,4.0,28,4,2,100,7,3,2.0,0.0,1.0,0.0,65.0,14.0,2.0,13.0,2.0,1
11048,7193,3.0,10,0,1,33,2,4,0.0,0.0,0.0,0.0,22.0,5.0,0.0,5.0,0.0,0
11049,6823,4.0,11,7,2,50,6,2,6.0,0.0,0.0,0.0,25.0,9.0,1.0,8.0,0.0,0
11050,19287,4.0,27,4,3,99,8,3,2.0,0.0,1.0,0.0,64.0,14.0,2.0,13.0,2.0,1
11051,781,4.0,22,4,1,88,5,8,3.0,0.0,1.0,0.0,52.0,14.0,1.0,14.0,2.0,0
11052,14939,4.0,18,0,3,71,2,4,0.0,0.0,0.0,0.0,56.0,7.0,0.0,7.0,0.0,1
11053,10983,4.0,26,6,3,98,8,3,4.0,0.0,1.0,0.0,61.0,14.0,2.0,13.0,2.0,1
11054,6519,4.0,8,0,2,29,4,2,0.0,0.0,0.0,0.0,16.0,6.0,0.0,6.0,0.0,0
11055,5774,4.0,13,0,1,31,2,1,0.0,0.0,0.0,0.0,26.0,2.0,0.0,2.0,0.0,0
11056,13171,4.0,13,3,4,65,8,3,2.0,0.0,0.0,0.0,36.0,12.0,1.0,11.0,2.0,1
11057,9283,4.0,16,12,2,63,3,8,8.0,0.0,4.0,1.0,32.0,7.0,3.0,7.0,0.0,0
11058,9369,4.0,15,0,2,50,3,4,0.0,0.0,0.0,0.0,36.0,7.0,0.0,6.0,0.0,0
11059,19180,4.0,22,6,3,87,8,3,2.0,0.0,3.0,1.0,49.0,13.0,3.0,13.0,2.0,1
11060,10271,3.0,13,0,1,40,2,0,0.0,0.0,0.0,0.0,33.0,3.0,0.0,3.0,0.0,1
11061,5055,3.0,11,0,1,29,2,1,0.0,0.0,0.0,0.0,25.0,2.0,0.0,1.0,0.0,0
11062,10800,4.0,45,5,2,151,8,3,2.0,0.0,2.0,0.0,104.0,19.0,3.0,18.0,2.0,1
11063,19030,4.0,21,2,3,78,7,3,0.0,0.0,1.0,0.0,47.0,13.0,2.0,12.0,2.0,1
11064,1727,4.0,12,0,2,39,2,1,0.0,0.0,0.0,0.0,32.0,3.0,0.0,3.0,0.0,0
11065,16994,4.0,33,8,2,114,8,3,5.0,0.0,3.0,1.0,71.0,14.0,2.0,15.0,2.0,1
11066,16009,4.0,9,1,2,32,2,3,0.0,0.0,1.0,1.0,21.0,4.0,0.0,4.0,0.0,1
11067,4666,3.0,3,0,1,11,2,1,0.0,0.0,0.0,0.0,7.0,2.0,0.0,1.0,0.0,0
11068,8535,3.0,6,0,1,23,3,1,0.0,0.0,0.0,0.0,16.0,3.0,0.0,3.0,0.0,0
11069,3750,4.0,20,10,1,87,3,4,7.0,0.0,3.0,0.0,52.0,11.0,3.0,10.0,0.0,0
11070,12924,3.0,9,0,2,25,1,0,0.0,0.0,0.0,0.0,20.0,2.0,0.0,2.0,0.0,1
11071,12722,3.0,5,0,1,16,1,0,0.0,0.0,0.0,0.0,13.0,1.0,0.0,1.0,0.0,1
11072,11407,4.0,11,0,3,58,2,6,0.0,0.0,0.0,0.0,39.0,9.0,0.0,9.0,0.0,1
11073,97,4.0,7,4,2,32,4,1,3.0,0.0,0.0,0.0,18.0,5.0,1.0,4.0,0.0,0
11074,3137,4.0,12,0,3,50,2,2,0.0,0.0,0.0,0.0,39.0,5.0,0.0,5.0,0.0,0
11075,13368,4.0,25,23,4,125,7,3,13.0,10.0,0.0,9.0,60.0,15.0,1.0,14.0,2.0,1
11076,14357,4.0,30,6,3,115,7,3,2.0,0.0,3.0,0.0,71.0,16.0,4.0,15.0,3.0,1
11077,13140,3.0,7,0,3,40,3,4,0.0,0.0,0.0,0.0,25.0,6.0,0.0,6.0,2.0,1
11078,15177,3.0,7,0,1,24,2,2,0.0,0.0,0.0,0.0,18.0,3.0,0.0,2.0,0.0,1
11079,3648,3.0,17,0,1,36,3,1,0.0,0.0,0.0,0.0,29.0,3.0,0.0,3.0,0.0,0
11080,10849,4.0,25,1,3,85,7,3,0.0,0.0,0.0,0.0,62.0,10.0,1.0,9.0,2.0,1
11081,18533,4.0,11,0,3,55,6,3,0.0,0.0,0.0,0.0,36.0,8.0,0.0,8.0,2.0,1
11082,1633,4.0,17,0,1,51,3,3,0.0,0.0,0.0,0.0,40.0,5.0,0.0,5.0,0.0,0
11083,12464,4.0,8,4,3,44,7,3,1.0,0.0,2.0,1.0,21.0,7.0,2.0,7.0,2.0,1
11084,11861,3.0,9,0,2,29,3,2,0.0,0.0,0.0,0.0,19.0,5.0,0.0,4.0,0.0,1
11085,19753,4.0,25,4,3,95,7,3,2.0,0.0,1.0,0.0,62.0,13.0,2.0,12.0,2.0,1
11086,6171,3.0,5,0,1,18,2,1,0.0,0.0,0.0,0.0,13.0,2.0,0.0,2.0,0.0,0
11087,7521,4.0,10,0,2,33,3,1,0.0,0.0,0.0,0.0,22.0,5.0,0.0,5.0,0.0,0
11088,572,3.0,8,0,2,24,2,1,0.0,0.0,0.0,0.0,18.0,3.0,0.0,2.0,0.0,0
11089,9879,4.0,13,16,3,64,3,5,13.0,0.0,2.0,0.0,32.0,7.0,3.0,6.0,0.0,0
11090,19093,4.0,16,8,2,57,2,0,7.0,0.0,1.0,1.0,40.0,3.0,0.0,4.0,0.0,1
11091,597,3.0,11,0,1,48,3,4,0.0,0.0,0.0,0.0,35.0,6.0,0.0,6.0,0.0,0
11092,15352,5.0,35,18,5,179,9,5,9.0,5.0,4.0,4.0,106.0,21.0,5.0,20.0,4.0,1
11093,7345,4.0,24,0,1,64,3,3,0.0,0.0,0.0,0.0,47.0,8.0,0.0,8.0,0.0,0
11094,6304,4.0,13,4,1,46,3,3,2.0,1.0,0.0,2.0,28.0,6.0,0.0,6.0,0.0,0
11095,19472,4.0,20,8,3,80,4,5,2.0,6.0,0.0,6.0,48.0,7.0,0.0,7.0,3.0,1
11096,16376,4.0,17,0,3,53,3,4,0.0,0.0,0.0,0.0,38.0,6.0,0.0,6.0,2.0,1
11097,18114,4.0,11,3,3,57,4,4,2.0,0.0,1.0,0.0,28.0,11.0,1.0,11.0,2.0,1
11098,1753,4.0,5,7,1,29,2,2,6.0,0.0,0.0,0.0,16.0,3.0,1.0,2.0,0.0,0
11099,5432,3.0,11,0,2,38,2,1,0.0,0.0,0.0,0.0,31.0,3.0,0.0,3.0,0.0,0
11100,13183,4.0,17,0,3,70,4,5,0.0,0.0,0.0,0.0,47.0,10.0,0.0,10.0,2.0,1
11101,17813,3.0,3,0,3,24,2,1,0.0,0.0,0.0,0.0,15.0,4.0,0.0,4.0,0.0,1
11102,19491,4.0,16,8,1,68,4,4,6.0,0.0,2.0,0.0,41.0,7.0,2.0,7.0,2.0,1
11103,11929,4.0,6,0,2,33,3,3,0.0,0.0,0.0,0.0,22.0,4.0,0.0,4.0,2.0,1
11104,18559,4.0,17,2,3,65,2,4,1.0,0.0,1.0,1.0,48.0,6.0,0.0,7.0,0.0,1
11105,9135,3.0,10,0,1,25,2,1,0.0,0.0,0.0,0.0,21.0,2.0,0.0,1.0,0.0,0
11106,18820,4.0,16,2,2,50,4,4,1.0,0.0,1.0,0.0,34.0,5.0,1.0,5.0,2.0,1
11107,1171,4.0,14,0,2,57,3,1,0.0,0.0,0.0,0.0,38.0,9.0,0.0,9.0,0.0,0
11108,15562,4.0,1,12,3,28,3,3,7.0,1.0,4.0,1.0,6.0,1.0,4.0,1.0,2.0,1
11109,7927,4.0,16,0,2,50,3,5,0.0,0.0,0.0,0.0,33.0,8.0,0.0,8.0,0.0,0
11110,19301,3.0,14,25,1,84,4,4,6.0,3.0,16.0,12.0,10.0,9.0,7.0,17.0,3.0,1
11111,18938,3.0,5,0,2,25,2,2,0.0,0.0,0.0,0.0,17.0,4.0,0.0,3.0,0.0,1
11112,19575,4.0,24,11,2,97,8,3,7.0,0.0,3.0,0.0,57.0,12.0,4.0,11.0,2.0,1
11113,18029,4.0,15,0,2,61,4,6,0.0,0.0,0.0,0.0,42.0,8.0,0.0,8.0,2.0,1
11114,14531,4.0,8,0,3,40,3,3,0.0,0.0,0.0,0.0,27.0,5.0,0.0,5.0,2.0,1
11115,15892,4.0,16,7,4,81,6,4,0.0,6.0,1.0,1.0,42.0,13.0,6.0,8.0,3.0,1
11116,19189,4.0,20,10,3,86,4,6,7.0,0.0,2.0,0.0,48.0,12.0,3.0,11.0,2.0,1
11117,17258,4.0,7,0,2,36,3,3,0.0,0.0,0.0,0.0,25.0,4.0,0.0,4.0,2.0,1
11118,19338,4.0,24,4,3,94,8,3,2.0,0.0,1.0,0.0,57.0,15.0,2.0,14.0,2.0,1
11119,2643,3.0,4,0,1,15,2,1,0.0,0.0,0.0,0.0,11.0,2.0,0.0,1.0,0.0,0
11120,5347,3.0,6,4,2,29,4,1,3.0,0.0,0.0,0.0,15.0,5.0,1.0,4.0,0.0,0
11121,9032,3.0,10,0,2,42,3,2,0.0,0.0,0.0,0.0,27.0,7.0,0.0,7.0,0.0,0
11122,16965,4.0,3,9,4,29,3,3,5.0,0.0,4.0,0.0,9.0,2.0,4.0,2.0,2.0,1
11123,204,4.0,13,0,2,51,3,1,0.0,0.0,0.0,0.0,36.0,7.0,0.0,7.0,0.0,0
11124,7896,4.0,10,0,2,35,2,1,0.0,0.0,0.0,0.0,29.0,3.0,0.0,2.0,0.0,0
11125,9833,4.0,30,0,2,82,3,2,0.0,0.0,0.0,0.0,61.0,10.0,0.0,10.0,0.0,0
11126,2014,3.0,10,0,1,36,2,2,0.0,0.0,0.0,0.0,30.0,3.0,0.0,2.0,0.0,0
11127,17289,4.0,2,14,4,32,3,3,9.0,0.0,5.0,0.0,6.0,2.0,5.0,2.0,2.0,1
11128,17015,4.0,12,2,2,45,2,3,1.0,0.0,1.0,0.0,33.0,4.0,1.0,4.0,0.0,1
11129,8461,4.0,19,4,2,73,3,3,2.0,2.0,0.0,2.0,54.0,6.0,0.0,6.0,0.0,0
11130,1974,4.0,21,6,1,90,4,6,5.0,0.0,1.0,0.0,53.0,14.0,1.0,13.0,2.0,0
11131,162,4.0,13,1,1,44,3,3,0.0,0.0,1.0,0.0,31.0,5.0,1.0,5.0,0.0,0
11132,4998,4.0,6,8,1,30,2,2,7.0,0.0,0.0,0.0,16.0,3.0,1.0,2.0,0.0,0
11133,18200,4.0,57,5,2,180,8,3,2.0,0.0,2.0,0.0,120.0,25.0,3.0,24.0,3.0,1
11134,9557,4.0,19,15,1,63,3,3,14.0,0.0,0.0,0.0,36.0,6.0,1.0,5.0,0.0,0
11135,4713,3.0,8,0,2,20,3,1,0.0,0.0,0.0,0.0,12.0,4.0,0.0,3.0,0.0,0
11136,9067,4.0,10,6,2,58,4,2,5.0,0.0,1.0,1.0,35.0,6.0,0.0,7.0,2.0,0
11137,1431,4.0,16,0,1,44,3,2,0.0,0.0,0.0,0.0,35.0,4.0,0.0,4.0,0.0,0
11138,15261,4.0,15,0,1,69,6,5,0.0,0.0,0.0,0.0,44.0,11.0,0.0,11.0,2.0,1
11139,12835,4.0,30,6,2,114,6,8,3.0,0.0,3.0,0.0,74.0,14.0,3.0,14.0,2.0,1
11140,13975,4.0,27,2,4,100,7,3,0.0,0.0,1.0,0.0,65.0,15.0,2.0,14.0,2.0,1
11141,19159,4.0,7,6,3,50,4,6,4.0,0.0,2.0,1.0,23.0,7.0,1.0,8.0,3.0,1
11142,7710,4.0,12,0,3,41,2,2,0.0,0.0,0.0,0.0,30.0,5.0,0.0,5.0,0.0,0
11143,7736,4.0,14,10,1,53,3,3,9.0,0.0,0.0,0.0,29.0,7.0,1.0,6.0,0.0,0
11144,4283,4.0,13,10,1,45,3,3,9.0,0.0,0.0,0.0,25.0,5.0,1.0,4.0,0.0,0
11145,7531,3.0,12,0,2,40,2,2,0.0,0.0,0.0,0.0,31.0,4.0,0.0,4.0,0.0,0
11146,14139,3.0,8,0,4,31,2,1,0.0,0.0,0.0,0.0,20.0,5.0,0.0,5.0,0.0,1
11147,17069,4.0,25,4,3,101,8,3,2.0,0.0,2.0,0.0,62.0,15.0,2.0,15.0,2.0,1
11148,13493,4.0,12,1,3,35,2,1,0.0,0.0,1.0,1.0,25.0,3.0,0.0,4.0,0.0,1
11149,10053,4.0,12,9,3,56,4,4,3.0,5.0,1.0,5.0,26.0,6.0,1.0,6.0,2.0,1
11150,10851,4.0,9,4,2,51,6,4,1.0,0.0,2.0,1.0,30.0,6.0,2.0,6.0,2.0,1
11151,3384,4.0,9,8,3,49,4,2,6.0,0.0,1.0,1.0,27.0,6.0,1.0,6.0,0.0,0
11152,2839,4.0,20,0,1,66,7,1,0.0,0.0,0.0,0.0,49.0,8.0,0.0,8.0,0.0,0
11153,18302,4.0,26,4,3,94,7,3,2.0,0.0,1.0,0.0,59.0,14.0,2.0,13.0,2.0,1
11154,15078,3.0,13,27,1,81,4,4,9.0,2.0,16.0,9.0,10.0,8.0,9.0,14.0,3.0,1
11155,15941,3.0,16,0,5,47,2,1,0.0,0.0,0.0,0.0,34.0,6.0,0.0,6.0,0.0,1
11156,10595,3.0,19,0,2,69,4,6,0.0,0.0,0.0,0.0,48.0,9.0,0.0,9.0,2.0,1
11157,15433,4.0,21,1,3,86,4,3,0.0,0.0,0.0,0.0,57.0,13.0,1.0,12.0,2.0,1
11158,2096,4.0,14,0,2,47,3,1,0.0,0.0,0.0,0.0,38.0,4.0,0.0,4.0,0.0,0
11159,10195,3.0,9,1,2,37,2,2,0.0,0.0,1.0,1.0,28.0,3.0,0.0,3.0,0.0,1
11160,7999,3.0,35,0,1,102,3,2,0.0,0.0,0.0,0.0,67.0,17.0,0.0,17.0,0.0,0
11161,18656,5.0,33,18,3,211,7,5,2.0,16.0,0.0,16.0,147.0,14.0,0.0,13.0,2.0,1
11162,5017,3.0,11,0,1,27,2,2,0.0,0.0,0.0,0.0,21.0,3.0,0.0,2.0,0.0,0
11163,2757,4.0,49,94,3,237,6,4,53.0,39.0,1.0,40.0,81.0,10.0,1.0,10.0,1.0,0
11164,6397,3.0,6,0,1,18,2,1,0.0,0.0,0.0,0.0,14.0,2.0,0.0,1.0,0.0,0
11165,10077,4.0,19,0,1,57,4,4,0.0,0.0,0.0,0.0,42.0,6.0,0.0,6.0,2.0,1
11166,13930,4.0,9,4,6,42,1,0,0.0,4.0,0.0,4.0,21.0,6.0,0.0,6.0,0.0,1
11167,14082,4.0,28,9,3,109,4,7,6.0,0.0,2.0,0.0,64.0,16.0,3.0,15.0,2.0,1
11168,2097,4.0,17,9,1,69,5,3,6.0,2.0,0.0,0.0,44.0,8.0,3.0,5.0,0.0,0
11169,8329,4.0,18,17,2,103,6,5,10.0,3.0,4.0,1.0,52.0,10.0,6.0,8.0,8.0,0
11170,9028,4.0,17,9,1,65,5,5,7.0,0.0,1.0,0.0,38.0,8.0,2.0,7.0,1.0,0
11171,3471,4.0,18,0,1,49,3,2,0.0,0.0,0.0,0.0,38.0,5.0,0.0,5.0,0.0,0
11172,12889,4.0,20,2,3,60,5,2,1.0,0.0,0.0,1.0,41.0,8.0,0.0,8.0,0.0,1
11173,14472,4.0,18,23,3,90,5,7,16.0,6.0,1.0,6.0,36.0,10.0,1.0,9.0,4.0,1
11174,16230,4.0,29,3,2,104,4,6,1.0,0.0,2.0,0.0,70.0,13.0,2.0,13.0,2.0,1
11175,1733,4.0,20,0,2,52,3,3,0.0,0.0,0.0,0.0,39.0,6.0,0.0,6.0,0.0,0
11176,19812,2.0,3,0,1,9,1,0,0.0,0.0,0.0,0.0,6.0,1.0,0.0,1.0,0.0,1
11177,1283,3.0,10,0,2,27,2,2,0.0,0.0,0.0,0.0,19.0,4.0,0.0,3.0,0.0,0
11178,12485,4.0,8,0,2,39,3,5,0.0,0.0,0.0,0.0,25.0,6.0,0.0,5.0,2.0,1
11179,12448,4.0,45,5,2,154,7,3,2.0,0.0,3.0,0.0,96.0,24.0,3.0,23.0,2.0,1
11180,10028,4.0,8,0,4,33,3,1,0.0,0.0,0.0,0.0,20.0,6.0,0.0,6.0,0.0,1
11181,1019,4.0,23,6,1,86,4,7,3.0,0.0,3.0,0.0,54.0,10.0,3.0,10.0,2.0,0
11182,16184,4.0,7,2,3,31,2,2,1.0,0.0,1.0,1.0,18.0,4.0,0.0,5.0,0.0,1
11183,18479,4.0,5,4,2,27,2,2,3.0,0.0,0.0,1.0,14.0,4.0,0.0,4.0,0.0,1
11184,9518,4.0,15,2,2,49,3,1,1.0,0.0,1.0,0.0,35.0,5.0,1.0,5.0,0.0,0
11185,17520,4.0,6,6,3,45,4,4,4.0,1.0,1.0,0.0,23.0,6.0,2.0,5.0,2.0,1
11186,1651,4.0,22,8,2,94,4,8,5.0,0.0,3.0,0.0,54.0,13.0,3.0,13.0,2.0,0
11187,830,3.0,10,0,4,37,2,2,0.0,0.0,0.0,0.0,24.0,6.0,0.0,6.0,0.0,0
11188,1169,4.0,6,7,2,33,4,2,6.0,0.0,0.0,0.0,14.0,6.0,1.0,5.0,0.0,0
11189,10720,3.0,2,0,1,11,2,0,0.0,0.0,0.0,0.0,6.0,2.0,0.0,2.0,0.0,1
11190,6256,4.0,21,0,2,66,3,3,0.0,0.0,0.0,0.0,41.0,12.0,0.0,12.0,0.0,0
11191,5469,4.0,6,4,2,30,4,1,3.0,0.0,0.0,0.0,16.0,5.0,1.0,4.0,0.0,0
11192,16044,4.0,15,1,3,68,4,7,0.0,0.0,0.0,0.0,45.0,10.0,1.0,9.0,2.0,1
11193,10258,4.0,8,0,3,39,2,2,0.0,0.0,0.0,0.0,28.0,5.0,0.0,5.0,0.0,1
11194,16063,4.0,19,3,3,75,7,3,1.0,0.0,1.0,1.0,46.0,11.0,1.0,11.0,2.0,1
11195,17251,3.0,3,0,2,12,1,0,0.0,0.0,0.0,0.0,7.0,2.0,0.0,2.0,0.0,1
11196,11166,4.0,11,0,2,43,5,3,0.0,0.0,0.0,0.0,28.0,6.0,0.0,6.0,2.0,1
11197,19451,4.0,4,5,2,39,3,3,3.0,2.0,0.0,2.0,22.0,4.0,0.0,3.0,2.0,1
11198,5093,4.0,10,0,2,35,2,2,0.0,0.0,0.0,0.0,26.0,4.0,0.0,4.0,0.0,0
11199,541,4.0,16,0,2,68,3,3,0.0,0.0,0.0,0.0,51.0,8.0,0.0,8.0,0.0,0
11200,9324,4.0,26,0,1,72,3,2,0.0,0.0,0.0,0.0,55.0,8.0,0.0,8.0,0.0,0
11201,17047,3.0,4,0,2,17,1,0,0.0,0.0,0.0,0.0,12.0,2.0,0.0,2.0,0.0,1
11202,12693,3.0,12,0,3,43,3,4,0.0,0.0,0.0,0.0,27.0,8.0,0.0,7.0,0.0,1
11203,19372,4.0,10,0,3,49,4,4,0.0,0.0,0.0,0.0,32.0,7.0,0.0,7.0,2.0,1
11204,3390,4.0,27,8,1,108,4,6,7.0,0.0,0.0,0.0,66.0,16.0,1.0,15.0,2.0,0
11205,12080,4.0,6,11,2,40,5,4,9.0,0.0,1.0,0.0,14.0,6.0,2.0,5.0,2.0,1
11206,11154,4.0,9,17,2,55,4,4,10.0,5.0,2.0,5.0,20.0,4.0,2.0,4.0,2.0,1
11207,14226,4.0,32,2,3,102,7,3,0.0,0.0,1.0,0.0,69.0,14.0,2.0,13.0,2.0,1
11208,16977,4.0,26,10,4,112,8,3,6.0,0.0,3.0,0.0,63.0,17.0,4.0,16.0,2.0,1
11209,16029,3.0,6,0,1,17,1,0,0.0,0.0,0.0,0.0,14.0,1.0,0.0,1.0,0.0,1
11210,19937,3.0,9,0,2,30,3,2,0.0,0.0,0.0,0.0,20.0,5.0,0.0,4.0,0.0,1
11211,10775,4.0,24,0,4,77,3,6,0.0,0.0,0.0,0.0,52.0,12.0,0.0,12.0,0.0,1
11212,11005,4.0,33,6,3,120,8,3,3.0,0.0,2.0,0.0,74.0,18.0,3.0,17.0,2.0,1
11213,3959,4.0,16,2,2,57,2,5,1.0,0.0,1.0,1.0,40.0,6.0,0.0,7.0,0.0,0
11214,6643,3.0,5,0,1,17,2,1,0.0,0.0,0.0,0.0,13.0,2.0,0.0,1.0,0.0,0
11215,16100,4.0,22,4,3,84,7,3,2.0,0.0,1.0,0.0,51.0,13.0,2.0,12.0,2.0,1
11216,16087,4.0,9,18,3,74,4,6,10.0,0.0,7.0,0.0,29.0,9.0,8.0,8.0,2.0,1
11217,3586,3.0,8,0,2,25,2,1,0.0,0.0,0.0,0.0,19.0,3.0,0.0,2.0,0.0,0
11218,18014,4.0,13,0,2,48,4,4,0.0,0.0,0.0,0.0,31.0,7.0,0.0,7.0,2.0,1
11219,2563,4.0,52,10,2,169,7,1,7.0,0.0,3.0,0.0,99.0,28.0,3.0,28.0,0.0,0
11220,10822,3.0,3,0,3,26,2,1,0.0,0.0,0.0,0.0,17.0,4.0,0.0,4.0,0.0,1
11221,19213,4.0,19,11,2,82,4,10,5.0,4.0,2.0,6.0,40.0,10.0,0.0,12.0,2.0,1
11222,5036,4.0,31,8,1,102,3,6,7.0,0.0,1.0,0.0,70.0,11.0,1.0,11.0,0.0,0
11223,1080,4.0,21,4,3,68,3,3,3.0,0.0,1.0,1.0,49.0,6.0,0.0,7.0,0.0,0
11224,5891,4.0,14,0,2,48,3,2,0.0,0.0,0.0,0.0,35.0,6.0,0.0,6.0,0.0,0
11225,14537,4.0,2,15,4,33,3,3,10.0,0.0,5.0,0.0,6.0,2.0,5.0,2.0,2.0,1
11226,2023,4.0,58,40,9,237,6,10,21.0,19.0,0.0,18.0,119.0,29.0,1.0,28.0,1.0,0
11227,13109,4.0,21,0,3,84,8,3,0.0,0.0,0.0,0.0,53.0,14.0,0.0,14.0,2.0,1
11228,18996,4.0,25,4,5,101,6,8,1.0,0.0,2.0,0.0,67.0,13.0,3.0,12.0,2.0,1
11229,7909,4.0,27,6,2,102,4,5,5.0,0.0,1.0,0.0,58.0,17.0,1.0,17.0,2.0,0
11230,18744,4.0,17,0,4,81,4,6,0.0,0.0,0.0,0.0,54.0,12.0,0.0,12.0,2.0,1
11231,16610,4.0,17,0,3,61,4,2,0.0,0.0,0.0,0.0,46.0,7.0,0.0,7.0,0.0,1
11232,1013,3.0,11,0,2,31,2,1,0.0,0.0,0.0,0.0,24.0,3.0,0.0,3.0,0.0,0
11233,14871,4.0,26,5,3,97,7,3,2.0,0.0,2.0,0.0,60.0,14.0,3.0,13.0,2.0,1
11234,9235,3.0,7,0,1,14,2,1,0.0,0.0,0.0,0.0,10.0,2.0,0.0,1.0,0.0,0
11235,5251,5.0,62,47,3,337,7,3,12.0,30.0,4.0,29.0,213.0,21.0,5.0,20.0,2.0,0
11236,9596,4.0,14,0,1,41,3,2,0.0,0.0,0.0,0.0,32.0,4.0,0.0,4.0,0.0,0
11237,2179,3.0,15,0,1,45,3,3,0.0,0.0,0.0,0.0,35.0,5.0,0.0,4.0,0.0,0
11238,17081,4.0,18,5,2,70,7,3,3.0,0.0,1.0,1.0,41.0,10.0,1.0,10.0,2.0,1
11239,17508,4.0,26,4,3,93,7,3,2.0,0.0,2.0,0.0,56.0,14.0,2.0,14.0,2.0,1
11240,12087,4.0,51,5,3,170,8,3,1.0,0.0,3.0,0.0,113.0,23.0,4.0,22.0,3.0,1
11241,5110,3.0,8,1,1,22,2,1,0.0,0.0,0.0,1.0,16.0,2.0,0.0,2.0,0.0,0
11242,1778,3.0,7,0,1,22,2,1,0.0,0.0,0.0,0.0,18.0,2.0,0.0,1.0,0.0,0
11243,17919,3.0,3,0,2,16,2,2,0.0,0.0,0.0,0.0,8.0,4.0,0.0,3.0,0.0,1
11244,15379,3.0,6,0,2,24,2,2,0.0,0.0,0.0,0.0,16.0,4.0,0.0,3.0,0.0,1
11245,7604,4.0,11,4,3,51,3,2,2.0,0.0,2.0,0.0,32.0,6.0,2.0,6.0,0.0,0
11246,13944,5.0,38,17,10,200,5,4,1.0,14.0,2.0,16.0,133.0,15.0,0.0,16.0,2.0,1
11247,17421,4.0,5,4,1,41,3,4,2.0,2.0,0.0,2.0,24.0,4.0,0.0,4.0,2.0,1
11248,18116,4.0,46,8,2,162,8,3,3.0,1.0,3.0,1.0,103.0,22.0,4.0,21.0,3.0,1
11249,19944,3.0,3,0,2,20,2,2,0.0,0.0,0.0,0.0,12.0,4.0,0.0,3.0,0.0,1
11250,10473,4.0,14,8,3,58,3,5,5.0,0.0,3.0,0.0,29.0,9.0,3.0,8.0,0.0,1
11251,14933,4.0,9,0,3,42,3,4,0.0,0.0,0.0,0.0,27.0,6.0,0.0,6.0,2.0,1
11252,5132,4.0,8,4,1,44,5,3,2.0,2.0,0.0,0.0,24.0,7.0,2.0,4.0,2.0,0
11253,2159,3.0,12,0,1,30,2,1,0.0,0.0,0.0,0.0,26.0,2.0,0.0,1.0,0.0,0
11254,11329,3.0,9,0,1,31,2,3,0.0,0.0,0.0,0.0,23.0,4.0,0.0,3.0,0.0,1
11255,14042,4.0,20,0,2,62,4,4,0.0,0.0,0.0,0.0,45.0,7.0,0.0,7.0,2.0,1
11256,14566,4.0,11,4,2,54,3,5,3.0,1.0,0.0,0.0,36.0,6.0,1.0,4.0,2.0,1
11257,6445,3.0,3,2,1,15,2,1,1.0,1.0,0.0,1.0,8.0,2.0,0.0,1.0,0.0,0
11258,3967,3.0,13,0,2,30,2,2,0.0,0.0,0.0,0.0,21.0,4.0,0.0,4.0,0.0,0
11259,1428,3.0,5,0,2,25,2,1,0.0,0.0,0.0,0.0,18.0,3.0,0.0,3.0,0.0,0
11260,3081,4.0,48,8,1,147,8,5,6.0,0.0,1.0,0.0,96.0,20.0,2.0,19.0,2.0,0
11261,2520,4.0,20,0,2,72,6,5,0.0,0.0,0.0,0.0,48.0,11.0,0.0,11.0,1.0,0
11262,11754,4.0,18,3,5,85,6,7,0.0,0.0,2.0,0.0,52.0,13.0,3.0,12.0,2.0,1
11263,10047,4.0,6,21,4,53,2,5,17.0,0.0,4.0,0.0,17.0,5.0,4.0,5.0,0.0,1
11264,18106,4.0,28,2,1,92,4,4,1.0,0.0,1.0,0.0,60.0,13.0,1.0,13.0,2.0,1
11265,6019,3.0,8,0,1,23,3,1,0.0,0.0,0.0,0.0,16.0,3.0,0.0,3.0,0.0,0
11266,16832,4.0,24,10,3,98,8,3,6.0,0.0,3.0,0.0,57.0,13.0,4.0,12.0,2.0,1
11267,16898,3.0,6,0,1,21,2,2,0.0,0.0,0.0,0.0,15.0,3.0,0.0,2.0,0.0,1
11268,3727,4.0,12,8,1,53,3,5,5.0,0.0,3.0,0.0,30.0,6.0,3.0,5.0,0.0,0
11269,8553,3.0,11,0,1,32,2,2,0.0,0.0,0.0,0.0,26.0,3.0,0.0,2.0,0.0,0
11270,18953,4.0,12,9,3,56,4,4,3.0,5.0,1.0,5.0,26.0,6.0,1.0,6.0,2.0,1
11271,9496,3.0,13,0,2,33,3,2,0.0,0.0,0.0,0.0,22.0,5.0,0.0,5.0,0.0,0
11272,6251,4.0,17,0,2,46,3,2,0.0,0.0,0.0,0.0,33.0,6.0,0.0,6.0,0.0,0
11273,5926,5.0,14,14,2,63,6,1,12.0,0.0,1.0,0.0,32.0,8.0,2.0,7.0,0.0,0
11274,16406,4.0,11,12,2,48,1,0,7.0,4.0,1.0,3.0,29.0,1.0,1.0,1.0,0.0,1
11275,8894,4.0,14,0,3,47,3,2,0.0,0.0,0.0,0.0,34.0,6.0,0.0,6.0,0.0,0
11276,8706,3.0,13,0,2,36,3,2,0.0,0.0,0.0,0.0,25.0,5.0,0.0,5.0,0.0,0
11277,1376,4.0,21,0,2,58,3,1,0.0,0.0,0.0,0.0,45.0,6.0,0.0,6.0,0.0,0
11278,1724,4.0,8,0,1,27,4,1,0.0,0.0,0.0,0.0,19.0,3.0,0.0,3.0,1.0,0
11279,3754,4.0,11,0,2,37,2,2,0.0,0.0,0.0,0.0,28.0,4.0,0.0,4.0,0.0,0
11280,10517,4.0,24,0,3,70,4,4,0.0,0.0,0.0,0.0,49.0,9.0,0.0,9.0,2.0,1
11281,19038,4.0,18,2,3,75,7,3,1.0,0.0,0.0,0.0,47.0,12.0,1.0,11.0,2.0,1
11282,4082,3.0,4,0,1,14,2,1,0.0,0.0,0.0,0.0,10.0,2.0,0.0,1.0,0.0,0
11283,11870,3.0,8,1,2,31,3,3,0.0,0.0,1.0,1.0,19.0,3.0,0.0,4.0,2.0,1
11284,18437,3.0,3,0,1,21,3,3,0.0,0.0,0.0,0.0,13.0,3.0,0.0,2.0,2.0,1
11285,12500,4.0,40,3,4,135,7,6,1.0,0.0,2.0,0.0,92.0,18.0,2.0,17.0,2.0,1
11286,13057,4.0,26,18,3,116,8,3,9.0,0.0,8.0,0.0,54.0,15.0,9.0,14.0,6.0,1
11287,16140,3.0,7,0,3,30,2,2,0.0,0.0,0.0,0.0,19.0,5.0,0.0,5.0,0.0,1
11288,10773,3.0,7,1,2,30,2,2,0.0,1.0,0.0,0.0,21.0,4.0,1.0,2.0,0.0,1
11289,9951,3.0,12,0,2,27,2,1,0.0,0.0,0.0,0.0,20.0,3.0,0.0,3.0,0.0,0
11290,14571,4.0,6,2,2,32,5,3,1.0,0.0,0.0,0.0,16.0,6.0,1.0,5.0,2.0,1
11291,17030,3.0,7,0,3,33,2,3,0.0,0.0,0.0,0.0,20.0,6.0,0.0,6.0,0.0,1
11292,19712,4.0,54,6,3,189,8,3,2.0,0.0,3.0,0.0,113.0,32.0,4.0,31.0,3.0,1
11293,14215,4.0,23,25,3,113,7,5,16.0,8.0,0.0,8.0,54.0,12.0,1.0,11.0,2.0,1
11294,15997,3.0,7,0,2,25,2,2,0.0,0.0,0.0,0.0,17.0,4.0,0.0,3.0,0.0,1
11295,7165,3.0,9,0,2,24,2,1,0.0,0.0,0.0,0.0,17.0,3.0,0.0,3.0,0.0,0
11296,17926,4.0,6,0,2,31,3,3,0.0,0.0,0.0,0.0,20.0,4.0,0.0,4.0,2.0,1
11297,11182,4.0,2,16,4,34,3,3,11.0,0.0,5.0,0.0,6.0,2.0,5.0,2.0,2.0,1
11298,19439,4.0,19,0,3,60,4,4,0.0,0.0,0.0,0.0,41.0,8.0,0.0,8.0,2.0,1
11299,4875,4.0,13,4,2,54,3,2,3.0,0.0,1.0,0.0,40.0,4.0,1.0,4.0,0.0,0
11300,10736,4.0,27,4,2,98,8,3,2.0,0.0,1.0,0.0,65.0,13.0,2.0,12.0,2.0,1
11301,18599,4.0,5,1,1,35,3,3,0.0,1.0,0.0,1.0,24.0,3.0,0.0,3.0,2.0,1
11302,15990,4.0,10,33,3,76,3,7,19.0,9.0,5.0,12.0,15.0,4.0,2.0,7.0,2.0,1
11303,12258,3.0,8,2,2,33,3,4,1.0,0.0,1.0,0.0,18.0,6.0,1.0,5.0,0.0,1
11304,685,3.0,10,0,1,30,2,1,0.0,0.0,0.0,0.0,25.0,2.0,0.0,2.0,0.0,0
11305,11435,3.0,5,0,2,22,2,2,0.0,0.0,0.0,0.0,14.0,4.0,0.0,3.0,0.0,1
11306,18448,3.0,6,0,1,22,2,0,0.0,0.0,0.0,0.0,15.0,3.0,0.0,3.0,0.0,1
11307,14291,3.0,1,15,3,27,3,3,10.0,0.0,4.0,1.0,3.0,1.0,4.0,1.0,2.0,1
11308,2461,4.0,8,9,1,38,3,3,7.0,0.0,2.0,1.0,19.0,3.0,1.0,4.0,0.0,0
11309,12275,3.0,9,0,2,29,2,1,0.0,0.0,0.0,0.0,22.0,3.0,0.0,3.0,0.0,1
11310,11889,3.0,5,0,1,16,1,0,0.0,0.0,0.0,0.0,13.0,1.0,0.0,1.0,0.0,1
11311,7128,3.0,7,0,3,36,2,2,0.0,0.0,0.0,0.0,25.0,5.0,0.0,5.0,0.0,0
11312,16377,4.0,7,4,2,32,3,3,3.0,0.0,1.0,0.0,17.0,5.0,1.0,4.0,0.0,1
11313,5946,3.0,5,0,2,19,2,1,0.0,0.0,0.0,0.0,13.0,3.0,0.0,2.0,0.0,0
11314,4583,4.0,19,5,1,71,3,3,4.0,0.0,0.0,0.0,46.0,10.0,1.0,9.0,0.0,0
11315,12232,3.0,6,0,1,16,1,0,0.0,0.0,0.0,0.0,13.0,1.0,0.0,1.0,0.0,1
11316,13070,4.0,28,3,3,107,4,8,1.0,0.0,2.0,0.0,67.0,16.0,2.0,16.0,2.0,1
11317,16905,4.0,45,3,3,151,7,3,0.0,0.0,3.0,0.0,99.0,22.0,3.0,21.0,2.0,1
11318,18946,4.0,5,1,1,33,3,4,0.0,1.0,0.0,1.0,20.0,4.0,0.0,4.0,2.0,1
11319,3983,4.0,42,39,5,184,6,7,24.0,14.0,0.0,14.0,98.0,16.0,1.0,15.0,1.0,0
11320,14686,4.0,14,10,2,68,3,9,6.0,0.0,3.0,0.0,39.0,7.0,4.0,6.0,2.0,1
11321,6303,3.0,3,0,1,12,3,1,0.0,0.0,0.0,0.0,6.0,3.0,0.0,2.0,0.0,0
11322,9908,4.0,24,2,7,104,6,8,0.0,0.0,1.0,2.0,58.0,20.0,0.0,21.0,1.0,0
11323,780,3.0,7,1,3,29,2,2,0.0,0.0,1.0,1.0,17.0,4.0,0.0,5.0,0.0,0
11324,17153,3.0,12,27,1,81,4,4,7.0,1.0,19.0,14.0,8.0,5.0,6.0,17.0,3.0,1
11325,5978,3.0,12,0,1,32,2,2,0.0,0.0,0.0,0.0,25.0,3.0,0.0,3.0,0.0,0
11326,2196,4.0,25,1,5,104,5,4,0.0,0.0,1.0,0.0,66.0,17.0,1.0,17.0,1.0,0
11327,14089,3.0,9,0,3,37,2,2,0.0,0.0,0.0,0.0,26.0,5.0,0.0,5.0,0.0,1
11328,19890,3.0,2,11,4,29,3,3,6.0,1.0,4.0,1.0,6.0,2.0,4.0,2.0,2.0,1
11329,18348,4.0,13,0,3,47,4,4,0.0,0.0,0.0,0.0,30.0,7.0,0.0,7.0,2.0,1
11330,9832,4.0,29,20,2,117,5,5,11.0,7.0,2.0,8.0,61.0,11.0,1.0,12.0,3.0,0
11331,6979,4.0,10,8,1,37,3,3,7.0,0.0,0.0,0.0,17.0,6.0,1.0,5.0,0.0,0
11332,11824,3.0,2,17,4,35,3,3,12.0,0.0,5.0,0.0,6.0,2.0,5.0,2.0,2.0,1
11333,2376,4.0,11,15,1,88,8,5,1.0,3.0,10.0,9.0,28.0,11.0,5.0,16.0,4.0,0
11334,17630,4.0,10,1,3,42,3,4,0.0,0.0,1.0,0.0,25.0,7.0,1.0,7.0,0.0,1
11335,11483,3.0,8,0,1,24,1,0,0.0,0.0,0.0,0.0,21.0,1.0,0.0,1.0,0.0,1
11336,6511,4.0,12,0,2,39,5,1,0.0,0.0,0.0,0.0,26.0,6.0,0.0,6.0,0.0,0
11337,13279,4.0,12,0,2,40,2,3,0.0,0.0,0.0,0.0,30.0,5.0,0.0,4.0,0.0,1
11338,19173,3.0,8,0,3,30,2,2,0.0,0.0,0.0,0.0,19.0,5.0,0.0,5.0,0.0,1
11339,14473,4.0,31,7,6,141,8,3,1.0,0.0,6.0,2.0,85.0,19.0,4.0,21.0,2.0,1
11340,5439,3.0,11,0,1,28,2,2,0.0,0.0,0.0,0.0,21.0,3.0,0.0,3.0,0.0,0
11341,10759,4.0,8,0,2,37,3,3,0.0,0.0,0.0,0.0,26.0,4.0,0.0,4.0,2.0,1
11342,6493,3.0,8,0,1,25,2,1,0.0,0.0,0.0,0.0,21.0,2.0,0.0,1.0,0.0,0
11343,8964,4.0,16,0,2,41,4,2,0.0,0.0,0.0,0.0,29.0,6.0,0.0,5.0,0.0,0
11344,5510,4.0,10,0,1,34,3,2,0.0,0.0,0.0,0.0,23.0,5.0,0.0,5.0,0.0,0
11345,5330,3.0,18,66,1,199,5,6,14.0,1.0,50.0,38.0,19.0,9.0,14.0,45.0,8.0,0
11346,18072,4.0,12,4,3,73,4,6,2.0,0.0,2.0,0.0,44.0,10.0,2.0,10.0,2.0,1
11347,4531,3.0,6,0,1,22,2,1,0.0,0.0,0.0,0.0,17.0,2.0,0.0,2.0,0.0,0
11348,9866,4.0,17,2,1,58,4,6,1.0,0.0,1.0,0.0,33.0,10.0,1.0,9.0,2.0,0
11349,15587,3.0,6,0,1,15,2,0,0.0,0.0,0.0,0.0,10.0,2.0,0.0,2.0,0.0,1
11350,16749,4.0,5,4,2,27,2,2,3.0,0.0,0.0,1.0,14.0,4.0,0.0,4.0,0.0,1
11351,10142,4.0,13,0,3,49,3,2,0.0,0.0,0.0,0.0,32.0,8.0,0.0,8.0,0.0,1
11352,12089,4.0,18,2,4,83,7,5,1.0,0.0,0.0,0.0,53.0,13.0,1.0,12.0,2.0,1
11353,16531,4.0,26,4,4,101,7,3,2.0,0.0,1.0,0.0,64.0,15.0,2.0,14.0,2.0,1
11354,11280,4.0,9,1,2,31,2,3,0.0,0.0,1.0,1.0,20.0,4.0,0.0,4.0,0.0,1
11355,18868,4.0,18,3,1,55,4,4,2.0,0.0,1.0,0.0,38.0,5.0,1.0,5.0,2.0,1
11356,7788,4.0,24,8,1,95,3,4,7.0,0.0,0.0,0.0,55.0,16.0,1.0,15.0,0.0,0
11357,3456,4.0,24,6,1,76,3,4,4.0,0.0,2.0,0.0,44.0,12.0,2.0,11.0,0.0,0
11358,4940,4.0,15,6,2,66,3,2,5.0,0.0,1.0,0.0,42.0,8.0,1.0,8.0,0.0,0
11359,9223,4.0,22,34,10,135,7,4,17.0,13.0,4.0,15.0,54.0,12.0,2.0,14.0,3.0,0
11360,18916,3.0,6,0,2,31,2,2,0.0,0.0,0.0,0.0,22.0,4.0,0.0,4.0,0.0,1
11361,14916,3.0,7,0,2,19,1,0,0.0,0.0,0.0,0.0,14.0,2.0,0.0,2.0,0.0,1
11362,7099,3.0,9,0,1,28,3,2,0.0,0.0,0.0,0.0,20.0,4.0,0.0,3.0,0.0,0
11363,8080,4.0,23,0,1,60,3,2,0.0,0.0,0.0,0.0,47.0,6.0,0.0,6.0,0.0,0
11364,16462,4.0,7,0,2,31,4,3,0.0,0.0,0.0,0.0,18.0,5.0,0.0,5.0,2.0,1
11365,19954,5.0,26,12,1,118,3,5,1.0,11.0,0.0,11.0,83.0,5.0,0.0,4.0,2.0,1
11366,18241,3.0,13,28,1,81,4,4,9.0,2.0,17.0,10.0,9.0,7.0,9.0,14.0,3.0,1
11367,9312,4.0,20,5,5,70,4,3,3.0,0.0,2.0,1.0,46.0,7.0,1.0,8.0,1.0,0
11368,6172,4.0,21,3,3,69,5,1,2.0,0.0,0.0,0.0,50.0,8.0,1.0,7.0,0.0,0
11369,3631,4.0,13,14,1,64,3,5,10.0,0.0,4.0,1.0,29.0,8.0,3.0,8.0,0.0,0
11370,16955,4.0,22,10,2,99,8,6,6.0,0.0,3.0,1.0,61.0,11.0,3.0,11.0,2.0,1
11371,6272,4.0,24,8,2,104,4,7,7.0,0.0,1.0,0.0,63.0,16.0,1.0,15.0,0.0,0
11372,392,2.0,3,0,1,11,2,1,0.0,0.0,0.0,0.0,7.0,2.0,0.0,1.0,0.0,0
11373,3191,4.0,19,10,1,83,4,7,6.0,0.0,4.0,0.0,43.0,12.0,4.0,11.0,2.0,0
11374,16,4.0,10,0,2,31,2,1,0.0,0.0,0.0,0.0,24.0,3.0,0.0,3.0,0.0,0
11375,19566,4.0,12,0,3,44,4,3,0.0,0.0,0.0,0.0,29.0,6.0,0.0,6.0,2.0,1
11376,18515,4.0,18,0,3,58,3,5,0.0,0.0,0.0,0.0,41.0,7.0,0.0,7.0,2.0,1
11377,7394,3.0,4,7,1,24,2,3,6.0,0.0,1.0,1.0,9.0,3.0,0.0,3.0,0.0,0
11378,593,4.0,8,2,1,31,4,1,0.0,2.0,0.0,1.0,19.0,4.0,1.0,3.0,0.0,0
11379,4719,4.0,24,5,2,96,4,5,3.0,0.0,2.0,0.0,56.0,15.0,2.0,15.0,2.0,0
11380,5827,4.0,8,4,1,43,3,3,2.0,1.0,0.0,2.0,23.0,7.0,0.0,7.0,0.0,0
11381,10749,4.0,39,8,3,146,4,7,4.0,0.0,4.0,1.0,92.0,19.0,3.0,20.0,2.0,1
11382,4798,4.0,28,6,2,113,6,4,4.0,0.0,2.0,0.0,65.0,17.0,2.0,16.0,6.0,0
11383,10634,3.0,6,0,2,30,3,3,0.0,0.0,0.0,0.0,19.0,4.0,0.0,4.0,2.0,1
11384,4795,4.0,29,0,1,104,4,6,0.0,0.0,0.0,0.0,70.0,16.0,0.0,15.0,2.0,0
11385,11234,4.0,19,8,2,77,7,3,5.0,0.0,2.0,1.0,42.0,11.0,2.0,11.0,2.0,1
11386,8656,4.0,8,1,3,39,3,3,0.0,0.0,1.0,0.0,23.0,6.0,1.0,6.0,1.0,0
11387,163,3.0,2,0,1,13,2,1,0.0,0.0,0.0,0.0,9.0,2.0,0.0,1.0,0.0,0
11388,671,4.0,16,2,3,55,3,6,1.0,0.0,1.0,0.0,33.0,9.0,1.0,9.0,0.0,0
11389,14308,4.0,5,12,4,40,3,4,7.0,1.0,4.0,1.0,14.0,3.0,4.0,3.0,2.0,1
11390,19798,3.0,6,0,1,17,1,0,0.0,0.0,0.0,0.0,14.0,1.0,0.0,1.0,0.0,1
11391,16052,3.0,11,26,1,81,4,4,8.0,0.0,18.0,12.0,10.0,6.0,6.0,17.0,3.0,1
11392,14828,3.0,9,0,2,40,4,3,0.0,0.0,0.0,0.0,27.0,5.0,0.0,5.0,2.0,1
11393,5542,4.0,51,67,2,253,8,3,14.0,15.0,38.0,29.0,61.0,25.0,24.0,39.0,7.0,0
11394,7993,3.0,12,0,1,32,3,3,0.0,0.0,0.0,0.0,20.0,6.0,0.0,5.0,0.0,0
11395,10900,4.0,17,9,2,85,6,5,2.0,0.0,6.0,1.0,43.0,12.0,6.0,12.0,2.0,1
11396,7758,4.0,8,2,1,31,4,1,0.0,1.0,0.0,2.0,19.0,4.0,0.0,4.0,0.0,0
11397,4837,3.0,7,0,2,32,2,1,0.0,0.0,0.0,0.0,25.0,3.0,0.0,3.0,0.0,0
11398,6548,4.0,15,0,2,43,3,2,0.0,0.0,0.0,0.0,30.0,6.0,0.0,6.0,0.0,0
11399,4481,3.0,13,0,1,30,2,1,0.0,0.0,0.0,0.0,25.0,2.0,0.0,2.0,0.0,0
11400,3716,3.0,15,0,2,38,3,2,0.0,0.0,0.0,0.0,27.0,5.0,0.0,5.0,0.0,0
11401,10837,4.0,37,5,2,119,8,3,2.0,0.0,2.0,0.0,78.0,16.0,3.0,15.0,2.0,1
11402,6140,4.0,17,2,1,47,3,2,1.0,0.0,0.0,0.0,33.0,6.0,1.0,5.0,0.0,0
11403,9956,3.0,3,0,1,14,2,1,0.0,0.0,0.0,0.0,10.0,2.0,0.0,1.0,0.0,0
11404,1549,4.0,16,6,2,50,3,3,5.0,0.0,1.0,0.0,32.0,5.0,1.0,5.0,0.0,0
11405,14818,3.0,8,0,3,47,3,6,0.0,0.0,0.0,0.0,28.0,8.0,0.0,8.0,2.0,1
11406,767,3.0,3,0,1,20,2,1,0.0,0.0,0.0,0.0,15.0,2.0,0.0,2.0,0.0,0
11407,5693,4.0,13,3,2,46,4,1,2.0,0.0,0.0,0.0,33.0,5.0,1.0,4.0,0.0,0
11408,9700,4.0,26,4,2,96,8,6,2.0,1.0,0.0,2.0,59.0,14.0,0.0,14.0,3.0,0
11409,19916,4.0,14,0,3,54,4,3,0.0,0.0,0.0,0.0,37.0,7.0,0.0,7.0,2.0,1
11410,4517,3.0,9,0,2,32,3,1,0.0,0.0,0.0,0.0,23.0,4.0,0.0,4.0,0.0,0
11411,12411,3.0,4,2,2,27,3,3,1.0,1.0,0.0,0.0,14.0,4.0,1.0,3.0,2.0,1
11412,19099,4.0,21,8,5,103,5,6,6.0,2.0,0.0,2.0,67.0,11.0,0.0,11.0,3.0,1
11413,18015,4.0,2,15,4,33,3,3,10.0,0.0,5.0,0.0,6.0,2.0,5.0,2.0,2.0,1
11414,3292,4.0,13,1,2,44,3,3,0.0,0.0,1.0,0.0,31.0,5.0,1.0,5.0,0.0,0
11415,9011,3.0,4,0,1,18,2,1,0.0,0.0,0.0,0.0,14.0,2.0,0.0,1.0,0.0,0
11416,1403,4.0,21,0,2,80,3,4,0.0,0.0,0.0,0.0,51.0,14.0,0.0,14.0,0.0,0
11417,1382,4.0,24,19,1,96,3,5,16.0,0.0,3.0,1.0,56.0,8.0,2.0,9.0,0.0,0
11418,10340,4.0,7,0,3,33,2,2,0.0,0.0,0.0,0.0,22.0,5.0,0.0,5.0,0.0,1
11419,1638,3.0,12,0,2,37,2,2,0.0,0.0,0.0,0.0,28.0,4.0,0.0,4.0,0.0,0
11420,14083,4.0,13,2,1,53,3,7,0.0,0.0,1.0,0.0,36.0,6.0,2.0,5.0,2.0,1
11421,8800,4.0,18,6,1,66,3,3,5.0,0.0,1.0,0.0,44.0,7.0,1.0,7.0,0.0,0
11422,6406,4.0,11,4,1,38,3,3,3.0,0.0,1.0,0.0,25.0,4.0,1.0,3.0,0.0,0
11423,9074,4.0,22,5,3,75,6,1,3.0,0.0,1.0,0.0,45.0,12.0,2.0,11.0,0.0,0
11424,17563,3.0,9,3,2,29,1,0,2.0,1.0,0.0,0.0,21.0,2.0,1.0,1.0,0.0,1
11425,5448,5.0,37,5,2,107,8,2,3.0,1.0,1.0,0.0,70.0,15.0,2.0,14.0,0.0,0
11426,12168,4.0,7,0,4,45,4,4,0.0,0.0,0.0,0.0,26.0,8.0,0.0,8.0,2.0,1
11427,5078,4.0,13,0,2,40,2,3,0.0,0.0,0.0,0.0,30.0,5.0,0.0,4.0,0.0,0
11428,13564,4.0,8,0,3,33,3,1,0.0,0.0,0.0,0.0,22.0,5.0,0.0,5.0,0.0,1
11429,17073,4.0,9,2,2,43,5,3,1.0,0.0,0.0,0.0,27.0,6.0,1.0,5.0,2.0,1
11430,3850,4.0,14,0,1,40,2,4,0.0,0.0,0.0,0.0,29.0,5.0,0.0,5.0,0.0,0
11431,6488,4.0,8,0,1,27,3,1,0.0,0.0,0.0,0.0,20.0,3.0,0.0,3.0,0.0,0
11432,10145,3.0,7,0,4,34,2,2,0.0,0.0,0.0,0.0,21.0,6.0,0.0,6.0,0.0,1
11433,13828,5.0,50,35,2,252,4,5,6.0,27.0,1.0,28.0,174.0,6.0,1.0,6.0,2.0,1
11434,7154,4.0,19,4,1,62,5,5,2.0,0.0,1.0,0.0,41.0,8.0,2.0,7.0,0.0,0
11435,18396,4.0,20,3,1,70,4,5,2.0,0.0,1.0,0.0,45.0,9.0,1.0,9.0,2.0,1
11436,6610,4.0,12,7,1,55,3,5,6.0,0.0,1.0,0.0,34.0,6.0,1.0,6.0,0.0,0
11437,5179,4.0,25,16,5,123,8,8,14.0,0.0,2.0,0.0,63.0,18.0,2.0,17.0,6.0,0
11438,12330,3.0,7,0,2,26,2,2,0.0,0.0,0.0,0.0,18.0,4.0,0.0,3.0,0.0,1
11439,19409,4.0,9,0,2,40,4,3,0.0,0.0,0.0,0.0,27.0,5.0,0.0,5.0,2.0,1
11440,2494,3.0,12,0,1,30,3,1,0.0,0.0,0.0,0.0,23.0,3.0,0.0,3.0,0.0,0
11441,845,3.0,5,0,1,17,2,1,0.0,0.0,0.0,0.0,13.0,2.0,0.0,1.0,0.0,0
11442,8734,3.0,6,0,2,23,2,1,0.0,0.0,0.0,0.0,16.0,3.0,0.0,3.0,0.0,0
11443,11916,4.0,18,0,1,59,3,5,0.0,0.0,0.0,0.0,46.0,5.0,0.0,5.0,2.0,1
11444,11871,3.0,13,31,1,90,4,4,8.0,3.0,20.0,14.0,8.0,7.0,9.0,17.0,3.0,1
11445,12415,4.0,12,1,3,47,4,3,0.0,1.0,0.0,1.0,31.0,6.0,0.0,5.0,2.0,1
11446,7967,4.0,16,4,2,53,3,2,3.0,0.0,1.0,1.0,34.0,6.0,0.0,7.0,0.0,0
11447,7340,4.0,32,7,2,94,6,2,1.0,0.0,5.0,2.0,57.0,11.0,4.0,12.0,1.0,0
11448,13891,4.0,28,0,3,90,4,4,0.0,0.0,0.0,0.0,63.0,12.0,0.0,12.0,2.0,1
11449,19020,3.0,7,0,1,31,3,4,0.0,0.0,0.0,0.0,20.0,4.0,0.0,4.0,2.0,1
11450,18231,4.0,8,0,4,35,3,1,0.0,0.0,0.0,0.0,22.0,6.0,0.0,6.0,0.0,1
11451,7137,3.0,15,0,2,41,2,1,0.0,0.0,0.0,0.0,34.0,3.0,0.0,3.0,0.0,0
11452,2964,3.0,9,0,1,27,2,1,0.0,0.0,0.0,0.0,23.0,2.0,0.0,1.0,0.0,0
11453,15751,3.0,19,0,1,54,4,4,0.0,0.0,0.0,0.0,39.0,6.0,0.0,6.0,2.0,1
11454,15476,4.0,13,0,3,51,3,4,0.0,0.0,0.0,0.0,36.0,6.0,0.0,6.0,2.0,1
11455,5772,4.0,19,5,1,60,3,3,4.0,0.0,1.0,0.0,35.0,9.0,1.0,9.0,0.0,0
11456,17432,3.0,1,13,4,27,3,3,8.0,0.0,5.0,0.0,3.0,1.0,5.0,1.0,3.0,1
11457,2530,4.0,11,0,2,36,2,2,0.0,0.0,0.0,0.0,27.0,4.0,0.0,4.0,0.0,0
11458,11138,4.0,14,0,2,55,7,3,0.0,0.0,0.0,0.0,34.0,9.0,0.0,9.0,2.0,1
11459,19999,4.0,3,11,3,34,3,4,7.0,0.0,4.0,0.0,12.0,2.0,4.0,2.0,2.0,1
11460,14716,3.0,3,12,4,39,3,4,7.0,1.0,4.0,1.0,13.0,3.0,4.0,3.0,2.0,1
11461,8429,4.0,7,4,2,35,2,2,3.0,0.0,1.0,1.0,22.0,3.0,0.0,4.0,0.0,0
11462,4917,4.0,20,0,2,49,3,2,0.0,0.0,0.0,0.0,36.0,6.0,0.0,6.0,0.0,0
11463,5901,4.0,14,10,3,67,3,3,7.0,0.0,3.0,0.0,41.0,6.0,3.0,6.0,0.0,0
11464,8286,4.0,13,0,2,33,2,2,0.0,0.0,0.0,0.0,24.0,4.0,0.0,4.0,0.0,0
11465,18573,4.0,29,0,2,93,4,5,0.0,0.0,0.0,0.0,70.0,10.0,0.0,10.0,2.0,1
11466,5656,4.0,7,3,2,28,3,1,2.0,0.0,1.0,1.0,17.0,3.0,0.0,3.0,0.0,0
11467,16127,4.0,26,4,4,94,7,3,2.0,0.0,1.0,0.0,59.0,14.0,2.0,13.0,2.0,1
11468,5907,4.0,19,3,2,74,4,7,2.0,0.0,1.0,0.0,47.0,10.0,1.0,10.0,2.0,0
11469,7373,4.0,10,6,1,44,4,3,5.0,0.0,1.0,0.0,27.0,5.0,1.0,4.0,0.0,0
11470,6721,4.0,8,4,1,37,4,3,3.0,0.0,1.0,0.0,22.0,5.0,1.0,4.0,0.0,0
11471,19295,4.0,26,4,2,105,6,6,1.0,0.0,3.0,0.0,75.0,10.0,3.0,10.0,2.0,1
11472,12686,3.0,5,0,3,29,2,2,0.0,0.0,0.0,0.0,18.0,5.0,0.0,5.0,0.0,1
11473,8264,3.0,6,4,2,28,2,1,3.0,1.0,0.0,0.0,17.0,3.0,1.0,2.0,0.0,0
11474,7693,3.0,4,0,1,16,2,1,0.0,0.0,0.0,0.0,12.0,2.0,0.0,1.0,0.0,0
11475,8325,4.0,16,0,2,50,3,1,0.0,0.0,0.0,0.0,35.0,7.0,0.0,7.0,0.0,0
11476,19933,4.0,30,6,3,105,7,3,4.0,0.0,1.0,0.0,66.0,15.0,2.0,14.0,2.0,1
11477,12265,3.0,8,0,2,21,2,0,0.0,0.0,0.0,0.0,14.0,3.0,0.0,3.0,0.0,1
11478,11421,4.0,2,11,3,30,3,4,6.0,0.0,4.0,1.0,8.0,2.0,4.0,2.0,2.0,1
11479,1826,4.0,14,0,2,40,3,2,0.0,0.0,0.0,0.0,27.0,6.0,0.0,6.0,0.0,0
11480,12329,3.0,8,0,2,19,1,0,0.0,0.0,0.0,0.0,14.0,2.0,0.0,2.0,0.0,1
11481,560,3.0,11,0,1,37,2,4,0.0,0.0,0.0,0.0,26.0,5.0,0.0,5.0,0.0,0
11482,4107,3.0,4,0,1,12,2,1,0.0,0.0,0.0,0.0,8.0,2.0,0.0,1.0,0.0,0
11483,5435,4.0,8,18,1,46,2,3,17.0,0.0,0.0,0.0,20.0,4.0,1.0,3.0,0.0,0
11484,4437,4.0,14,3,3,52,2,3,2.0,0.0,1.0,0.0,37.0,5.0,1.0,5.0,0.0,0
11485,10382,3.0,2,16,4,34,3,3,11.0,0.0,5.0,0.0,6.0,2.0,5.0,2.0,2.0,1
11486,17826,4.0,24,6,3,103,7,3,3.0,0.0,2.0,0.0,61.0,16.0,3.0,15.0,2.0,1
11487,4406,3.0,10,5,2,42,4,2,4.0,0.0,0.0,0.0,25.0,6.0,1.0,5.0,0.0,0
11488,19555,3.0,2,11,3,29,3,3,7.0,0.0,4.0,0.0,9.0,1.0,4.0,1.0,2.0,1
11489,18073,4.0,20,1,3,71,4,5,0.0,0.0,1.0,0.0,44.0,11.0,1.0,11.0,2.0,1
11490,9917,4.0,13,4,2,52,4,6,3.0,0.0,1.0,0.0,28.0,8.0,1.0,8.0,2.0,0
11491,19003,4.0,2,11,4,30,3,3,6.0,0.0,4.0,1.0,8.0,2.0,4.0,2.0,2.0,1
11492,15096,4.0,28,7,2,107,8,3,3.0,0.0,3.0,0.0,63.0,16.0,4.0,15.0,2.0,1
11493,2817,5.0,14,14,2,63,6,1,12.0,0.0,1.0,0.0,32.0,8.0,2.0,7.0,0.0,0
11494,16724,3.0,8,0,3,30,2,2,0.0,0.0,0.0,0.0,19.0,5.0,0.0,5.0,0.0,1
11495,5782,4.0,17,10,2,71,4,4,9.0,0.0,0.0,0.0,45.0,8.0,1.0,7.0,0.0,0
11496,16163,4.0,10,2,2,48,4,4,1.0,0.0,1.0,0.0,30.0,6.0,1.0,6.0,2.0,1
11497,9715,4.0,11,2,3,36,4,1,0.0,2.0,0.0,2.0,19.0,6.0,0.0,6.0,0.0,0
11498,10699,4.0,10,0,2,40,4,4,0.0,0.0,0.0,0.0,25.0,6.0,0.0,6.0,2.0,1
11499,19427,4.0,5,10,4,38,3,4,6.0,0.0,4.0,0.0,15.0,3.0,4.0,3.0,2.0,1
11500,17396,4.0,13,2,1,51,4,3,1.0,0.0,1.0,0.0,33.0,6.0,1.0,6.0,2.0,1
11501,4895,4.0,16,0,3,43,2,2,0.0,0.0,0.0,0.0,33.0,5.0,0.0,4.0,0.0,0
11502,18488,4.0,10,2,3,49,4,3,1.0,0.0,1.0,1.0,30.0,6.0,0.0,7.0,2.0,1
11503,148,4.0,10,17,1,65,3,2,14.0,0.0,2.0,0.0,30.0,8.0,3.0,7.0,0.0,0
11504,16669,4.0,32,4,1,110,4,5,3.0,0.0,0.0,0.0,74.0,15.0,1.0,14.0,2.0,1
11505,8555,4.0,19,27,1,89,4,4,7.0,1.0,19.0,12.0,15.0,6.0,8.0,17.0,3.0,0
11506,15463,5.0,44,19,10,198,5,4,5.0,11.0,3.0,14.0,132.0,14.0,0.0,16.0,2.0,1
11507,4443,4.0,26,2,7,104,6,8,0.0,0.0,1.0,2.0,58.0,20.0,0.0,21.0,1.0,0
11508,7446,4.0,13,16,3,63,3,5,13.0,0.0,2.0,0.0,31.0,7.0,3.0,6.0,0.0,0
11509,236,4.0,12,0,1,34,2,3,0.0,0.0,0.0,0.0,25.0,4.0,0.0,4.0,0.0,0
11510,15901,4.0,16,2,4,63,5,4,1.0,0.0,0.0,0.0,41.0,9.0,1.0,8.0,2.0,1
11511,19608,4.0,11,20,2,81,3,10,9.0,9.0,2.0,10.0,29.0,9.0,1.0,9.0,2.0,1
11512,10754,4.0,29,6,3,104,7,3,3.0,0.0,2.0,0.0,64.0,15.0,3.0,14.0,2.0,1
11513,7123,4.0,13,31,2,93,7,3,22.0,8.0,1.0,8.0,30.0,10.0,1.0,10.0,2.0,0
11514,10123,4.0,70,1,3,233,12,3,0.0,0.0,1.0,0.0,150.0,34.0,1.0,34.0,12.0,1
11515,13711,3.0,6,0,1,14,1,0,0.0,0.0,0.0,0.0,11.0,1.0,0.0,1.0,0.0,1
11516,3083,3.0,12,1,1,42,3,3,0.0,1.0,0.0,0.0,29.0,6.0,0.0,5.0,0.0,0
11517,632,4.0,7,0,1,31,5,1,0.0,0.0,0.0,0.0,20.0,5.0,0.0,5.0,0.0,0
11518,2665,4.0,39,8,12,132,2,8,5.0,0.0,3.0,0.0,86.0,17.0,3.0,17.0,0.0,0
11519,18487,3.0,4,0,1,26,3,4,0.0,0.0,0.0,0.0,16.0,4.0,0.0,3.0,2.0,1
11520,18397,4.0,25,6,3,116,8,3,3.0,0.0,2.0,0.0,66.0,20.0,3.0,19.0,2.0,1
11521,10526,4.0,26,4,4,91,7,3,2.0,0.0,1.0,0.0,56.0,14.0,2.0,13.0,2.0,1
11522,15836,3.0,8,0,3,37,3,3,0.0,0.0,0.0,0.0,24.0,5.0,0.0,5.0,2.0,1
11523,10060,4.0,21,0,3,71,5,6,0.0,0.0,0.0,0.0,46.0,11.0,0.0,11.0,2.0,1
11524,14788,3.0,14,0,2,38,2,0,0.0,0.0,0.0,0.0,31.0,3.0,0.0,3.0,0.0,1
11525,12075,4.0,5,3,2,40,3,4,1.0,1.0,1.0,2.0,23.0,4.0,0.0,5.0,2.0,1
11526,18461,5.0,43,24,11,200,5,4,3.0,19.0,2.0,21.0,119.0,16.0,0.0,17.0,2.0,1
11527,14109,3.0,15,0,1,58,4,5,0.0,0.0,0.0,0.0,40.0,8.0,0.0,7.0,2.0,1
11528,9686,3.0,10,0,2,33,2,2,0.0,0.0,0.0,0.0,24.0,4.0,0.0,4.0,0.0,0
11529,5249,4.0,9,16,1,50,3,3,13.0,0.0,3.0,0.0,20.0,5.0,3.0,5.0,0.0,0
11530,8533,4.0,13,0,2,39,3,2,0.0,0.0,0.0,0.0,26.0,6.0,0.0,6.0,0.0,0
11531,7426,4.0,16,0,1,55,3,2,0.0,0.0,0.0,0.0,38.0,8.0,0.0,8.0,0.0,0
11532,12345,4.0,21,0,4,61,4,5,0.0,0.0,0.0,0.0,36.0,11.0,0.0,11.0,2.0,1
11533,18609,4.0,38,8,2,141,8,3,3.0,0.0,4.0,0.0,82.0,21.0,5.0,20.0,5.0,1
11534,7979,4.0,21,10,3,90,4,4,8.0,0.0,2.0,0.0,45.0,15.0,2.0,15.0,2.0,0
11535,19232,3.0,4,1,3,20,2,1,0.0,0.0,1.0,1.0,10.0,3.0,0.0,4.0,0.0,1
11536,1735,4.0,7,1,1,31,5,1,0.0,1.0,0.0,0.0,19.0,5.0,1.0,4.0,0.0,0
11537,14484,4.0,13,0,1,55,3,9,0.0,0.0,0.0,0.0,35.0,9.0,0.0,8.0,2.0,1
11538,4255,3.0,8,0,1,29,2,2,0.0,0.0,0.0,0.0,23.0,3.0,0.0,2.0,0.0,0
11539,18229,3.0,11,0,2,27,1,0,0.0,0.0,0.0,0.0,22.0,2.0,0.0,2.0,0.0,1
11540,2475,4.0,15,3,2,44,2,3,2.0,0.0,0.0,0.0,31.0,5.0,1.0,4.0,0.0,0
11541,10756,4.0,13,4,2,51,3,5,3.0,0.0,1.0,1.0,32.0,5.0,0.0,6.0,2.0,1
11542,19983,3.0,3,0,1,9,1,0,0.0,0.0,0.0,0.0,6.0,1.0,0.0,1.0,0.0,1
11543,3713,4.0,15,0,1,45,3,2,0.0,0.0,0.0,0.0,28.0,8.0,0.0,8.0,0.0,0
11544,6704,4.0,17,5,2,70,3,2,4.0,0.0,1.0,0.0,39.0,12.0,1.0,12.0,0.0,0
11545,17091,4.0,10,3,3,41,5,1,2.0,0.0,0.0,0.0,22.0,8.0,1.0,7.0,0.0,1
11546,19629,4.0,8,0,3,41,4,3,0.0,0.0,0.0,0.0,26.0,6.0,0.0,6.0,2.0,1
11547,5189,3.0,10,0,1,31,2,1,0.0,0.0,0.0,0.0,26.0,2.0,0.0,2.0,0.0,0
11548,18713,4.0,29,2,3,91,7,3,0.0,0.0,1.0,0.0,60.0,13.0,2.0,12.0,2.0,1
11549,16456,4.0,8,0,3,38,3,1,0.0,0.0,0.0,0.0,27.0,5.0,0.0,5.0,0.0,1
11550,14210,3.0,6,0,1,21,2,0,0.0,0.0,0.0,0.0,14.0,3.0,0.0,3.0,0.0,1
11551,7843,4.0,15,0,2,44,3,2,0.0,0.0,0.0,0.0,29.0,7.0,0.0,7.0,0.0,0
11552,12640,4.0,26,4,3,95,8,3,2.0,0.0,1.0,0.0,58.0,15.0,2.0,14.0,2.0,1
11553,14052,3.0,6,0,3,30,2,2,0.0,0.0,0.0,0.0,19.0,5.0,0.0,5.0,0.0,1
11554,13031,4.0,7,8,4,42,2,4,6.0,0.0,2.0,0.0,19.0,6.0,2.0,6.0,0.0,1
11555,19671,4.0,18,0,2,58,4,3,0.0,0.0,0.0,0.0,41.0,7.0,0.0,7.0,2.0,1
11556,6764,3.0,11,0,2,36,3,2,0.0,0.0,0.0,0.0,25.0,5.0,0.0,5.0,0.0,0
11557,10793,4.0,8,0,4,34,2,2,0.0,0.0,0.0,0.0,21.0,6.0,0.0,6.0,0.0,1
11558,1125,3.0,11,0,2,28,2,2,0.0,0.0,0.0,0.0,19.0,4.0,0.0,4.0,0.0,0
11559,17625,4.0,3,12,3,48,3,5,10.0,0.0,2.0,0.0,21.0,5.0,2.0,5.0,2.0,1
11560,19752,4.0,9,0,3,41,3,3,0.0,0.0,0.0,0.0,28.0,5.0,0.0,5.0,2.0,1
11561,11543,4.0,25,4,3,94,7,3,2.0,0.0,1.0,0.0,57.0,15.0,2.0,14.0,2.0,1
11562,4358,3.0,5,0,1,18,2,1,0.0,0.0,0.0,0.0,13.0,2.0,0.0,2.0,0.0,0
11563,14114,3.0,5,0,3,29,3,3,0.0,0.0,0.0,0.0,16.0,5.0,0.0,5.0,2.0,1
11564,17727,4.0,7,2,1,35,3,3,0.0,1.0,0.0,2.0,23.0,3.0,0.0,3.0,2.0,1
11565,19986,4.0,26,29,4,129,6,6,19.0,10.0,0.0,9.0,62.0,13.0,1.0,12.0,2.0,1
11566,7421,4.0,22,28,5,135,7,4,23.0,0.0,5.0,2.0,66.0,15.0,3.0,17.0,3.0,0
11567,6652,3.0,7,0,2,29,2,2,0.0,0.0,0.0,0.0,21.0,4.0,0.0,3.0,0.0,0
11568,17484,4.0,37,10,2,132,8,3,5.0,0.0,4.0,0.0,82.0,17.0,5.0,16.0,2.0,1
11569,9160,5.0,28,32,9,140,7,4,17.0,12.0,3.0,13.0,64.0,12.0,2.0,13.0,3.0,0
11570,7622,4.0,17,28,1,92,4,8,21.0,3.0,4.0,3.0,40.0,7.0,4.0,7.0,2.0,0
11571,987,4.0,17,0,2,46,3,2,0.0,0.0,0.0,0.0,33.0,6.0,0.0,6.0,0.0,0
11572,16014,4.0,35,1,4,100,6,8,0.0,0.0,1.0,0.0,69.0,13.0,1.0,13.0,2.0,1
11573,2852,3.0,6,0,1,19,3,1,0.0,0.0,0.0,0.0,13.0,3.0,0.0,2.0,0.0,0
11574,11695,4.0,11,0,4,59,4,3,0.0,0.0,0.0,0.0,42.0,7.0,0.0,7.0,2.0,1
11575,8853,4.0,19,0,2,59,3,3,0.0,0.0,0.0,0.0,42.0,8.0,0.0,8.0,0.0,0
11576,16336,4.0,23,5,3,87,8,3,3.0,0.0,1.0,0.0,51.0,14.0,2.0,13.0,2.0,1
11577,14996,3.0,5,3,2,26,2,2,2.0,0.0,0.0,1.0,14.0,4.0,0.0,4.0,0.0,1
11578,17014,3.0,7,0,3,30,2,1,0.0,0.0,0.0,0.0,21.0,4.0,0.0,4.0,0.0,1
11579,17633,4.0,23,2,3,85,4,7,1.0,0.0,1.0,0.0,57.0,10.0,1.0,10.0,4.0,1
11580,16866,4.0,21,14,2,86,3,7,6.0,7.0,0.0,8.0,46.0,8.0,0.0,8.0,2.0,1
11581,9654,4.0,20,0,2,61,3,2,0.0,0.0,0.0,0.0,40.0,10.0,0.0,10.0,0.0,0
11582,3040,3.0,8,0,1,21,2,1,0.0,0.0,0.0,0.0,17.0,2.0,0.0,1.0,0.0,0
11583,16035,4.0,26,3,4,93,7,3,1.0,0.0,1.0,1.0,62.0,12.0,1.0,12.0,2.0,1
11584,5010,4.0,16,0,1,49,4,3,0.0,0.0,0.0,0.0,37.0,6.0,0.0,5.0,0.0,0
11585,18754,3.0,7,0,1,19,1,0,0.0,0.0,0.0,0.0,16.0,1.0,0.0,1.0,0.0,1
11586,3273,3.0,14,0,2,40,3,2,0.0,0.0,0.0,0.0,29.0,5.0,0.0,5.0,0.0,0
11587,7227,3.0,6,5,2,25,2,1,4.0,0.0,1.0,1.0,13.0,2.0,0.0,3.0,0.0,0
11588,3683,2.0,1,1,1,9,2,1,0.0,1.0,0.0,1.0,2.0,2.0,0.0,2.0,0.0,0
11589,6807,4.0,17,16,3,118,5,4,13.0,0.0,3.0,0.0,63.0,17.0,3.0,17.0,1.0,0
11590,12337,4.0,14,2,3,52,6,3,1.0,0.0,0.0,0.0,32.0,8.0,1.0,7.0,2.0,1
11591,1316,4.0,17,9,1,84,4,7,5.0,0.0,4.0,0.0,41.0,14.0,4.0,13.0,2.0,0
11592,3225,4.0,25,6,3,88,3,3,4.0,0.0,2.0,0.0,61.0,9.0,2.0,9.0,0.0,0
11593,17456,3.0,4,0,2,13,1,0,0.0,0.0,0.0,0.0,8.0,2.0,0.0,2.0,0.0,1
11594,18438,4.0,26,6,3,98,8,3,4.0,0.0,1.0,0.0,61.0,14.0,2.0,13.0,2.0,1
11595,9852,3.0,6,0,1,20,2,1,0.0,0.0,0.0,0.0,16.0,2.0,0.0,1.0,0.0,0
11596,5752,4.0,12,0,3,42,2,3,0.0,0.0,0.0,0.0,29.0,6.0,0.0,6.0,0.0,0
11597,10617,4.0,24,20,2,112,8,3,11.0,0.0,8.0,0.0,52.0,15.0,9.0,14.0,2.0,1
11598,16393,4.0,37,14,3,140,8,3,10.0,0.0,3.0,0.0,83.0,19.0,4.0,18.0,2.0,1
11599,4616,4.0,23,7,2,94,3,3,5.0,0.0,2.0,0.0,60.0,12.0,2.0,12.0,0.0,0
11600,19466,3.0,14,0,3,46,3,4,0.0,0.0,0.0,0.0,31.0,6.0,0.0,6.0,2.0,1
11601,1300,4.0,17,9,3,77,3,3,6.0,0.0,3.0,0.0,44.0,10.0,3.0,10.0,0.0,0
11602,15222,4.0,30,1,3,89,4,4,0.0,0.0,1.0,0.0,62.0,11.0,1.0,11.0,2.0,1
11603,19507,4.0,7,2,3,38,3,3,1.0,0.0,1.0,1.0,23.0,4.0,0.0,5.0,2.0,1
11604,13673,3.0,5,0,2,19,2,2,0.0,0.0,0.0,0.0,11.0,4.0,0.0,3.0,0.0,1
11605,9900,4.0,11,4,3,58,4,5,0.0,4.0,0.0,3.0,28.0,10.0,1.0,9.0,2.0,0
11606,5495,4.0,19,7,2,77,3,3,4.0,0.0,3.0,2.0,46.0,9.0,1.0,11.0,0.0,0
11607,9600,3.0,4,7,1,31,2,5,5.0,0.0,2.0,1.0,13.0,4.0,1.0,4.0,0.0,0
11608,1798,4.0,10,0,1,29,2,1,0.0,0.0,0.0,0.0,25.0,2.0,0.0,1.0,0.0,0
11609,12149,4.0,7,0,1,26,4,2,0.0,0.0,0.0,0.0,17.0,3.0,0.0,3.0,2.0,1
11610,9667,4.0,11,14,1,47,4,3,11.0,1.0,1.0,1.0,20.0,5.0,2.0,4.0,1.0,0
11611,6441,4.0,11,0,1,29,2,1,0.0,0.0,0.0,0.0,25.0,2.0,0.0,1.0,0.0,0
11612,8636,4.0,22,10,1,80,3,5,6.0,0.0,4.0,0.0,46.0,10.0,4.0,9.0,0.0,0
11613,15600,4.0,16,6,3,74,4,5,4.0,0.0,2.0,0.0,47.0,8.0,2.0,8.0,2.0,1
11614,3654,4.0,29,2,1,89,3,10,0.0,0.0,2.0,0.0,66.0,8.0,2.0,8.0,2.0,0
11615,7052,4.0,16,0,2,42,2,1,0.0,0.0,0.0,0.0,35.0,3.0,0.0,3.0,0.0,0
11616,15945,4.0,11,1,3,45,5,4,0.0,0.0,0.0,0.0,26.0,8.0,1.0,7.0,2.0,1
11617,11371,4.0,8,0,3,41,3,3,0.0,0.0,0.0,0.0,28.0,5.0,0.0,5.0,2.0,1
11618,15710,4.0,20,0,2,66,4,7,0.0,0.0,0.0,0.0,45.0,9.0,0.0,9.0,2.0,1
11619,1286,4.0,17,7,4,71,2,7,4.0,0.0,3.0,2.0,42.0,8.0,1.0,10.0,0.0,0
11620,2137,4.0,39,10,2,135,3,5,6.0,0.0,4.0,0.0,87.0,17.0,4.0,16.0,0.0,0
11621,10828,4.0,37,5,3,144,8,3,2.0,0.0,3.0,0.0,95.0,19.0,3.0,19.0,2.0,1
11622,12208,4.0,40,8,4,118,4,6,6.0,0.0,2.0,1.0,80.0,12.0,1.0,13.0,2.0,1
11623,12289,5.0,44,22,11,202,5,4,4.0,15.0,3.0,18.0,127.0,15.0,0.0,17.0,2.0,1
11624,9873,2.0,3,0,1,9,2,1,0.0,0.0,0.0,0.0,5.0,2.0,0.0,1.0,0.0,0
11625,16489,4.0,23,2,2,82,4,6,1.0,0.0,1.0,0.0,54.0,11.0,1.0,11.0,2.0,1
11626,13467,4.0,32,0,2,116,4,5,0.0,0.0,0.0,0.0,77.0,18.0,0.0,18.0,2.0,1
11627,6894,4.0,34,8,1,122,4,7,5.0,0.0,3.0,0.0,77.0,16.0,3.0,15.0,2.0,0
11628,9884,4.0,32,0,2,83,4,1,0.0,0.0,0.0,0.0,66.0,8.0,0.0,8.0,0.0,0
11629,3610,4.0,9,5,2,44,3,4,4.0,0.0,1.0,0.0,25.0,6.0,1.0,6.0,0.0,0
11630,7151,4.0,22,25,1,107,3,4,13.0,5.0,6.0,7.0,47.0,11.0,5.0,12.0,0.0,0
11631,17347,4.0,29,4,3,102,8,3,1.0,0.0,2.0,0.0,64.0,15.0,3.0,14.0,2.0,1
11632,6012,3.0,12,0,3,34,2,1,0.0,0.0,0.0,0.0,26.0,4.0,0.0,3.0,0.0,0
11633,13645,4.0,6,3,2,40,3,4,1.0,2.0,0.0,2.0,22.0,5.0,0.0,5.0,2.0,1
11634,14113,3.0,13,0,3,38,3,2,0.0,0.0,0.0,0.0,26.0,5.0,0.0,5.0,1.0,1
11635,4882,4.0,11,0,2,37,4,1,0.0,0.0,0.0,0.0,26.0,5.0,0.0,5.0,0.0,0
11636,16524,4.0,12,0,3,57,2,5,0.0,0.0,0.0,0.0,40.0,8.0,0.0,8.0,0.0,1
11637,13076,4.0,23,1,3,81,8,3,0.0,0.0,0.0,0.0,52.0,13.0,1.0,12.0,2.0,1
11638,12611,4.0,10,3,2,41,3,4,2.0,1.0,0.0,0.0,25.0,5.0,1.0,4.0,2.0,1
11639,12046,4.0,7,5,2,33,2,3,4.0,0.0,0.0,0.0,18.0,5.0,1.0,4.0,0.0,1
11640,4146,4.0,10,2,2,37,2,4,1.0,0.0,1.0,1.0,22.0,5.0,0.0,6.0,0.0,0
11641,8906,4.0,29,7,2,93,5,1,6.0,0.0,1.0,0.0,64.0,10.0,1.0,10.0,0.0,0
11642,6542,4.0,10,5,2,42,4,1,4.0,0.0,0.0,0.0,27.0,5.0,1.0,4.0,0.0,0
11643,4431,4.0,28,3,1,80,3,4,1.0,2.0,0.0,2.0,57.0,9.0,0.0,8.0,0.0,0
11644,18330,4.0,17,0,2,56,4,6,0.0,0.0,0.0,0.0,38.0,8.0,0.0,7.0,2.0,1
11645,406,4.0,20,8,3,79,4,3,5.0,0.0,3.0,0.0,51.0,8.0,3.0,8.0,0.0,0
11646,18345,4.0,15,3,4,71,4,7,2.0,0.0,1.0,1.0,43.0,10.0,0.0,11.0,2.0,1
11647,13178,3.0,7,0,3,18,1,0,0.0,0.0,0.0,0.0,11.0,3.0,0.0,3.0,0.0,1
11648,16173,3.0,7,0,2,26,2,2,0.0,0.0,0.0,0.0,18.0,4.0,0.0,3.0,0.0,1
11649,8234,3.0,19,0,2,53,4,3,0.0,0.0,0.0,0.0,35.0,9.0,0.0,8.0,0.0,0
11650,11022,4.0,20,0,3,73,4,7,0.0,0.0,0.0,0.0,48.0,11.0,0.0,11.0,2.0,1
11651,14051,4.0,13,4,1,52,4,5,3.0,0.0,1.0,0.0,30.0,7.0,1.0,7.0,2.0,1
11652,11563,4.0,7,2,3,42,5,3,1.0,0.0,0.0,0.0,24.0,7.0,1.0,6.0,2.0,1
11653,11556,4.0,26,6,2,104,8,3,2.0,0.0,3.0,0.0,63.0,15.0,4.0,14.0,2.0,1
11654,16353,4.0,48,8,2,175,8,3,4.0,0.0,4.0,0.0,109.0,25.0,4.0,25.0,3.0,1
11655,11,4.0,13,7,2,46,3,2,6.0,0.0,1.0,0.0,27.0,5.0,1.0,5.0,0.0,0
11656,4760,4.0,7,8,2,49,4,3,5.0,0.0,3.0,0.0,27.0,5.0,3.0,5.0,0.0,0
11657,1177,4.0,15,0,1,54,3,3,0.0,0.0,0.0,0.0,40.0,7.0,0.0,6.0,0.0,0
11658,10693,4.0,16,0,1,53,4,5,0.0,0.0,0.0,0.0,38.0,6.0,0.0,6.0,2.0,1
11659,2863,3.0,5,0,1,18,2,1,0.0,0.0,0.0,0.0,14.0,2.0,0.0,1.0,0.0,0
11660,6471,3.0,7,0,1,20,2,1,0.0,0.0,0.0,0.0,16.0,2.0,0.0,1.0,0.0,0
11661,9218,4.0,8,2,1,31,4,1,0.0,2.0,0.0,2.0,18.0,4.0,0.0,4.0,0.0,0
11662,12040,4.0,18,4,2,72,4,5,2.0,0.0,2.0,0.0,45.0,9.0,2.0,9.0,2.0,1
11663,2989,4.0,19,8,2,79,3,2,6.0,0.0,1.0,0.0,44.0,13.0,2.0,12.0,0.0,0
11664,11207,4.0,19,0,1,72,4,10,0.0,0.0,0.0,0.0,48.0,11.0,0.0,10.0,2.0,1
11665,7010,3.0,4,0,3,17,2,1,0.0,0.0,0.0,0.0,9.0,4.0,0.0,3.0,0.0,0
11666,11530,3.0,7,0,3,28,2,1,0.0,0.0,0.0,0.0,19.0,4.0,0.0,4.0,0.0,1
11667,14437,4.0,11,2,2,46,3,5,1.0,0.0,1.0,1.0,29.0,5.0,0.0,6.0,2.0,1
11668,8927,4.0,7,8,1,30,2,3,6.0,0.0,2.0,0.0,16.0,2.0,2.0,1.0,0.0,0
11669,12592,3.0,6,0,2,21,2,2,0.0,0.0,0.0,0.0,13.0,4.0,0.0,3.0,0.0,1
11670,17824,5.0,34,26,3,220,7,3,6.0,20.0,0.0,20.0,145.0,13.0,0.0,12.0,3.0,1
11671,19762,3.0,8,0,2,36,4,3,0.0,0.0,0.0,0.0,23.0,5.0,0.0,5.0,2.0,1
11672,2875,4.0,10,8,2,45,5,2,6.0,0.0,2.0,0.0,24.0,5.0,2.0,5.0,0.0,0
11673,12178,4.0,39,8,7,155,7,3,4.0,0.0,3.0,1.0,97.0,22.0,3.0,22.0,2.0,1
11674,9108,3.0,20,0,2,75,3,4,0.0,0.0,0.0,0.0,58.0,8.0,0.0,8.0,0.0,0
11675,2190,3.0,10,3,3,34,2,1,1.0,1.0,1.0,1.0,22.0,3.0,1.0,3.0,0.0,0
11676,18817,4.0,19,0,3,74,4,5,0.0,0.0,0.0,0.0,55.0,8.0,0.0,8.0,2.0,1
11677,3726,3.0,8,0,1,23,2,2,0.0,0.0,0.0,0.0,16.0,3.0,0.0,3.0,0.0,0
11678,16838,4.0,8,17,3,63,4,4,11.0,0.0,6.0,0.0,23.0,7.0,6.0,7.0,2.0,1
11679,9013,4.0,19,19,2,95,4,4,17.0,0.0,2.0,1.0,42.0,14.0,1.0,15.0,2.0,0
11680,8189,3.0,7,0,1,23,3,2,0.0,0.0,0.0,0.0,15.0,4.0,0.0,3.0,0.0,0
11681,1367,3.0,4,0,1,11,2,1,0.0,0.0,0.0,0.0,7.0,2.0,0.0,1.0,0.0,0
11682,3712,4.0,25,21,7,133,3,1,9.0,12.0,0.0,11.0,70.0,15.0,1.0,14.0,0.0,0
11683,5450,4.0,19,22,6,99,6,5,10.0,10.0,1.0,10.0,38.0,13.0,2.0,12.0,2.0,0
11684,17772,4.0,5,4,2,27,2,2,3.0,0.0,0.0,1.0,14.0,4.0,0.0,4.0,0.0,1
11685,15638,4.0,14,13,3,63,5,1,11.0,0.0,1.0,0.0,33.0,8.0,2.0,7.0,0.0,1
11686,1000,3.0,6,2,1,18,2,1,1.0,0.0,1.0,1.0,12.0,1.0,0.0,1.0,0.0,0
11687,7761,3.0,11,0,2,36,2,2,0.0,0.0,0.0,0.0,27.0,4.0,0.0,4.0,0.0,0
11688,3553,3.0,6,2,1,24,2,3,1.0,0.0,1.0,0.0,15.0,3.0,1.0,2.0,0.0,0
11689,4114,3.0,7,0,2,31,3,1,0.0,0.0,0.0,0.0,22.0,4.0,0.0,4.0,0.0,0
11690,1667,4.0,18,2,2,81,6,4,0.0,0.0,2.0,2.0,49.0,11.0,0.0,13.0,3.0,0
11691,3173,4.0,25,13,1,99,4,6,10.0,0.0,3.0,1.0,54.0,13.0,2.0,13.0,2.0,0
11692,15740,4.0,41,6,3,131,8,3,3.0,0.0,2.0,0.0,85.0,18.0,3.0,17.0,2.0,1
11693,19431,3.0,8,0,1,19,2,0,0.0,0.0,0.0,0.0,14.0,2.0,0.0,2.0,0.0,1
11694,488,4.0,9,5,2,36,5,1,3.0,0.0,2.0,1.0,17.0,5.0,1.0,6.0,0.0,0
11695,18665,4.0,39,10,4,146,8,3,6.0,0.0,3.0,0.0,91.0,20.0,4.0,19.0,2.0,1
11696,12975,3.0,7,0,3,32,3,3,0.0,0.0,0.0,0.0,19.0,5.0,0.0,5.0,2.0,1
11697,7848,4.0,33,5,1,128,3,7,4.0,0.0,1.0,0.0,84.0,19.0,1.0,18.0,0.0,0
11698,5704,4.0,30,6,1,99,3,4,4.0,0.0,2.0,0.0,67.0,12.0,2.0,11.0,0.0,0
11699,19659,4.0,16,3,3,58,6,3,2.0,0.0,0.0,0.0,37.0,8.0,1.0,7.0,2.0,1
11700,8133,4.0,20,0,2,67,3,2,0.0,0.0,0.0,0.0,48.0,9.0,0.0,9.0,0.0,0
11701,17087,4.0,64,7,3,200,8,4,3.0,0.0,3.0,0.0,135.0,26.0,4.0,25.0,3.0,1
11702,5105,3.0,7,0,1,19,2,1,0.0,0.0,0.0,0.0,15.0,2.0,0.0,1.0,0.0,0
11703,18904,4.0,27,1,3,86,7,3,0.0,0.0,0.0,0.0,59.0,12.0,1.0,11.0,2.0,1
11704,3291,4.0,20,3,2,61,4,1,2.0,0.0,1.0,0.0,42.0,7.0,1.0,7.0,0.0,0
11705,8125,3.0,9,2,4,28,2,1,1.0,0.0,1.0,1.0,15.0,4.0,0.0,5.0,0.0,0
11706,11865,4.0,10,26,3,82,4,5,19.0,6.0,1.0,7.0,29.0,8.0,0.0,9.0,2.0,1
11707,13380,3.0,12,27,1,81,4,4,7.0,3.0,17.0,12.0,8.0,7.0,8.0,15.0,3.0,1
11708,9519,4.0,9,2,2,35,2,1,1.0,0.0,1.0,1.0,26.0,2.0,0.0,3.0,0.0,0
11709,13965,3.0,5,1,3,29,2,1,0.0,0.0,0.0,1.0,19.0,4.0,0.0,4.0,0.0,1
11710,14287,3.0,11,0,2,33,2,3,0.0,0.0,0.0,0.0,23.0,5.0,0.0,4.0,0.0,1
11711,13598,4.0,13,0,3,52,3,4,0.0,0.0,0.0,0.0,37.0,6.0,0.0,6.0,2.0,1
11712,19031,4.0,3,11,3,35,4,4,6.0,0.0,4.0,1.0,11.0,3.0,4.0,3.0,2.0,1
11713,4440,3.0,8,0,2,34,2,3,0.0,0.0,0.0,0.0,24.0,5.0,0.0,4.0,0.0,0
11714,10055,4.0,35,8,2,127,8,3,4.0,0.0,3.0,0.0,80.0,17.0,4.0,16.0,2.0,1
11715,17370,4.0,6,2,3,43,6,3,1.0,0.0,0.0,0.0,21.0,9.0,1.0,8.0,2.0,1
11716,19527,4.0,23,4,3,85,7,3,2.0,0.0,1.0,0.0,52.0,13.0,2.0,12.0,2.0,1
11717,19276,4.0,30,8,4,115,8,3,5.0,0.0,2.0,0.0,67.0,18.0,3.0,17.0,2.0,1
11718,19423,4.0,42,8,3,139,8,3,5.0,0.0,3.0,1.0,86.0,19.0,2.0,20.0,2.0,1
11719,15504,4.0,43,15,4,156,8,3,11.0,0.0,4.0,0.0,90.0,22.0,4.0,22.0,2.0,1
11720,15577,4.0,2,17,4,35,3,3,12.0,0.0,5.0,0.0,6.0,2.0,5.0,2.0,2.0,1
11721,5238,5.0,39,32,6,179,7,2,23.0,5.0,4.0,4.0,95.0,20.0,5.0,19.0,3.0,0
11722,14646,4.0,21,32,4,124,8,3,18.0,0.0,13.0,0.0,49.0,14.0,14.0,13.0,2.0,1
11723,15552,3.0,14,22,1,81,4,4,6.0,1.0,15.0,11.0,12.0,9.0,5.0,18.0,3.0,1
11724,17582,4.0,13,0,2,50,3,3,0.0,0.0,0.0,0.0,39.0,4.0,0.0,4.0,2.0,1
11725,12373,3.0,8,0,2,36,4,3,0.0,0.0,0.0,0.0,23.0,5.0,0.0,5.0,2.0,1
11726,19089,3.0,6,0,5,24,1,0,0.0,0.0,0.0,0.0,13.0,5.0,0.0,5.0,0.0,1
11727,13669,4.0,19,0,3,59,7,3,0.0,0.0,0.0,0.0,36.0,10.0,0.0,10.0,2.0,1
11728,7519,4.0,23,7,2,88,3,4,6.0,0.0,1.0,0.0,57.0,11.0,1.0,11.0,0.0,0
11729,9991,4.0,50,61,9,244,8,4,32.0,26.0,2.0,27.0,116.0,18.0,2.0,18.0,2.0,0
11730,9206,4.0,21,7,2,90,4,5,6.0,0.0,1.0,0.0,61.0,9.0,1.0,9.0,2.0,0
11731,9556,3.0,6,0,2,22,2,1,0.0,0.0,0.0,0.0,16.0,3.0,0.0,2.0,0.0,0
11732,10225,3.0,16,32,1,99,4,4,9.0,5.0,18.0,11.0,11.0,12.0,12.0,17.0,3.0,1
11733,4470,4.0,18,1,2,62,4,3,0.0,1.0,0.0,0.0,32.0,14.0,0.0,14.0,0.0,0
11734,17275,4.0,14,1,2,60,6,5,0.0,0.0,0.0,0.0,39.0,9.0,1.0,8.0,2.0,1
11735,10985,4.0,15,0,1,45,3,3,0.0,0.0,0.0,0.0,36.0,3.0,0.0,3.0,2.0,1
11736,1969,3.0,7,0,2,26,3,1,0.0,0.0,0.0,0.0,15.0,5.0,0.0,5.0,0.0,0
11737,12595,4.0,24,4,3,91,8,3,2.0,0.0,1.0,0.0,56.0,14.0,2.0,13.0,2.0,1
11738,5757,4.0,24,7,2,75,4,1,6.0,0.0,1.0,0.0,46.0,10.0,1.0,10.0,0.0,0
11739,6294,4.0,5,14,1,39,2,6,11.0,0.0,3.0,0.0,14.0,4.0,3.0,3.0,0.0,0
11740,12115,3.0,1,14,3,26,3,3,9.0,0.0,4.0,1.0,3.0,1.0,4.0,1.0,2.0,1
11741,13605,3.0,2,0,1,10,1,0,0.0,0.0,0.0,0.0,7.0,1.0,0.0,1.0,0.0,1
11742,7595,4.0,9,3,2,38,3,2,2.0,0.0,0.0,1.0,24.0,5.0,0.0,5.0,0.0,0
11743,9110,3.0,10,0,2,30,2,1,0.0,0.0,0.0,0.0,24.0,3.0,0.0,2.0,0.0,0
11744,3249,4.0,34,5,1,110,3,5,4.0,0.0,0.0,0.0,81.0,12.0,1.0,11.0,0.0,0
11745,6570,4.0,18,17,1,70,4,4,14.0,0.0,3.0,0.0,34.0,8.0,3.0,7.0,0.0,0
11746,6638,3.0,7,1,2,24,2,1,0.0,0.0,1.0,1.0,17.0,2.0,0.0,2.0,0.0,0
11747,15398,4.0,12,8,3,47,3,3,5.0,0.0,3.0,1.0,26.0,4.0,1.0,6.0,0.0,1
11748,12504,3.0,7,0,2,32,3,3,0.0,0.0,0.0,0.0,21.0,4.0,0.0,4.0,2.0,1
11749,125,4.0,8,2,1,31,6,1,0.0,1.0,1.0,2.0,15.0,5.0,0.0,6.0,0.0,0
11750,16170,3.0,8,0,3,45,3,4,0.0,0.0,0.0,0.0,30.0,6.0,0.0,6.0,2.0,1
11751,5370,4.0,32,1,1,86,4,7,0.0,0.0,1.0,1.0,64.0,8.0,0.0,9.0,2.0,0
11752,1239,4.0,12,7,2,51,4,1,6.0,0.0,1.0,0.0,29.0,6.0,1.0,6.0,1.0,0
11753,2289,4.0,21,0,3,65,3,2,0.0,0.0,0.0,0.0,46.0,9.0,0.0,9.0,0.0,0
11754,8467,3.0,4,0,1,12,2,1,0.0,0.0,0.0,0.0,8.0,2.0,0.0,1.0,0.0,0
11755,1229,4.0,6,2,2,33,2,2,0.0,2.0,0.0,2.0,20.0,4.0,0.0,4.0,0.0,0
11756,9200,4.0,16,19,2,70,3,4,10.0,8.0,1.0,9.0,29.0,6.0,0.0,6.0,0.0,0
11757,6980,4.0,21,7,1,79,4,2,4.0,0.0,3.0,0.0,48.0,9.0,3.0,9.0,2.0,0
11758,5178,4.0,12,0,3,38,2,1,0.0,0.0,0.0,0.0,29.0,4.0,0.0,4.0,0.0,0
11759,10724,4.0,13,3,2,63,5,6,1.0,0.0,2.0,0.0,41.0,7.0,2.0,7.0,2.0,1
11760,1058,4.0,20,0,2,47,5,2,0.0,0.0,0.0,0.0,32.0,7.0,0.0,6.0,1.0,0
11761,6262,4.0,13,1,2,43,3,3,0.0,0.0,1.0,0.0,30.0,5.0,1.0,5.0,0.0,0
11762,15360,4.0,14,0,3,51,3,4,0.0,0.0,0.0,0.0,36.0,6.0,0.0,6.0,2.0,1
11763,281,4.0,7,6,3,39,4,2,5.0,0.0,0.0,0.0,19.0,7.0,1.0,6.0,0.0,0
11764,14846,4.0,28,3,3,121,8,12,2.0,1.0,0.0,1.0,74.0,19.0,0.0,19.0,4.0,1
11765,968,4.0,20,5,1,86,5,3,4.0,0.0,0.0,1.0,52.0,13.0,0.0,13.0,2.0,0
11766,16001,4.0,8,1,3,38,4,3,0.0,0.0,1.0,1.0,20.0,6.0,0.0,7.0,2.0,1
11767,1939,5.0,16,27,2,111,5,2,18.0,9.0,0.0,9.0,58.0,8.0,0.0,7.0,1.0,0
11768,19754,4.0,31,0,3,96,4,6,0.0,0.0,0.0,0.0,71.0,11.0,0.0,11.0,2.0,1
11769,17658,4.0,11,6,3,47,3,3,5.0,0.0,1.0,1.0,26.0,6.0,0.0,7.0,0.0,1
11770,619,4.0,31,1,1,110,4,9,0.0,0.0,1.0,1.0,76.0,14.0,0.0,15.0,2.0,0
11771,18309,3.0,13,0,3,45,3,3,0.0,0.0,0.0,0.0,32.0,5.0,0.0,5.0,2.0,1
11772,1742,4.0,23,2,2,84,4,4,0.0,1.0,1.0,1.0,51.0,13.0,1.0,13.0,2.0,0
11773,17774,4.0,32,4,3,117,8,4,2.0,0.0,1.0,0.0,74.0,18.0,2.0,17.0,2.0,1
11774,14135,4.0,12,0,1,38,4,3,0.0,0.0,0.0,0.0,25.0,5.0,0.0,5.0,2.0,1
11775,9847,4.0,13,8,1,56,4,4,6.0,0.0,2.0,0.0,30.0,8.0,2.0,7.0,0.0,0
11776,3568,4.0,30,38,1,143,4,7,10.0,1.0,26.0,16.0,34.0,13.0,12.0,27.0,3.0,0
11777,15563,4.0,25,4,3,95,7,6,3.0,0.0,1.0,0.0,63.0,12.0,1.0,12.0,2.0,1
11778,6116,3.0,6,0,1,18,2,1,0.0,0.0,0.0,0.0,14.0,2.0,0.0,1.0,0.0,0
11779,3178,4.0,12,16,2,59,3,5,13.0,0.0,2.0,0.0,29.0,6.0,3.0,5.0,0.0,0
11780,9499,4.0,15,7,2,59,4,1,6.0,0.0,1.0,0.0,35.0,7.0,1.0,7.0,1.0,0
11781,6099,4.0,30,2,1,93,6,7,0.0,0.0,1.0,1.0,67.0,10.0,1.0,10.0,2.0,0
11782,16959,3.0,6,0,2,30,3,3,0.0,0.0,0.0,0.0,19.0,4.0,0.0,4.0,2.0,1
11783,10552,4.0,13,0,3,54,3,3,0.0,0.0,0.0,0.0,37.0,8.0,0.0,8.0,0.0,1
11784,13994,4.0,29,3,3,100,7,3,1.0,0.0,2.0,0.0,64.0,14.0,2.0,14.0,2.0,1
11785,18828,4.0,1,12,3,28,3,3,7.0,1.0,4.0,1.0,6.0,1.0,4.0,1.0,2.0,1
11786,15635,4.0,26,0,3,97,4,6,0.0,0.0,0.0,0.0,68.0,13.0,0.0,13.0,2.0,1
11787,6276,4.0,5,6,2,30,4,2,5.0,0.0,0.0,0.0,12.0,6.0,1.0,5.0,0.0,0
11788,9472,4.0,9,4,1,40,3,5,1.0,0.0,2.0,2.0,22.0,5.0,1.0,6.0,0.0,0
11789,13149,3.0,5,0,2,22,2,2,0.0,0.0,0.0,0.0,14.0,4.0,0.0,3.0,0.0,1
11790,11083,4.0,10,0,2,38,3,3,0.0,0.0,0.0,0.0,27.0,4.0,0.0,4.0,2.0,1
11791,5724,4.0,7,6,1,30,2,1,5.0,0.0,0.0,1.0,19.0,2.0,0.0,2.0,0.0,0
11792,10831,4.0,12,3,2,57,4,4,2.0,0.0,1.0,0.0,36.0,7.0,1.0,7.0,2.0,1
11793,16653,4.0,38,5,4,115,7,3,3.0,0.0,1.0,0.0,79.0,14.0,2.0,13.0,2.0,1
11794,629,4.0,20,5,2,72,3,3,4.0,0.0,1.0,0.0,49.0,8.0,1.0,8.0,0.0,0
11795,11970,3.0,12,0,2,34,2,2,0.0,0.0,0.0,0.0,26.0,4.0,0.0,3.0,0.0,1
11796,6430,3.0,7,2,2,35,2,3,1.0,0.0,1.0,1.0,22.0,4.0,0.0,5.0,0.0,0
11797,3374,4.0,27,5,2,107,6,4,3.0,0.0,2.0,0.0,60.0,17.0,2.0,16.0,6.0,0
11798,12588,4.0,16,0,1,50,6,3,0.0,0.0,0.0,0.0,36.0,6.0,0.0,5.0,2.0,1
11799,13760,4.0,26,11,3,107,7,3,6.0,0.0,4.0,1.0,61.0,14.0,4.0,14.0,2.0,1
11800,10238,4.0,14,0,6,67,7,5,0.0,0.0,0.0,0.0,34.0,15.0,0.0,14.0,3.0,1
11801,2113,4.0,27,6,3,85,4,5,4.0,0.0,2.0,0.0,56.0,9.0,2.0,9.0,2.0,0
11802,3216,4.0,50,29,3,192,3,2,3.0,25.0,1.0,26.0,126.0,4.0,0.0,5.0,1.0,0
11803,13125,4.0,7,0,3,38,3,3,0.0,0.0,0.0,0.0,25.0,5.0,0.0,5.0,2.0,1
11804,3814,4.0,11,4,2,52,4,2,2.0,2.0,0.0,0.0,33.0,6.0,2.0,4.0,2.0,0
11805,8321,4.0,21,3,1,74,3,3,2.0,0.0,1.0,0.0,52.0,9.0,1.0,8.0,0.0,0
11806,3155,4.0,11,7,1,47,5,2,6.0,0.0,0.0,0.0,28.0,6.0,1.0,5.0,0.0,0
11807,14296,3.0,8,1,3,38,2,2,0.0,0.0,1.0,1.0,26.0,4.0,0.0,5.0,0.0,1
11808,2278,4.0,11,8,2,54,3,4,5.0,0.0,3.0,0.0,26.0,8.0,3.0,8.0,0.0,0
11809,4599,4.0,7,2,1,31,5,1,0.0,2.0,0.0,2.0,16.0,5.0,0.0,5.0,0.0,0
11810,13,4.0,18,8,1,71,3,5,5.0,0.0,3.0,0.0,42.0,9.0,3.0,8.0,0.0,0
11811,1646,4.0,33,7,1,92,4,6,6.0,0.0,1.0,0.0,63.0,10.0,1.0,10.0,0.0,0
11812,17909,4.0,53,8,2,168,8,3,4.0,0.0,3.0,0.0,108.0,23.0,4.0,22.0,3.0,1
11813,2365,3.0,5,7,1,27,2,3,6.0,0.0,1.0,1.0,12.0,3.0,0.0,3.0,0.0,0
11814,4648,4.0,16,14,2,58,4,2,13.0,1.0,0.0,0.0,31.0,6.0,1.0,5.0,0.0,0
11815,12197,3.0,8,0,1,28,2,3,0.0,0.0,0.0,0.0,20.0,4.0,0.0,3.0,0.0,1
11816,374,4.0,18,4,1,61,4,2,2.0,1.0,0.0,0.0,40.0,8.0,2.0,6.0,1.0,0
11817,18517,4.0,12,1,3,42,3,3,0.0,0.0,1.0,1.0,27.0,6.0,0.0,6.0,0.0,1
11818,525,3.0,5,0,2,20,2,1,0.0,0.0,0.0,0.0,14.0,3.0,0.0,2.0,0.0,0
11819,9131,4.0,12,0,2,47,3,2,0.0,0.0,0.0,0.0,34.0,6.0,0.0,6.0,0.0,0
11820,11561,4.0,10,2,2,48,5,3,1.0,0.0,0.0,0.0,32.0,6.0,1.0,5.0,2.0,1
11821,13910,4.0,10,0,2,36,2,2,0.0,0.0,0.0,0.0,28.0,4.0,0.0,3.0,0.0,1
11822,12765,4.0,9,16,2,54,4,4,9.0,5.0,2.0,5.0,20.0,4.0,2.0,4.0,2.0,1
11823,529,4.0,22,18,1,87,2,8,10.0,8.0,0.0,7.0,44.0,9.0,1.0,7.0,0.0,0
11824,15596,3.0,8,0,4,47,4,3,0.0,0.0,0.0,0.0,28.0,8.0,0.0,8.0,2.0,1
11825,9461,4.0,9,0,2,28,2,1,0.0,0.0,0.0,0.0,21.0,3.0,0.0,3.0,0.0,0
11826,12473,4.0,10,0,3,38,3,2,0.0,0.0,0.0,0.0,25.0,6.0,0.0,6.0,0.0,1
11827,17778,3.0,11,29,1,81,4,4,9.0,1.0,19.0,12.0,8.0,5.0,8.0,15.0,3.0,1
11828,12201,4.0,6,2,2,40,3,4,0.0,2.0,0.0,2.0,23.0,5.0,0.0,5.0,2.0,1
11829,12582,3.0,9,0,2,25,1,0,0.0,0.0,0.0,0.0,20.0,2.0,0.0,2.0,0.0,1
11830,11171,4.0,49,6,2,157,8,3,3.0,0.0,2.0,0.0,99.0,24.0,3.0,23.0,2.0,1
11831,19871,3.0,11,23,1,75,4,4,7.0,1.0,15.0,10.0,10.0,7.0,6.0,15.0,3.0,1
11832,12003,3.0,5,3,2,26,2,2,2.0,0.0,0.0,1.0,14.0,4.0,0.0,4.0,0.0,1
11833,6563,4.0,12,8,1,54,3,6,5.0,0.0,3.0,0.0,27.0,8.0,3.0,7.0,0.0,0
11834,4703,4.0,17,6,3,55,2,4,5.0,0.0,1.0,1.0,34.0,6.0,0.0,7.0,0.0,0
11835,15282,4.0,3,11,3,31,3,4,6.0,0.0,4.0,1.0,9.0,2.0,4.0,2.0,2.0,1
11836,18096,4.0,26,1,4,86,7,3,0.0,0.0,0.0,0.0,57.0,13.0,1.0,12.0,2.0,1
11837,15921,3.0,3,0,1,11,2,0,0.0,0.0,0.0,0.0,6.0,2.0,0.0,2.0,0.0,1
11838,19770,4.0,7,0,5,33,2,1,0.0,0.0,0.0,0.0,20.0,6.0,0.0,6.0,0.0,1
11839,955,3.0,18,0,2,52,4,1,0.0,0.0,0.0,0.0,37.0,6.0,0.0,6.0,2.0,0
11840,6675,4.0,24,41,11,142,3,2,23.0,15.0,3.0,15.0,55.0,14.0,3.0,13.0,0.0,0
11841,3453,4.0,19,0,3,62,3,3,0.0,0.0,0.0,0.0,47.0,7.0,0.0,7.0,0.0,0
11842,12803,4.0,12,0,4,45,2,2,0.0,0.0,0.0,0.0,32.0,6.0,0.0,6.0,0.0,1
11843,15140,4.0,14,9,2,67,4,7,5.0,0.0,3.0,0.0,37.0,8.0,4.0,7.0,2.0,1
11844,8595,4.0,38,37,17,174,7,4,25.0,9.0,3.0,9.0,81.0,20.0,3.0,20.0,3.0,0
11845,2071,4.0,17,17,1,83,3,6,12.0,0.0,5.0,0.0,43.0,9.0,5.0,8.0,0.0,0
11846,956,4.0,25,4,3,86,3,7,3.0,0.0,1.0,0.0,54.0,13.0,1.0,13.0,0.0,0
11847,16542,4.0,11,6,2,53,4,4,4.0,1.0,1.0,1.0,30.0,6.0,1.0,6.0,2.0,1
11848,14036,4.0,16,3,3,67,5,6,2.0,0.0,1.0,0.0,42.0,9.0,1.0,9.0,2.0,1
11849,7005,4.0,32,10,1,129,4,8,6.0,0.0,4.0,0.0,79.0,17.0,4.0,16.0,2.0,0
11850,352,4.0,18,0,7,59,2,2,0.0,0.0,0.0,0.0,40.0,9.0,0.0,9.0,0.0,0
11851,13518,4.0,26,0,2,79,4,6,0.0,0.0,0.0,0.0,61.0,8.0,0.0,7.0,2.0,1
11852,16309,3.0,6,0,1,16,1,0,0.0,0.0,0.0,0.0,13.0,1.0,0.0,1.0,0.0,1
11853,6236,3.0,4,0,1,13,2,1,0.0,0.0,0.0,0.0,9.0,2.0,0.0,1.0,0.0,0
11854,12732,4.0,19,0,2,73,4,8,0.0,0.0,0.0,0.0,50.0,10.0,0.0,10.0,2.0,1
11855,8946,4.0,15,6,1,56,3,4,4.0,0.0,2.0,0.0,32.0,8.0,2.0,7.0,0.0,0
11856,14025,4.0,11,0,2,43,3,3,0.0,0.0,0.0,0.0,32.0,4.0,0.0,4.0,2.0,1
11857,18970,5.0,27,18,4,203,6,6,4.0,14.0,0.0,14.0,140.0,14.0,0.0,13.0,3.0,1
11858,2920,4.0,21,4,2,81,3,3,2.0,2.0,0.0,2.0,62.0,6.0,0.0,6.0,0.0,0
11859,15711,3.0,9,0,3,37,2,2,0.0,0.0,0.0,0.0,26.0,5.0,0.0,5.0,0.0,1
11860,4644,4.0,19,17,1,89,6,1,13.0,0.0,3.0,0.0,40.0,13.0,4.0,12.0,3.0,0
11861,661,4.0,7,6,2,35,3,2,4.0,0.0,2.0,1.0,19.0,3.0,1.0,4.0,0.0,0
11862,16082,4.0,26,10,5,114,7,3,6.0,0.0,3.0,0.0,65.0,17.0,4.0,16.0,2.0,1
11863,7057,4.0,29,0,2,92,4,4,0.0,0.0,0.0,0.0,57.0,16.0,0.0,16.0,2.0,0
11864,10181,4.0,1,1,1,23,3,3,0.0,1.0,0.0,1.0,12.0,3.0,0.0,3.0,2.0,1
11865,16690,4.0,11,0,3,45,3,4,0.0,0.0,0.0,0.0,30.0,6.0,0.0,6.0,2.0,1
11866,4790,4.0,7,0,2,27,2,1,0.0,0.0,0.0,0.0,21.0,3.0,0.0,2.0,0.0,0
11867,2356,3.0,3,8,2,22,2,1,7.0,0.0,1.0,0.0,9.0,2.0,0.0,2.0,0.0,0
11868,11894,4.0,12,3,3,61,4,7,2.0,0.0,1.0,0.0,36.0,9.0,1.0,9.0,2.0,1
11869,18311,3.0,2,15,4,33,3,3,10.0,0.0,5.0,0.0,6.0,2.0,5.0,2.0,2.0,1
11870,19670,4.0,11,2,2,46,4,4,0.0,1.0,1.0,2.0,28.0,5.0,0.0,6.0,2.0,1
11871,17650,4.0,33,7,3,112,4,4,5.0,0.0,2.0,0.0,78.0,11.0,2.0,11.0,2.0,1
11872,13612,4.0,11,13,3,55,4,4,9.0,0.0,3.0,0.0,27.0,6.0,4.0,5.0,0.0,1
11873,1560,4.0,17,0,1,53,4,1,0.0,0.0,0.0,0.0,38.0,6.0,0.0,6.0,2.0,0
11874,11787,4.0,7,10,4,45,4,4,6.0,0.0,4.0,0.0,20.0,4.0,4.0,4.0,2.0,1
11875,10326,4.0,26,1,3,113,8,3,0.0,0.0,1.0,0.0,74.0,17.0,1.0,17.0,2.0,1
11876,7179,4.0,36,20,5,171,7,7,12.0,7.0,1.0,7.0,92.0,25.0,1.0,24.0,1.0,0
11877,15349,4.0,18,0,2,58,3,5,0.0,0.0,0.0,0.0,40.0,9.0,0.0,8.0,0.0,1
11878,15313,3.0,9,25,1,72,4,4,8.0,1.0,16.0,10.0,8.0,5.0,7.0,13.0,3.0,1
11879,13258,4.0,29,7,1,90,4,6,4.0,0.0,2.0,1.0,65.0,6.0,2.0,6.0,3.0,1
11880,4109,4.0,8,4,2,45,4,3,3.0,0.0,0.0,0.0,27.0,7.0,1.0,6.0,0.0,0
11881,514,3.0,7,0,2,27,2,1,0.0,0.0,0.0,0.0,21.0,3.0,0.0,2.0,0.0,0
11882,894,4.0,9,0,2,31,3,1,0.0,0.0,0.0,0.0,22.0,4.0,0.0,4.0,0.0,0
11883,8601,3.0,14,0,2,41,2,2,0.0,0.0,0.0,0.0,32.0,4.0,0.0,4.0,0.0,0
11884,16405,3.0,12,0,3,28,2,2,0.0,0.0,0.0,0.0,18.0,5.0,0.0,4.0,0.0,1
11885,19945,3.0,12,0,4,42,2,4,0.0,0.0,0.0,0.0,25.0,8.0,0.0,8.0,0.0,1
11886,899,3.0,14,0,2,43,3,2,0.0,0.0,0.0,0.0,32.0,5.0,0.0,5.0,0.0,0
11887,207,3.0,12,0,2,30,3,2,0.0,0.0,0.0,0.0,19.0,5.0,0.0,5.0,0.0,0
11888,18993,4.0,12,9,3,56,4,4,3.0,5.0,1.0,5.0,26.0,6.0,1.0,6.0,2.0,1
11889,458,4.0,33,36,7,157,7,3,19.0,16.0,0.0,16.0,72.0,16.0,1.0,15.0,1.0,0
11890,2430,4.0,14,0,1,44,3,4,0.0,0.0,0.0,0.0,32.0,6.0,0.0,5.0,0.0,0
11891,13629,4.0,13,0,1,44,3,2,0.0,0.0,0.0,0.0,30.0,7.0,0.0,6.0,0.0,1
11892,3389,4.0,18,0,3,57,5,1,0.0,0.0,0.0,0.0,42.0,7.0,0.0,7.0,0.0,0
11893,3911,4.0,19,2,2,73,7,3,0.0,0.0,2.0,1.0,49.0,9.0,1.0,10.0,0.0,0
11894,552,4.0,7,4,2,32,2,1,3.0,0.0,1.0,1.0,21.0,2.0,0.0,3.0,0.0,0
11895,6917,3.0,11,0,3,33,2,1,0.0,0.0,0.0,0.0,24.0,4.0,0.0,4.0,0.0,0
11896,18440,4.0,38,6,3,133,8,3,3.0,0.0,2.0,0.0,79.0,22.0,3.0,21.0,2.0,1
11897,1925,4.0,11,7,3,48,4,1,6.0,0.0,0.0,0.0,29.0,6.0,1.0,5.0,0.0,0
11898,17018,3.0,7,0,1,25,2,0,0.0,0.0,0.0,0.0,18.0,3.0,0.0,3.0,0.0,1
11899,6082,4.0,15,0,1,42,3,3,0.0,0.0,0.0,0.0,30.0,6.0,0.0,5.0,0.0,0
11900,19310,4.0,16,0,3,56,4,4,0.0,0.0,0.0,0.0,39.0,7.0,0.0,7.0,2.0,1
11901,18279,4.0,42,5,3,164,9,3,1.0,0.0,4.0,1.0,105.0,22.0,3.0,23.0,4.0,1
11902,18597,4.0,22,4,3,86,8,3,2.0,0.0,1.0,0.0,51.0,14.0,2.0,13.0,2.0,1
11903,105,4.0,12,4,3,49,2,4,3.0,1.0,0.0,0.0,30.0,7.0,1.0,6.0,0.0,0
11904,3041,4.0,10,0,2,31,2,1,0.0,0.0,0.0,0.0,25.0,3.0,0.0,2.0,0.0,0
11905,16369,4.0,20,0,1,70,4,5,0.0,0.0,0.0,0.0,51.0,8.0,0.0,8.0,2.0,1
11906,10361,4.0,24,4,3,87,7,3,2.0,0.0,1.0,0.0,54.0,13.0,2.0,12.0,2.0,1
11907,18093,4.0,17,0,3,51,3,4,0.0,0.0,0.0,0.0,36.0,7.0,0.0,6.0,1.0,1
11908,89,4.0,28,0,3,89,4,8,0.0,0.0,0.0,0.0,63.0,11.0,0.0,11.0,3.0,0
11909,15525,3.0,3,0,1,11,1,0,0.0,0.0,0.0,0.0,8.0,1.0,0.0,1.0,0.0,1
11910,10433,4.0,6,12,4,43,3,4,7.0,0.0,4.0,1.0,18.0,3.0,4.0,3.0,2.0,1
11911,17301,3.0,8,1,2,32,3,4,0.0,0.0,0.0,1.0,18.0,5.0,0.0,5.0,2.0,1
11912,14451,4.0,12,0,3,59,4,4,0.0,0.0,0.0,0.0,38.0,9.0,0.0,9.0,2.0,1
11913,18333,4.0,41,8,4,150,7,3,5.0,0.0,2.0,0.0,96.0,21.0,3.0,20.0,2.0,1
11914,12236,3.0,9,0,3,35,2,1,0.0,0.0,0.0,0.0,26.0,4.0,0.0,4.0,0.0,1
11915,14056,3.0,5,4,2,27,2,2,3.0,0.0,0.0,1.0,14.0,4.0,0.0,4.0,0.0,1
11916,6368,5.0,27,49,3,187,8,3,13.0,32.0,3.0,35.0,73.0,12.0,1.0,14.0,3.0,0
11917,16385,4.0,7,0,3,29,2,2,0.0,0.0,0.0,0.0,18.0,5.0,0.0,5.0,0.0,1
11918,9127,3.0,9,1,1,28,2,3,0.0,0.0,0.0,0.0,19.0,4.0,1.0,3.0,0.0,0
11919,8905,4.0,16,14,2,58,4,2,13.0,1.0,0.0,0.0,31.0,6.0,1.0,5.0,0.0,0
11920,2720,4.0,15,2,2,42,4,2,1.0,1.0,0.0,0.0,25.0,7.0,1.0,6.0,0.0,0
11921,16019,4.0,12,4,4,58,4,4,2.0,1.0,1.0,0.0,32.0,9.0,2.0,8.0,2.0,1
11922,13621,4.0,28,4,3,101,7,3,2.0,0.0,1.0,0.0,66.0,14.0,2.0,13.0,2.0,1
11923,8783,3.0,71,1,1,158,4,9,0.0,0.0,1.0,1.0,112.0,20.0,0.0,21.0,2.0,0
11924,15822,4.0,34,3,4,127,7,3,0.0,0.0,2.0,0.0,82.0,19.0,3.0,18.0,2.0,1
11925,19830,3.0,9,0,3,40,2,2,0.0,0.0,0.0,0.0,29.0,5.0,0.0,5.0,0.0,1
11926,19494,4.0,28,0,3,90,4,4,0.0,0.0,0.0,0.0,67.0,10.0,0.0,10.0,2.0,1
11927,10640,4.0,29,2,2,91,7,3,0.0,0.0,1.0,0.0,62.0,12.0,2.0,11.0,2.0,1
11928,9768,4.0,11,1,2,38,3,1,0.0,1.0,0.0,1.0,27.0,4.0,0.0,4.0,0.0,0
11929,13399,4.0,13,1,2,45,4,3,0.0,0.0,0.0,0.0,26.0,8.0,1.0,7.0,2.0,1
11930,3762,3.0,8,0,1,22,3,1,0.0,0.0,0.0,0.0,15.0,3.0,0.0,3.0,0.0,0
11931,213,3.0,7,0,3,38,2,4,0.0,0.0,0.0,0.0,23.0,7.0,0.0,7.0,0.0,0
11932,17162,4.0,5,4,2,27,2,2,3.0,0.0,0.0,1.0,14.0,4.0,0.0,4.0,0.0,1
11933,18427,4.0,27,28,2,126,6,6,20.0,7.0,0.0,8.0,66.0,11.0,0.0,11.0,2.0,1
11934,8920,4.0,18,12,3,76,3,3,8.0,0.0,4.0,0.0,47.0,6.0,4.0,6.0,0.0,0
11935,6154,3.0,3,0,1,18,2,1,0.0,0.0,0.0,0.0,13.0,2.0,0.0,2.0,0.0,0
11936,8357,4.0,13,2,2,37,4,2,1.0,1.0,0.0,0.0,22.0,6.0,1.0,5.0,0.0,0
11937,17773,4.0,7,0,1,33,3,4,0.0,0.0,0.0,0.0,22.0,4.0,0.0,4.0,2.0,1
11938,4167,3.0,9,0,1,27,3,3,0.0,0.0,0.0,0.0,17.0,5.0,0.0,4.0,0.0,0
11939,16967,4.0,35,4,3,113,8,5,1.0,0.0,2.0,1.0,74.0,15.0,2.0,15.0,2.0,1
11940,19985,4.0,26,4,3,99,8,3,2.0,0.0,1.0,0.0,60.0,16.0,2.0,15.0,2.0,1
11941,16500,4.0,11,0,2,42,3,4,0.0,0.0,0.0,0.0,29.0,5.0,0.0,5.0,2.0,1
11942,5109,4.0,13,19,2,64,6,2,16.0,1.0,1.0,1.0,25.0,9.0,2.0,8.0,0.0,0
11943,19787,3.0,6,0,1,15,1,0,0.0,0.0,0.0,0.0,12.0,1.0,0.0,1.0,0.0,1
11944,18973,4.0,14,0,3,41,2,2,0.0,0.0,0.0,0.0,30.0,5.0,0.0,5.0,0.0,1
11945,8712,3.0,8,0,1,32,2,2,0.0,0.0,0.0,0.0,25.0,3.0,0.0,3.0,0.0,0
11946,1763,4.0,18,6,1,66,3,3,5.0,0.0,1.0,0.0,44.0,7.0,1.0,7.0,0.0,0
11947,18259,4.0,7,0,3,41,4,3,0.0,0.0,0.0,0.0,26.0,6.0,0.0,6.0,2.0,1
11948,13547,4.0,10,0,3,42,3,4,0.0,0.0,0.0,0.0,27.0,6.0,0.0,6.0,2.0,1
11949,11536,4.0,20,5,2,77,5,6,3.0,1.0,1.0,2.0,48.0,9.0,0.0,10.0,2.0,1
11950,15069,3.0,6,0,3,24,1,0,0.0,0.0,0.0,0.0,17.0,3.0,0.0,3.0,0.0,1
11951,3224,3.0,8,0,1,30,2,1,0.0,0.0,0.0,0.0,25.0,2.0,0.0,2.0,0.0,0
11952,526,3.0,4,0,1,16,2,1,0.0,0.0,0.0,0.0,12.0,2.0,0.0,1.0,0.0,0
11953,15251,4.0,26,21,2,120,8,3,12.0,0.0,9.0,0.0,57.0,15.0,9.0,15.0,2.0,1
11954,12091,4.0,12,3,4,47,4,3,1.0,0.0,2.0,0.0,26.0,7.0,2.0,7.0,1.0,1
11955,5655,4.0,13,2,2,45,3,2,1.0,1.0,0.0,0.0,32.0,5.0,1.0,4.0,0.0,0
11956,8884,3.0,6,0,1,18,2,1,0.0,0.0,0.0,0.0,14.0,2.0,0.0,1.0,0.0,0
11957,6059,3.0,14,0,2,35,2,2,0.0,0.0,0.0,0.0,26.0,4.0,0.0,4.0,0.0,0
11958,17343,4.0,10,3,2,41,3,4,2.0,1.0,0.0,0.0,25.0,5.0,1.0,4.0,2.0,1
11959,6342,3.0,7,0,1,20,2,1,0.0,0.0,0.0,0.0,16.0,2.0,0.0,1.0,0.0,0
11960,13997,4.0,8,0,3,34,3,3,0.0,0.0,0.0,0.0,21.0,5.0,0.0,5.0,2.0,1
11961,17434,4.0,21,2,2,80,4,5,1.0,1.0,0.0,0.0,51.0,12.0,1.0,11.0,2.0,1
11962,8782,3.0,8,3,1,27,3,2,2.0,1.0,0.0,0.0,15.0,4.0,0.0,4.0,0.0,0
11963,8711,4.0,17,6,2,70,3,3,5.0,0.0,1.0,0.0,46.0,8.0,1.0,8.0,0.0,0
11964,3380,4.0,9,8,2,48,5,2,6.0,0.0,1.0,1.0,24.0,7.0,1.0,7.0,0.0,0
11965,3676,4.0,24,0,6,95,6,5,0.0,0.0,0.0,0.0,59.0,17.0,0.0,17.0,1.0,0
11966,5776,3.0,21,0,2,66,3,5,0.0,0.0,0.0,0.0,49.0,8.0,0.0,8.0,0.0,0
11967,19054,4.0,17,11,2,67,3,6,9.0,0.0,2.0,0.0,41.0,5.0,2.0,5.0,2.0,1
11968,6573,4.0,20,3,2,89,4,3,2.0,0.0,1.0,1.0,49.0,16.0,0.0,17.0,2.0,0
11969,1607,3.0,10,0,2,39,2,3,0.0,0.0,0.0,0.0,29.0,5.0,0.0,4.0,0.0,0
11970,19997,3.0,2,15,4,33,3,3,10.0,0.0,5.0,0.0,6.0,2.0,5.0,2.0,2.0,1
11971,15883,4.0,26,0,3,83,4,4,0.0,0.0,0.0,0.0,60.0,10.0,0.0,10.0,2.0,1
11972,17175,3.0,5,0,3,24,2,1,0.0,0.0,0.0,0.0,15.0,4.0,0.0,4.0,0.0,1
11973,8984,4.0,17,15,3,61,4,2,13.0,2.0,0.0,1.0,30.0,7.0,1.0,6.0,0.0,0
11974,15522,3.0,12,27,1,90,4,4,7.0,3.0,17.0,12.0,11.0,10.0,8.0,18.0,3.0,1
11975,1980,3.0,10,3,1,29,3,2,2.0,1.0,0.0,0.0,17.0,4.0,0.0,4.0,0.0,0
11976,11425,3.0,5,0,1,13,1,0,0.0,0.0,0.0,0.0,10.0,1.0,0.0,1.0,0.0,1
11977,17317,4.0,10,1,2,37,4,3,0.0,0.0,0.0,0.0,24.0,5.0,1.0,4.0,2.0,1
11978,12155,4.0,7,14,3,50,4,4,8.0,0.0,5.0,0.0,17.0,6.0,6.0,5.0,2.0,1
11979,12857,3.0,5,0,3,32,3,3,0.0,0.0,0.0,0.0,19.0,5.0,0.0,5.0,2.0,1
11980,7424,4.0,29,36,5,149,7,2,18.0,18.0,0.0,17.0,64.0,15.0,1.0,14.0,1.0,0
11981,5626,4.0,8,6,1,38,3,5,3.0,0.0,2.0,0.0,20.0,5.0,3.0,4.0,0.0,0
11982,1682,4.0,21,8,2,79,3,5,5.0,0.0,3.0,0.0,49.0,9.0,3.0,9.0,0.0,0
11983,16133,3.0,3,0,1,11,1,0,0.0,0.0,0.0,0.0,8.0,1.0,0.0,1.0,0.0,1
11984,16335,3.0,10,0,1,34,2,3,0.0,0.0,0.0,0.0,26.0,4.0,0.0,3.0,0.0,1
11985,6446,4.0,21,5,1,78,3,2,4.0,0.0,0.0,1.0,50.0,11.0,0.0,11.0,0.0,0
11986,988,4.0,8,5,3,35,2,4,4.0,0.0,1.0,0.0,16.0,6.0,1.0,6.0,0.0,0
11987,15083,4.0,8,0,2,30,2,2,0.0,0.0,0.0,0.0,22.0,4.0,0.0,3.0,0.0,1
11988,11645,3.0,6,0,2,21,2,1,0.0,0.0,0.0,0.0,14.0,3.0,0.0,3.0,0.0,1
11989,11722,4.0,24,4,3,76,4,5,3.0,0.0,1.0,0.0,48.0,10.0,1.0,10.0,2.0,1
11990,3093,4.0,19,0,2,62,5,2,0.0,0.0,0.0,0.0,45.0,8.0,0.0,8.0,0.0,0
11991,13261,3.0,4,55,1,174,6,4,6.0,0.0,48.0,43.0,14.0,4.0,6.0,46.0,6.0,1
11992,13998,4.0,7,1,3,35,3,3,0.0,0.0,1.0,0.0,20.0,6.0,1.0,6.0,0.0,1
11993,18207,4.0,13,0,3,44,4,1,0.0,0.0,0.0,0.0,31.0,6.0,0.0,6.0,0.0,1
11994,17482,4.0,17,0,2,62,3,2,0.0,0.0,0.0,0.0,47.0,7.0,0.0,7.0,0.0,1
11995,10396,3.0,4,0,1,16,2,2,0.0,0.0,0.0,0.0,10.0,3.0,0.0,2.0,0.0,1
11996,2844,4.0,13,8,1,57,3,5,5.0,0.0,3.0,0.0,26.0,10.0,3.0,9.0,0.0,0
11997,9078,4.0,10,0,1,30,3,1,0.0,0.0,0.0,0.0,23.0,3.0,0.0,3.0,0.0,0
11998,3342,3.0,13,0,1,32,2,1,0.0,0.0,0.0,0.0,28.0,2.0,0.0,1.0,0.0,0
11999,16422,5.0,57,61,3,286,9,7,23.0,31.0,7.0,27.0,141.0,22.0,11.0,18.0,5.0,1
12000,6540,4.0,18,8,1,61,3,3,6.0,1.0,1.0,1.0,36.0,7.0,1.0,7.0,0.0,0
12001,14288,3.0,6,0,1,18,1,0,0.0,0.0,0.0,0.0,15.0,1.0,0.0,1.0,0.0,1
12002,3356,4.0,16,0,4,54,3,3,0.0,0.0,0.0,0.0,39.0,7.0,0.0,6.0,1.0,0
12003,13025,4.0,21,6,3,85,7,3,4.0,0.0,1.0,0.0,54.0,11.0,2.0,10.0,2.0,1
12004,11745,4.0,20,0,2,75,6,3,0.0,0.0,0.0,0.0,54.0,9.0,0.0,9.0,2.0,1
12005,11801,3.0,5,0,1,15,1,0,0.0,0.0,0.0,0.0,12.0,1.0,0.0,1.0,0.0,1
12006,14414,3.0,5,0,2,17,1,0,0.0,0.0,0.0,0.0,12.0,2.0,0.0,2.0,0.0,1
12007,7813,3.0,5,0,1,19,3,1,0.0,0.0,0.0,0.0,12.0,3.0,0.0,3.0,0.0,0
12008,19747,4.0,28,9,5,127,8,9,0.0,7.0,1.0,3.0,64.0,22.0,6.0,17.0,6.0,1
12009,2428,4.0,21,8,3,81,3,4,7.0,0.0,1.0,0.0,55.0,8.0,1.0,8.0,0.0,0
12010,11939,4.0,7,31,4,66,4,4,18.0,9.0,4.0,8.0,12.0,4.0,5.0,3.0,2.0,1
12011,17070,4.0,19,3,2,78,4,7,2.0,0.0,0.0,0.0,53.0,10.0,1.0,9.0,2.0,1
12012,4799,3.0,7,0,2,22,2,1,0.0,0.0,0.0,0.0,16.0,3.0,0.0,2.0,0.0,0
12013,2353,4.0,8,1,1,31,4,1,0.0,1.0,0.0,1.0,20.0,4.0,0.0,4.0,0.0,0
12014,16378,3.0,2,0,1,8,1,0,0.0,0.0,0.0,0.0,5.0,1.0,0.0,1.0,0.0,1
12015,11383,5.0,23,8,2,99,4,7,2.0,5.0,1.0,5.0,62.0,10.0,1.0,10.0,2.0,1
12016,9077,4.0,13,0,3,55,3,1,0.0,0.0,0.0,0.0,38.0,8.0,0.0,8.0,0.0,0
12017,8073,4.0,14,6,2,53,4,1,5.0,0.0,0.0,0.0,37.0,5.0,1.0,4.0,0.0,0
12018,14859,3.0,5,1,4,31,3,3,0.0,0.0,0.0,0.0,16.0,6.0,1.0,5.0,2.0,1
12019,17424,4.0,19,17,2,102,4,11,8.0,8.0,1.0,8.0,48.0,11.0,1.0,10.0,6.0,1
12020,19543,4.0,9,10,3,54,3,4,9.0,0.0,1.0,0.0,30.0,5.0,1.0,5.0,2.0,1
12021,7491,4.0,13,14,4,57,2,2,12.0,0.0,2.0,2.0,30.0,4.0,0.0,6.0,0.0,0
12022,17649,3.0,4,0,2,22,2,2,0.0,0.0,0.0,0.0,14.0,4.0,0.0,3.0,0.0,1
12023,12771,4.0,11,0,3,49,4,4,0.0,0.0,0.0,0.0,30.0,8.0,0.0,8.0,2.0,1
12024,19305,4.0,20,0,4,79,3,6,0.0,0.0,0.0,0.0,58.0,9.0,0.0,9.0,2.0,1
12025,7059,4.0,17,6,2,65,3,1,5.0,0.0,1.0,1.0,42.0,7.0,0.0,8.0,0.0,0
12026,13507,4.0,33,4,3,112,7,3,2.0,0.0,2.0,0.0,69.0,17.0,2.0,17.0,2.0,1
12027,16661,4.0,23,4,2,110,6,5,2.0,0.0,2.0,0.0,66.0,16.0,2.0,15.0,6.0,1
12028,5084,4.0,13,0,1,45,3,2,0.0,0.0,0.0,0.0,34.0,5.0,0.0,5.0,0.0,0
12029,2382,4.0,10,6,2,49,5,1,5.0,0.0,1.0,0.0,29.0,6.0,1.0,6.0,0.0,0
12030,571,4.0,11,1,4,50,4,5,0.0,0.0,1.0,1.0,27.0,9.0,0.0,10.0,1.0,0
12031,1435,4.0,15,0,2,36,3,2,0.0,0.0,0.0,0.0,25.0,5.0,0.0,5.0,0.0,0
12032,13281,3.0,7,3,1,24,1,0,2.0,0.0,1.0,1.0,18.0,0.0,0.0,1.0,0.0,1
12033,9439,4.0,11,5,2,44,3,3,4.0,0.0,0.0,0.0,25.0,7.0,1.0,6.0,0.0,0
12034,11718,4.0,3,13,4,32,3,3,8.0,0.0,4.0,1.0,8.0,2.0,4.0,2.0,2.0,1
12035,14749,4.0,7,17,3,49,3,6,14.0,0.0,2.0,0.0,16.0,6.0,3.0,5.0,2.0,1
12036,10706,4.0,8,0,2,34,3,3,0.0,0.0,0.0,0.0,23.0,4.0,0.0,4.0,2.0,1
12037,5445,3.0,4,0,2,16,2,1,0.0,0.0,0.0,0.0,10.0,3.0,0.0,2.0,0.0,0
12038,1007,3.0,8,0,2,27,3,1,0.0,0.0,0.0,0.0,17.0,5.0,0.0,4.0,0.0,0
12039,4543,4.0,25,3,2,98,7,4,0.0,2.0,1.0,2.0,61.0,13.0,1.0,13.0,4.0,0
12040,12987,3.0,11,20,1,72,4,4,6.0,1.0,13.0,9.0,11.0,8.0,5.0,15.0,3.0,1
12041,7009,4.0,21,0,2,55,4,3,0.0,0.0,0.0,0.0,40.0,7.0,0.0,7.0,0.0,0
12042,2064,4.0,32,4,4,112,5,12,2.0,1.0,1.0,0.0,63.0,20.0,2.0,18.0,4.0,0
12043,1136,4.0,17,6,3,71,3,4,4.0,0.0,2.0,0.0,44.0,9.0,2.0,9.0,0.0,0
12044,9882,4.0,14,0,2,44,2,1,0.0,0.0,0.0,0.0,37.0,3.0,0.0,3.0,0.0,0
12045,10177,4.0,19,0,3,60,4,3,0.0,0.0,0.0,0.0,45.0,6.0,0.0,6.0,2.0,1
12046,294,4.0,22,1,5,101,5,4,0.0,0.0,1.0,0.0,63.0,17.0,1.0,17.0,1.0,0
12047,16077,3.0,5,0,2,26,3,3,0.0,0.0,0.0,0.0,15.0,4.0,0.0,4.0,2.0,1
12048,3998,4.0,31,8,1,103,4,5,5.0,0.0,3.0,0.0,67.0,11.0,3.0,11.0,2.0,0
12049,9766,4.0,19,1,6,73,5,8,0.0,0.0,1.0,1.0,38.0,15.0,0.0,15.0,2.0,0
12050,3741,4.0,20,0,3,66,3,2,0.0,0.0,0.0,0.0,44.0,10.0,0.0,10.0,1.0,0
12051,11700,3.0,6,0,1,15,1,0,0.0,0.0,0.0,0.0,12.0,1.0,0.0,1.0,0.0,1
12052,2719,3.0,5,0,1,14,2,1,0.0,0.0,0.0,0.0,10.0,2.0,0.0,1.0,0.0,0
12053,19233,4.0,8,2,2,40,3,4,0.0,2.0,0.0,2.0,23.0,5.0,0.0,5.0,2.0,1
12054,12713,4.0,12,4,2,44,3,4,2.0,2.0,0.0,1.0,26.0,5.0,1.0,4.0,2.0,1
12055,14870,4.0,21,4,3,81,7,3,2.0,0.0,1.0,0.0,48.0,13.0,2.0,12.0,2.0,1
12056,16370,3.0,7,0,3,27,2,2,0.0,0.0,0.0,0.0,17.0,5.0,0.0,4.0,0.0,1
12057,2808,4.0,9,0,1,36,3,2,0.0,0.0,0.0,0.0,25.0,5.0,0.0,5.0,0.0,0
12058,9017,3.0,6,0,2,19,2,1,0.0,0.0,0.0,0.0,13.0,3.0,0.0,2.0,0.0,0
12059,16940,5.0,20,18,3,93,9,1,4.0,9.0,5.0,10.0,37.0,10.0,4.0,11.0,2.0,1
12060,16106,4.0,13,3,3,43,2,3,1.0,0.0,2.0,2.0,27.0,4.0,0.0,6.0,0.0,1
12061,2469,3.0,8,0,1,18,2,1,0.0,0.0,0.0,0.0,14.0,2.0,0.0,1.0,0.0,0
12062,3738,4.0,8,4,2,34,2,2,3.0,0.0,1.0,1.0,21.0,3.0,0.0,4.0,0.0,0
12063,13481,4.0,21,9,1,85,4,7,5.0,1.0,3.0,0.0,45.0,13.0,4.0,11.0,2.0,1
12064,362,4.0,11,4,1,39,4,3,3.0,0.0,1.0,0.0,24.0,5.0,1.0,4.0,0.0,0
12065,6924,5.0,61,54,3,371,9,3,12.0,37.0,5.0,34.0,220.0,27.0,8.0,24.0,3.0,0
12066,18088,4.0,24,4,2,89,7,3,2.0,0.0,2.0,0.0,54.0,13.0,2.0,13.0,2.0,1
12067,14688,3.0,7,0,1,20,1,0,0.0,0.0,0.0,0.0,17.0,1.0,0.0,1.0,0.0,1
12068,2139,3.0,4,0,1,15,2,1,0.0,0.0,0.0,0.0,11.0,2.0,0.0,1.0,0.0,0
12069,7314,4.0,23,10,1,94,4,7,6.0,0.0,4.0,1.0,56.0,10.0,3.0,11.0,2.0,0
12070,1312,4.0,18,5,1,59,3,2,3.0,1.0,1.0,1.0,34.0,9.0,1.0,8.0,0.0,0
12071,6183,3.0,10,0,2,34,2,2,0.0,0.0,0.0,0.0,25.0,4.0,0.0,4.0,0.0,0
12072,11303,4.0,2,15,4,33,3,3,10.0,0.0,5.0,0.0,6.0,2.0,5.0,2.0,2.0,1
12073,1591,4.0,13,0,1,47,3,2,0.0,0.0,0.0,0.0,34.0,6.0,0.0,6.0,0.0,0
12074,18546,4.0,42,2,4,134,4,5,1.0,0.0,1.0,0.0,96.0,16.0,1.0,16.0,2.0,1
12075,2396,4.0,19,11,2,75,5,2,8.0,0.0,2.0,0.0,46.0,8.0,3.0,7.0,0.0,0
12076,16701,4.0,12,0,1,38,3,5,0.0,0.0,0.0,0.0,26.0,5.0,0.0,4.0,2.0,1
12077,14559,4.0,27,18,2,114,8,3,10.0,0.0,8.0,0.0,59.0,13.0,8.0,13.0,2.0,1
12078,9516,4.0,20,9,1,71,3,3,7.0,0.0,1.0,1.0,40.0,10.0,1.0,10.0,0.0,0
12079,5233,4.0,34,9,1,118,4,5,5.0,0.0,4.0,0.0,72.0,15.0,4.0,15.0,2.0,0
12080,18913,4.0,11,11,3,61,2,5,8.0,0.0,3.0,1.0,35.0,5.0,2.0,6.0,0.0,1
12081,8987,3.0,16,0,2,37,5,3,0.0,0.0,0.0,0.0,21.0,7.0,0.0,7.0,1.0,0
12082,3020,3.0,3,0,1,9,2,1,0.0,0.0,0.0,0.0,5.0,2.0,0.0,1.0,0.0,0
12083,9903,3.0,12,0,2,39,3,1,0.0,0.0,0.0,0.0,30.0,4.0,0.0,4.0,0.0,0
12084,8228,4.0,8,14,2,54,3,5,10.0,0.0,4.0,0.0,27.0,4.0,4.0,4.0,0.0,0
12085,9105,3.0,11,0,2,27,2,1,0.0,0.0,0.0,0.0,21.0,3.0,0.0,2.0,0.0,0
12086,13913,4.0,30,5,3,106,8,3,3.0,0.0,1.0,0.0,66.0,16.0,2.0,15.0,2.0,1
12087,5295,4.0,10,4,1,41,4,3,3.0,0.0,1.0,0.0,26.0,5.0,1.0,4.0,0.0,0
12088,3972,5.0,16,14,2,94,5,5,11.0,0.0,3.0,1.0,53.0,10.0,2.0,11.0,2.0,0
12089,14663,4.0,9,1,3,35,3,1,0.0,0.0,1.0,1.0,23.0,4.0,0.0,5.0,0.0,1
12090,4133,4.0,22,0,1,67,3,4,0.0,0.0,0.0,0.0,53.0,7.0,0.0,6.0,0.0,0
12091,974,3.0,26,0,2,72,4,4,0.0,0.0,0.0,0.0,54.0,9.0,0.0,8.0,0.0,0
12092,7291,3.0,6,0,2,18,2,1,0.0,0.0,0.0,0.0,12.0,3.0,0.0,2.0,0.0,0
12093,15585,4.0,24,4,3,85,8,3,1.0,0.0,2.0,1.0,48.0,14.0,2.0,14.0,2.0,1
12094,17338,3.0,7,7,2,30,2,2,6.0,0.0,0.0,0.0,15.0,4.0,1.0,3.0,0.0,1
12095,9752,4.0,4,4,2,22,2,1,3.0,0.0,1.0,1.0,11.0,2.0,0.0,3.0,0.0,0
12096,13774,3.0,10,0,1,33,2,3,0.0,0.0,0.0,0.0,25.0,4.0,0.0,3.0,0.0,1
12097,5016,3.0,7,0,1,18,2,1,0.0,0.0,0.0,0.0,14.0,2.0,0.0,1.0,0.0,0
12098,17602,3.0,8,0,3,29,2,1,0.0,0.0,0.0,0.0,20.0,4.0,0.0,4.0,0.0,1
12099,10874,4.0,11,5,3,49,4,4,2.0,2.0,1.0,2.0,26.0,6.0,1.0,6.0,2.0,1
12100,13239,4.0,14,5,3,52,4,4,4.0,1.0,0.0,0.0,30.0,7.0,1.0,6.0,2.0,1
12101,18024,3.0,20,0,3,60,5,2,0.0,0.0,0.0,0.0,43.0,8.0,0.0,8.0,0.0,1
12102,17674,4.0,25,1,3,90,7,3,0.0,0.0,0.0,0.0,59.0,14.0,1.0,13.0,2.0,1
12103,11873,4.0,20,3,3,77,5,5,2.0,0.0,1.0,0.0,54.0,8.0,1.0,8.0,2.0,1
12104,17764,4.0,12,0,4,54,4,4,0.0,0.0,0.0,0.0,35.0,8.0,0.0,8.0,2.0,1
12105,1933,4.0,10,2,1,31,2,3,1.0,1.0,0.0,1.0,19.0,4.0,0.0,4.0,0.0,0
12106,4675,4.0,9,0,1,29,2,1,0.0,0.0,0.0,0.0,24.0,2.0,0.0,2.0,0.0,0
12107,10222,3.0,9,0,3,36,3,1,0.0,0.0,0.0,0.0,25.0,5.0,0.0,5.0,0.0,1
12108,892,4.0,12,1,2,39,3,2,0.0,0.0,0.0,0.0,24.0,7.0,1.0,6.0,0.0,0
12109,7287,4.0,9,1,1,31,4,1,0.0,1.0,0.0,1.0,20.0,4.0,0.0,4.0,0.0,0
12110,7906,3.0,12,0,2,36,3,1,0.0,0.0,0.0,0.0,27.0,4.0,0.0,4.0,0.0,0
12111,14551,3.0,4,1,2,24,2,3,0.0,1.0,0.0,1.0,12.0,5.0,0.0,4.0,0.0,1
12112,7657,5.0,18,25,2,120,6,7,4.0,6.0,15.0,18.0,39.0,10.0,3.0,21.0,3.0,0
12113,10106,4.0,14,0,2,51,6,3,0.0,0.0,0.0,0.0,34.0,7.0,0.0,7.0,2.0,1
12114,18297,4.0,33,2,3,112,7,4,0.0,0.0,1.0,0.0,75.0,16.0,2.0,15.0,2.0,1
12115,11362,4.0,20,0,4,81,6,5,0.0,0.0,0.0,0.0,54.0,12.0,0.0,12.0,2.0,1
12116,13832,4.0,14,2,3,57,4,6,1.0,0.0,0.0,0.0,35.0,9.0,1.0,8.0,2.0,1
12117,726,5.0,28,17,4,118,3,5,1.0,15.0,1.0,16.0,63.0,10.0,0.0,11.0,0.0,0
12118,7214,3.0,10,0,3,32,2,3,0.0,0.0,0.0,0.0,19.0,6.0,0.0,6.0,0.0,0
12119,8245,3.0,14,0,2,39,2,2,0.0,0.0,0.0,0.0,30.0,4.0,0.0,4.0,0.0,0
12120,18180,4.0,2,16,4,34,3,3,11.0,0.0,5.0,0.0,6.0,2.0,5.0,2.0,2.0,1
12121,15876,4.0,16,0,3,62,4,4,0.0,0.0,0.0,0.0,43.0,8.0,0.0,8.0,2.0,1
12122,14199,4.0,25,3,3,93,8,3,1.0,0.0,1.0,0.0,59.0,14.0,2.0,13.0,2.0,1
12123,10745,3.0,9,1,3,47,3,2,0.0,0.0,1.0,0.0,32.0,6.0,1.0,6.0,0.0,1
12124,17320,4.0,9,1,3,43,5,3,0.0,0.0,0.0,0.0,26.0,7.0,1.0,6.0,2.0,1
12125,18649,4.0,8,0,3,38,3,3,0.0,0.0,0.0,0.0,25.0,5.0,0.0,5.0,2.0,1
12126,17208,4.0,11,4,2,47,3,4,3.0,0.0,0.0,1.0,30.0,5.0,0.0,5.0,2.0,1
12127,7274,4.0,18,2,3,67,3,3,1.0,0.0,1.0,1.0,50.0,6.0,0.0,7.0,0.0,0
12128,11593,4.0,26,3,3,92,7,3,1.0,0.0,2.0,0.0,56.0,14.0,2.0,14.0,2.0,1
12129,1389,3.0,12,0,4,40,3,3,0.0,0.0,0.0,0.0,24.0,8.0,0.0,7.0,0.0,0
12130,3564,4.0,11,8,2,51,6,2,7.0,0.0,0.0,0.0,25.0,9.0,1.0,8.0,0.0,0
12131,9076,4.0,21,8,6,111,8,5,0.0,6.0,2.0,2.0,48.0,21.0,6.0,17.0,8.0,0
12132,5429,4.0,23,1,6,91,6,2,0.0,0.0,1.0,0.0,57.0,16.0,1.0,15.0,0.0,0
12133,19886,3.0,8,0,2,26,2,3,0.0,0.0,0.0,0.0,16.0,5.0,0.0,4.0,0.0,1
12134,16220,4.0,13,15,2,71,3,9,9.0,4.0,2.0,6.0,29.0,8.0,0.0,10.0,2.0,1
12135,14899,3.0,6,0,1,15,1,0,0.0,0.0,0.0,0.0,12.0,1.0,0.0,1.0,0.0,1
12136,15512,4.0,6,9,2,44,4,3,7.0,0.0,1.0,1.0,21.0,5.0,1.0,5.0,2.0,1
12137,14561,3.0,6,4,2,23,1,0,3.0,0.0,1.0,1.0,14.0,1.0,0.0,2.0,0.0,1
12138,1868,4.0,21,5,1,69,3,3,3.0,2.0,0.0,2.0,45.0,8.0,0.0,8.0,0.0,0
12139,8202,3.0,5,0,1,15,2,1,0.0,0.0,0.0,0.0,11.0,2.0,0.0,1.0,0.0,0
12140,806,4.0,7,3,1,31,4,1,0.0,2.0,0.0,2.0,18.0,4.0,1.0,3.0,0.0,0
12141,4805,4.0,18,8,2,69,2,5,7.0,0.0,1.0,1.0,46.0,6.0,0.0,7.0,0.0,0
12142,18846,4.0,9,0,3,42,3,2,0.0,0.0,0.0,0.0,29.0,6.0,0.0,6.0,0.0,1
12143,12260,4.0,8,2,2,66,6,5,0.0,0.0,2.0,0.0,37.0,10.0,2.0,9.0,5.0,1
12144,19172,3.0,5,3,2,26,2,2,2.0,0.0,0.0,1.0,14.0,4.0,0.0,4.0,0.0,1
12145,19958,4.0,13,0,3,46,4,2,0.0,0.0,0.0,0.0,32.0,6.0,0.0,6.0,1.0,1
12146,10426,4.0,42,31,3,170,7,3,17.0,9.0,5.0,8.0,89.0,17.0,6.0,16.0,2.0,1
12147,9155,4.0,19,8,1,83,4,7,5.0,0.0,3.0,0.0,48.0,11.0,3.0,10.0,2.0,0
12148,15152,3.0,5,4,2,27,2,2,3.0,0.0,0.0,1.0,14.0,4.0,0.0,4.0,0.0,1
12149,4494,3.0,8,0,2,28,2,2,0.0,0.0,0.0,0.0,19.0,4.0,0.0,4.0,0.0,0
12150,2632,4.0,16,5,1,57,3,4,4.0,0.0,0.0,0.0,32.0,10.0,1.0,9.0,0.0,0
12151,14286,4.0,13,0,3,51,4,4,0.0,0.0,0.0,0.0,34.0,7.0,0.0,7.0,2.0,1
12152,7832,3.0,6,0,1,19,2,1,0.0,0.0,0.0,0.0,15.0,2.0,0.0,1.0,0.0,0
12153,14269,4.0,2,15,4,33,3,3,10.0,0.0,5.0,0.0,6.0,2.0,5.0,2.0,2.0,1
12154,145,4.0,27,16,2,105,3,8,7.0,9.0,0.0,8.0,59.0,11.0,1.0,9.0,0.0,0
12155,2033,4.0,16,8,1,83,4,7,5.0,0.0,3.0,0.0,44.0,13.0,3.0,12.0,2.0,0
12156,1165,3.0,9,0,1,26,2,1,0.0,0.0,0.0,0.0,22.0,2.0,0.0,1.0,0.0,0
12157,11692,3.0,8,0,1,24,2,2,0.0,0.0,0.0,0.0,18.0,3.0,0.0,2.0,0.0,1
12158,2050,4.0,7,1,1,31,4,1,0.0,0.0,0.0,1.0,21.0,4.0,0.0,4.0,0.0,0
12159,10816,4.0,23,3,2,82,7,3,1.0,0.0,1.0,0.0,52.0,12.0,2.0,11.0,2.0,1
12160,12676,4.0,13,0,3,55,6,3,0.0,0.0,0.0,0.0,34.0,9.0,0.0,9.0,2.0,1
12161,3430,3.0,8,0,1,23,3,1,0.0,0.0,0.0,0.0,17.0,3.0,0.0,2.0,0.0,0
12162,18788,4.0,12,3,3,50,4,5,1.0,0.0,2.0,0.0,30.0,6.0,2.0,6.0,2.0,1
12163,7069,4.0,12,6,2,47,3,3,4.0,0.0,1.0,0.0,28.0,6.0,2.0,5.0,0.0,0
12164,4361,4.0,22,10,1,66,3,3,9.0,0.0,1.0,1.0,41.0,6.0,0.0,7.0,0.0,0
12165,10616,3.0,5,3,2,26,2,2,2.0,0.0,0.0,1.0,14.0,4.0,0.0,4.0,0.0,1
12166,18155,3.0,11,4,2,36,2,3,3.0,0.0,1.0,1.0,22.0,4.0,0.0,4.0,0.0,1
12167,271,3.0,8,0,1,25,2,2,0.0,0.0,0.0,0.0,19.0,3.0,0.0,2.0,0.0,0
12168,12984,4.0,3,11,3,33,3,4,7.0,0.0,4.0,0.0,11.0,2.0,4.0,2.0,2.0,1
12169,8436,4.0,14,6,2,57,3,4,5.0,0.0,1.0,0.0,35.0,7.0,1.0,7.0,0.0,0
12170,18416,4.0,5,4,2,27,2,2,3.0,0.0,0.0,1.0,14.0,4.0,0.0,4.0,0.0,1
12171,12316,4.0,20,1,2,73,6,8,0.0,0.0,1.0,1.0,47.0,9.0,0.0,10.0,4.0,1
12172,19786,4.0,37,7,2,162,7,3,3.0,0.0,3.0,0.0,104.0,23.0,4.0,22.0,2.0,1
12173,9005,3.0,6,0,1,19,2,1,0.0,0.0,0.0,0.0,15.0,2.0,0.0,1.0,0.0,0
12174,19680,4.0,40,10,3,157,7,3,6.0,0.0,4.0,0.0,97.0,22.0,4.0,21.0,2.0,1
12175,3810,4.0,18,0,2,71,3,2,0.0,0.0,0.0,0.0,48.0,11.0,0.0,11.0,0.0,0
12176,13919,4.0,21,5,2,76,3,4,4.0,0.0,0.0,0.0,53.0,9.0,1.0,8.0,0.0,1
12177,15775,3.0,3,0,2,24,2,3,0.0,0.0,0.0,0.0,14.0,5.0,0.0,4.0,0.0,1
12178,9996,3.0,9,0,2,28,2,1,0.0,0.0,0.0,0.0,21.0,3.0,0.0,3.0,0.0,0
12179,4346,4.0,17,16,4,97,9,2,7.0,3.0,6.0,1.0,38.0,17.0,8.0,15.0,1.0,0
12180,545,4.0,12,0,2,39,3,2,0.0,0.0,0.0,0.0,26.0,6.0,0.0,6.0,0.0,0
12181,8502,4.0,8,2,3,38,2,2,1.0,0.0,1.0,1.0,25.0,4.0,0.0,5.0,0.0,0
12182,11713,4.0,15,0,4,72,3,7,0.0,0.0,0.0,0.0,49.0,10.0,0.0,10.0,2.0,1
12183,15229,3.0,8,0,1,29,3,3,0.0,0.0,0.0,0.0,20.0,3.0,0.0,3.0,2.0,1
12184,9323,3.0,4,0,1,17,2,1,0.0,0.0,0.0,0.0,13.0,2.0,0.0,1.0,0.0,0
12185,13737,4.0,6,0,2,29,3,3,0.0,0.0,0.0,0.0,18.0,5.0,0.0,4.0,1.0,1
12186,15520,3.0,4,2,1,13,1,0,1.0,0.0,1.0,1.0,8.0,0.0,0.0,1.0,0.0,1
12187,7564,4.0,9,1,1,31,4,1,0.0,1.0,0.0,1.0,20.0,4.0,0.0,4.0,0.0,0
12188,17304,3.0,10,0,2,32,2,2,0.0,0.0,0.0,0.0,24.0,4.0,0.0,3.0,0.0,1
12189,15317,4.0,21,3,2,101,6,5,1.0,0.0,2.0,0.0,61.0,15.0,2.0,14.0,5.0,1
12190,11779,4.0,7,1,2,39,5,3,0.0,0.0,0.0,0.0,24.0,6.0,1.0,5.0,2.0,1
12191,6640,4.0,15,11,1,56,3,3,10.0,0.0,0.0,0.0,33.0,6.0,1.0,5.0,0.0,0
12192,8230,4.0,6,6,2,28,2,1,5.0,0.0,1.0,0.0,16.0,2.0,1.0,2.0,0.0,0
12193,12651,4.0,12,1,3,39,3,3,0.0,0.0,0.0,0.0,26.0,5.0,1.0,4.0,2.0,1
12194,2983,3.0,7,0,2,21,3,1,0.0,0.0,0.0,0.0,13.0,4.0,0.0,3.0,0.0,0
12195,16514,4.0,16,3,2,66,4,7,2.0,0.0,1.0,1.0,42.0,8.0,0.0,9.0,2.0,1
12196,13409,3.0,6,0,1,13,1,0,0.0,0.0,0.0,0.0,10.0,1.0,0.0,1.0,0.0,1
12197,2667,3.0,4,7,1,25,2,3,6.0,0.0,1.0,1.0,10.0,3.0,0.0,3.0,0.0,0
12198,9374,4.0,20,11,1,83,3,5,8.0,0.0,3.0,0.0,48.0,10.0,3.0,10.0,0.0,0
12199,614,4.0,14,0,3,48,2,4,0.0,0.0,0.0,0.0,33.0,7.0,0.0,7.0,0.0,0
12200,17850,3.0,3,3,2,19,1,0,1.0,1.0,1.0,2.0,10.0,1.0,0.0,2.0,0.0,1
12201,4497,4.0,40,0,1,134,4,2,0.0,0.0,0.0,0.0,89.0,22.0,0.0,22.0,0.0,0
12202,3294,3.0,12,0,2,39,2,1,0.0,0.0,0.0,0.0,32.0,3.0,0.0,3.0,0.0,0
12203,6737,4.0,16,18,1,99,4,6,13.0,2.0,3.0,3.0,39.0,17.0,2.0,17.0,2.0,0
12204,1500,3.0,5,0,1,15,2,1,0.0,0.0,0.0,0.0,11.0,2.0,0.0,1.0,0.0,0
12205,9018,4.0,18,10,2,88,6,5,7.0,1.0,2.0,1.0,50.0,9.0,2.0,9.0,6.0,0
12206,17905,4.0,8,11,2,45,2,6,8.0,0.0,2.0,0.0,20.0,6.0,3.0,5.0,0.0,1
12207,19135,4.0,37,16,3,142,8,4,12.0,0.0,3.0,0.0,81.0,20.0,4.0,19.0,2.0,1
12208,15023,3.0,2,1,2,22,3,3,0.0,1.0,0.0,1.0,10.0,4.0,0.0,3.0,2.0,1
12209,11122,4.0,37,7,2,162,7,3,3.0,0.0,3.0,0.0,104.0,23.0,4.0,22.0,2.0,1
12210,4232,4.0,18,0,2,57,2,4,0.0,0.0,0.0,0.0,45.0,6.0,0.0,5.0,0.0,0
12211,8820,4.0,17,6,2,62,2,5,5.0,0.0,1.0,1.0,41.0,6.0,0.0,7.0,0.0,0
12212,4430,4.0,19,4,1,83,5,8,3.0,0.0,1.0,0.0,49.0,13.0,1.0,13.0,2.0,0
12213,12045,4.0,27,11,2,107,7,3,6.0,0.0,4.0,0.0,60.0,15.0,5.0,14.0,2.0,1
12214,16774,4.0,48,13,3,177,8,3,8.0,0.0,4.0,0.0,109.0,24.0,5.0,23.0,3.0,1
12215,12182,3.0,1,9,3,24,3,3,5.0,0.0,4.0,0.0,6.0,1.0,4.0,1.0,2.0,1
12216,8592,3.0,6,0,1,19,2,1,0.0,0.0,0.0,0.0,15.0,2.0,0.0,1.0,0.0,0
12217,4806,4.0,9,2,1,31,4,1,0.0,2.0,0.0,1.0,19.0,4.0,1.0,3.0,0.0,0
12218,18968,3.0,5,2,3,29,2,2,1.0,1.0,0.0,0.0,16.0,5.0,1.0,4.0,0.0,1
12219,13849,5.0,30,15,2,162,6,5,2.0,13.0,0.0,13.0,110.0,11.0,0.0,10.0,2.0,1
12220,11918,4.0,19,0,4,69,7,3,0.0,0.0,0.0,0.0,44.0,11.0,0.0,11.0,2.0,1
12221,15896,4.0,10,7,5,76,6,4,0.0,6.0,1.0,1.0,35.0,14.0,6.0,9.0,3.0,1
12222,5319,4.0,27,5,2,96,4,2,4.0,0.0,1.0,0.0,65.0,12.0,1.0,12.0,0.0,0
12223,7119,3.0,10,0,1,35,3,3,0.0,0.0,0.0,0.0,25.0,5.0,0.0,4.0,0.0,0
12224,2421,4.0,15,0,2,35,3,2,0.0,0.0,0.0,0.0,24.0,5.0,0.0,5.0,0.0,0
12225,1750,4.0,22,0,1,71,3,2,0.0,0.0,0.0,0.0,52.0,9.0,0.0,9.0,0.0,0
12226,11344,4.0,21,0,3,63,4,4,0.0,0.0,0.0,0.0,44.0,8.0,0.0,8.0,2.0,1
12227,12254,4.0,21,0,1,59,4,3,0.0,0.0,0.0,0.0,46.0,5.0,0.0,5.0,2.0,1
12228,19734,4.0,17,7,2,70,4,4,5.0,0.0,2.0,0.0,39.0,10.0,2.0,9.0,2.0,1
12229,338,4.0,38,21,2,160,4,5,12.0,7.0,2.0,5.0,87.0,22.0,4.0,20.0,0.0,0
12230,11855,4.0,37,3,2,138,8,3,0.0,0.0,3.0,0.0,84.0,22.0,3.0,22.0,3.0,1
12231,1341,3.0,6,0,1,23,3,1,0.0,0.0,0.0,0.0,16.0,3.0,0.0,3.0,0.0,0
12232,3640,4.0,14,0,2,43,4,2,0.0,0.0,0.0,0.0,28.0,7.0,0.0,7.0,0.0,0
12233,16713,3.0,12,26,1,81,4,4,8.0,2.0,16.0,10.0,10.0,8.0,8.0,15.0,3.0,1
12234,3004,4.0,11,0,1,42,4,4,0.0,0.0,0.0,0.0,27.0,6.0,0.0,6.0,2.0,0
12235,6960,4.0,21,8,3,80,4,4,6.0,0.0,2.0,0.0,47.0,11.0,2.0,10.0,1.0,0
12236,4090,4.0,21,18,1,82,4,3,14.0,0.0,3.0,1.0,45.0,7.0,3.0,7.0,1.0,0
12237,16314,4.0,26,9,5,127,8,9,0.0,7.0,1.0,3.0,64.0,22.0,6.0,17.0,6.0,1
12238,18706,3.0,12,0,2,59,4,6,0.0,0.0,0.0,0.0,38.0,9.0,0.0,9.0,2.0,1
12239,9650,4.0,39,24,13,157,7,4,9.0,11.0,4.0,12.0,83.0,15.0,3.0,16.0,3.0,0
12240,8363,4.0,25,0,1,67,3,1,0.0,0.0,0.0,0.0,50.0,8.0,0.0,8.0,0.0,0
12241,19347,4.0,10,0,3,54,4,5,0.0,0.0,0.0,0.0,35.0,8.0,0.0,8.0,2.0,1
12242,12418,4.0,8,10,4,50,4,3,6.0,0.0,4.0,0.0,25.0,4.0,4.0,4.0,2.0,1
12243,13350,4.0,2,15,4,33,3,3,10.0,0.0,5.0,0.0,6.0,2.0,5.0,2.0,2.0,1
12244,19005,4.0,25,2,2,80,7,3,1.0,0.0,0.0,0.0,54.0,11.0,1.0,10.0,2.0,1
12245,18023,3.0,8,0,2,24,1,0,0.0,0.0,0.0,0.0,19.0,2.0,0.0,2.0,0.0,1
12246,9130,4.0,8,2,1,31,4,1,0.0,2.0,0.0,1.0,19.0,4.0,1.0,3.0,0.0,0
12247,60,4.0,5,4,2,24,2,1,3.0,0.0,1.0,1.0,13.0,2.0,0.0,3.0,0.0,0
12248,1240,3.0,9,1,2,27,2,1,0.0,0.0,1.0,1.0,20.0,2.0,0.0,2.0,0.0,0
12249,5136,4.0,11,3,2,36,2,3,2.0,0.0,1.0,0.0,23.0,4.0,1.0,4.0,0.0,0
12250,2343,4.0,16,2,2,53,4,3,1.0,0.0,1.0,0.0,34.0,8.0,1.0,7.0,0.0,0
12251,15048,4.0,26,9,5,127,8,9,0.0,7.0,1.0,3.0,64.0,22.0,6.0,17.0,6.0,1
12252,2120,3.0,9,0,2,29,2,2,0.0,0.0,0.0,0.0,21.0,4.0,0.0,3.0,0.0,0
12253,1524,4.0,27,8,7,136,8,5,0.0,6.0,2.0,2.0,68.0,24.0,6.0,20.0,7.0,0
12254,7617,4.0,11,0,2,44,3,2,0.0,0.0,0.0,0.0,31.0,6.0,0.0,6.0,0.0,0
12255,153,5.0,18,29,2,116,5,2,18.0,11.0,0.0,11.0,59.0,8.0,0.0,7.0,1.0,0
12256,14536,4.0,8,0,2,28,2,2,0.0,0.0,0.0,0.0,20.0,4.0,0.0,3.0,0.0,1
12257,481,4.0,5,10,1,28,3,1,8.0,1.0,0.0,2.0,10.0,3.0,0.0,3.0,0.0,0
12258,6122,3.0,4,0,1,17,2,1,0.0,0.0,0.0,0.0,13.0,2.0,0.0,1.0,0.0,0
12259,12652,4.0,16,3,5,76,4,6,1.0,0.0,2.0,0.0,46.0,11.0,2.0,11.0,2.0,1
12260,12112,4.0,11,0,2,40,3,4,0.0,0.0,0.0,0.0,27.0,5.0,0.0,5.0,2.0,1
12261,15850,3.0,4,1,3,19,2,2,0.0,1.0,0.0,1.0,7.0,5.0,0.0,4.0,0.0,1
12262,1762,4.0,12,4,2,45,3,2,3.0,0.0,1.0,0.0,29.0,5.0,1.0,5.0,0.0,0
12263,15826,3.0,7,0,2,22,1,0,0.0,0.0,0.0,0.0,17.0,2.0,0.0,2.0,0.0,1
12264,15507,3.0,3,0,2,19,2,1,0.0,0.0,0.0,0.0,12.0,3.0,0.0,3.0,0.0,1
12265,8942,4.0,9,4,2,39,2,1,3.0,0.0,1.0,1.0,28.0,2.0,0.0,3.0,0.0,0
12266,7715,3.0,7,0,1,25,2,1,0.0,0.0,0.0,0.0,21.0,2.0,0.0,1.0,0.0,0
12267,4853,4.0,25,13,1,93,5,2,9.0,1.0,3.0,1.0,53.0,10.0,3.0,10.0,2.0,0
12268,2711,4.0,18,21,3,112,3,8,16.0,4.0,1.0,4.0,61.0,12.0,1.0,12.0,0.0,0
12269,17717,4.0,19,6,2,75,7,3,3.0,0.0,2.0,1.0,42.0,11.0,2.0,11.0,2.0,1
12270,11046,4.0,17,1,2,69,6,3,0.0,0.0,1.0,0.0,47.0,9.0,1.0,8.0,2.0,1
12271,6819,4.0,20,0,2,62,4,2,0.0,0.0,0.0,0.0,49.0,6.0,0.0,6.0,0.0,0
12272,13081,3.0,6,0,1,17,1,0,0.0,0.0,0.0,0.0,14.0,1.0,0.0,1.0,0.0,1
12273,11555,4.0,8,0,4,38,2,3,0.0,0.0,0.0,0.0,23.0,7.0,0.0,7.0,0.0,1
12274,17770,3.0,4,0,3,34,3,4,0.0,0.0,0.0,0.0,19.0,6.0,0.0,6.0,2.0,1
12275,5941,4.0,24,4,1,94,5,8,3.0,0.0,1.0,0.0,58.0,14.0,1.0,14.0,2.0,0
12276,3067,4.0,48,0,1,135,4,8,0.0,0.0,0.0,0.0,91.0,21.0,0.0,20.0,2.0,0
12277,3629,4.0,7,1,1,31,4,1,0.0,1.0,0.0,1.0,20.0,4.0,0.0,4.0,0.0,0
12278,3028,4.0,19,8,3,69,3,4,7.0,0.0,1.0,0.0,43.0,8.0,1.0,8.0,0.0,0
12279,2969,4.0,7,9,3,41,5,1,7.0,0.0,1.0,1.0,18.0,6.0,1.0,6.0,0.0,0
12280,11664,4.0,8,0,1,33,3,4,0.0,0.0,0.0,0.0,22.0,4.0,0.0,4.0,2.0,1
12281,8646,4.0,8,9,1,34,3,3,7.0,0.0,2.0,1.0,14.0,4.0,1.0,4.0,0.0,0
12282,15156,4.0,13,8,2,71,6,3,3.0,2.0,3.0,2.0,33.0,11.0,3.0,11.0,2.0,1
12283,19422,4.0,8,0,3,38,3,2,0.0,0.0,0.0,0.0,25.0,6.0,0.0,6.0,0.0,1
12284,4263,4.0,15,6,3,56,4,2,5.0,0.0,0.0,0.0,36.0,7.0,1.0,6.0,0.0,0
12285,17029,3.0,15,27,1,90,4,4,6.0,3.0,18.0,14.0,10.0,9.0,7.0,19.0,3.0,1
12286,15646,4.0,18,28,2,84,4,7,21.0,6.0,1.0,5.0,32.0,8.0,2.0,6.0,2.0,1
12287,7992,3.0,7,0,1,23,2,1,0.0,0.0,0.0,0.0,18.0,2.0,0.0,2.0,0.0,0
12288,18458,4.0,6,7,1,31,2,4,5.0,0.0,2.0,1.0,15.0,3.0,1.0,3.0,0.0,1
12289,16725,4.0,13,0,3,48,2,3,0.0,0.0,0.0,0.0,35.0,6.0,0.0,6.0,0.0,1
12290,8041,4.0,51,4,1,180,3,3,3.0,0.0,1.0,0.0,123.0,26.0,1.0,25.0,0.0,0
12291,15988,4.0,5,4,2,27,2,2,3.0,0.0,0.0,1.0,14.0,4.0,0.0,4.0,0.0,1
12292,1622,4.0,20,9,4,87,6,4,7.0,0.0,1.0,0.0,51.0,13.0,2.0,12.0,0.0,0
12293,12875,4.0,17,9,2,73,4,5,5.0,0.0,4.0,0.0,41.0,8.0,4.0,8.0,2.0,1
12294,7184,3.0,6,0,2,19,2,1,0.0,0.0,0.0,0.0,13.0,3.0,0.0,2.0,0.0,0
12295,5475,3.0,3,0,1,17,3,1,0.0,0.0,0.0,0.0,8.0,4.0,0.0,4.0,0.0,0
12296,16458,5.0,39,5,3,132,6,4,0.0,5.0,0.0,5.0,100.0,9.0,0.0,9.0,3.0,1
12297,8996,4.0,18,0,1,51,3,2,0.0,0.0,0.0,0.0,34.0,8.0,0.0,8.0,0.0,0
12298,11372,3.0,6,0,1,25,3,4,0.0,0.0,0.0,0.0,15.0,4.0,0.0,3.0,2.0,1
12299,8633,4.0,16,0,2,49,5,2,0.0,0.0,0.0,0.0,34.0,7.0,0.0,6.0,1.0,0
12300,18435,4.0,43,5,3,152,7,7,2.0,0.0,3.0,0.0,104.0,19.0,3.0,18.0,2.0,1
12301,17685,4.0,22,3,3,83,7,3,1.0,0.0,1.0,0.0,51.0,13.0,2.0,12.0,2.0,1
12302,1304,4.0,28,2,7,107,6,8,0.0,0.0,1.0,2.0,59.0,21.0,0.0,22.0,1.0,0
12303,8428,5.0,21,32,9,130,7,4,18.0,11.0,3.0,11.0,56.0,12.0,3.0,12.0,3.0,0
12304,4033,4.0,15,6,2,56,2,5,5.0,0.0,1.0,1.0,35.0,6.0,0.0,7.0,0.0,0
12305,2599,3.0,9,3,1,29,3,2,2.0,1.0,0.0,0.0,17.0,4.0,0.0,4.0,0.0,0
12306,12808,4.0,9,0,2,36,4,3,0.0,0.0,0.0,0.0,23.0,5.0,0.0,5.0,2.0,1
12307,2573,4.0,18,0,2,52,4,2,0.0,0.0,0.0,0.0,37.0,7.0,0.0,7.0,0.0,0
12308,3186,4.0,10,0,2,37,3,2,0.0,0.0,0.0,0.0,26.0,5.0,0.0,5.0,0.0,0
12309,4831,3.0,10,0,2,32,2,1,0.0,0.0,0.0,0.0,25.0,3.0,0.0,3.0,0.0,0
12310,16086,3.0,14,32,1,99,4,4,7.0,3.0,22.0,17.0,9.0,8.0,8.0,21.0,3.0,1
12311,2106,4.0,19,2,3,65,5,3,1.0,0.0,0.0,0.0,45.0,9.0,1.0,8.0,0.0,0
12312,15517,4.0,11,1,4,55,5,7,0.0,0.0,1.0,1.0,28.0,10.0,0.0,11.0,3.0,1
12313,12880,4.0,9,0,3,51,4,3,0.0,0.0,0.0,0.0,30.0,9.0,0.0,9.0,2.0,1
12314,17771,4.0,34,3,5,132,7,3,1.0,0.0,2.0,0.0,86.0,19.0,2.0,19.0,2.0,1
12315,19692,3.0,5,4,2,27,2,2,3.0,0.0,0.0,1.0,14.0,4.0,0.0,4.0,0.0,1
12316,7083,4.0,15,2,4,68,6,3,1.0,0.0,0.0,0.0,41.0,12.0,1.0,11.0,1.0,0
12317,13192,4.0,16,2,2,59,4,5,1.0,0.0,1.0,0.0,37.0,8.0,1.0,8.0,2.0,1
12318,1279,4.0,21,0,1,61,3,2,0.0,0.0,0.0,0.0,44.0,7.0,0.0,7.0,2.0,0
12319,13221,4.0,26,9,4,122,6,6,4.0,0.0,5.0,1.0,74.0,15.0,4.0,16.0,2.0,1
12320,804,4.0,34,5,2,107,4,6,3.0,0.0,2.0,0.0,73.0,13.0,2.0,13.0,0.0,0
12321,14596,4.0,14,0,3,49,2,4,0.0,0.0,0.0,0.0,34.0,7.0,0.0,7.0,0.0,1
12322,17939,4.0,15,2,2,54,4,4,1.0,0.0,1.0,0.0,34.0,7.0,1.0,7.0,2.0,1
12323,11382,3.0,19,0,2,51,1,0,0.0,0.0,0.0,0.0,46.0,2.0,0.0,2.0,0.0,1
12324,4566,4.0,8,0,3,35,3,2,0.0,0.0,0.0,0.0,22.0,6.0,0.0,6.0,0.0,0
12325,19687,4.0,16,4,3,64,4,5,2.0,0.0,2.0,2.0,40.0,7.0,0.0,9.0,1.0,1
12326,15358,3.0,9,0,3,40,2,4,0.0,0.0,0.0,0.0,26.0,7.0,0.0,6.0,0.0,1
12327,4841,3.0,9,0,2,26,2,1,0.0,0.0,0.0,0.0,20.0,3.0,0.0,2.0,0.0,0
12328,10112,4.0,20,0,4,65,3,4,0.0,0.0,0.0,0.0,46.0,9.0,0.0,9.0,0.0,1
12329,8705,4.0,6,5,2,28,2,1,3.0,2.0,0.0,1.0,15.0,3.0,1.0,2.0,0.0,0
12330,17692,4.0,4,0,3,30,3,1,0.0,0.0,0.0,0.0,19.0,5.0,0.0,5.0,0.0,1
12331,13859,3.0,13,0,3,43,3,1,0.0,0.0,0.0,0.0,30.0,6.0,0.0,6.0,0.0,1
12332,9106,3.0,8,0,1,23,2,1,0.0,0.0,0.0,0.0,19.0,2.0,0.0,1.0,0.0,0
12333,3452,4.0,20,10,2,78,3,2,9.0,0.0,1.0,0.0,48.0,9.0,1.0,9.0,0.0,0
12334,2198,3.0,7,0,1,17,2,1,0.0,0.0,0.0,0.0,13.0,2.0,0.0,1.0,0.0,0
12335,16032,4.0,7,0,3,36,4,3,0.0,0.0,0.0,0.0,21.0,6.0,0.0,6.0,2.0,1
12336,4425,4.0,34,16,2,122,3,2,10.0,0.0,6.0,0.0,75.0,12.0,6.0,12.0,0.0,0
12337,6150,3.0,4,0,2,17,2,1,0.0,0.0,0.0,0.0,11.0,3.0,0.0,2.0,0.0,0
12338,14289,4.0,14,6,2,68,4,8,4.0,0.0,2.0,0.0,41.0,8.0,2.0,8.0,2.0,1
12339,17327,4.0,9,0,4,47,4,3,0.0,0.0,0.0,0.0,30.0,7.0,0.0,7.0,2.0,1
12340,822,4.0,28,5,2,81,3,1,4.0,0.0,1.0,0.0,53.0,10.0,1.0,10.0,1.0,0
12341,15070,3.0,10,0,2,30,2,2,0.0,0.0,0.0,0.0,22.0,4.0,0.0,3.0,0.0,1
12342,8356,4.0,12,3,2,45,4,1,2.0,0.0,0.0,0.0,32.0,5.0,1.0,4.0,0.0,0
12343,12175,4.0,21,2,3,79,7,3,0.0,0.0,1.0,0.0,48.0,13.0,2.0,12.0,2.0,1
12344,18922,4.0,13,17,7,88,6,4,11.0,0.0,6.0,0.0,40.0,11.0,6.0,11.0,2.0,1
12345,15149,3.0,10,0,1,24,1,0,0.0,0.0,0.0,0.0,21.0,1.0,0.0,1.0,0.0,1
12346,9503,4.0,27,2,3,78,3,4,0.0,0.0,2.0,2.0,59.0,6.0,0.0,8.0,0.0,0
12347,19536,4.0,15,4,1,61,4,7,2.0,0.0,2.0,0.0,37.0,7.0,2.0,7.0,3.0,1
12348,19021,4.0,11,10,7,63,3,5,7.0,1.0,2.0,2.0,29.0,9.0,1.0,9.0,2.0,1
12349,13575,3.0,1,9,3,25,3,3,4.0,1.0,4.0,1.0,6.0,1.0,4.0,1.0,2.0,1
12350,3054,3.0,23,4,1,64,3,3,3.0,0.0,1.0,1.0,43.0,7.0,0.0,8.0,0.0,0
12351,7218,4.0,31,8,1,95,3,4,7.0,0.0,0.0,0.0,55.0,16.0,1.0,15.0,0.0,0
12352,6722,3.0,19,0,3,69,3,4,0.0,0.0,0.0,0.0,48.0,10.0,0.0,10.0,0.0,0
12353,3300,5.0,34,29,1,170,8,3,21.0,1.0,6.0,0.0,83.0,25.0,8.0,23.0,2.0,0
12354,8519,4.0,10,5,1,40,3,2,2.0,2.0,0.0,2.0,23.0,5.0,1.0,4.0,0.0,0
12355,16380,4.0,25,5,4,98,7,3,3.0,0.0,1.0,0.0,60.0,15.0,2.0,14.0,2.0,1
12356,10682,4.0,15,2,4,57,3,4,1.0,0.0,1.0,0.0,37.0,8.0,1.0,8.0,0.0,1
12357,14295,4.0,3,10,4,32,3,3,6.0,0.0,4.0,0.0,11.0,2.0,4.0,2.0,2.0,1
12358,10998,3.0,4,0,1,16,2,2,0.0,0.0,0.0,0.0,10.0,3.0,0.0,2.0,0.0,1
12359,12600,3.0,8,0,2,29,2,2,0.0,0.0,0.0,0.0,21.0,4.0,0.0,3.0,0.0,1
12360,17216,3.0,6,0,1,18,1,0,0.0,0.0,0.0,0.0,15.0,1.0,0.0,1.0,0.0,1
12361,11271,4.0,25,4,3,91,8,3,2.0,0.0,1.0,0.0,56.0,14.0,2.0,13.0,2.0,1
12362,19813,4.0,34,7,3,120,8,3,4.0,0.0,2.0,0.0,75.0,17.0,3.0,16.0,2.0,1
12363,7643,4.0,12,0,2,49,3,2,0.0,0.0,0.0,0.0,34.0,7.0,0.0,7.0,0.0,0
12364,16438,3.0,6,0,2,19,1,0,0.0,0.0,0.0,0.0,14.0,2.0,0.0,2.0,0.0,1
12365,14422,4.0,2,13,4,38,3,4,7.0,2.0,4.0,2.0,10.0,3.0,4.0,3.0,2.0,1
12366,10093,4.0,12,4,3,59,7,4,2.0,0.0,1.0,0.0,32.0,10.0,2.0,9.0,2.0,1
12367,1481,4.0,14,6,3,50,2,4,4.0,0.0,2.0,0.0,31.0,5.0,2.0,5.0,0.0,0
12368,4873,4.0,11,8,2,44,3,2,7.0,0.0,1.0,0.0,24.0,5.0,1.0,5.0,0.0,0
12369,13087,4.0,16,8,2,80,4,4,5.0,0.0,3.0,0.0,46.0,10.0,3.0,10.0,2.0,1
12370,16002,5.0,15,29,4,105,5,4,19.0,8.0,1.0,10.0,47.0,8.0,0.0,9.0,2.0,1
12371,8038,3.0,10,0,3,26,2,1,0.0,0.0,0.0,0.0,18.0,4.0,0.0,3.0,0.0,0
12372,12342,4.0,3,87,7,116,5,3,76.0,1.0,9.0,0.0,10.0,4.0,11.0,2.0,2.0,1
12373,5797,4.0,23,20,2,91,6,1,14.0,0.0,5.0,2.0,50.0,7.0,4.0,8.0,0.0,0
12374,11485,4.0,14,3,7,70,3,6,2.0,0.0,1.0,1.0,40.0,11.0,0.0,12.0,2.0,1
12375,5232,4.0,11,7,2,46,3,5,4.0,0.0,2.0,0.0,23.0,7.0,3.0,6.0,0.0,0
12376,6645,4.0,28,8,6,129,8,5,0.0,6.0,2.0,2.0,66.0,21.0,6.0,17.0,8.0,0
12377,15534,4.0,11,1,4,63,5,9,0.0,0.0,1.0,1.0,32.0,11.0,0.0,12.0,5.0,1
12378,5490,4.0,13,7,1,52,4,3,6.0,0.0,1.0,0.0,34.0,5.0,1.0,4.0,0.0,0
12379,768,3.0,8,0,1,21,2,1,0.0,0.0,0.0,0.0,17.0,2.0,0.0,1.0,0.0,0
12380,18449,3.0,4,0,1,14,2,0,0.0,0.0,0.0,0.0,9.0,2.0,0.0,2.0,0.0,1
12381,7311,4.0,16,24,1,87,3,12,15.0,5.0,3.0,5.0,35.0,9.0,4.0,8.0,2.0,0
12382,19941,4.0,4,13,4,37,3,4,8.0,0.0,4.0,1.0,11.0,3.0,4.0,3.0,2.0,1
12383,2717,4.0,13,0,1,40,3,2,0.0,0.0,0.0,0.0,31.0,4.0,0.0,4.0,0.0,0
12384,2079,4.0,11,4,1,51,4,1,3.0,0.0,1.0,0.0,29.0,7.0,1.0,7.0,2.0,0
12385,951,3.0,8,0,2,26,2,1,0.0,0.0,0.0,0.0,20.0,3.0,0.0,2.0,0.0,0
12386,2482,3.0,11,0,1,37,3,3,0.0,0.0,0.0,0.0,25.0,6.0,0.0,5.0,0.0,0
12387,9181,4.0,11,0,5,42,2,2,0.0,0.0,0.0,0.0,27.0,7.0,0.0,7.0,0.0,0
12388,1759,4.0,24,7,2,89,4,4,6.0,0.0,1.0,0.0,58.0,11.0,1.0,11.0,0.0,0
12389,9984,4.0,11,0,3,44,2,2,0.0,0.0,0.0,0.0,33.0,5.0,0.0,5.0,0.0,0
12390,9916,4.0,15,10,1,70,3,4,8.0,0.0,2.0,0.0,39.0,9.0,2.0,9.0,0.0,0
12391,4243,3.0,7,0,2,26,2,1,0.0,0.0,0.0,0.0,20.0,3.0,0.0,2.0,0.0,0
12392,17072,4.0,41,0,5,131,4,12,0.0,0.0,0.0,0.0,94.0,17.0,0.0,17.0,2.0,1
12393,13395,4.0,20,9,1,91,4,7,5.0,1.0,3.0,0.0,49.0,14.0,4.0,12.0,2.0,1
12394,4944,3.0,12,3,1,34,2,5,2.0,0.0,1.0,0.0,20.0,5.0,0.0,5.0,0.0,0
12395,17350,4.0,24,18,3,107,5,8,15.0,0.0,3.0,0.0,63.0,10.0,3.0,10.0,2.0,1
12396,5588,3.0,9,0,2,38,2,4,0.0,0.0,0.0,0.0,25.0,6.0,0.0,6.0,0.0,0
12397,16241,3.0,10,0,2,34,2,3,0.0,0.0,0.0,0.0,24.0,5.0,0.0,4.0,0.0,1
12398,10395,4.0,52,7,3,184,8,3,4.0,0.0,3.0,0.0,117.0,27.0,3.0,27.0,2.0,1
12399,4757,3.0,14,0,1,42,3,2,0.0,0.0,0.0,0.0,33.0,4.0,0.0,4.0,0.0,0
12400,4380,4.0,15,0,1,51,3,3,0.0,0.0,0.0,0.0,40.0,5.0,0.0,5.0,0.0,0
12401,13472,3.0,11,0,1,34,2,3,0.0,0.0,0.0,0.0,26.0,4.0,0.0,3.0,0.0,1
12402,12997,3.0,8,2,4,50,3,5,1.0,0.0,1.0,1.0,29.0,7.0,0.0,8.0,2.0,1
12403,5299,3.0,32,0,1,78,3,5,0.0,0.0,0.0,0.0,59.0,9.0,0.0,9.0,0.0,0
12404,1990,4.0,11,0,3,41,3,1,0.0,0.0,0.0,0.0,26.0,7.0,0.0,7.0,0.0,0
12405,12312,4.0,16,0,2,61,4,3,0.0,0.0,0.0,0.0,44.0,7.0,0.0,7.0,2.0,1
12406,12951,3.0,7,0,2,27,3,2,0.0,0.0,0.0,0.0,18.0,4.0,0.0,3.0,1.0,1
12407,17589,4.0,3,6,4,31,3,1,3.0,0.0,3.0,0.0,13.0,4.0,3.0,4.0,0.0,1
12408,13490,4.0,29,3,3,97,4,5,2.0,0.0,1.0,0.0,66.0,12.0,1.0,12.0,2.0,1
12409,4971,3.0,12,0,2,40,3,1,0.0,0.0,0.0,0.0,31.0,4.0,0.0,4.0,0.0,0
12410,19745,3.0,0,9,3,23,3,3,5.0,0.0,4.0,0.0,5.0,1.0,4.0,1.0,2.0,1
12411,13226,4.0,7,0,2,30,3,3,0.0,0.0,0.0,0.0,19.0,4.0,0.0,4.0,2.0,1
12412,6783,4.0,15,16,1,62,3,2,12.0,2.0,2.0,0.0,33.0,5.0,4.0,3.0,0.0,0
12413,3600,4.0,11,10,1,47,3,3,9.0,0.0,0.0,0.0,25.0,6.0,1.0,5.0,0.0,0
12414,19978,4.0,19,2,6,104,7,14,0.0,0.0,1.0,2.0,51.0,20.0,0.0,21.0,8.0,1
12415,8070,4.0,6,5,2,25,2,2,3.0,1.0,1.0,0.0,12.0,3.0,1.0,3.0,0.0,0
12416,8577,3.0,12,0,1,36,2,4,0.0,0.0,0.0,0.0,25.0,5.0,0.0,5.0,0.0,0
12417,7973,4.0,30,5,1,103,4,5,4.0,0.0,1.0,0.0,62.0,16.0,1.0,16.0,2.0,0
12418,10314,4.0,20,0,9,85,4,6,0.0,0.0,0.0,0.0,52.0,15.0,0.0,15.0,2.0,1
12419,1625,3.0,49,1,1,116,4,9,0.0,0.0,1.0,1.0,82.0,14.0,0.0,15.0,2.0,0
12420,16920,4.0,8,0,2,38,4,3,0.0,0.0,0.0,0.0,23.0,6.0,0.0,6.0,2.0,1
12421,7970,4.0,17,0,1,54,3,2,0.0,0.0,0.0,0.0,41.0,6.0,0.0,6.0,0.0,0
12422,13224,4.0,6,1,2,32,4,4,0.0,0.0,0.0,1.0,17.0,5.0,0.0,5.0,3.0,1
12423,4212,4.0,16,13,2,65,3,8,9.0,0.0,4.0,0.0,34.0,7.0,4.0,6.0,0.0,0
12424,6456,3.0,7,0,1,22,2,1,0.0,0.0,0.0,0.0,18.0,2.0,0.0,1.0,0.0,0
12425,9524,4.0,17,4,2,60,4,2,3.0,0.0,1.0,0.0,40.0,7.0,1.0,7.0,0.0,0
12426,11694,4.0,5,14,3,41,2,3,11.0,0.0,3.0,1.0,16.0,3.0,2.0,4.0,0.0,1
12427,2708,4.0,13,16,5,72,6,2,12.0,0.0,4.0,0.0,31.0,10.0,4.0,10.0,0.0,0
12428,6514,3.0,5,5,2,21,2,2,3.0,0.0,2.0,2.0,8.0,2.0,0.0,3.0,0.0,0
12429,4662,3.0,7,4,2,28,2,1,3.0,0.0,1.0,1.0,17.0,2.0,0.0,3.0,0.0,0
12430,1854,4.0,14,1,2,54,3,2,0.0,1.0,0.0,1.0,37.0,7.0,0.0,7.0,0.0,0
12431,3072,4.0,10,3,1,29,3,2,2.0,1.0,0.0,0.0,17.0,4.0,0.0,4.0,0.0,0
12432,14755,4.0,12,11,2,52,2,6,8.0,0.0,2.0,0.0,27.0,6.0,3.0,5.0,0.0,1
12433,1645,4.0,16,0,3,41,3,2,0.0,0.0,0.0,0.0,27.0,6.0,0.0,6.0,1.0,0
12434,3417,4.0,11,0,2,50,3,4,0.0,0.0,0.0,0.0,35.0,7.0,0.0,7.0,0.0,0
12435,3476,4.0,47,6,2,138,4,5,5.0,0.0,1.0,0.0,90.0,19.0,1.0,19.0,2.0,0
12436,11053,4.0,18,3,3,79,7,3,1.0,0.0,1.0,0.0,51.0,11.0,2.0,10.0,2.0,1
12437,1792,4.0,12,1,1,50,3,3,0.0,0.0,1.0,1.0,34.0,6.0,0.0,7.0,0.0,0
12438,13718,4.0,10,0,2,42,3,4,0.0,0.0,0.0,0.0,29.0,5.0,0.0,5.0,2.0,1
12439,15114,4.0,24,6,3,85,4,5,4.0,0.0,2.0,0.0,56.0,9.0,2.0,9.0,2.0,1
12440,3797,4.0,7,6,2,44,7,1,4.0,0.0,1.0,0.0,21.0,8.0,2.0,7.0,0.0,0
12441,3368,3.0,9,0,2,31,2,1,0.0,0.0,0.0,0.0,25.0,3.0,0.0,2.0,0.0,0
12442,11559,4.0,18,0,4,69,4,5,0.0,0.0,0.0,0.0,48.0,9.0,0.0,9.0,2.0,1
12443,7196,4.0,39,15,1,139,4,7,11.0,0.0,3.0,0.0,79.0,20.0,4.0,19.0,2.0,0
12444,11641,4.0,9,2,3,45,3,4,1.0,0.0,1.0,0.0,29.0,5.0,1.0,5.0,2.0,1
12445,8795,4.0,16,15,2,58,4,2,13.0,2.0,0.0,1.0,29.0,6.0,1.0,5.0,0.0,0
12446,126,4.0,12,7,2,45,4,2,6.0,0.0,0.0,0.0,26.0,6.0,1.0,5.0,0.0,0
12447,5959,4.0,9,4,1,37,3,2,2.0,2.0,0.0,1.0,21.0,5.0,1.0,4.0,0.0,0
12448,13635,4.0,8,0,3,38,3,4,0.0,0.0,0.0,0.0,23.0,6.0,0.0,6.0,2.0,1
12449,15343,4.0,21,1,5,79,9,3,0.0,0.0,1.0,0.0,43.0,15.0,1.0,15.0,3.0,1
12450,4451,4.0,25,8,2,86,6,2,5.0,0.0,3.0,0.0,54.0,9.0,3.0,9.0,2.0,0
12451,7147,4.0,30,36,1,139,5,6,8.0,2.0,26.0,18.0,30.0,12.0,10.0,28.0,4.0,0
12452,827,4.0,27,0,1,84,3,2,0.0,0.0,0.0,0.0,59.0,12.0,0.0,12.0,0.0,0
12453,19653,3.0,4,0,2,17,1,0,0.0,0.0,0.0,0.0,12.0,2.0,0.0,2.0,0.0,1
12454,17368,3.0,5,0,1,13,1,0,0.0,0.0,0.0,0.0,10.0,1.0,0.0,1.0,0.0,1
12455,11473,3.0,12,30,1,84,4,4,9.0,3.0,18.0,11.0,8.0,7.0,10.0,14.0,3.0,1
12456,7783,4.0,10,7,2,48,3,4,6.0,0.0,1.0,0.0,25.0,7.0,1.0,7.0,0.0,0
12457,10380,3.0,5,0,1,17,2,0,0.0,0.0,0.0,0.0,12.0,2.0,0.0,2.0,0.0,1
12458,19597,4.0,11,0,3,47,4,4,0.0,0.0,0.0,0.0,30.0,7.0,0.0,7.0,2.0,1
12459,2443,3.0,10,0,2,33,2,2,0.0,0.0,0.0,0.0,24.0,4.0,0.0,4.0,0.0,0
12460,10541,4.0,11,6,3,45,3,4,4.0,0.0,2.0,1.0,25.0,4.0,1.0,5.0,2.0,1
12461,16729,4.0,10,0,2,33,3,3,0.0,0.0,0.0,0.0,22.0,4.0,0.0,4.0,2.0,1
12462,814,4.0,13,2,2,40,6,2,0.0,1.0,1.0,2.0,20.0,7.0,0.0,7.0,1.0,0
12463,12999,4.0,15,0,3,59,4,4,0.0,0.0,0.0,0.0,42.0,7.0,0.0,7.0,2.0,1
12464,11397,3.0,16,32,1,90,4,4,10.0,2.0,20.0,12.0,9.0,7.0,10.0,16.0,3.0,1
12465,19097,4.0,7,5,2,33,4,1,4.0,0.0,0.0,0.0,19.0,4.0,1.0,3.0,1.0,1
12466,19797,4.0,27,7,3,105,8,3,3.0,0.0,3.0,0.0,59.0,17.0,4.0,16.0,2.0,1
12467,14153,3.0,6,0,3,35,4,3,0.0,0.0,0.0,0.0,20.0,6.0,0.0,6.0,2.0,1
12468,12298,3.0,4,1,3,29,2,2,0.0,1.0,0.0,1.0,16.0,5.0,0.0,5.0,0.0,1
12469,5779,4.0,8,0,3,40,3,2,0.0,0.0,0.0,0.0,25.0,7.0,0.0,7.0,0.0,0
12470,2116,3.0,25,0,2,64,2,3,0.0,0.0,0.0,0.0,53.0,5.0,0.0,5.0,0.0,0
12471,793,4.0,18,0,2,51,3,4,0.0,0.0,0.0,0.0,36.0,7.0,0.0,7.0,0.0,0
12472,10147,4.0,11,0,2,43,3,3,0.0,0.0,0.0,0.0,32.0,4.0,0.0,4.0,2.0,1
12473,6898,3.0,8,0,1,26,3,3,0.0,0.0,0.0,0.0,16.0,5.0,0.0,4.0,0.0,0
12474,2674,4.0,33,21,11,142,4,4,10.0,9.0,2.0,10.0,80.0,14.0,1.0,14.0,1.0,0
12475,16478,4.0,11,0,3,33,2,3,0.0,0.0,0.0,0.0,21.0,6.0,0.0,5.0,0.0,1
12476,15770,4.0,11,3,3,50,4,5,0.0,2.0,1.0,3.0,26.0,7.0,0.0,8.0,2.0,1
12477,3756,4.0,12,0,5,50,3,2,0.0,0.0,0.0,0.0,33.0,8.0,0.0,8.0,0.0,0
12478,2891,4.0,30,19,1,115,3,5,16.0,0.0,3.0,1.0,67.0,12.0,2.0,13.0,0.0,0
12479,18755,4.0,27,5,3,98,8,4,3.0,0.0,1.0,0.0,58.0,16.0,2.0,15.0,2.0,1
12480,14382,4.0,41,5,3,160,8,3,2.0,0.0,2.0,0.0,106.0,22.0,3.0,21.0,3.0,1
12481,3228,3.0,12,0,2,40,3,4,0.0,0.0,0.0,0.0,26.0,7.0,0.0,6.0,0.0,0
12482,7863,3.0,5,0,2,21,2,1,0.0,0.0,0.0,0.0,15.0,3.0,0.0,2.0,0.0,0
12483,6359,4.0,9,1,1,31,5,1,0.0,1.0,0.0,1.0,18.0,5.0,0.0,5.0,0.0,0
12484,19230,4.0,10,16,3,66,4,5,9.0,0.0,7.0,0.0,26.0,7.0,7.0,7.0,2.0,1
12485,13429,4.0,30,4,3,108,8,3,2.0,0.0,1.0,0.0,71.0,15.0,2.0,14.0,2.0,1
12486,11104,4.0,26,7,2,86,4,5,5.0,0.0,2.0,0.0,54.0,10.0,2.0,10.0,2.0,1
12487,18249,3.0,4,0,2,13,1,0,0.0,0.0,0.0,0.0,8.0,2.0,0.0,2.0,0.0,1
12488,13946,4.0,11,8,4,66,6,3,5.0,0.0,2.0,0.0,34.0,10.0,3.0,9.0,2.0,1
12489,4612,3.0,5,2,3,24,2,1,1.0,0.0,1.0,1.0,13.0,3.0,0.0,4.0,0.0,0
12490,19029,3.0,3,0,1,10,1,0,0.0,0.0,0.0,0.0,7.0,1.0,0.0,1.0,0.0,1
12491,2243,4.0,16,3,2,50,5,1,2.0,0.0,0.0,0.0,31.0,8.0,1.0,7.0,0.0,0
12492,5373,4.0,28,9,2,102,3,3,7.0,0.0,2.0,0.0,63.0,14.0,2.0,13.0,0.0,0
12493,2336,4.0,14,0,2,40,3,2,0.0,0.0,0.0,0.0,27.0,6.0,0.0,6.0,0.0,0
12494,17334,4.0,11,0,3,58,2,6,0.0,0.0,0.0,0.0,39.0,9.0,0.0,9.0,0.0,1
12495,11260,4.0,17,1,3,80,7,4,0.0,0.0,1.0,0.0,50.0,13.0,1.0,12.0,2.0,1
12496,1120,4.0,19,0,2,55,4,3,0.0,0.0,0.0,0.0,40.0,7.0,0.0,7.0,0.0,0
12497,10789,4.0,11,0,2,41,4,2,0.0,0.0,0.0,0.0,28.0,5.0,0.0,5.0,2.0,1
12498,18588,4.0,10,0,4,45,3,3,0.0,0.0,0.0,0.0,30.0,6.0,0.0,6.0,2.0,1
12499,419,4.0,12,3,2,45,3,1,2.0,0.0,1.0,0.0,32.0,4.0,1.0,4.0,0.0,0
12500,922,3.0,9,0,1,22,3,1,0.0,0.0,0.0,0.0,15.0,3.0,0.0,3.0,0.0,0
12501,9446,3.0,6,0,2,24,2,2,0.0,0.0,0.0,0.0,15.0,4.0,0.0,4.0,0.0,0
12502,5408,4.0,4,20,1,42,3,4,17.0,0.0,3.0,1.0,12.0,3.0,2.0,3.0,0.0,0
12503,5788,3.0,12,0,2,32,3,1,0.0,0.0,0.0,0.0,20.0,6.0,0.0,5.0,0.0,0
12504,15374,3.0,5,0,2,30,3,3,0.0,0.0,0.0,0.0,19.0,4.0,0.0,4.0,2.0,1
12505,17586,4.0,29,0,2,94,4,4,0.0,0.0,0.0,0.0,65.0,13.0,0.0,13.0,2.0,1
12506,8389,2.0,3,0,2,11,2,1,0.0,0.0,0.0,0.0,5.0,3.0,0.0,2.0,0.0,0
12507,1970,3.0,4,0,1,14,2,1,0.0,0.0,0.0,0.0,10.0,2.0,0.0,1.0,0.0,0
12508,11302,3.0,10,0,2,34,2,3,0.0,0.0,0.0,0.0,24.0,5.0,0.0,4.0,0.0,1
12509,4018,4.0,7,0,2,25,2,1,0.0,0.0,0.0,0.0,18.0,3.0,0.0,3.0,0.0,0
12510,3687,4.0,13,6,1,57,3,3,5.0,0.0,1.0,0.0,35.0,7.0,1.0,7.0,0.0,0
12511,18381,4.0,21,0,2,65,3,5,0.0,0.0,0.0,0.0,37.0,14.0,0.0,13.0,0.0,1
12512,12790,4.0,26,4,3,99,7,6,3.0,0.0,1.0,0.0,67.0,12.0,1.0,12.0,2.0,1
12513,11246,4.0,22,4,2,85,7,3,1.0,0.0,3.0,1.0,54.0,10.0,2.0,11.0,2.0,1
12514,1248,4.0,12,7,1,42,2,2,5.0,1.0,0.0,1.0,28.0,3.0,1.0,2.0,0.0,0
12515,2192,4.0,13,4,2,53,3,3,2.0,2.0,0.0,2.0,28.0,9.0,0.0,9.0,0.0,0
12516,19096,4.0,13,0,2,63,4,5,0.0,0.0,0.0,0.0,42.0,9.0,0.0,9.0,2.0,1
12517,9184,4.0,21,6,2,84,3,4,4.0,0.0,2.0,0.0,50.0,13.0,2.0,12.0,0.0,0
12518,18574,4.0,13,0,3,48,5,3,0.0,0.0,0.0,0.0,31.0,7.0,0.0,7.0,2.0,1
12519,4670,4.0,18,44,1,107,4,6,25.0,12.0,7.0,11.0,28.0,7.0,8.0,6.0,2.0,0
12520,5984,4.0,7,6,2,33,3,1,5.0,0.0,1.0,1.0,18.0,3.0,0.0,4.0,0.0,0
12521,6565,4.0,29,6,1,107,4,6,4.0,0.0,2.0,0.0,63.0,17.0,2.0,16.0,2.0,0
12522,7804,3.0,8,0,1,23,2,1,0.0,0.0,0.0,0.0,19.0,2.0,0.0,1.0,0.0,0
12523,11954,4.0,18,0,1,64,4,6,0.0,0.0,0.0,0.0,46.0,8.0,0.0,7.0,2.0,1
12524,6943,4.0,18,8,1,80,3,5,5.0,0.0,3.0,0.0,49.0,10.0,3.0,9.0,0.0,0
12525,9510,4.0,29,2,1,103,9,6,0.0,2.0,0.0,0.0,62.0,17.0,2.0,15.0,4.0,0
12526,10535,3.0,4,0,2,20,2,2,0.0,0.0,0.0,0.0,12.0,4.0,0.0,3.0,0.0,1
12527,18520,5.0,39,27,3,273,8,3,4.0,23.0,0.0,23.0,193.0,14.0,0.0,13.0,2.0,1
12528,17449,4.0,34,9,3,125,8,3,4.0,0.0,4.0,1.0,75.0,17.0,4.0,17.0,2.0,1
12529,14060,4.0,5,14,3,52,4,6,9.0,0.0,5.0,1.0,22.0,4.0,4.0,4.0,2.0,1
12530,16984,3.0,7,3,2,26,1,0,2.0,1.0,0.0,0.0,18.0,2.0,1.0,1.0,0.0,1
12531,7577,3.0,8,0,1,17,2,1,0.0,0.0,0.0,0.0,13.0,2.0,0.0,1.0,0.0,0
12532,77,4.0,17,19,3,96,7,13,13.0,0.0,6.0,1.0,39.0,13.0,5.0,13.0,5.0,0
12533,15524,4.0,8,1,1,32,3,4,0.0,0.0,1.0,1.0,21.0,3.0,0.0,3.0,2.0,1
12534,9064,3.0,7,34,1,129,4,4,4.0,1.0,28.0,25.0,19.0,10.0,5.0,33.0,3.0,0
12535,8007,4.0,16,0,1,48,3,2,0.0,0.0,0.0,0.0,31.0,8.0,0.0,8.0,0.0,0
12536,5951,4.0,32,0,2,84,3,2,0.0,0.0,0.0,0.0,61.0,11.0,0.0,11.0,0.0,0
12537,11157,3.0,9,0,2,29,2,2,0.0,0.0,0.0,0.0,21.0,4.0,0.0,3.0,0.0,1
12538,3391,4.0,17,5,3,56,5,1,4.0,0.0,0.0,0.0,35.0,8.0,1.0,7.0,0.0,0
12539,5415,4.0,12,3,7,54,2,3,1.0,0.0,2.0,0.0,32.0,8.0,2.0,8.0,0.0,0
12540,18944,4.0,25,6,3,96,7,4,3.0,0.0,2.0,0.0,56.0,15.0,3.0,14.0,2.0,1
12541,8162,4.0,8,0,2,27,2,1,0.0,0.0,0.0,0.0,21.0,3.0,0.0,2.0,0.0,0
12542,19019,4.0,27,4,3,107,4,5,3.0,0.0,1.0,0.0,75.0,12.0,1.0,12.0,2.0,1
12543,5256,4.0,10,8,2,50,5,2,6.0,0.0,1.0,1.0,28.0,6.0,1.0,6.0,0.0,0
12544,3530,4.0,17,0,3,47,2,2,0.0,0.0,0.0,0.0,36.0,5.0,0.0,5.0,0.0,0
12545,8567,3.0,10,0,1,34,2,4,0.0,0.0,0.0,0.0,23.0,5.0,0.0,5.0,0.0,0
12546,1908,3.0,12,0,2,34,2,3,0.0,0.0,0.0,0.0,24.0,5.0,0.0,4.0,0.0,0
12547,19300,3.0,11,0,3,27,3,1,0.0,0.0,0.0,0.0,17.0,4.0,0.0,4.0,1.0,1
12548,235,4.0,11,7,2,48,4,2,4.0,1.0,2.0,0.0,26.0,6.0,3.0,5.0,0.0,0
12549,12219,4.0,5,1,2,40,3,4,0.0,1.0,0.0,1.0,25.0,5.0,0.0,5.0,2.0,1
12550,17988,3.0,16,0,6,54,3,5,0.0,0.0,0.0,0.0,31.0,10.0,0.0,10.0,2.0,1
12551,7984,3.0,8,0,2,30,2,2,0.0,0.0,0.0,0.0,22.0,4.0,0.0,3.0,0.0,0
12552,9310,4.0,9,4,1,38,3,2,3.0,0.0,1.0,0.0,20.0,6.0,1.0,6.0,0.0,0
12553,3490,3.0,14,0,2,50,3,2,0.0,0.0,0.0,0.0,35.0,7.0,0.0,7.0,0.0,0
12554,14231,4.0,21,3,1,71,4,5,2.0,0.0,1.0,0.0,46.0,9.0,1.0,9.0,2.0,1
12555,18378,4.0,7,13,3,42,2,4,9.0,2.0,2.0,3.0,13.0,5.0,1.0,6.0,0.0,1
12556,10568,4.0,6,10,3,39,2,3,7.0,1.0,2.0,1.0,17.0,4.0,2.0,4.0,0.0,1
12557,1342,4.0,9,3,2,31,3,2,2.0,1.0,0.0,0.0,17.0,5.0,0.0,5.0,0.0,0
12558,8512,4.0,14,1,1,44,5,1,0.0,1.0,0.0,1.0,26.0,7.0,0.0,7.0,1.0,0
12559,1619,4.0,23,0,2,60,3,3,0.0,0.0,0.0,0.0,47.0,6.0,0.0,6.0,0.0,0
12560,5287,4.0,11,0,2,33,3,2,0.0,0.0,0.0,0.0,23.0,5.0,0.0,4.0,0.0,0
12561,18444,4.0,10,4,3,47,7,4,1.0,0.0,2.0,1.0,22.0,8.0,2.0,8.0,2.0,1
12562,7041,4.0,23,8,1,87,3,3,5.0,0.0,3.0,0.0,48.0,14.0,3.0,13.0,0.0,0
12563,2219,3.0,3,0,2,20,3,2,0.0,0.0,0.0,0.0,10.0,5.0,0.0,4.0,0.0,0
12564,9865,3.0,3,0,1,12,2,1,0.0,0.0,0.0,0.0,8.0,2.0,0.0,1.0,0.0,0
12565,16644,4.0,15,0,4,67,4,6,0.0,0.0,0.0,0.0,44.0,10.0,0.0,10.0,2.0,1
12566,19403,4.0,33,4,3,111,8,3,1.0,0.0,2.0,0.0,69.0,17.0,3.0,16.0,2.0,1
12567,12977,4.0,9,0,3,35,2,2,0.0,0.0,0.0,0.0,24.0,5.0,0.0,5.0,0.0,1
12568,14594,3.0,7,0,1,16,1,0,0.0,0.0,0.0,0.0,13.0,1.0,0.0,1.0,0.0,1
12569,18410,3.0,6,5,4,26,1,0,4.0,0.0,1.0,1.0,12.0,3.0,0.0,4.0,0.0,1
12570,6988,3.0,9,0,1,28,2,1,0.0,0.0,0.0,0.0,24.0,2.0,0.0,1.0,0.0,0
12571,1917,4.0,33,33,11,154,7,4,17.0,13.0,3.0,14.0,72.0,14.0,2.0,15.0,3.0,0
12572,1828,3.0,7,0,1,26,2,2,0.0,0.0,0.0,0.0,19.0,3.0,0.0,3.0,0.0,0
12573,9765,3.0,7,0,1,19,2,1,0.0,0.0,0.0,0.0,15.0,2.0,0.0,1.0,0.0,0
12574,12607,4.0,9,2,2,53,5,4,0.0,2.0,0.0,2.0,32.0,7.0,0.0,7.0,2.0,1
12575,12941,4.0,12,0,5,52,3,4,0.0,0.0,0.0,0.0,33.0,8.0,0.0,8.0,2.0,1
12576,6233,4.0,33,0,2,90,4,6,0.0,0.0,0.0,0.0,65.0,11.0,0.0,11.0,2.0,0
12577,19371,4.0,19,4,3,75,4,7,2.0,0.0,2.0,0.0,44.0,11.0,2.0,11.0,2.0,1
12578,6283,4.0,17,0,2,53,3,1,0.0,0.0,0.0,0.0,44.0,4.0,0.0,4.0,0.0,0
12579,4208,3.0,6,0,1,23,2,2,0.0,0.0,0.0,0.0,17.0,3.0,0.0,2.0,0.0,0
12580,12819,4.0,44,10,3,155,8,3,6.0,0.0,3.0,0.0,100.0,20.0,4.0,19.0,2.0,1
12581,16608,4.0,17,0,3,53,3,3,0.0,0.0,0.0,0.0,40.0,5.0,0.0,5.0,2.0,1
12582,9333,4.0,8,1,3,34,2,1,0.0,0.0,1.0,0.0,25.0,3.0,1.0,3.0,0.0,0
12583,6469,5.0,69,55,3,371,9,3,10.0,41.0,4.0,37.0,225.0,23.0,8.0,19.0,3.0,0
12584,13746,4.0,31,6,3,109,7,3,3.0,0.0,2.0,0.0,67.0,16.0,3.0,15.0,2.0,1
12585,15385,4.0,7,0,4,37,4,2,0.0,0.0,0.0,0.0,21.0,7.0,0.0,7.0,1.0,1
12586,13703,4.0,21,0,3,71,7,4,0.0,0.0,0.0,0.0,48.0,10.0,0.0,10.0,2.0,1
12587,10954,4.0,25,37,4,135,8,3,21.0,0.0,15.0,1.0,52.0,14.0,15.0,14.0,2.0,1
12588,846,4.0,9,13,1,49,3,4,10.0,0.0,2.0,0.0,22.0,6.0,3.0,5.0,0.0,0
12589,5560,3.0,5,0,2,23,2,1,0.0,0.0,0.0,0.0,16.0,3.0,0.0,3.0,0.0,0
12590,13234,4.0,9,1,3,38,5,3,0.0,1.0,0.0,1.0,19.0,7.0,0.0,7.0,2.0,1
12591,14309,3.0,5,0,2,14,1,0,0.0,0.0,0.0,0.0,9.0,2.0,0.0,2.0,0.0,1
12592,18935,4.0,10,1,2,54,4,5,0.0,0.0,1.0,0.0,29.0,10.0,1.0,10.0,2.0,1
12593,13917,4.0,6,0,3,34,2,2,0.0,0.0,0.0,0.0,23.0,5.0,0.0,5.0,0.0,1
12594,117,4.0,17,4,1,54,3,3,3.0,1.0,0.0,0.0,32.0,9.0,0.0,8.0,0.0,0
12595,8837,4.0,6,7,1,31,2,3,6.0,0.0,1.0,1.0,15.0,3.0,0.0,4.0,0.0,0
12596,14043,4.0,13,0,4,70,4,5,0.0,0.0,0.0,0.0,47.0,10.0,0.0,10.0,2.0,1
12597,8659,3.0,16,0,2,41,3,1,0.0,0.0,0.0,0.0,30.0,5.0,0.0,5.0,0.0,0
12598,16389,5.0,51,35,4,222,5,16,22.0,10.0,3.0,11.0,123.0,23.0,2.0,24.0,3.0,1
12599,5342,3.0,8,0,2,26,2,1,0.0,0.0,0.0,0.0,19.0,3.0,0.0,3.0,0.0,0
12600,9111,4.0,11,0,3,34,2,3,0.0,0.0,0.0,0.0,21.0,6.0,0.0,6.0,0.0,0
12601,10787,4.0,13,24,2,78,4,4,15.0,7.0,2.0,7.0,29.0,6.0,2.0,6.0,3.0,1
12602,4324,4.0,24,7,2,89,3,16,2.0,0.0,5.0,0.0,50.0,12.0,5.0,12.0,2.0,0
12603,17447,4.0,14,0,1,52,4,6,0.0,0.0,0.0,0.0,35.0,7.0,0.0,7.0,2.0,1
12604,2590,4.0,13,0,2,45,3,2,0.0,0.0,0.0,0.0,32.0,6.0,0.0,6.0,0.0,0
12605,13046,4.0,7,0,2,29,2,3,0.0,0.0,0.0,0.0,19.0,5.0,0.0,4.0,0.0,1
12606,13918,4.0,17,2,3,69,8,3,1.0,0.0,0.0,0.0,43.0,11.0,1.0,10.0,2.0,1
12607,10589,4.0,13,1,2,49,5,4,0.0,0.0,0.0,0.0,32.0,7.0,1.0,6.0,2.0,1
12608,11613,3.0,8,0,4,35,3,3,0.0,0.0,0.0,0.0,20.0,6.0,0.0,6.0,2.0,1
12609,6767,4.0,15,1,1,51,3,3,0.0,1.0,0.0,0.0,37.0,6.0,1.0,5.0,0.0,0
12610,5622,3.0,13,47,1,152,5,6,9.0,2.0,35.0,28.0,17.0,8.0,10.0,33.0,9.0,0
12611,1605,3.0,6,0,1,13,2,1,0.0,0.0,0.0,0.0,9.0,2.0,0.0,1.0,0.0,0
12612,18117,4.0,24,2,4,90,7,5,1.0,0.0,0.0,0.0,60.0,13.0,1.0,12.0,2.0,1
12613,19378,4.0,18,3,3,77,4,6,1.0,0.0,2.0,0.0,49.0,10.0,2.0,10.0,2.0,1
12614,3812,4.0,21,2,4,67,4,3,1.0,0.0,0.0,0.0,47.0,9.0,1.0,8.0,0.0,0
12615,14277,4.0,28,3,1,106,7,5,1.0,0.0,2.0,0.0,69.0,15.0,2.0,14.0,2.0,1
12616,17260,4.0,8,2,3,40,5,1,1.0,0.0,0.0,0.0,24.0,7.0,1.0,6.0,0.0,1
12617,10554,4.0,12,0,4,37,2,2,0.0,0.0,0.0,0.0,24.0,6.0,0.0,6.0,0.0,1
12618,10167,4.0,16,3,2,58,4,6,1.0,0.0,2.0,0.0,36.0,7.0,2.0,7.0,2.0,1
12619,1761,4.0,16,0,2,52,3,3,0.0,0.0,0.0,0.0,37.0,7.0,0.0,7.0,0.0,0
12620,15679,5.0,30,20,2,180,8,3,4.0,16.0,0.0,15.0,118.0,12.0,1.0,11.0,2.0,1
12621,19123,3.0,9,0,2,21,1,0,0.0,0.0,0.0,0.0,16.0,2.0,0.0,2.0,0.0,1
12622,2472,4.0,16,0,1,53,3,3,0.0,0.0,0.0,0.0,38.0,7.0,0.0,7.0,0.0,0
12623,15913,3.0,5,0,3,29,3,1,0.0,0.0,0.0,0.0,18.0,5.0,0.0,5.0,0.0,1
12624,6738,3.0,10,0,3,40,2,3,0.0,0.0,0.0,0.0,27.0,6.0,0.0,6.0,0.0,0
12625,15728,4.0,8,0,2,36,3,3,0.0,0.0,0.0,0.0,25.0,4.0,0.0,4.0,2.0,1
12626,12199,3.0,4,5,3,28,2,2,3.0,0.0,2.0,1.0,13.0,3.0,1.0,4.0,0.0,1
12627,7943,4.0,32,10,2,119,4,3,8.0,1.0,1.0,1.0,70.0,18.0,1.0,18.0,0.0,0
12628,12910,4.0,21,7,2,75,4,5,5.0,0.0,1.0,0.0,45.0,10.0,2.0,9.0,2.0,1
12629,14369,4.0,4,9,4,34,3,4,5.0,0.0,4.0,0.0,12.0,3.0,4.0,3.0,2.0,1
12630,6371,3.0,5,0,2,13,2,1,0.0,0.0,0.0,0.0,7.0,3.0,0.0,2.0,0.0,0
12631,16616,3.0,2,17,4,35,3,3,12.0,0.0,5.0,0.0,6.0,2.0,5.0,2.0,2.0,1
12632,8258,4.0,16,6,2,52,5,2,3.0,1.0,1.0,0.0,30.0,7.0,3.0,5.0,1.0,0
12633,7561,4.0,17,8,2,70,3,5,5.0,0.0,3.0,0.0,39.0,10.0,3.0,9.0,0.0,0
12634,9795,4.0,19,11,1,66,3,3,9.0,0.0,2.0,1.0,39.0,6.0,1.0,7.0,0.0,0
12635,6168,4.0,23,7,1,77,4,2,6.0,0.0,0.0,0.0,50.0,10.0,1.0,9.0,0.0,0
12636,11475,4.0,14,0,2,54,7,3,0.0,0.0,0.0,0.0,33.0,9.0,0.0,9.0,2.0,1
12637,3596,4.0,9,0,2,29,3,1,0.0,0.0,0.0,0.0,21.0,4.0,0.0,3.0,0.0,0
12638,6288,3.0,15,0,1,38,3,3,0.0,0.0,0.0,0.0,27.0,5.0,0.0,5.0,0.0,0
12639,4632,3.0,1,0,1,8,2,1,0.0,0.0,0.0,0.0,4.0,2.0,0.0,1.0,0.0,0
12640,15147,4.0,11,4,2,57,6,4,3.0,1.0,0.0,1.0,33.0,8.0,0.0,8.0,2.0,1
12641,16509,4.0,9,0,3,38,2,1,0.0,0.0,0.0,0.0,29.0,4.0,0.0,4.0,0.0,1
12642,6229,4.0,9,0,3,39,2,4,0.0,0.0,0.0,0.0,25.0,7.0,0.0,6.0,0.0,0
12643,17680,4.0,52,6,3,150,8,3,3.0,0.0,3.0,0.0,94.0,22.0,3.0,22.0,2.0,1
12644,18360,4.0,27,2,3,96,7,3,0.0,0.0,2.0,0.0,61.0,14.0,2.0,14.0,2.0,1
12645,19504,3.0,17,1,3,47,2,3,0.0,0.0,1.0,1.0,34.0,5.0,0.0,5.0,0.0,1
12646,10267,3.0,4,0,1,13,1,0,0.0,0.0,0.0,0.0,10.0,1.0,0.0,1.0,0.0,1
12647,12772,4.0,18,0,3,66,4,4,0.0,0.0,0.0,0.0,45.0,9.0,0.0,9.0,2.0,1
12648,5750,3.0,12,0,2,34,5,2,0.0,0.0,0.0,0.0,21.0,6.0,0.0,5.0,1.0,0
12649,8152,4.0,20,25,3,108,7,13,17.0,1.0,6.0,3.0,43.0,13.0,5.0,14.0,5.0,0
12650,13503,4.0,27,3,4,94,7,3,1.0,0.0,1.0,0.0,60.0,14.0,2.0,13.0,2.0,1
12651,3086,4.0,16,6,2,63,3,3,4.0,0.0,2.0,0.0,40.0,7.0,2.0,7.0,0.0,0
12652,1906,4.0,10,15,4,79,6,2,13.0,0.0,2.0,0.0,34.0,13.0,2.0,13.0,1.0,0
12653,6882,4.0,13,0,1,38,3,2,0.0,0.0,0.0,0.0,27.0,5.0,0.0,5.0,0.0,0
12654,7673,4.0,12,8,2,51,3,5,5.0,0.0,3.0,0.0,30.0,5.0,3.0,4.0,0.0,0
12655,8172,4.0,13,0,2,48,3,2,0.0,0.0,0.0,0.0,35.0,6.0,0.0,6.0,0.0,0
12656,19455,3.0,7,0,1,18,1,0,0.0,0.0,0.0,0.0,15.0,1.0,0.0,1.0,0.0,1
12657,5870,4.0,12,15,3,66,5,1,12.0,0.0,2.0,0.0,33.0,8.0,3.0,7.0,0.0,0
12658,19181,4.0,9,0,2,45,4,4,0.0,0.0,0.0,0.0,28.0,7.0,0.0,7.0,2.0,1
12659,17302,4.0,28,2,4,102,7,3,0.0,0.0,1.0,0.0,65.0,16.0,2.0,15.0,2.0,1
12660,18030,4.0,37,67,3,216,7,5,25.0,40.0,1.0,42.0,74.0,15.0,0.0,16.0,2.0,1
12661,5122,4.0,43,0,2,115,4,6,0.0,0.0,0.0,0.0,84.0,14.0,0.0,14.0,2.0,0
12662,5126,4.0,17,5,1,50,3,2,4.0,0.0,1.0,0.0,33.0,5.0,1.0,5.0,0.0,0
12663,13623,4.0,27,4,3,97,8,3,2.0,0.0,1.0,0.0,60.0,15.0,2.0,14.0,2.0,1
12664,15034,4.0,33,0,3,104,4,8,0.0,0.0,0.0,0.0,72.0,15.0,0.0,14.0,2.0,1
12665,4621,4.0,16,0,1,47,3,2,0.0,0.0,0.0,0.0,36.0,5.0,0.0,5.0,0.0,0
12666,6809,4.0,4,2,2,35,4,3,0.0,2.0,0.0,1.0,17.0,4.0,0.0,4.0,6.0,0
12667,16748,3.0,10,0,2,31,2,3,0.0,0.0,0.0,0.0,21.0,5.0,0.0,4.0,0.0,1
12668,15745,4.0,6,1,1,33,3,4,0.0,1.0,0.0,1.0,20.0,4.0,0.0,4.0,2.0,1
12669,11479,4.0,17,8,3,91,7,5,5.0,0.0,2.0,0.0,51.0,14.0,3.0,13.0,2.0,1
12670,2125,4.0,20,14,1,79,3,5,8.0,0.0,6.0,0.0,45.0,7.0,6.0,6.0,0.0,0
12671,8150,3.0,4,1,3,20,2,1,0.0,0.0,1.0,1.0,11.0,3.0,0.0,3.0,0.0,0
12672,8717,3.0,6,0,1,19,2,1,0.0,0.0,0.0,0.0,15.0,2.0,0.0,1.0,0.0,0
12673,13013,3.0,7,0,3,27,2,1,0.0,0.0,0.0,0.0,18.0,4.0,0.0,4.0,0.0,1
12674,55,3.0,5,3,1,26,3,3,2.0,0.0,0.0,0.0,13.0,5.0,1.0,4.0,0.0,0
12675,17022,4.0,16,0,3,54,3,4,0.0,0.0,0.0,0.0,39.0,6.0,0.0,6.0,2.0,1
12676,302,4.0,16,8,1,76,3,3,7.0,0.0,1.0,0.0,42.0,12.0,1.0,12.0,0.0,0
12677,17660,4.0,29,9,4,118,7,3,5.0,0.0,4.0,0.0,68.0,17.0,4.0,17.0,2.0,1
12678,14178,3.0,2,1,1,21,3,3,0.0,1.0,0.0,0.0,11.0,3.0,1.0,2.0,2.0,1
12679,13568,4.0,11,10,2,42,2,4,9.0,0.0,0.0,0.0,20.0,6.0,1.0,5.0,0.0,1
12680,4432,4.0,9,1,1,33,2,3,0.0,1.0,0.0,1.0,22.0,4.0,0.0,4.0,0.0,0
12681,19262,4.0,28,4,3,95,8,3,2.0,0.0,1.0,0.0,60.0,14.0,2.0,13.0,2.0,1
12682,12394,4.0,6,0,3,36,4,3,0.0,0.0,0.0,0.0,21.0,6.0,0.0,6.0,2.0,1
12683,10478,3.0,11,0,2,38,3,4,0.0,0.0,0.0,0.0,25.0,5.0,0.0,5.0,2.0,1
12684,10453,3.0,6,0,1,18,1,0,0.0,0.0,0.0,0.0,15.0,1.0,0.0,1.0,0.0,1
12685,5240,4.0,27,8,1,98,4,6,7.0,0.0,0.0,0.0,64.0,12.0,1.0,11.0,2.0,0
12686,10488,3.0,10,0,3,41,2,4,0.0,0.0,0.0,0.0,27.0,7.0,0.0,6.0,0.0,1
12687,16282,2.0,4,0,2,9,1,0,0.0,0.0,0.0,0.0,4.0,2.0,0.0,2.0,0.0,1
12688,14124,4.0,16,3,2,62,7,3,2.0,0.0,0.0,0.0,39.0,9.0,1.0,8.0,2.0,1
12689,10160,3.0,7,0,4,34,2,2,0.0,0.0,0.0,0.0,21.0,6.0,0.0,6.0,0.0,1
12690,18977,3.0,5,0,1,13,1,0,0.0,0.0,0.0,0.0,10.0,1.0,0.0,1.0,0.0,1
12691,18777,4.0,68,5,4,221,8,3,1.0,0.0,3.0,0.0,142.0,34.0,4.0,33.0,3.0,1
12692,16907,4.0,14,0,3,49,3,2,0.0,0.0,0.0,0.0,36.0,6.0,0.0,6.0,0.0,1
12693,6376,4.0,25,1,5,103,5,4,0.0,0.0,1.0,0.0,65.0,17.0,1.0,17.0,1.0,0
12694,6981,4.0,12,0,2,37,3,2,0.0,0.0,0.0,0.0,26.0,5.0,0.0,5.0,0.0,0
12695,13716,4.0,58,7,2,169,8,3,4.0,0.0,2.0,0.0,108.0,25.0,3.0,24.0,2.0,1
12696,3900,4.0,21,8,2,85,3,8,5.0,0.0,3.0,0.0,53.0,10.0,3.0,10.0,0.0,0
12697,19656,3.0,10,0,1,27,1,0,0.0,0.0,0.0,0.0,24.0,1.0,0.0,1.0,0.0,1
12698,12891,4.0,53,85,2,229,8,7,52.0,32.0,1.0,30.0,76.0,17.0,3.0,15.0,2.0,1
12699,11314,3.0,5,0,3,28,2,1,0.0,0.0,0.0,0.0,19.0,4.0,0.0,4.0,0.0,1
12700,10161,4.0,17,0,3,50,3,3,0.0,0.0,0.0,0.0,35.0,7.0,0.0,7.0,0.0,1
12701,17055,3.0,5,0,2,34,3,5,0.0,0.0,0.0,0.0,19.0,6.0,0.0,6.0,2.0,1
12702,4188,4.0,7,0,1,26,2,1,0.0,0.0,0.0,0.0,21.0,2.0,0.0,2.0,0.0,0
12703,666,4.0,25,44,3,136,7,4,25.0,18.0,0.0,18.0,47.0,13.0,1.0,12.0,1.0,0
12704,3266,4.0,32,0,1,111,4,6,0.0,0.0,0.0,0.0,80.0,14.0,0.0,14.0,2.0,0
12705,18271,4.0,30,5,4,100,7,3,3.0,0.0,1.0,0.0,60.0,16.0,2.0,15.0,2.0,1
12706,8472,4.0,25,11,3,114,7,3,7.0,3.0,1.0,1.0,71.0,13.0,3.0,11.0,3.0,0
12707,9911,4.0,23,1,5,78,5,7,0.0,0.0,1.0,1.0,45.0,14.0,0.0,15.0,1.0,0
12708,12647,5.0,31,21,3,193,7,5,1.0,19.0,1.0,20.0,123.0,13.0,0.0,13.0,2.0,1
12709,11637,4.0,20,20,3,93,6,4,18.0,0.0,1.0,0.0,48.0,11.0,2.0,10.0,2.0,1
12710,6090,4.0,20,0,1,52,6,2,0.0,0.0,0.0,0.0,37.0,7.0,0.0,6.0,1.0,0
12711,6238,4.0,21,4,2,70,6,1,3.0,0.0,0.0,0.0,46.0,10.0,1.0,9.0,0.0,0
12712,15183,4.0,19,0,4,83,4,4,0.0,0.0,0.0,0.0,62.0,9.0,0.0,9.0,2.0,1
12713,7350,3.0,11,0,1,30,2,1,0.0,0.0,0.0,0.0,25.0,2.0,0.0,2.0,0.0,0
12714,17144,4.0,8,0,3,44,4,3,0.0,0.0,0.0,0.0,27.0,7.0,0.0,7.0,2.0,1
12715,6254,3.0,5,0,1,15,3,1,0.0,0.0,0.0,0.0,7.0,4.0,0.0,3.0,0.0,0
12716,18290,5.0,35,26,3,265,8,3,4.0,22.0,0.0,22.0,188.0,13.0,0.0,13.0,2.0,1
12717,12234,3.0,7,0,3,32,2,1,0.0,0.0,0.0,0.0,23.0,4.0,0.0,4.0,0.0,1
12718,12015,4.0,4,10,3,33,3,4,6.0,0.0,4.0,0.0,12.0,2.0,4.0,2.0,2.0,1
12719,3818,4.0,15,0,1,53,3,2,0.0,0.0,0.0,0.0,42.0,5.0,0.0,5.0,0.0,0
12720,6269,4.0,15,5,2,58,3,4,4.0,0.0,1.0,0.0,33.0,9.0,1.0,9.0,0.0,0
12721,4300,3.0,1,0,1,8,2,1,0.0,0.0,0.0,0.0,4.0,2.0,0.0,1.0,0.0,0
12722,5569,4.0,16,0,2,48,3,2,0.0,0.0,0.0,0.0,33.0,7.0,0.0,7.0,0.0,0
12723,14388,3.0,10,0,3,24,1,0,0.0,0.0,0.0,0.0,17.0,3.0,0.0,3.0,0.0,1
12724,7941,4.0,19,150,12,236,3,2,120.0,22.0,8.0,26.0,36.0,8.0,4.0,11.0,0.0,0
12725,4164,4.0,19,15,1,96,7,3,10.0,2.0,2.0,2.0,50.0,12.0,3.0,11.0,3.0,0
12726,19216,4.0,19,4,2,75,7,3,2.0,0.0,1.0,0.0,44.0,12.0,2.0,11.0,2.0,1
12727,16521,3.0,4,3,2,24,1,0,2.0,1.0,0.0,0.0,16.0,2.0,1.0,1.0,0.0,1
12728,7043,5.0,9,37,1,94,4,4,27.0,7.0,2.0,6.0,35.0,7.0,4.0,5.0,0.0,0
12729,4892,3.0,4,7,1,24,2,3,6.0,0.0,1.0,1.0,9.0,3.0,0.0,3.0,0.0,0
12730,18564,3.0,10,0,1,35,4,3,0.0,0.0,0.0,0.0,24.0,4.0,0.0,4.0,2.0,1
12731,10320,5.0,31,32,3,246,8,3,6.0,25.0,0.0,26.0,160.0,13.0,0.0,13.0,2.0,1
12732,4854,4.0,11,0,2,33,3,2,0.0,0.0,0.0,0.0,23.0,5.0,0.0,4.0,0.0,0
12733,4637,4.0,7,8,1,31,2,4,7.0,0.0,1.0,0.0,14.0,4.0,1.0,3.0,0.0,0
12734,9550,4.0,17,2,3,75,4,7,0.0,0.0,2.0,2.0,47.0,10.0,0.0,12.0,1.0,0
12735,17715,4.0,10,3,3,56,7,3,1.0,0.0,1.0,1.0,31.0,9.0,1.0,9.0,2.0,1
12736,10209,4.0,27,4,3,99,7,3,2.0,0.0,1.0,0.0,62.0,15.0,2.0,14.0,2.0,1
12737,6941,3.0,18,49,1,160,6,5,12.0,2.0,34.0,25.0,25.0,9.0,12.0,31.0,9.0,0
12738,8017,4.0,32,0,1,112,3,4,0.0,0.0,0.0,0.0,76.0,18.0,0.0,17.0,0.0,0
12739,9521,4.0,10,0,1,33,5,1,0.0,0.0,0.0,0.0,23.0,4.0,0.0,4.0,1.0,0
12740,6949,4.0,18,0,7,63,3,3,0.0,0.0,0.0,0.0,41.0,11.0,0.0,10.0,0.0,0
12741,6881,3.0,11,0,2,29,3,1,0.0,0.0,0.0,0.0,21.0,4.0,0.0,3.0,0.0,0
12742,13051,4.0,30,0,3,98,5,6,0.0,0.0,0.0,0.0,73.0,11.0,0.0,11.0,2.0,1
12743,15781,4.0,14,0,3,45,3,3,0.0,0.0,0.0,0.0,29.0,8.0,0.0,7.0,0.0,1
12744,4673,4.0,11,6,3,46,3,1,5.0,0.0,1.0,0.0,30.0,4.0,1.0,4.0,0.0,0
12745,12173,4.0,12,0,3,43,3,3,0.0,0.0,0.0,0.0,30.0,5.0,0.0,5.0,2.0,1
12746,6996,4.0,27,18,1,92,4,2,14.0,0.0,3.0,0.0,55.0,8.0,4.0,7.0,0.0,0
12747,1252,4.0,16,2,1,50,2,3,1.0,1.0,0.0,1.0,38.0,4.0,0.0,4.0,0.0,0
12748,11470,3.0,2,15,4,33,3,3,10.0,0.0,5.0,0.0,6.0,2.0,5.0,2.0,2.0,1
12749,15254,3.0,7,0,2,20,1,0,0.0,0.0,0.0,0.0,15.0,2.0,0.0,2.0,0.0,1
12750,19198,3.0,5,0,2,29,3,3,0.0,0.0,0.0,0.0,18.0,4.0,0.0,4.0,2.0,1
12751,10040,4.0,14,0,3,38,2,3,0.0,0.0,0.0,0.0,26.0,6.0,0.0,5.0,0.0,1
12752,4858,3.0,16,0,2,56,4,2,0.0,0.0,0.0,0.0,41.0,7.0,0.0,7.0,0.0,0
12753,8580,4.0,6,5,2,29,3,3,3.0,0.0,1.0,0.0,13.0,5.0,2.0,4.0,0.0,0
12754,8427,4.0,15,8,1,54,3,5,5.0,0.0,3.0,0.0,27.0,8.0,3.0,7.0,0.0,0
12755,17461,3.0,8,0,2,22,1,0,0.0,0.0,0.0,0.0,17.0,2.0,0.0,2.0,0.0,1
12756,10176,4.0,16,0,2,56,7,3,0.0,0.0,0.0,0.0,35.0,9.0,0.0,9.0,2.0,1
12757,4363,4.0,10,0,2,31,3,4,0.0,0.0,0.0,0.0,18.0,6.0,0.0,5.0,1.0,0
12758,17154,4.0,27,0,2,83,5,6,0.0,0.0,0.0,0.0,58.0,11.0,0.0,11.0,2.0,1
12759,10357,4.0,6,12,2,45,3,5,8.0,0.0,4.0,0.0,20.0,4.0,4.0,4.0,0.0,1
12760,16633,4.0,5,4,2,27,2,2,3.0,0.0,0.0,1.0,14.0,4.0,0.0,4.0,0.0,1
12761,14489,4.0,5,14,3,41,2,3,11.0,0.0,3.0,1.0,16.0,3.0,2.0,4.0,0.0,1
12762,7239,4.0,9,4,2,37,4,2,3.0,0.0,0.0,0.0,22.0,5.0,1.0,4.0,1.0,0
12763,14430,4.0,15,18,4,81,6,4,13.0,0.0,4.0,1.0,38.0,9.0,4.0,9.0,2.0,1
12764,3419,4.0,8,8,2,40,3,2,7.0,0.0,1.0,1.0,21.0,4.0,0.0,5.0,0.0,0
12765,10015,3.0,12,0,3,29,2,2,0.0,0.0,0.0,0.0,19.0,5.0,0.0,4.0,0.0,1
12766,19618,3.0,6,0,3,31,2,2,0.0,0.0,0.0,0.0,20.0,5.0,0.0,5.0,0.0,1
12767,4976,3.0,5,0,1,17,2,1,0.0,0.0,0.0,0.0,13.0,2.0,0.0,1.0,0.0,0
12768,4544,3.0,8,0,1,22,2,1,0.0,0.0,0.0,0.0,17.0,2.0,0.0,2.0,0.0,0
12769,17100,4.0,16,0,3,68,4,4,0.0,0.0,0.0,0.0,49.0,8.0,0.0,8.0,2.0,1
12770,12338,4.0,6,1,3,33,3,3,0.0,0.0,0.0,0.0,20.0,5.0,1.0,4.0,2.0,1
12771,2048,4.0,28,16,2,100,4,1,13.0,0.0,3.0,3.0,55.0,11.0,0.0,14.0,0.0,0
12772,5997,4.0,22,1,2,83,4,4,0.0,1.0,0.0,1.0,56.0,11.0,0.0,11.0,2.0,0
12773,15444,4.0,25,6,3,100,5,10,4.0,0.0,2.0,2.0,61.0,13.0,0.0,15.0,2.0,1
12774,13456,3.0,5,0,2,32,3,3,0.0,0.0,0.0,0.0,21.0,4.0,0.0,4.0,2.0,1
12775,4809,3.0,7,1,1,23,2,2,0.0,1.0,0.0,1.0,15.0,3.0,0.0,2.0,0.0,0
12776,10916,4.0,29,4,2,113,7,3,1.0,0.0,3.0,0.0,73.0,15.0,3.0,14.0,3.0,1
12777,3636,4.0,11,10,1,52,3,3,9.0,0.0,0.0,0.0,26.0,8.0,1.0,7.0,0.0,0
12778,17844,3.0,9,0,4,38,3,1,0.0,0.0,0.0,0.0,25.0,6.0,0.0,6.0,0.0,1
12779,15106,4.0,29,4,3,114,8,3,2.0,0.0,1.0,0.0,73.0,17.0,2.0,16.0,2.0,1
12780,5989,3.0,7,6,2,32,2,2,5.0,0.0,0.0,0.0,18.0,4.0,1.0,3.0,0.0,0
12781,9860,4.0,8,5,2,36,4,1,4.0,0.0,0.0,0.0,21.0,5.0,1.0,4.0,0.0,0
12782,18384,3.0,18,0,2,62,4,4,0.0,0.0,0.0,0.0,43.0,8.0,0.0,8.0,2.0,1
12783,12763,4.0,12,1,4,49,4,3,0.0,0.0,0.0,0.0,30.0,8.0,1.0,7.0,2.0,1
12784,15158,5.0,28,26,3,234,7,3,4.0,22.0,0.0,22.0,157.0,13.0,0.0,12.0,3.0,1
12785,8175,3.0,13,0,2,33,3,2,0.0,0.0,0.0,0.0,22.0,5.0,0.0,5.0,0.0,0
12786,404,4.0,14,4,2,45,3,1,3.0,0.0,1.0,1.0,32.0,3.0,0.0,4.0,0.0,0
12787,384,4.0,26,2,6,94,6,8,0.0,0.0,1.0,2.0,51.0,18.0,0.0,19.0,2.0,0
12788,8702,4.0,11,0,2,34,3,2,0.0,0.0,0.0,0.0,23.0,5.0,0.0,5.0,0.0,0
12789,7266,4.0,11,3,2,39,2,3,1.0,0.0,2.0,2.0,25.0,3.0,0.0,5.0,0.0,0
12790,10344,3.0,0,12,3,25,3,3,7.0,0.0,4.0,1.0,4.0,1.0,4.0,1.0,2.0,1
12791,18017,4.0,23,6,2,88,5,10,4.0,0.0,2.0,2.0,54.0,11.0,0.0,12.0,2.0,1
12792,13772,4.0,29,4,5,116,7,3,2.0,0.0,1.0,0.0,75.0,17.0,2.0,16.0,2.0,1
12793,6938,3.0,13,0,2,35,2,1,0.0,0.0,0.0,0.0,28.0,3.0,0.0,3.0,0.0,0
12794,6970,4.0,25,4,2,85,7,5,1.0,0.0,2.0,1.0,54.0,11.0,2.0,11.0,2.0,0
12795,4158,4.0,13,4,2,54,6,2,3.0,0.0,1.0,0.0,32.0,8.0,1.0,8.0,0.0,0
12796,19519,3.0,6,0,3,36,4,3,0.0,0.0,0.0,0.0,21.0,6.0,0.0,6.0,2.0,1
12797,13550,2.0,1,0,1,10,1,0,0.0,0.0,0.0,0.0,7.0,1.0,0.0,1.0,0.0,1
12798,8415,4.0,44,7,2,159,9,3,0.0,7.0,0.0,0.0,97.0,26.0,7.0,19.0,2.0,0
12799,2193,3.0,12,2,2,44,2,4,1.0,0.0,1.0,1.0,29.0,5.0,0.0,6.0,0.0,0
12800,1015,3.0,6,0,2,30,2,2,0.0,0.0,0.0,0.0,21.0,4.0,0.0,4.0,0.0,0
12801,5124,4.0,44,26,10,178,5,2,15.0,8.0,2.0,9.0,101.0,19.0,2.0,19.0,2.0,0
12802,19255,4.0,23,3,2,109,6,5,1.0,0.0,2.0,0.0,66.0,16.0,2.0,15.0,6.0,1
12803,9,4.0,34,8,2,106,3,5,5.0,0.0,3.0,0.0,65.0,15.0,3.0,14.0,0.0,0
12804,10136,4.0,6,4,5,39,3,2,1.0,0.0,2.0,1.0,20.0,6.0,2.0,6.0,0.0,1
12805,18222,4.0,18,1,2,62,7,3,0.0,0.0,0.0,0.0,41.0,9.0,1.0,8.0,2.0,1
12806,4804,4.0,24,3,2,78,4,7,2.0,0.0,1.0,0.0,49.0,11.0,1.0,11.0,2.0,0
12807,16639,4.0,5,2,3,27,2,1,1.0,0.0,1.0,1.0,16.0,3.0,0.0,4.0,0.0,1
12808,5713,4.0,23,8,2,79,3,1,7.0,0.0,1.0,0.0,49.0,10.0,1.0,10.0,0.0,0
12809,12677,4.0,23,0,2,76,3,8,0.0,0.0,0.0,0.0,55.0,9.0,0.0,9.0,2.0,1
12810,1581,3.0,9,0,3,28,2,1,0.0,0.0,0.0,0.0,19.0,4.0,0.0,4.0,0.0,0
12811,17308,5.0,23,8,4,132,6,5,0.0,8.0,0.0,8.0,88.0,13.0,0.0,12.0,2.0,1
12812,2779,4.0,17,15,3,61,4,2,13.0,2.0,0.0,1.0,30.0,7.0,1.0,6.0,0.0,0
12813,13216,4.0,30,7,3,109,8,3,3.0,0.0,3.0,1.0,64.0,16.0,3.0,16.0,2.0,1
12814,5320,3.0,11,0,2,32,2,1,0.0,0.0,0.0,0.0,25.0,3.0,0.0,3.0,0.0,0
12815,7312,4.0,54,9,2,184,7,3,1.0,0.0,8.0,0.0,116.0,24.0,8.0,24.0,2.0,0
12816,14837,4.0,27,6,3,103,8,3,3.0,0.0,2.0,1.0,62.0,15.0,2.0,15.0,2.0,1
12817,6042,4.0,14,0,3,50,3,2,0.0,0.0,0.0,0.0,37.0,6.0,0.0,6.0,0.0,0
12818,4835,3.0,12,0,1,35,3,3,0.0,0.0,0.0,0.0,25.0,5.0,0.0,4.0,0.0,0
12819,4964,3.0,16,0,2,56,4,2,0.0,0.0,0.0,0.0,41.0,7.0,0.0,7.0,0.0,0
12820,539,4.0,18,1,1,57,4,2,0.0,1.0,0.0,1.0,40.0,7.0,0.0,7.0,0.0,0
12821,7483,4.0,7,5,2,37,3,3,4.0,0.0,1.0,0.0,20.0,5.0,1.0,5.0,0.0,0
12822,19129,3.0,5,4,2,24,2,2,2.0,1.0,1.0,2.0,11.0,3.0,0.0,3.0,0.0,1
12823,3719,4.0,10,1,2,34,2,1,0.0,1.0,0.0,1.0,25.0,3.0,0.0,3.0,0.0,0
12824,13659,4.0,10,0,3,50,3,4,0.0,0.0,0.0,0.0,35.0,6.0,0.0,6.0,2.0,1
12825,9337,3.0,4,0,2,24,2,2,0.0,0.0,0.0,0.0,15.0,4.0,0.0,4.0,0.0,0
12826,667,4.0,18,12,2,89,3,3,8.0,0.0,4.0,1.0,47.0,12.0,3.0,13.0,0.0,0
12827,11023,4.0,8,3,4,51,6,3,2.0,0.0,0.0,0.0,28.0,9.0,1.0,8.0,2.0,1
12828,10975,4.0,29,2,3,106,8,3,1.0,0.0,1.0,0.0,72.0,14.0,1.0,14.0,2.0,1
12829,1353,4.0,19,4,1,60,3,5,2.0,2.0,0.0,0.0,39.0,8.0,2.0,6.0,0.0,0
12830,13323,3.0,6,0,2,28,4,3,0.0,0.0,0.0,0.0,15.0,5.0,0.0,5.0,2.0,1
12831,7114,4.0,13,9,2,51,2,3,7.0,1.0,1.0,1.0,31.0,4.0,0.0,5.0,0.0,0
12832,8662,3.0,7,0,4,33,2,2,0.0,0.0,0.0,0.0,20.0,6.0,0.0,6.0,0.0,0
12833,19087,4.0,15,8,3,70,4,9,5.0,0.0,3.0,0.0,38.0,9.0,3.0,8.0,3.0,1
12834,3330,4.0,27,5,3,82,5,2,3.0,0.0,1.0,0.0,60.0,8.0,2.0,7.0,0.0,0
12835,8053,4.0,18,7,2,63,4,1,6.0,0.0,1.0,0.0,40.0,7.0,1.0,7.0,0.0,0
12836,11829,4.0,17,0,1,54,4,4,0.0,0.0,0.0,0.0,39.0,6.0,0.0,6.0,2.0,1
12837,9588,4.0,10,5,1,38,3,5,1.0,1.0,2.0,1.0,20.0,5.0,3.0,4.0,0.0,0
12838,5645,4.0,12,2,2,52,2,4,1.0,1.0,0.0,0.0,37.0,6.0,1.0,5.0,0.0,0
12839,17640,3.0,5,0,1,14,1,0,0.0,0.0,0.0,0.0,11.0,1.0,0.0,1.0,0.0,1
12840,6190,3.0,5,4,1,24,4,1,3.0,0.0,0.0,0.0,13.0,3.0,1.0,2.0,1.0,0
12841,15761,4.0,12,0,2,47,3,5,0.0,0.0,0.0,0.0,32.0,6.0,0.0,6.0,2.0,1
12842,11704,3.0,6,0,1,16,1,0,0.0,0.0,0.0,0.0,13.0,1.0,0.0,1.0,0.0,1
12843,13843,3.0,11,0,1,26,1,0,0.0,0.0,0.0,0.0,23.0,1.0,0.0,1.0,0.0,1
12844,11003,4.0,22,2,6,108,7,14,0.0,0.0,2.0,2.0,53.0,20.0,0.0,22.0,8.0,1
12845,4910,4.0,27,0,2,64,3,2,0.0,0.0,0.0,0.0,51.0,6.0,0.0,6.0,0.0,0
12846,1852,4.0,31,72,1,201,5,6,23.0,6.0,42.0,26.0,21.0,18.0,23.0,37.0,4.0,0
12847,12972,3.0,7,0,1,17,1,0,0.0,0.0,0.0,0.0,14.0,1.0,0.0,1.0,0.0,1
12848,19864,4.0,25,6,2,89,7,3,4.0,0.0,2.0,0.0,52.0,13.0,2.0,13.0,2.0,1
12849,2105,4.0,18,0,5,56,3,2,0.0,0.0,0.0,0.0,39.0,8.0,0.0,8.0,0.0,0
12850,16517,4.0,20,53,4,140,8,7,32.0,16.0,4.0,16.0,42.0,11.0,5.0,10.0,3.0,1
12851,13428,3.0,11,0,2,33,2,3,0.0,0.0,0.0,0.0,23.0,5.0,0.0,4.0,0.0,1
12852,5029,4.0,13,2,2,46,4,2,1.0,0.0,1.0,1.0,27.0,7.0,0.0,8.0,0.0,0
12853,17312,3.0,9,0,3,32,2,2,0.0,0.0,0.0,0.0,22.0,5.0,0.0,4.0,0.0,1
12854,823,4.0,24,6,1,92,4,5,5.0,0.0,1.0,0.0,49.0,17.0,1.0,16.0,2.0,0
12855,1531,4.0,14,15,1,58,3,3,14.0,0.0,0.0,0.0,31.0,6.0,1.0,5.0,0.0,0
12856,1214,3.0,8,0,2,30,2,2,0.0,0.0,0.0,0.0,21.0,4.0,0.0,4.0,0.0,0
12857,504,3.0,20,41,1,115,4,4,13.0,1.0,26.0,14.0,15.0,8.0,14.0,20.0,3.0,0
12858,14683,4.0,6,0,3,28,3,3,0.0,0.0,0.0,0.0,15.0,6.0,0.0,5.0,1.0,1
12859,10188,4.0,6,1,2,31,3,3,0.0,0.0,1.0,1.0,19.0,3.0,0.0,4.0,2.0,1
12860,6530,4.0,17,16,1,74,3,6,11.0,0.0,5.0,0.0,37.0,8.0,5.0,7.0,0.0,0
12861,19456,4.0,53,14,3,189,8,3,8.0,1.0,4.0,1.0,118.0,25.0,5.0,24.0,2.0,1
12862,10150,3.0,11,0,1,42,3,5,0.0,0.0,0.0,0.0,29.0,5.0,0.0,5.0,2.0,1
12863,9576,4.0,16,2,2,55,2,5,1.0,1.0,0.0,1.0,37.0,7.0,0.0,7.0,0.0,0
12864,13116,4.0,5,4,3,30,2,1,3.0,0.0,1.0,0.0,16.0,4.0,1.0,4.0,0.0,1
12865,3709,3.0,5,4,1,18,2,1,3.0,0.0,1.0,1.0,10.0,1.0,0.0,1.0,0.0,0
12866,19603,4.0,11,0,3,40,3,1,0.0,0.0,0.0,0.0,29.0,5.0,0.0,5.0,0.0,1
12867,4748,4.0,10,0,2,36,2,1,0.0,0.0,0.0,0.0,29.0,3.0,0.0,3.0,0.0,0
12868,11714,4.0,32,1,2,106,4,5,0.0,1.0,0.0,1.0,70.0,16.0,0.0,15.0,2.0,1
12869,15485,4.0,22,4,3,89,8,3,2.0,0.0,1.0,0.0,54.0,14.0,2.0,13.0,2.0,1
12870,5301,4.0,13,5,1,52,3,3,4.0,0.0,1.0,0.0,35.0,5.0,1.0,5.0,0.0,0
12871,19307,4.0,16,0,3,63,4,5,0.0,0.0,0.0,0.0,40.0,10.0,0.0,10.0,2.0,1
12872,6588,4.0,12,31,4,69,5,3,27.0,0.0,3.0,0.0,20.0,7.0,4.0,6.0,1.0,0
12873,1810,4.0,11,10,1,41,3,3,9.0,0.0,0.0,0.0,21.0,5.0,1.0,4.0,0.0,0
12874,3141,3.0,9,0,1,28,3,3,0.0,0.0,0.0,0.0,18.0,5.0,0.0,4.0,0.0,0
12875,1324,4.0,15,7,3,66,4,4,4.0,0.0,3.0,0.0,35.0,10.0,3.0,10.0,0.0,0
12876,4312,4.0,18,4,2,60,3,1,3.0,0.0,1.0,0.0,38.0,8.0,1.0,8.0,0.0,0
12877,7494,4.0,36,1,8,133,5,5,0.0,0.0,1.0,0.0,73.0,28.0,1.0,28.0,1.0,0
12878,8691,4.0,20,0,1,67,3,3,0.0,0.0,0.0,0.0,44.0,11.0,0.0,11.0,0.0,0
12879,19522,3.0,11,0,1,38,3,4,0.0,0.0,0.0,0.0,27.0,4.0,0.0,4.0,2.0,1
12880,9580,4.0,34,2,1,110,4,4,1.0,0.0,1.0,0.0,73.0,16.0,1.0,15.0,2.0,0
12881,13807,4.0,12,8,3,55,4,4,2.0,5.0,1.0,5.0,26.0,6.0,1.0,6.0,2.0,1
12882,17924,3.0,6,2,2,32,2,2,1.0,1.0,0.0,0.0,21.0,4.0,0.0,4.0,0.0,1
12883,19065,4.0,14,0,2,48,4,4,0.0,0.0,0.0,0.0,33.0,6.0,0.0,6.0,2.0,1
12884,6313,4.0,15,6,3,72,3,3,4.0,0.0,2.0,0.0,47.0,8.0,2.0,8.0,0.0,0
12885,17575,4.0,7,0,3,35,2,2,0.0,0.0,0.0,0.0,24.0,5.0,0.0,5.0,0.0,1
12886,13964,3.0,9,0,2,35,3,2,0.0,0.0,0.0,0.0,23.0,6.0,0.0,5.0,0.0,1
12887,1542,3.0,7,0,2,20,2,1,0.0,0.0,0.0,0.0,14.0,3.0,0.0,2.0,0.0,0
12888,11493,4.0,9,0,3,49,3,4,0.0,0.0,0.0,0.0,34.0,6.0,0.0,6.0,2.0,1
12889,11516,3.0,8,0,3,34,2,3,0.0,0.0,0.0,0.0,21.0,6.0,0.0,6.0,0.0,1
12890,7056,3.0,7,0,1,26,3,2,0.0,0.0,0.0,0.0,17.0,4.0,0.0,4.0,0.0,0
12891,2539,3.0,5,0,1,11,2,1,0.0,0.0,0.0,0.0,6.0,2.0,0.0,2.0,0.0,0
12892,17337,4.0,40,0,3,112,4,4,0.0,0.0,0.0,0.0,79.0,15.0,0.0,15.0,2.0,1
12893,15368,4.0,10,0,3,42,3,4,0.0,0.0,0.0,0.0,27.0,6.0,0.0,6.0,2.0,1
12894,6731,4.0,14,4,2,56,6,2,3.0,0.0,1.0,0.0,34.0,8.0,1.0,8.0,0.0,0
12895,4846,3.0,8,0,1,21,2,1,0.0,0.0,0.0,0.0,16.0,2.0,0.0,2.0,0.0,0
12896,6801,4.0,16,14,1,72,3,5,10.0,0.0,4.0,0.0,41.0,6.0,4.0,6.0,0.0,0
12897,4330,4.0,26,7,2,91,6,1,6.0,0.0,1.0,0.0,60.0,11.0,1.0,11.0,0.0,0
12898,8924,3.0,5,5,1,20,3,2,3.0,0.0,2.0,1.0,8.0,2.0,1.0,2.0,0.0,0
12899,5334,4.0,18,0,4,59,3,3,0.0,0.0,0.0,0.0,43.0,7.0,0.0,7.0,1.0,0
12900,9348,4.0,7,10,2,41,2,5,6.0,1.0,3.0,0.0,19.0,4.0,4.0,3.0,0.0,0
12901,4729,4.0,20,5,6,102,7,1,0.0,5.0,0.0,0.0,58.0,16.0,5.0,11.0,6.0,0
12902,11174,4.0,6,4,4,33,2,3,3.0,0.0,1.0,1.0,15.0,6.0,0.0,6.0,0.0,1
12903,18540,3.0,8,0,3,33,2,2,0.0,0.0,0.0,0.0,22.0,5.0,0.0,5.0,0.0,1
12904,1062,4.0,6,10,1,45,4,5,7.0,1.0,2.0,1.0,20.0,6.0,2.0,5.0,0.0,0
12905,1167,4.0,32,7,2,114,4,5,5.0,0.0,2.0,0.0,58.0,22.0,2.0,22.0,2.0,0
12906,7651,4.0,27,6,2,91,5,1,5.0,0.0,1.0,0.0,61.0,11.0,1.0,11.0,0.0,0
12907,11130,4.0,25,2,1,96,7,4,0.0,0.0,2.0,0.0,62.0,14.0,2.0,13.0,2.0,1
12908,4491,3.0,7,0,1,24,2,1,0.0,0.0,0.0,0.0,19.0,2.0,0.0,2.0,0.0,0
12909,8335,4.0,17,2,2,57,3,2,0.0,1.0,1.0,2.0,39.0,6.0,0.0,7.0,0.0,0
12910,5486,4.0,21,0,2,64,3,2,0.0,0.0,0.0,0.0,49.0,7.0,0.0,7.0,0.0,0
12911,19166,4.0,17,0,1,68,4,9,0.0,0.0,0.0,0.0,46.0,10.0,0.0,9.0,2.0,1
12912,17101,4.0,18,1,4,63,3,4,0.0,0.0,1.0,1.0,45.0,6.0,0.0,7.0,2.0,1
12913,2502,4.0,15,6,2,45,3,3,5.0,0.0,1.0,0.0,27.0,5.0,1.0,5.0,0.0,0
12914,4360,4.0,10,8,3,47,3,2,6.0,1.0,1.0,0.0,25.0,6.0,2.0,5.0,0.0,0
12915,4171,4.0,10,2,2,38,2,4,1.0,0.0,1.0,1.0,24.0,5.0,0.0,5.0,0.0,0
12916,19777,4.0,11,0,1,43,3,5,0.0,0.0,0.0,0.0,30.0,5.0,0.0,5.0,2.0,1
12917,16779,3.0,0,13,3,25,3,3,8.0,0.0,4.0,1.0,3.0,1.0,4.0,1.0,2.0,1
12918,13923,3.0,3,7,2,17,1,0,5.0,1.0,1.0,1.0,5.0,1.0,0.0,2.0,0.0,1
12919,14512,4.0,13,0,3,40,2,4,0.0,0.0,0.0,0.0,26.0,7.0,0.0,6.0,0.0,1
12920,7186,3.0,3,0,1,11,2,1,0.0,0.0,0.0,0.0,7.0,2.0,0.0,1.0,0.0,0
12921,698,4.0,21,8,1,84,4,5,6.0,1.0,1.0,0.0,46.0,13.0,2.0,12.0,2.0,0
12922,17749,4.0,8,0,3,38,3,3,0.0,0.0,0.0,0.0,25.0,5.0,0.0,5.0,2.0,1
12923,19548,4.0,2,15,4,33,3,3,10.0,0.0,5.0,0.0,6.0,2.0,5.0,2.0,2.0,1
12924,14191,4.0,24,5,3,83,7,3,3.0,0.0,1.0,0.0,49.0,13.0,2.0,12.0,2.0,1
12925,8787,4.0,17,7,1,67,3,4,5.0,0.0,2.0,1.0,45.0,6.0,1.0,6.0,0.0,0
12926,14397,3.0,5,4,2,27,2,2,3.0,0.0,0.0,1.0,14.0,4.0,0.0,4.0,0.0,1
12927,12144,4.0,19,4,4,103,4,5,2.0,0.0,2.0,0.0,66.0,14.0,2.0,14.0,2.0,1
12928,13584,4.0,13,2,2,48,3,5,1.0,1.0,0.0,0.0,30.0,8.0,1.0,6.0,0.0,1
12929,2914,4.0,16,6,1,57,3,4,5.0,0.0,1.0,0.0,37.0,6.0,1.0,6.0,0.0,0
12930,14552,3.0,1,12,3,28,3,3,7.0,1.0,4.0,1.0,6.0,1.0,4.0,1.0,2.0,1
12931,10518,3.0,13,0,3,54,3,5,0.0,0.0,0.0,0.0,37.0,7.0,0.0,7.0,2.0,1
12932,5644,3.0,8,0,2,26,2,1,0.0,0.0,0.0,0.0,20.0,3.0,0.0,2.0,0.0,0
12933,3440,4.0,8,8,2,38,2,3,7.0,0.0,1.0,0.0,20.0,4.0,1.0,4.0,0.0,0
12934,12043,2.0,6,0,1,11,1,0,0.0,0.0,0.0,0.0,8.0,1.0,0.0,1.0,0.0,1
12935,7357,4.0,26,8,3,82,4,4,6.0,0.0,2.0,0.0,53.0,9.0,2.0,9.0,0.0,0
12936,2143,4.0,10,0,2,34,3,2,0.0,0.0,0.0,0.0,23.0,5.0,0.0,5.0,0.0,0
12937,5104,3.0,8,0,2,24,2,1,0.0,0.0,0.0,0.0,18.0,3.0,0.0,2.0,0.0,0
12938,5073,4.0,18,8,3,70,3,3,5.0,0.0,3.0,1.0,39.0,9.0,2.0,10.0,0.0,0
12939,17955,4.0,36,0,1,115,4,10,0.0,0.0,0.0,0.0,85.0,14.0,0.0,13.0,2.0,1
12940,17506,4.0,52,6,2,174,8,3,3.0,0.0,3.0,0.0,115.0,23.0,3.0,23.0,3.0,1
12941,16048,4.0,10,3,2,41,3,4,2.0,1.0,0.0,0.0,25.0,5.0,1.0,4.0,2.0,1
12942,19170,4.0,9,0,2,45,4,3,0.0,0.0,0.0,0.0,32.0,5.0,0.0,5.0,2.0,1
12943,14527,4.0,13,5,3,51,4,4,3.0,2.0,0.0,1.0,28.0,7.0,1.0,6.0,2.0,1
12944,2967,4.0,13,4,3,49,3,4,3.0,0.0,1.0,1.0,29.0,6.0,0.0,7.0,1.0,0
12945,18888,3.0,9,0,2,40,4,3,0.0,0.0,0.0,0.0,27.0,5.0,0.0,5.0,2.0,1
12946,5988,4.0,12,5,1,48,2,5,4.0,0.0,1.0,0.0,32.0,5.0,1.0,4.0,0.0,0
12947,11657,4.0,12,0,3,43,4,1,0.0,0.0,0.0,0.0,30.0,6.0,0.0,6.0,0.0,1
12948,728,3.0,8,0,2,27,2,1,0.0,0.0,0.0,0.0,21.0,3.0,0.0,2.0,0.0,0
12949,7587,3.0,10,0,2,34,2,1,0.0,0.0,0.0,0.0,27.0,3.0,0.0,3.0,0.0,0
12950,7543,3.0,6,2,2,23,2,2,1.0,0.0,1.0,1.0,13.0,3.0,0.0,3.0,0.0,0
12951,412,4.0,10,0,1,34,4,2,0.0,0.0,0.0,0.0,23.0,4.0,0.0,4.0,2.0,0
12952,11338,4.0,8,0,3,33,2,1,0.0,0.0,0.0,0.0,24.0,4.0,0.0,4.0,0.0,1
12953,5745,4.0,14,8,4,67,8,1,6.0,1.0,1.0,0.0,36.0,10.0,2.0,9.0,1.0,0
12954,17209,4.0,7,18,2,38,1,0,16.0,2.0,0.0,1.0,14.0,2.0,1.0,1.0,0.0,1
12955,3267,4.0,14,8,2,62,3,1,7.0,0.0,1.0,1.0,31.0,10.0,0.0,11.0,0.0,0
12956,8808,4.0,29,45,1,154,5,6,11.0,7.0,27.0,23.0,24.0,15.0,11.0,31.0,4.0,0
12957,417,4.0,7,6,2,38,3,1,5.0,0.0,1.0,0.0,22.0,4.0,1.0,4.0,0.0,0
12958,11261,3.0,9,19,1,63,4,4,6.0,0.0,13.0,9.0,9.0,5.0,4.0,13.0,3.0,1
12959,9817,3.0,14,0,2,55,2,6,0.0,0.0,0.0,0.0,38.0,8.0,0.0,8.0,0.0,0
12960,15305,4.0,49,5,3,159,8,3,2.0,0.0,2.0,0.0,103.0,23.0,3.0,22.0,3.0,1
12961,16281,4.0,17,20,4,73,4,4,11.0,8.0,1.0,9.0,26.0,7.0,0.0,8.0,2.0,1
12962,2082,4.0,11,4,2,39,5,1,3.0,0.0,0.0,0.0,23.0,6.0,1.0,5.0,0.0,0
12963,12161,4.0,32,7,3,119,8,4,4.0,0.0,2.0,0.0,72.0,18.0,3.0,17.0,2.0,1
12964,3373,4.0,28,2,5,101,5,8,1.0,0.0,1.0,1.0,66.0,14.0,0.0,15.0,2.0,0
12965,5726,4.0,19,0,2,54,2,4,0.0,0.0,0.0,0.0,41.0,6.0,0.0,6.0,0.0,0
12966,10636,4.0,25,4,3,96,7,3,2.0,0.0,1.0,0.0,59.0,15.0,2.0,14.0,2.0,1
12967,17450,4.0,8,0,4,41,3,3,0.0,0.0,0.0,0.0,26.0,6.0,0.0,6.0,2.0,1
12968,3913,3.0,18,0,1,50,2,4,0.0,0.0,0.0,0.0,40.0,5.0,0.0,4.0,0.0,0
12969,13479,4.0,18,0,4,63,3,5,0.0,0.0,0.0,0.0,44.0,8.0,0.0,8.0,2.0,1
12970,5536,4.0,11,0,2,33,3,2,0.0,0.0,0.0,0.0,22.0,5.0,0.0,5.0,0.0,0
12971,8002,3.0,7,6,2,32,2,2,5.0,0.0,0.0,0.0,18.0,4.0,1.0,3.0,0.0,0
12972,5387,3.0,7,0,1,19,2,1,0.0,0.0,0.0,0.0,15.0,2.0,0.0,1.0,0.0,0
12973,2738,3.0,8,0,1,22,2,1,0.0,0.0,0.0,0.0,18.0,2.0,0.0,1.0,0.0,0
12974,5052,4.0,15,0,1,46,3,2,0.0,0.0,0.0,0.0,33.0,6.0,0.0,6.0,0.0,0
12975,4000,4.0,29,10,1,99,3,4,7.0,0.0,3.0,0.0,59.0,13.0,3.0,13.0,0.0,0
12976,2427,4.0,48,0,3,143,3,1,0.0,0.0,0.0,0.0,102.0,20.0,0.0,20.0,0.0,0
12977,11938,4.0,36,0,2,124,6,5,0.0,0.0,0.0,0.0,93.0,14.0,0.0,14.0,2.0,1
12978,6833,4.0,14,2,4,48,2,4,1.0,0.0,1.0,1.0,29.0,7.0,0.0,8.0,0.0,0
12979,18071,4.0,36,6,6,145,7,3,3.0,0.0,2.0,0.0,91.0,22.0,3.0,21.0,2.0,1
12980,851,3.0,8,0,1,29,2,1,0.0,0.0,0.0,0.0,24.0,2.0,0.0,2.0,0.0,0
12981,16347,4.0,20,4,3,88,4,8,2.0,0.0,2.0,0.0,57.0,11.0,2.0,11.0,2.0,1
12982,5878,4.0,24,6,1,98,4,5,5.0,0.0,1.0,0.0,61.0,14.0,1.0,13.0,2.0,0
12983,19223,4.0,11,5,3,48,4,4,3.0,1.0,1.0,1.0,26.0,6.0,1.0,6.0,2.0,1
12984,4611,4.0,22,10,1,70,3,3,9.0,0.0,0.0,0.0,44.0,8.0,1.0,7.0,0.0,0
12985,16364,4.0,20,18,3,107,7,6,10.0,0.0,8.0,0.0,51.0,14.0,8.0,13.0,2.0,1
12986,9540,3.0,12,0,3,39,2,1,0.0,0.0,0.0,0.0,30.0,4.0,0.0,4.0,0.0,0
12987,9207,4.0,36,1,8,132,5,4,0.0,0.0,1.0,0.0,73.0,28.0,1.0,28.0,0.0,0
12988,9823,4.0,7,0,2,34,2,3,0.0,0.0,0.0,0.0,23.0,5.0,0.0,5.0,0.0,0
12989,2489,4.0,12,0,2,36,3,1,0.0,0.0,0.0,0.0,24.0,6.0,0.0,5.0,0.0,0
12990,11922,4.0,13,6,2,66,3,9,4.0,0.0,1.0,0.0,39.0,9.0,2.0,8.0,2.0,1
12991,7390,4.0,13,0,2,44,2,4,0.0,0.0,0.0,0.0,31.0,6.0,0.0,6.0,0.0,0
12992,2849,4.0,23,6,2,83,4,4,5.0,0.0,1.0,0.0,43.0,15.0,1.0,15.0,2.0,0
12993,14069,4.0,13,39,2,100,7,4,26.0,8.0,5.0,7.0,26.0,10.0,6.0,9.0,2.0,1
12994,5881,4.0,26,4,1,81,3,2,2.0,0.0,2.0,0.0,54.0,10.0,2.0,10.0,0.0,0
12995,4452,4.0,11,4,3,59,4,6,0.0,4.0,0.0,3.0,28.0,10.0,1.0,9.0,3.0,0
12996,2479,4.0,6,0,2,23,2,1,0.0,0.0,0.0,0.0,17.0,3.0,0.0,2.0,0.0,0
12997,10457,3.0,5,0,1,14,1,0,0.0,0.0,0.0,0.0,11.0,1.0,0.0,1.0,0.0,1
12998,11151,3.0,7,0,1,20,1,0,0.0,0.0,0.0,0.0,17.0,1.0,0.0,1.0,0.0,1
12999,13245,3.0,3,0,2,23,3,3,0.0,0.0,0.0,0.0,12.0,4.0,0.0,4.0,2.0,1
13000,18525,4.0,10,16,3,77,6,5,8.0,6.0,2.0,8.0,30.0,9.0,0.0,11.0,2.0,1
13001,13296,4.0,2,16,4,34,3,3,11.0,0.0,5.0,0.0,6.0,2.0,5.0,2.0,2.0,1
13002,11310,5.0,49,59,3,273,9,7,26.0,27.0,6.0,22.0,139.0,21.0,11.0,16.0,4.0,1
13003,9435,3.0,8,1,1,22,2,1,0.0,1.0,0.0,1.0,16.0,2.0,0.0,1.0,0.0,0
13004,19128,4.0,17,4,1,67,4,6,3.0,0.0,0.0,0.0,45.0,8.0,1.0,7.0,2.0,1
13005,7253,4.0,25,0,1,75,3,3,0.0,0.0,0.0,0.0,53.0,11.0,0.0,10.0,0.0,0
13006,13284,4.0,1,12,3,28,3,4,6.0,0.0,5.0,2.0,5.0,1.0,4.0,2.0,2.0,1
13007,3506,4.0,18,7,1,58,3,2,5.0,0.0,2.0,1.0,32.0,8.0,1.0,8.0,0.0,0
13008,1679,4.0,7,1,1,31,4,1,0.0,1.0,0.0,1.0,20.0,4.0,0.0,4.0,0.0,0
13009,19531,3.0,10,0,3,27,2,2,0.0,0.0,0.0,0.0,16.0,5.0,0.0,5.0,0.0,1
13010,8130,3.0,3,0,2,21,2,2,0.0,0.0,0.0,0.0,13.0,4.0,0.0,3.0,0.0,0
13011,15125,3.0,6,0,2,22,2,2,0.0,0.0,0.0,0.0,14.0,4.0,0.0,3.0,0.0,1
13012,16964,4.0,20,6,3,80,7,3,4.0,0.0,1.0,0.0,45.0,13.0,2.0,12.0,2.0,1
13013,9662,4.0,39,34,8,150,3,7,20.0,14.0,0.0,13.0,71.0,16.0,1.0,14.0,0.0,0
13014,13500,3.0,8,0,1,26,3,3,0.0,0.0,0.0,0.0,17.0,3.0,0.0,3.0,2.0,1
13015,3343,3.0,5,0,1,15,2,1,0.0,0.0,0.0,0.0,11.0,2.0,0.0,1.0,0.0,0
13016,13184,4.0,24,4,4,84,7,3,2.0,0.0,1.0,0.0,49.0,14.0,2.0,13.0,2.0,1
13017,16244,4.0,21,0,3,68,8,3,0.0,0.0,0.0,0.0,43.0,11.0,0.0,11.0,2.0,1
13018,12775,4.0,32,19,3,138,4,6,8.0,3.0,8.0,3.0,77.0,14.0,8.0,14.0,2.0,1
13019,16943,3.0,10,0,2,32,2,3,0.0,0.0,0.0,0.0,22.0,5.0,0.0,4.0,0.0,1
13020,5237,4.0,8,2,1,31,4,1,0.0,2.0,0.0,2.0,18.0,4.0,0.0,4.0,0.0,0
13021,7805,4.0,26,16,2,108,4,3,10.0,2.0,4.0,6.0,77.0,2.0,0.0,5.0,1.0,0
13022,13407,4.0,24,4,3,87,7,3,2.0,0.0,1.0,0.0,54.0,13.0,2.0,12.0,2.0,1
13023,16896,3.0,6,0,2,23,3,2,0.0,0.0,0.0,0.0,14.0,4.0,0.0,3.0,1.0,1
13024,1081,3.0,9,0,2,30,2,2,0.0,0.0,0.0,0.0,22.0,4.0,0.0,3.0,0.0,0
13025,18048,4.0,51,5,3,158,8,3,2.0,0.0,3.0,0.0,102.0,22.0,3.0,22.0,3.0,1
13026,9204,4.0,28,2,1,107,4,5,1.0,0.0,1.0,0.0,70.0,16.0,1.0,15.0,2.0,0
13027,1931,4.0,11,0,2,43,3,2,0.0,0.0,0.0,0.0,32.0,5.0,0.0,5.0,0.0,0
13028,1150,4.0,13,5,2,41,3,2,4.0,0.0,1.0,0.0,26.0,4.0,1.0,4.0,0.0,0
13029,19222,3.0,4,0,1,18,1,0,0.0,0.0,0.0,0.0,15.0,1.0,0.0,1.0,0.0,1
13030,5949,4.0,13,4,2,53,5,1,2.0,0.0,1.0,0.0,32.0,8.0,2.0,7.0,0.0,0
13031,8308,4.0,18,5,4,71,6,2,4.0,0.0,0.0,1.0,39.0,13.0,0.0,13.0,0.0,0
13032,14262,4.0,23,5,3,99,5,7,3.0,0.0,1.0,0.0,65.0,14.0,2.0,13.0,0.0,1
13033,5177,4.0,9,0,2,37,3,1,0.0,0.0,0.0,0.0,26.0,5.0,0.0,5.0,0.0,0
13034,14098,5.0,14,0,2,82,3,5,0.0,0.0,0.0,0.0,68.0,6.0,0.0,5.0,2.0,1
13035,17214,3.0,3,0,3,26,2,1,0.0,0.0,0.0,0.0,17.0,4.0,0.0,4.0,0.0,1
13036,8311,4.0,23,7,1,71,3,2,3.0,1.0,3.0,1.0,44.0,8.0,3.0,7.0,0.0,0
13037,19740,4.0,17,0,2,64,4,4,0.0,0.0,0.0,0.0,43.0,9.0,0.0,9.0,2.0,1
13038,19943,4.0,10,0,3,47,3,6,0.0,0.0,0.0,0.0,29.0,8.0,0.0,7.0,2.0,1
13039,17019,4.0,18,1,5,59,3,4,0.0,0.0,0.0,0.0,40.0,8.0,1.0,7.0,2.0,1
13040,4465,4.0,18,0,3,63,5,1,0.0,0.0,0.0,0.0,46.0,8.0,0.0,8.0,0.0,0
13041,6799,3.0,13,0,2,50,3,4,0.0,0.0,0.0,0.0,32.0,9.0,0.0,8.0,0.0,0
13042,7987,4.0,13,6,2,52,3,3,4.0,0.0,2.0,0.0,32.0,6.0,2.0,5.0,0.0,0
13043,7079,3.0,14,0,2,39,2,2,0.0,0.0,0.0,0.0,30.0,4.0,0.0,4.0,0.0,0
13044,6966,4.0,10,1,2,44,3,1,0.0,0.0,1.0,1.0,32.0,4.0,0.0,5.0,0.0,0
13045,15202,4.0,26,20,4,117,8,3,11.0,0.0,8.0,0.0,55.0,16.0,9.0,15.0,2.0,1
13046,4142,3.0,9,0,1,22,2,1,0.0,0.0,0.0,0.0,18.0,2.0,0.0,1.0,0.0,0
13047,876,3.0,8,20,1,91,4,5,2.0,1.0,17.0,15.0,17.0,9.0,3.0,23.0,3.0,0
13048,16388,4.0,23,3,4,88,4,9,2.0,0.0,1.0,1.0,55.0,13.0,0.0,13.0,2.0,1
13049,15979,4.0,50,6,4,156,8,4,3.0,0.0,2.0,0.0,98.0,24.0,3.0,23.0,2.0,1
13050,3051,3.0,10,0,2,27,2,1,0.0,0.0,0.0,0.0,20.0,3.0,0.0,3.0,0.0,0
13051,19508,4.0,17,2,3,60,4,5,1.0,0.0,1.0,0.0,40.0,7.0,1.0,7.0,2.0,1
13052,14599,4.0,50,8,2,163,8,3,4.0,0.0,3.0,0.0,105.0,22.0,4.0,21.0,3.0,1
13053,15328,4.0,12,4,2,44,3,4,2.0,2.0,0.0,1.0,26.0,5.0,1.0,4.0,2.0,1
13054,2491,4.0,25,4,3,84,3,5,3.0,0.0,1.0,0.0,59.0,10.0,1.0,9.0,0.0,0
13055,15338,4.0,12,2,2,45,4,5,1.0,1.0,0.0,0.0,26.0,7.0,1.0,6.0,2.0,1
13056,4777,4.0,27,0,2,76,2,6,0.0,0.0,0.0,0.0,59.0,8.0,0.0,8.0,0.0,0
13057,9907,4.0,6,4,2,34,4,1,3.0,0.0,0.0,0.0,20.0,5.0,1.0,4.0,0.0,0
13058,17532,4.0,8,13,4,46,3,4,7.0,1.0,4.0,2.0,19.0,3.0,4.0,3.0,2.0,1
13059,16958,4.0,6,10,2,39,5,4,8.0,0.0,1.0,0.0,14.0,6.0,2.0,5.0,2.0,1
13060,853,4.0,22,1,3,79,3,4,0.0,0.0,1.0,0.0,54.0,11.0,1.0,11.0,0.0,0
13061,10966,3.0,16,0,3,45,3,3,0.0,0.0,0.0,0.0,31.0,7.0,0.0,6.0,0.0,1
13062,13121,4.0,11,0,6,42,1,0,0.0,0.0,0.0,0.0,29.0,6.0,0.0,6.0,0.0,1
13063,13403,4.0,6,10,4,46,3,4,6.0,0.0,4.0,0.0,23.0,3.0,4.0,3.0,2.0,1
13064,10893,4.0,15,0,1,59,4,7,0.0,0.0,0.0,0.0,37.0,10.0,0.0,9.0,2.0,1
13065,4495,4.0,18,6,2,74,3,2,5.0,0.0,1.0,0.0,48.0,9.0,1.0,9.0,0.0,0
13066,8173,3.0,7,0,2,27,2,2,0.0,0.0,0.0,0.0,18.0,4.0,0.0,4.0,0.0,0
13067,6655,3.0,5,0,1,18,2,1,0.0,0.0,0.0,0.0,14.0,2.0,0.0,1.0,0.0,0
13068,12039,4.0,7,0,3,39,4,3,0.0,0.0,0.0,0.0,24.0,6.0,0.0,6.0,2.0,1
13069,2368,4.0,25,13,1,90,4,2,10.0,1.0,1.0,0.0,46.0,15.0,3.0,13.0,0.0,0
13070,4780,4.0,7,21,1,68,3,5,11.0,9.0,1.0,9.0,25.0,6.0,1.0,5.0,0.0,0
13071,12323,4.0,15,1,3,65,4,5,0.0,0.0,1.0,0.0,44.0,8.0,1.0,8.0,2.0,1
13072,19334,3.0,8,0,2,32,3,3,0.0,0.0,0.0,0.0,21.0,4.0,0.0,4.0,2.0,1
13073,8716,4.0,16,42,3,138,8,4,33.0,0.0,9.0,0.0,52.0,16.0,9.0,16.0,2.0,0
13074,10647,4.0,24,2,5,109,7,14,0.0,0.0,1.0,2.0,56.0,20.0,0.0,21.0,8.0,1
13075,18225,4.0,17,0,2,67,4,9,0.0,0.0,0.0,0.0,43.0,11.0,0.0,10.0,2.0,1
13076,5986,4.0,8,1,3,37,4,2,0.0,1.0,0.0,0.0,21.0,7.0,1.0,5.0,1.0,0
13077,16921,4.0,11,0,4,38,3,3,0.0,0.0,0.0,0.0,22.0,7.0,0.0,7.0,1.0,1
13078,19190,4.0,34,10,3,130,8,3,6.0,0.0,3.0,0.0,81.0,17.0,4.0,16.0,2.0,1
13079,5801,3.0,6,0,1,18,2,1,0.0,0.0,0.0,0.0,14.0,2.0,0.0,1.0,0.0,0
13080,7206,4.0,13,2,5,57,3,3,1.0,0.0,1.0,1.0,36.0,8.0,0.0,9.0,0.0,0
13081,7343,4.0,57,59,1,223,4,6,35.0,20.0,4.0,0.0,103.0,28.0,24.0,8.0,0.0,0
13082,12533,4.0,29,5,3,105,8,4,3.0,0.0,1.0,0.0,63.0,17.0,2.0,16.0,2.0,1
13083,7560,4.0,27,7,2,123,4,4,5.0,0.0,2.0,1.0,66.0,22.0,1.0,23.0,2.0,0
13084,8096,3.0,7,0,2,28,2,2,0.0,0.0,0.0,0.0,19.0,4.0,0.0,4.0,0.0,0
13085,784,4.0,12,7,2,57,3,1,6.0,0.0,1.0,0.0,32.0,8.0,1.0,8.0,0.0,0
13086,12249,4.0,20,2,2,73,4,5,1.0,0.0,1.0,0.0,49.0,9.0,1.0,9.0,2.0,1
13087,1409,4.0,28,5,1,100,4,5,4.0,0.0,1.0,0.0,59.0,16.0,1.0,16.0,2.0,0
13088,10729,4.0,13,10,2,66,4,6,8.0,0.0,1.0,0.0,33.0,10.0,2.0,9.0,2.0,1
13089,16538,4.0,42,5,3,163,7,9,2.0,0.0,3.0,0.0,113.0,20.0,3.0,19.0,2.0,1
13090,3009,4.0,8,6,2,39,4,1,5.0,0.0,0.0,0.0,23.0,5.0,1.0,4.0,0.0,0
13091,18070,3.0,12,18,1,63,4,4,5.0,0.0,13.0,10.0,9.0,5.0,3.0,14.0,3.0,1
13092,11093,4.0,20,0,3,67,3,8,0.0,0.0,0.0,0.0,44.0,10.0,0.0,10.0,2.0,1
13093,4014,4.0,50,1,10,165,5,7,0.0,0.0,1.0,1.0,121.0,20.0,0.0,20.0,1.0,0
13094,7455,4.0,23,22,2,86,3,3,12.0,8.0,2.0,10.0,43.0,4.0,0.0,6.0,0.0,0
13095,12913,3.0,0,11,3,24,3,3,6.0,1.0,4.0,1.0,3.0,1.0,4.0,1.0,2.0,1
13096,3863,4.0,14,6,3,56,3,4,4.0,0.0,1.0,0.0,35.0,7.0,2.0,6.0,0.0,0
13097,19117,4.0,54,14,3,191,8,3,7.0,0.0,6.0,0.0,117.0,26.0,7.0,25.0,2.0,1
13098,1895,4.0,9,9,2,50,5,2,7.0,0.0,1.0,1.0,27.0,6.0,1.0,6.0,0.0,0
13099,5442,4.0,13,0,1,40,3,3,0.0,0.0,0.0,0.0,30.0,5.0,0.0,4.0,0.0,0
13100,569,3.0,12,3,1,36,2,5,2.0,0.0,1.0,0.0,22.0,5.0,0.0,5.0,0.0,0
13101,1816,4.0,15,14,2,58,4,2,13.0,1.0,0.0,0.0,31.0,6.0,1.0,5.0,0.0,0
13102,19981,4.0,10,3,2,41,3,4,2.0,1.0,0.0,0.0,25.0,5.0,1.0,4.0,2.0,1
13103,6102,4.0,4,10,3,35,2,3,7.0,0.0,3.0,1.0,14.0,3.0,2.0,4.0,0.0,0
13104,2975,3.0,6,7,1,27,2,3,6.0,0.0,1.0,1.0,11.0,3.0,0.0,4.0,0.0,0
13105,17364,4.0,8,1,3,34,2,3,0.0,0.0,1.0,1.0,20.0,5.0,0.0,6.0,0.0,1
13106,10492,3.0,5,0,1,16,1,0,0.0,0.0,0.0,0.0,13.0,1.0,0.0,1.0,0.0,1
13107,190,3.0,12,0,2,39,2,2,0.0,0.0,0.0,0.0,30.0,4.0,0.0,4.0,0.0,0
13108,699,3.0,10,0,2,24,2,1,0.0,0.0,0.0,0.0,18.0,3.0,0.0,2.0,0.0,0
13109,19776,4.0,14,0,4,57,4,4,0.0,0.0,0.0,0.0,34.0,10.0,0.0,10.0,2.0,1
13110,16990,4.0,4,2,2,34,4,4,1.0,0.0,1.0,0.0,18.0,5.0,1.0,5.0,2.0,1
13111,12468,4.0,23,4,3,88,7,4,2.0,0.0,1.0,0.0,53.0,14.0,2.0,13.0,2.0,1
13112,301,4.0,11,10,2,50,2,6,7.0,1.0,2.0,3.0,22.0,6.0,0.0,8.0,0.0,0
13113,3420,4.0,18,0,4,65,4,4,0.0,0.0,0.0,0.0,45.0,9.0,0.0,9.0,1.0,0
13114,18711,3.0,7,1,2,25,2,3,0.0,1.0,0.0,1.0,13.0,5.0,0.0,4.0,0.0,1
13115,1060,3.0,11,0,3,40,2,2,0.0,0.0,0.0,0.0,29.0,5.0,0.0,5.0,0.0,0
13116,14434,4.0,2,15,4,33,3,3,10.0,0.0,5.0,0.0,6.0,2.0,5.0,2.0,2.0,1
13117,10757,4.0,9,0,2,36,4,3,0.0,0.0,0.0,0.0,23.0,6.0,0.0,5.0,1.0,1
13118,3444,4.0,24,0,3,67,4,3,0.0,0.0,0.0,0.0,44.0,11.0,0.0,11.0,0.0,0
13119,17453,3.0,9,0,2,25,3,2,0.0,0.0,0.0,0.0,15.0,5.0,0.0,4.0,0.0,1
13120,10716,3.0,8,0,2,33,4,3,0.0,0.0,0.0,0.0,20.0,5.0,0.0,5.0,2.0,1
13121,18589,3.0,10,1,1,39,5,3,0.0,0.0,0.0,0.0,26.0,5.0,1.0,4.0,2.0,1
13122,8208,4.0,17,5,2,55,3,2,4.0,0.0,1.0,0.0,36.0,6.0,1.0,6.0,0.0,0
13123,7679,4.0,21,7,1,92,4,5,6.0,0.0,1.0,0.0,57.0,12.0,1.0,12.0,2.0,0
13124,11312,4.0,10,2,3,43,4,3,1.0,0.0,1.0,1.0,26.0,5.0,0.0,6.0,2.0,1
13125,4642,4.0,23,0,2,69,2,3,0.0,0.0,0.0,0.0,58.0,5.0,0.0,5.0,0.0,0
13126,12946,4.0,22,11,2,130,6,5,2.0,9.0,0.0,9.0,86.0,11.0,0.0,10.0,2.0,1
13127,9007,3.0,6,0,1,26,2,1,0.0,0.0,0.0,0.0,21.0,2.0,0.0,2.0,0.0,0
13128,7996,4.0,9,8,1,40,3,3,6.0,1.0,0.0,2.0,18.0,6.0,0.0,6.0,0.0,0
13129,5600,3.0,11,0,1,43,3,2,0.0,0.0,0.0,0.0,33.0,5.0,0.0,4.0,0.0,0
13130,9151,3.0,8,0,2,26,2,1,0.0,0.0,0.0,0.0,20.0,3.0,0.0,2.0,0.0,0
13131,7022,3.0,5,0,1,17,2,1,0.0,0.0,0.0,0.0,13.0,2.0,0.0,1.0,0.0,0
13132,15636,4.0,23,3,1,76,4,4,2.0,0.0,1.0,0.0,47.0,11.0,1.0,11.0,2.0,1
13133,16609,4.0,27,3,4,84,4,5,2.0,0.0,1.0,0.0,57.0,10.0,1.0,10.0,2.0,1
13134,5895,4.0,26,2,6,93,6,8,0.0,0.0,1.0,2.0,48.0,19.0,0.0,20.0,2.0,0
13135,10677,4.0,8,5,4,75,5,4,0.0,4.0,0.0,5.0,45.0,9.0,0.0,9.0,2.0,1
13136,8754,3.0,18,0,2,53,3,2,0.0,0.0,0.0,0.0,42.0,5.0,0.0,5.0,0.0,0
13137,3436,4.0,23,1,7,94,5,8,0.0,0.0,1.0,1.0,54.0,18.0,0.0,18.0,1.0,0
13138,14565,4.0,18,2,3,61,4,4,1.0,0.0,1.0,0.0,41.0,7.0,1.0,7.0,2.0,1
13139,14373,4.0,17,0,2,69,7,3,0.0,0.0,0.0,0.0,48.0,9.0,0.0,9.0,2.0,1
13140,18077,4.0,13,4,4,47,3,3,2.0,0.0,2.0,2.0,27.0,5.0,0.0,7.0,1.0,1
13141,6893,3.0,6,0,1,18,2,1,0.0,0.0,0.0,0.0,14.0,2.0,0.0,1.0,0.0,0
13142,17429,4.0,23,3,2,109,6,5,1.0,0.0,2.0,0.0,66.0,16.0,2.0,15.0,6.0,1
13143,12757,4.0,6,10,4,41,3,4,5.0,0.0,4.0,1.0,18.0,3.0,4.0,3.0,2.0,1
13144,8050,4.0,18,5,1,48,4,3,4.0,0.0,1.0,0.0,29.0,6.0,1.0,6.0,0.0,0
13145,9146,4.0,15,4,1,48,3,3,3.0,0.0,0.0,0.0,32.0,6.0,1.0,5.0,0.0,0
13146,4555,4.0,15,6,1,49,3,3,5.0,0.0,1.0,0.0,30.0,6.0,1.0,5.0,0.0,0
13147,11296,4.0,3,14,3,35,3,1,11.0,0.0,3.0,0.0,11.0,3.0,3.0,3.0,0.0,1
13148,4735,4.0,10,8,2,63,4,7,6.0,0.0,2.0,0.0,30.0,10.0,2.0,10.0,2.0,0
13149,1218,4.0,51,76,19,260,3,2,42.0,32.0,2.0,33.0,109.0,20.0,1.0,20.0,0.0,0
13150,13446,4.0,24,4,4,88,7,3,2.0,1.0,0.0,0.0,54.0,14.0,2.0,12.0,2.0,1
13151,3987,4.0,16,0,4,55,3,3,0.0,0.0,0.0,0.0,38.0,8.0,0.0,8.0,0.0,0
13152,5699,4.0,7,8,1,38,3,2,6.0,0.0,1.0,0.0,19.0,5.0,2.0,4.0,0.0,0
13153,13992,4.0,37,6,3,127,7,3,3.0,0.0,2.0,0.0,85.0,16.0,3.0,15.0,2.0,1
13154,17340,3.0,12,0,2,32,2,2,0.0,0.0,0.0,0.0,24.0,4.0,0.0,3.0,0.0,1
13155,2869,3.0,28,0,2,89,3,4,0.0,0.0,0.0,0.0,73.0,8.0,0.0,7.0,0.0,0
13156,11969,4.0,20,0,4,78,3,7,0.0,0.0,0.0,0.0,55.0,10.0,0.0,10.0,2.0,1
13157,14207,3.0,9,0,3,40,2,3,0.0,0.0,0.0,0.0,27.0,6.0,0.0,6.0,0.0,1
13158,2961,4.0,21,9,2,90,4,3,6.0,1.0,2.0,0.0,48.0,14.0,3.0,13.0,2.0,0
13159,14172,4.0,26,3,3,96,8,3,1.0,0.0,1.0,0.0,58.0,16.0,2.0,15.0,2.0,1
13160,2200,3.0,8,0,1,20,2,1,0.0,0.0,0.0,0.0,16.0,2.0,0.0,1.0,0.0,0
13161,16482,4.0,9,10,6,59,4,5,3.0,2.0,5.0,1.0,26.0,7.0,6.0,6.0,2.0,1
13162,5592,4.0,20,6,1,66,3,2,4.0,1.0,0.0,0.0,44.0,8.0,1.0,7.0,0.0,0
13163,2557,4.0,33,1,1,116,4,5,0.0,0.0,1.0,0.0,78.0,17.0,1.0,16.0,2.0,0
13164,15586,4.0,24,8,2,110,8,10,1.0,5.0,2.0,7.0,60.0,15.0,0.0,16.0,3.0,1
13165,9637,4.0,11,0,2,48,3,2,0.0,0.0,0.0,0.0,35.0,6.0,0.0,6.0,0.0,0
13166,5539,4.0,16,5,1,72,3,4,4.0,0.0,1.0,0.0,42.0,12.0,1.0,11.0,0.0,0
13167,18032,4.0,42,14,3,145,8,3,9.0,0.0,5.0,0.0,79.0,22.0,5.0,22.0,2.0,1
13168,12874,4.0,6,0,2,33,3,3,0.0,0.0,0.0,0.0,22.0,4.0,0.0,4.0,2.0,1
13169,12183,4.0,8,1,2,42,6,3,0.0,0.0,0.0,1.0,24.0,7.0,0.0,7.0,2.0,1
13170,6295,3.0,11,0,2,27,2,1,0.0,0.0,0.0,0.0,21.0,3.0,0.0,2.0,0.0,0
13171,4499,3.0,8,0,1,25,2,2,0.0,0.0,0.0,0.0,19.0,3.0,0.0,2.0,0.0,0
13172,1154,5.0,33,4,4,123,7,3,1.0,3.0,0.0,2.0,92.0,11.0,1.0,10.0,2.0,0
13173,18639,4.0,19,25,3,108,6,5,15.0,10.0,0.0,10.0,48.0,11.0,0.0,11.0,2.0,1
13174,15151,4.0,40,7,3,157,8,3,2.0,0.0,4.0,0.0,95.0,24.0,5.0,23.0,3.0,1
13175,9874,4.0,12,8,1,44,3,5,5.0,0.0,3.0,0.0,23.0,5.0,3.0,4.0,0.0,0
13176,19554,3.0,8,0,3,40,3,3,0.0,0.0,0.0,0.0,27.0,5.0,0.0,5.0,2.0,1
13177,7400,3.0,7,0,1,22,2,1,0.0,0.0,0.0,0.0,18.0,2.0,0.0,1.0,0.0,0
13178,10248,4.0,11,10,7,63,3,5,7.0,1.0,2.0,2.0,29.0,9.0,1.0,9.0,2.0,1
13179,7158,3.0,6,0,1,18,2,1,0.0,0.0,0.0,0.0,14.0,2.0,0.0,1.0,0.0,0
13180,19492,5.0,48,19,11,200,5,4,6.0,11.0,2.0,12.0,133.0,16.0,1.0,16.0,2.0,1
13181,14589,3.0,7,1,3,36,3,3,0.0,0.0,0.0,0.0,23.0,5.0,1.0,4.0,2.0,1
13182,5423,4.0,23,8,1,97,6,7,5.0,0.0,3.0,0.0,52.0,15.0,3.0,15.0,3.0,0
13183,2049,3.0,11,0,1,31,2,4,0.0,0.0,0.0,0.0,21.0,5.0,0.0,4.0,0.0,0
13184,13168,4.0,49,8,3,172,8,3,4.0,0.0,3.0,0.0,112.0,23.0,4.0,22.0,3.0,1
13185,11835,4.0,10,0,4,40,3,2,0.0,0.0,0.0,0.0,26.0,6.0,0.0,6.0,1.0,1
13186,16371,4.0,22,3,3,80,8,3,1.0,0.0,1.0,1.0,49.0,12.0,1.0,12.0,2.0,1
13187,9208,3.0,6,2,2,26,2,1,1.0,0.0,1.0,0.0,18.0,2.0,1.0,2.0,0.0,0
13188,14075,4.0,6,8,4,40,2,5,6.0,0.0,2.0,0.0,15.0,7.0,2.0,7.0,0.0,1
13189,16646,4.0,12,3,3,54,2,4,2.0,0.0,1.0,1.0,36.0,6.0,0.0,7.0,0.0,1
13190,14486,3.0,9,0,2,27,2,2,0.0,0.0,0.0,0.0,19.0,4.0,0.0,3.0,0.0,1
13191,14257,4.0,25,10,3,101,7,4,7.0,0.0,2.0,0.0,57.0,15.0,3.0,14.0,2.0,1
13192,6616,4.0,30,34,3,151,7,6,16.0,18.0,0.0,17.0,68.0,15.0,1.0,14.0,1.0,0
13193,8120,4.0,16,20,5,91,3,4,11.0,7.0,2.0,7.0,37.0,12.0,2.0,12.0,0.0,0
13194,8155,3.0,8,0,2,24,2,1,0.0,0.0,0.0,0.0,18.0,3.0,0.0,2.0,0.0,0
13195,1802,4.0,12,0,3,51,3,2,0.0,0.0,0.0,0.0,36.0,7.0,0.0,7.0,0.0,0
13196,4736,4.0,37,79,4,223,7,4,46.0,32.0,0.0,32.0,81.0,15.0,1.0,14.0,1.0,0
13197,11111,4.0,6,3,2,40,3,4,2.0,1.0,0.0,1.0,23.0,5.0,0.0,5.0,2.0,1
13198,2385,4.0,29,8,1,93,4,7,5.0,0.0,3.0,0.0,54.0,13.0,3.0,12.0,2.0,0
13199,5759,4.0,31,0,2,99,4,5,0.0,0.0,0.0,0.0,70.0,13.0,0.0,13.0,2.0,0
13200,18343,3.0,4,8,3,38,2,6,5.0,0.0,3.0,0.0,14.0,6.0,3.0,6.0,0.0,1
13201,19360,3.0,7,6,2,29,1,0,4.0,1.0,1.0,1.0,18.0,1.0,1.0,1.0,0.0,1
13202,8680,3.0,6,0,2,20,3,1,0.0,0.0,0.0,0.0,12.0,4.0,0.0,3.0,0.0,0
13203,18227,4.0,8,0,4,44,3,4,0.0,0.0,0.0,0.0,27.0,7.0,0.0,7.0,2.0,1
13204,1734,4.0,16,4,2,60,6,1,3.0,0.0,1.0,0.0,40.0,7.0,1.0,7.0,0.0,0
13205,2911,3.0,17,3,1,48,3,3,2.0,0.0,0.0,0.0,31.0,7.0,1.0,6.0,0.0,0
13206,11411,4.0,17,20,3,76,4,4,13.0,7.0,0.0,6.0,33.0,7.0,1.0,6.0,2.0,1
13207,8338,3.0,11,0,2,31,2,1,0.0,0.0,0.0,0.0,24.0,3.0,0.0,3.0,0.0,0
13208,1986,4.0,24,0,2,83,4,5,0.0,0.0,0.0,0.0,56.0,12.0,0.0,12.0,2.0,0
13209,6546,4.0,26,10,2,98,3,5,6.0,0.0,4.0,0.0,58.0,13.0,4.0,12.0,0.0,0
13210,14243,4.0,21,10,3,92,8,3,6.0,0.0,3.0,0.0,51.0,13.0,4.0,12.0,2.0,1
13211,2811,3.0,9,0,1,22,2,1,0.0,0.0,0.0,0.0,17.0,2.0,0.0,2.0,0.0,0
13212,17043,4.0,12,2,2,54,4,5,1.0,0.0,1.0,0.0,30.0,9.0,1.0,9.0,2.0,1
13213,15708,4.0,21,2,1,78,4,4,1.0,0.0,1.0,0.0,47.0,13.0,1.0,12.0,2.0,1
13214,18895,4.0,6,1,2,40,3,4,0.0,1.0,0.0,1.0,25.0,5.0,0.0,5.0,2.0,1
13215,11589,4.0,26,3,2,104,8,4,2.0,0.0,1.0,0.0,69.0,14.0,1.0,14.0,2.0,1
13216,9339,4.0,42,5,2,139,7,6,3.0,0.0,2.0,0.0,91.0,19.0,2.0,19.0,2.0,0
13217,15087,4.0,16,9,2,81,4,4,5.0,0.0,3.0,0.0,45.0,11.0,4.0,10.0,2.0,1
13218,11774,4.0,35,5,3,118,8,3,2.0,0.0,2.0,0.0,77.0,16.0,3.0,15.0,2.0,1
13219,1930,3.0,11,0,1,30,2,1,0.0,0.0,0.0,0.0,25.0,2.0,0.0,2.0,0.0,0
13220,197,4.0,16,7,1,47,3,4,6.0,0.0,1.0,0.0,28.0,5.0,1.0,5.0,0.0,0
13221,7777,4.0,22,13,2,77,4,2,8.0,1.0,4.0,1.0,40.0,9.0,4.0,9.0,0.0,0
13222,19315,3.0,11,0,3,39,2,2,0.0,0.0,0.0,0.0,28.0,5.0,0.0,5.0,0.0,1
13223,8004,4.0,12,23,7,95,7,5,16.0,3.0,3.0,4.0,36.0,13.0,3.0,13.0,3.0,0
13224,2327,3.0,12,0,2,44,3,2,0.0,0.0,0.0,0.0,32.0,6.0,0.0,5.0,0.0,0
13225,4389,4.0,23,9,1,88,3,4,7.0,0.0,2.0,0.0,48.0,14.0,2.0,14.0,0.0,0
13226,12688,4.0,9,1,3,36,3,3,0.0,0.0,0.0,0.0,23.0,5.0,1.0,4.0,2.0,1
13227,11447,4.0,31,6,4,112,8,3,2.0,0.0,3.0,1.0,70.0,15.0,3.0,15.0,2.0,1
13228,202,3.0,11,0,2,38,3,1,0.0,0.0,0.0,0.0,29.0,4.0,0.0,4.0,0.0,0
13229,4931,4.0,7,5,1,31,4,1,3.0,2.0,0.0,1.0,16.0,4.0,1.0,3.0,0.0,0
13230,5791,3.0,4,1,1,17,2,1,0.0,1.0,0.0,0.0,11.0,2.0,1.0,1.0,0.0,0
13231,18091,4.0,8,2,1,33,3,4,0.0,2.0,0.0,2.0,18.0,4.0,0.0,4.0,2.0,1
13232,13949,4.0,11,0,4,45,4,3,0.0,0.0,0.0,0.0,28.0,7.0,0.0,7.0,2.0,1
13233,7392,3.0,6,0,1,17,2,1,0.0,0.0,0.0,0.0,13.0,2.0,0.0,1.0,0.0,0
13234,5855,4.0,12,9,2,48,3,3,7.0,0.0,2.0,0.0,28.0,4.0,2.0,4.0,0.0,0
13235,854,4.0,18,0,1,60,3,2,0.0,0.0,0.0,0.0,43.0,7.0,0.0,7.0,2.0,0
13236,13877,4.0,23,6,1,72,3,7,3.0,2.0,1.0,2.0,49.0,6.0,1.0,5.0,2.0,1
13237,14555,4.0,25,1,3,88,6,8,0.0,0.0,1.0,0.0,58.0,12.0,1.0,12.0,3.0,1
13238,4737,3.0,4,1,2,20,2,1,0.0,0.0,1.0,1.0,12.0,2.0,0.0,3.0,0.0,0
13239,17082,3.0,14,0,2,46,2,4,0.0,0.0,0.0,0.0,34.0,6.0,0.0,5.0,0.0,1
13240,1636,3.0,13,0,2,32,3,2,0.0,0.0,0.0,0.0,21.0,5.0,0.0,5.0,0.0,0
13241,11649,4.0,15,0,2,49,2,4,0.0,0.0,0.0,0.0,37.0,6.0,0.0,5.0,0.0,1
13242,17675,4.0,22,4,3,81,8,3,2.0,0.0,1.0,0.0,46.0,14.0,2.0,13.0,2.0,1
13243,6585,4.0,20,8,1,71,3,6,6.0,0.0,2.0,0.0,46.0,7.0,2.0,7.0,0.0,0
13244,13808,5.0,27,64,4,228,11,3,37.0,8.0,18.0,0.0,88.0,25.0,27.0,16.0,8.0,1
13245,18237,4.0,25,4,2,86,7,3,2.0,0.0,1.0,0.0,55.0,12.0,2.0,11.0,2.0,1
13246,3304,4.0,12,6,1,47,3,3,5.0,0.0,0.0,0.0,31.0,5.0,1.0,4.0,0.0,0
13247,17879,3.0,12,0,1,32,2,0,0.0,0.0,0.0,0.0,25.0,3.0,0.0,3.0,0.0,1
13248,7994,4.0,24,6,2,78,5,2,3.0,3.0,0.0,0.0,50.0,9.0,3.0,6.0,3.0,0
13249,1998,4.0,20,1,1,70,3,3,0.0,1.0,0.0,0.0,49.0,10.0,1.0,8.0,0.0,0
13250,663,4.0,13,0,2,51,3,2,0.0,0.0,0.0,0.0,36.0,7.0,0.0,7.0,0.0,0
13251,13545,4.0,14,1,2,66,3,7,0.0,0.0,1.0,1.0,46.0,7.0,0.0,8.0,2.0,1
13252,3748,4.0,32,0,1,81,3,6,0.0,0.0,0.0,0.0,57.0,12.0,0.0,11.0,0.0,0
13253,5530,5.0,34,14,3,172,8,3,6.0,6.0,2.0,4.0,89.0,29.0,4.0,27.0,4.0,0
13254,7526,4.0,12,0,1,37,2,4,0.0,0.0,0.0,0.0,26.0,5.0,0.0,5.0,0.0,0
13255,9474,4.0,10,9,3,45,2,3,6.0,0.0,3.0,2.0,24.0,3.0,1.0,5.0,0.0,0
13256,6776,3.0,8,0,1,21,2,1,0.0,0.0,0.0,0.0,16.0,2.0,0.0,2.0,0.0,0
13257,1306,4.0,23,15,1,96,7,4,13.0,0.0,1.0,0.0,56.0,11.0,2.0,10.0,2.0,0
13258,11494,4.0,24,5,3,96,5,9,3.0,1.0,1.0,2.0,62.0,11.0,0.0,12.0,3.0,1
13259,15707,4.0,17,0,2,46,2,2,0.0,0.0,0.0,0.0,38.0,4.0,0.0,3.0,0.0,1
13260,10230,3.0,10,3,2,32,1,0,2.0,1.0,0.0,0.0,24.0,2.0,1.0,1.0,0.0,1
13261,18047,4.0,18,24,2,103,6,5,15.0,9.0,0.0,8.0,48.0,10.0,1.0,9.0,2.0,1
13262,10173,4.0,9,3,2,32,2,0,2.0,1.0,0.0,0.0,22.0,3.0,1.0,2.0,0.0,1
13263,16157,3.0,10,0,3,30,4,2,0.0,0.0,0.0,0.0,17.0,6.0,0.0,5.0,1.0,1
13264,3627,4.0,6,0,2,29,2,1,0.0,0.0,0.0,0.0,22.0,3.0,0.0,3.0,0.0,0
13265,13931,4.0,20,0,2,64,3,5,0.0,0.0,0.0,0.0,49.0,6.0,0.0,6.0,2.0,1
13266,2693,4.0,20,12,5,81,3,5,8.0,0.0,4.0,0.0,48.0,8.0,4.0,8.0,0.0,0
13267,11252,4.0,24,2,2,85,7,3,1.0,0.0,1.0,0.0,55.0,12.0,1.0,12.0,2.0,1
13268,16312,4.0,22,4,3,89,7,3,2.0,0.0,2.0,0.0,52.0,14.0,2.0,14.0,2.0,1
13269,9789,4.0,21,4,1,65,5,2,3.0,0.0,0.0,0.0,43.0,9.0,1.0,8.0,0.0,0
13270,10921,4.0,35,5,2,110,7,3,2.0,0.0,2.0,0.0,71.0,15.0,3.0,14.0,2.0,1
13271,10817,4.0,8,3,2,40,3,4,2.0,0.0,0.0,0.0,25.0,5.0,1.0,4.0,2.0,1
13272,19541,4.0,6,4,2,40,3,4,2.0,2.0,0.0,2.0,21.0,5.0,0.0,5.0,2.0,1
13273,9914,4.0,9,4,2,38,2,2,3.0,0.0,1.0,1.0,25.0,3.0,0.0,4.0,0.0,0
13274,16198,4.0,10,1,3,39,4,1,0.0,0.0,0.0,0.0,26.0,6.0,1.0,5.0,0.0,1
13275,1059,3.0,7,0,1,18,2,1,0.0,0.0,0.0,0.0,14.0,2.0,0.0,1.0,0.0,0
13276,19626,4.0,8,0,3,37,3,3,0.0,0.0,0.0,0.0,24.0,5.0,0.0,5.0,2.0,1
13277,1678,4.0,25,23,13,137,2,1,5.0,17.0,1.0,18.0,69.0,13.0,0.0,13.0,0.0,0
13278,6374,3.0,7,0,2,21,2,1,0.0,0.0,0.0,0.0,15.0,3.0,0.0,2.0,0.0,0
13279,7574,4.0,8,5,1,30,6,1,4.0,0.0,0.0,0.0,14.0,5.0,1.0,4.0,1.0,0
13280,14820,3.0,9,0,3,34,2,1,0.0,0.0,0.0,0.0,25.0,4.0,0.0,4.0,0.0,1
13281,18141,3.0,5,0,1,16,1,0,0.0,0.0,0.0,0.0,13.0,1.0,0.0,1.0,0.0,1
13282,12383,4.0,10,26,3,82,4,5,19.0,6.0,1.0,7.0,29.0,8.0,0.0,9.0,2.0,1
13283,8755,4.0,14,0,4,47,3,1,0.0,0.0,0.0,0.0,35.0,6.0,0.0,5.0,0.0,0
13284,19174,4.0,20,4,3,82,7,4,2.0,0.0,1.0,0.0,47.0,14.0,2.0,13.0,2.0,1
13285,17247,4.0,9,0,3,38,2,1,0.0,0.0,0.0,0.0,29.0,4.0,0.0,4.0,0.0,1
13286,15934,4.0,17,0,2,56,7,3,0.0,0.0,0.0,0.0,35.0,9.0,0.0,9.0,2.0,1
13287,17868,4.0,10,0,3,43,3,4,0.0,0.0,0.0,0.0,28.0,6.0,0.0,6.0,2.0,1
13288,206,3.0,6,0,1,22,3,2,0.0,0.0,0.0,0.0,14.0,4.0,0.0,3.0,0.0,0
13289,12685,4.0,18,0,3,62,4,4,0.0,0.0,0.0,0.0,43.0,8.0,0.0,8.0,2.0,1
13290,6910,4.0,13,0,1,42,3,2,0.0,0.0,0.0,0.0,33.0,4.0,0.0,4.0,0.0,0
13291,502,4.0,19,4,2,56,4,1,3.0,0.0,0.0,0.0,42.0,5.0,1.0,4.0,0.0,0
13292,17412,3.0,5,4,2,27,2,2,3.0,0.0,0.0,1.0,14.0,4.0,0.0,4.0,0.0,1
13293,13773,3.0,7,0,2,32,3,3,0.0,0.0,0.0,0.0,21.0,4.0,0.0,4.0,2.0,1
13294,8110,3.0,9,29,1,105,4,4,5.0,1.0,23.0,18.0,17.0,7.0,6.0,24.0,3.0,0
13295,14948,3.0,13,23,1,81,4,4,6.0,2.0,15.0,11.0,11.0,9.0,6.0,17.0,3.0,1
13296,5056,3.0,7,0,1,23,2,1,0.0,0.0,0.0,0.0,19.0,2.0,0.0,1.0,0.0,0
13297,9762,4.0,6,7,3,41,2,4,6.0,0.0,1.0,1.0,20.0,6.0,0.0,6.0,0.0,0
13298,10965,4.0,11,0,2,47,3,4,0.0,0.0,0.0,0.0,34.0,5.0,0.0,5.0,2.0,1
13299,19115,3.0,6,0,1,17,1,0,0.0,0.0,0.0,0.0,14.0,1.0,0.0,1.0,0.0,1
13300,14039,4.0,44,4,3,158,7,3,1.0,0.0,3.0,0.0,105.0,22.0,3.0,21.0,2.0,1
13301,11837,3.0,10,0,1,23,1,0,0.0,0.0,0.0,0.0,20.0,1.0,0.0,1.0,0.0,1
13302,2454,4.0,12,0,3,45,2,3,0.0,0.0,0.0,0.0,32.0,6.0,0.0,6.0,0.0,0
13303,19488,4.0,9,0,3,38,2,2,0.0,0.0,0.0,0.0,27.0,5.0,0.0,5.0,0.0,1
13304,15265,4.0,21,2,3,78,3,4,1.0,1.0,0.0,0.0,61.0,6.0,1.0,5.0,2.0,1
13305,13067,4.0,7,4,2,39,3,4,2.0,1.0,1.0,1.0,22.0,4.0,1.0,4.0,2.0,1
13306,8392,4.0,27,2,2,97,9,5,0.0,2.0,0.0,0.0,56.0,17.0,2.0,15.0,4.0,0
13307,19483,4.0,38,23,11,186,8,7,11.0,8.0,4.0,1.0,104.0,21.0,11.0,14.0,11.0,1
13308,6184,3.0,4,0,1,17,3,1,0.0,0.0,0.0,0.0,11.0,3.0,0.0,2.0,0.0,0
13309,3561,4.0,9,0,1,33,2,4,0.0,0.0,0.0,0.0,22.0,5.0,0.0,5.0,0.0,0
13310,5892,4.0,15,0,2,45,5,2,0.0,0.0,0.0,0.0,30.0,7.0,0.0,6.0,1.0,0
13311,12666,3.0,8,0,2,34,2,3,0.0,0.0,0.0,0.0,24.0,5.0,0.0,4.0,0.0,1
13312,13986,4.0,12,3,2,43,3,4,1.0,2.0,0.0,1.0,26.0,5.0,1.0,4.0,2.0,1
13313,391,3.0,9,0,1,34,3,2,0.0,0.0,0.0,0.0,23.0,5.0,0.0,5.0,0.0,0
13314,6736,4.0,8,3,2,36,3,2,2.0,0.0,1.0,0.0,21.0,5.0,1.0,5.0,0.0,0
13315,5258,3.0,9,0,1,28,2,2,0.0,0.0,0.0,0.0,21.0,3.0,0.0,3.0,0.0,0
13316,15422,5.0,33,14,4,231,6,6,0.0,14.0,0.0,14.0,172.0,14.0,0.0,13.0,3.0,1
13317,2695,4.0,14,1,1,49,3,3,0.0,0.0,1.0,0.0,32.0,7.0,1.0,7.0,0.0,0
13318,2027,4.0,14,15,2,77,3,3,11.0,0.0,4.0,2.0,39.0,8.0,2.0,10.0,0.0,0
13319,2568,4.0,20,4,1,62,3,2,3.0,0.0,1.0,0.0,38.0,9.0,1.0,9.0,0.0,0
13320,8006,4.0,10,2,2,44,4,2,1.0,0.0,1.0,0.0,28.0,6.0,1.0,6.0,0.0,0
13321,16216,4.0,26,1,4,96,4,4,0.0,0.0,1.0,0.0,65.0,12.0,1.0,12.0,4.0,1
13322,16448,3.0,6,0,2,25,2,2,0.0,0.0,0.0,0.0,17.0,4.0,0.0,3.0,0.0,1
13323,18446,4.0,15,7,2,70,4,7,4.0,0.0,3.0,0.0,38.0,10.0,3.0,9.0,2.0,1
13324,5276,4.0,30,6,1,92,3,2,5.0,0.0,1.0,0.0,60.0,12.0,1.0,12.0,0.0,0
13325,7208,4.0,22,6,1,103,4,5,5.0,0.0,1.0,0.0,60.0,17.0,1.0,16.0,2.0,0
13326,8571,4.0,20,0,7,76,6,4,0.0,0.0,0.0,0.0,46.0,14.0,0.0,14.0,1.0,0
13327,6331,3.0,11,0,1,32,3,1,0.0,0.0,0.0,0.0,23.0,4.0,0.0,4.0,0.0,0
13328,12185,3.0,12,21,1,72,4,4,6.0,3.0,12.0,8.0,10.0,9.0,7.0,13.0,3.0,1
13329,9268,4.0,32,11,1,106,3,2,8.0,0.0,3.0,0.0,65.0,13.0,3.0,13.0,0.0,0
13330,17262,4.0,7,0,2,32,3,2,0.0,0.0,0.0,0.0,22.0,5.0,0.0,4.0,0.0,1
13331,8529,4.0,23,2,2,70,4,1,1.0,0.0,1.0,0.0,54.0,6.0,1.0,6.0,0.0,0
13332,1016,4.0,27,0,3,83,5,2,0.0,0.0,0.0,0.0,56.0,13.0,0.0,13.0,0.0,0
13333,7629,4.0,12,2,2,64,3,4,1.0,0.0,1.0,1.0,39.0,10.0,0.0,11.0,0.0,0
13334,11534,4.0,18,10,2,88,5,7,7.0,2.0,1.0,0.0,48.0,13.0,3.0,11.0,2.0,1
13335,995,4.0,9,2,4,35,4,2,0.0,0.0,2.0,0.0,18.0,6.0,2.0,5.0,1.0,0
13336,4297,4.0,23,2,3,76,6,3,1.0,1.0,0.0,0.0,51.0,11.0,1.0,10.0,0.0,0
13337,161,4.0,20,7,1,66,4,2,6.0,0.0,0.0,0.0,45.0,7.0,1.0,6.0,0.0,0
13338,5675,4.0,13,0,1,37,2,1,0.0,0.0,0.0,0.0,32.0,2.0,0.0,2.0,0.0,0
13339,6873,4.0,38,13,2,145,7,1,9.0,0.0,3.0,0.0,85.0,22.0,4.0,21.0,0.0,0
13340,12990,4.0,29,5,2,93,8,3,3.0,0.0,1.0,0.0,57.0,14.0,2.0,13.0,2.0,1
13341,9692,4.0,19,0,2,50,3,2,0.0,0.0,0.0,0.0,33.0,8.0,0.0,8.0,0.0,0
13342,7989,4.0,44,6,2,146,4,5,5.0,0.0,1.0,0.0,100.0,18.0,1.0,18.0,2.0,0
13343,13417,3.0,8,0,3,30,2,1,0.0,0.0,0.0,0.0,21.0,4.0,0.0,4.0,0.0,1
13344,10805,4.0,9,0,3,44,4,3,0.0,0.0,0.0,0.0,29.0,6.0,0.0,6.0,2.0,1
13345,11653,4.0,25,0,3,75,4,5,0.0,0.0,0.0,0.0,52.0,10.0,0.0,10.0,2.0,1
13346,1021,3.0,7,0,1,25,2,1,0.0,0.0,0.0,0.0,20.0,2.0,0.0,2.0,0.0,0
13347,19457,3.0,12,0,3,52,3,3,0.0,0.0,0.0,0.0,37.0,7.0,0.0,7.0,0.0,1
13348,3943,4.0,19,0,5,58,2,3,0.0,0.0,0.0,0.0,42.0,8.0,0.0,7.0,0.0,0
13349,1585,4.0,25,62,1,141,3,5,37.0,22.0,2.0,23.0,44.0,5.0,2.0,5.0,0.0,0
13350,3152,4.0,15,0,4,59,3,4,0.0,0.0,0.0,0.0,38.0,10.0,0.0,10.0,0.0,0
13351,14541,4.0,11,3,2,57,3,10,0.0,0.0,3.0,0.0,32.0,8.0,3.0,8.0,2.0,1
13352,8226,3.0,12,0,2,36,2,1,0.0,0.0,0.0,0.0,30.0,3.0,0.0,2.0,0.0,0
13353,12206,4.0,19,1,1,76,7,4,0.0,0.0,1.0,0.0,50.0,11.0,1.0,10.0,2.0,1
13354,17159,4.0,10,4,3,45,4,3,2.0,1.0,1.0,1.0,26.0,5.0,1.0,5.0,2.0,1
13355,15787,4.0,15,0,2,43,4,4,0.0,0.0,0.0,0.0,28.0,7.0,0.0,6.0,1.0,1
13356,2612,4.0,10,4,1,38,3,2,1.0,3.0,0.0,2.0,21.0,5.0,1.0,4.0,0.0,0
13357,11016,4.0,19,25,1,85,3,7,18.0,4.0,3.0,5.0,42.0,4.0,2.0,4.0,2.0,1
13358,10233,4.0,26,4,2,86,6,6,2.0,0.0,2.0,0.0,59.0,9.0,2.0,9.0,2.0,1
13359,8433,3.0,12,0,2,39,2,3,0.0,0.0,0.0,0.0,28.0,5.0,0.0,5.0,0.0,0
13360,10253,4.0,4,11,3,33,3,4,7.0,0.0,4.0,0.0,11.0,2.0,4.0,2.0,2.0,1
13361,10555,4.0,5,4,2,27,2,2,3.0,0.0,0.0,1.0,14.0,4.0,0.0,4.0,0.0,1
13362,8792,4.0,9,0,2,33,2,1,0.0,0.0,0.0,0.0,27.0,3.0,0.0,2.0,0.0,0
13363,10627,4.0,10,1,1,49,3,6,0.0,0.0,0.0,0.0,34.0,6.0,1.0,5.0,2.0,1
13364,14502,4.0,12,3,4,58,6,3,2.0,0.0,0.0,0.0,35.0,9.0,1.0,8.0,2.0,1
13365,8838,4.0,30,0,2,91,3,4,0.0,0.0,0.0,0.0,68.0,11.0,0.0,11.0,0.0,0
13366,3890,3.0,9,0,2,32,2,1,0.0,0.0,0.0,0.0,25.0,3.0,0.0,3.0,0.0,0
13367,3556,3.0,7,0,1,22,2,1,0.0,0.0,0.0,0.0,17.0,2.0,0.0,2.0,0.0,0
13368,11394,3.0,6,0,2,19,1,0,0.0,0.0,0.0,0.0,14.0,2.0,0.0,2.0,0.0,1
13369,17912,3.0,7,0,1,22,1,0,0.0,0.0,0.0,0.0,19.0,1.0,0.0,1.0,0.0,1
13370,1267,4.0,28,0,1,90,4,8,0.0,0.0,0.0,0.0,62.0,13.0,0.0,12.0,2.0,0
13371,1899,3.0,12,0,1,40,3,3,0.0,0.0,0.0,0.0,30.0,5.0,0.0,4.0,0.0,0
13372,3005,4.0,17,13,2,83,4,3,10.0,1.0,2.0,1.0,44.0,10.0,2.0,10.0,2.0,0
13373,19118,4.0,26,5,3,97,7,3,2.0,0.0,2.0,0.0,60.0,14.0,3.0,13.0,2.0,1
13374,189,3.0,8,2,2,30,2,1,1.0,1.0,0.0,1.0,20.0,3.0,0.0,3.0,0.0,0
13375,2747,3.0,8,0,1,27,2,2,0.0,0.0,0.0,0.0,20.0,3.0,0.0,3.0,0.0,0
13376,18431,4.0,19,0,3,67,4,4,0.0,0.0,0.0,0.0,50.0,7.0,0.0,7.0,2.0,1
13377,18942,4.0,21,0,3,70,4,5,0.0,0.0,0.0,0.0,51.0,8.0,0.0,8.0,2.0,1
13378,8666,3.0,10,0,2,39,2,1,0.0,0.0,0.0,0.0,32.0,3.0,0.0,3.0,0.0,0
13379,6396,4.0,16,0,8,65,3,1,0.0,0.0,0.0,0.0,43.0,11.0,0.0,10.0,0.0,0
13380,19769,3.0,5,0,2,21,2,2,0.0,0.0,0.0,0.0,13.0,4.0,0.0,3.0,0.0,1
13381,17568,4.0,20,3,2,76,4,5,2.0,0.0,1.0,0.0,49.0,10.0,1.0,10.0,2.0,1
13382,6420,3.0,15,0,3,50,2,3,0.0,0.0,0.0,0.0,38.0,6.0,0.0,5.0,0.0,0
13383,5051,3.0,12,0,2,34,3,2,0.0,0.0,0.0,0.0,23.0,5.0,0.0,5.0,0.0,0
13384,5311,4.0,19,7,1,69,3,1,6.0,0.0,0.0,0.0,42.0,10.0,1.0,9.0,0.0,0
13385,2433,4.0,12,2,3,47,3,1,1.0,0.0,1.0,1.0,34.0,4.0,0.0,5.0,0.0,0
13386,769,4.0,20,0,6,59,2,3,0.0,0.0,0.0,0.0,41.0,9.0,0.0,8.0,0.0,0
13387,1685,3.0,19,0,1,53,3,3,0.0,0.0,0.0,0.0,38.0,7.0,0.0,7.0,0.0,0
13388,8322,4.0,25,0,2,72,5,3,0.0,0.0,0.0,0.0,53.0,9.0,0.0,9.0,0.0,0
13389,16023,4.0,17,0,3,71,4,5,0.0,0.0,0.0,0.0,48.0,10.0,0.0,10.0,2.0,1
13390,11363,4.0,10,3,2,35,2,3,2.0,0.0,1.0,1.0,22.0,4.0,0.0,4.0,0.0,1
13391,14423,3.0,9,0,2,30,2,2,0.0,0.0,0.0,0.0,22.0,4.0,0.0,3.0,0.0,1
13392,4426,4.0,6,3,1,28,2,2,2.0,0.0,0.0,0.0,19.0,3.0,1.0,2.0,0.0,0
13393,16850,4.0,46,7,4,165,8,3,4.0,0.0,2.0,0.0,108.0,23.0,3.0,22.0,2.0,1
13394,6265,3.0,63,1,1,162,4,9,0.0,0.0,1.0,1.0,124.0,16.0,0.0,17.0,2.0,0
13395,11284,4.0,54,0,3,161,6,13,0.0,0.0,0.0,0.0,120.0,19.0,0.0,19.0,2.0,1
13396,11964,4.0,12,0,3,55,4,5,0.0,0.0,0.0,0.0,36.0,8.0,0.0,8.0,2.0,1
13397,5390,4.0,39,8,2,128,4,8,5.0,0.0,3.0,0.0,80.0,17.0,3.0,17.0,2.0,0
13398,860,4.0,9,0,2,39,2,3,0.0,0.0,0.0,0.0,28.0,5.0,0.0,5.0,0.0,0
13399,15795,3.0,2,6,2,16,1,0,5.0,1.0,0.0,1.0,4.0,2.0,0.0,2.0,0.0,1
